playerid;firstname;lastname;nationid;birthdate
159163;Jens;Robben;21;146292
104389;Rune Almenning;Jarstein;36;146813
41;Andrés;Iniesta;45;146672
153269;Hervé;Guy;108;146758
107084;Michael;Langer;4;146912
182681;Colin;Daniel;14;148047
197998;Andreas;Andersson;46;149155
163396;James;Vaughan;14;148197
157407;Brendan;Clarke;25;147166
155533;Leon;Clarke;14;146947
190235;Jordan;Clarke;14;149420
165509;Billy;Clarke;25;147983
50632;Peter;Clarke;14;145813
156453;Nicky;Adler;21;147049
183574;Max;Kruse;21;148080
182440;Robbie;Kruse;195;148280
144429;Oscar;Wendt;46;147203
189824;Renato;de Araújo;54;148856
199180;Vladimir;de Araújo;54;148564
183593;Joshua;John;34;148276
202101;Ola;John;34;149602
180903;Jay;O'Shea;25;148224
201136;Maxime;Colin;18;149416
150496;Domi;Kumbela;110;146651
163865;Craig;Morgan;50;147073
152996;Per Ciljan;Skjelbred;36;147803
156437;Philipp;Pentke;21;147027
157430;Sejad;Salihović;8;146822
157528;Moritz;Stoppelkamp;21;147616
199197;Patrick;Salomon;4;148163
198007;Eric;Alexander;95;148106
158394;Ken;Reichel;21;147624
158438;Gelson;Tavares Fernandes;47;147516
121937;Florian;Kastenmeier;21;151863
158667;Thomas;Bröker;21;146928
187671;Simon;Stehle;21;153010
155355;Chung-Yong;Lee;167;148185
161844;Niklas;Hoheneder;4;147500
162369;Vedad;Ibišević;8;146759
203079;Alexander;Michel;46;149781
165176;Sebastian;Freis;21;147019
167452;Oliver;Fink;21;145967
193537;Anton;Fink;21;147848
167495;Manuel;Neuer;21;147357
177761;Phil;Edwards;14;147218
192231;Joe;Edwards;14;149036
158716;David;Edwards;50;147305
181698;Etienne;Green;18;152585
184714;Matt;Green;14;147638
168607;Márcio Rafael;Ferreira de Souza;54;147156
170159;Felix;Bastians;21;148131
193931;Troy;Brown;50;148992
169909;Junior;Brown;14;148494
152501;Jordan;Brown;14;152922
173765;Wayne;Brown;14;148220
193958;Lee;Brown;14;148954
152456;Scott;Brown;14;147022
169793;Connor;Smith;25;149877
183530;Jimmy;Smith;14;147643
151135;Jonathan;Smith;14;147561
186352;Tommy;Smith;198;148822
190885;Adam;Smith;14;149216
203316;Adam;Smith;14;149790
164773;Steven;Smith;42;147148
190583;Michael;Smith;14;149387
199027;Jack;Robinson;14;150072
170072;Theo;Robinson;82;148389
163584;Paul;Robinson;14;145817
170231;Marvin;Compper;21;147071
171919;Ronaldo;Aparecido Rodrigues;54;146063
193900;Jack;Hunt;14;149072
158138;Aaron;Hunt;21;147518
183789;Mark;Howard;14;147535
72556;Sebastián;Kóša;43;153736
172316;Jorge;Andújar Moreno;45;147752
169539;Mark;Hughes;14;147614
172862;Niklas;Moisander;17;147178
165560;Marco;Ruben;52;147570
172879;Sokratis;Papastathopoulos;22;148162
173415;Marco;Knaller;4;147721
173498;Lloyd;James;50;148048
194018;James;Collins;25;149067
186103;Lee;Collins;14;148273
173667;Rúrik;Gíslason;24;148057
200895;Josh;Morris;14;149370
173514;Ian;Morris;25;147694
189457;Aaron;Morris;50;148731
173771;Łukasz;Piszczek;37;147060
163581;Tony;Craig;14;147016
171971;Liam;Craig;42;147632
183907;Jérôme;Boateng;21;148248
173909;Kevin-Prince;Boateng;117;147701
188201;Tomás;Costa;52;146936
190196;Zargo;Touré;136;148682
175996;Daniel;Halfar;21;148008
176592;Markus;Palionis;30;147768
165738;Jason;Kennedy;14;147525
181015;Ben;Kennedy;195;147681
177019;Fabian;Lustenberger;47;148124
177129;Adam;Bodzek;37;147156
189434;Lars;Bender;21;148009
188385;Marvin;Martin;18;148011
162886;Russell;Martin;42;147275
188831;Joe;Martin;14;148335
197813;Jonas;Martin;18;148831
169112;Lee;Martin;14;147676
198073;Aaron;Martin;14;148639
184747;Chris;Martin;42;148310
177475;Tobias;Sippel;21;148083
177488;Manuel;Konrad;21;148106
177508;Patric;Klandt;21;146447
24630;Pepe;Reina;45;146053
176608;Javier;Reina;56;148371
177610;Javier;Martínez Aginaga;45;148247
180729;Michael;Theo;195;145487
190651;Miguel Ángel;Martínez;52;146559
200502;Marc;Martínez;45;148856
202811;Emiliano;Martínez;52;149708
177270;Luis;Martínez;83;147755
177683;Yann;Sommer;47;148353
178603;Mats;Hummels;21;148352
179516;Rouwen;Hennings;21;147876
203023;Darren;Cole;42;149465
203537;Sammy;Ameobi;133;149584
179783;Ralf;Fährmann;21;148272
181558;Romain;Armand;18;147694
179891;Marcel;Heller;21;147314
179954;Thomas;Kraft;21;148205
180433;Tobias;Levels;21;147597
181318;Albin;Ekdal;46;148576
182152;Ja Cheol;Koo;167;148425
182677;Fabian;Müller;21;147581
189596;Thomas;Müller;21;148623
202873;Kevin;Müller;21;149171
182743;Thorsten;Kirschbaum;21;147746
182888;Håvard;Nordtveit;36;148904
190971;Osvaldo;Alonso;73;147221
192638;Marcos;Alonso;45;149094
183346;Fabian;Frei;47;148375
190569;Stefan;Frei;95;147381
183513;Jens;Grahl;21;148267
179956;Fredrik;Olsson;46;146941
187916;Marcus;Olsson;46;148139
184472;Martin;Olsson;46;148139
183565;Arne;Feick;21;148093
183568;Sebastian;Langkamp;21;148016
190780;Sean;Johnson;95;148518
177159;Fabian;Johnson;95;147981
202768;Elliott;Johnson;14;150422
152536;Bradley;Johnson;14;147754
201887;Daniel;Johnson;82;149744
184407;Federico;Moretti;27;148303
183573;Norman;Theuerkauf;21;147660
183578;Sören;Gonther;21;147620
183580;Nils;Petersen;21;148342
183632;Robert;Tesche;21;147783
155408;Marcel;Schäfer;21;146699
183714;Simon;Terodde;21;148063
183795;Georg;Margreitter;4;148313
183920;Richard;Sukuta-Pasu;21;148907
201085;Scott;Allan;42;149429
200449;Darren;McGregor;42;147125
163212;Scott;Boyd;42;147426
50163;Konstantinos;Papadopoulos;22;152605
184477;Kyriakos;Papadopoulos;22;149516
137763;Andrew;Thomas;40;151898
184190;Romain;Thomas;18;148165
190254;Wes;Thomas;14;147659
184816;Nejmeddin;Daghfous;145;147545
185122;Péter;Gulácsi;23;148858
185239;Ömer;Toprak;48;148569
185427;Ørjan;Nyland;36;148985
186148;Ron-Robert;Zieler;21;148410
186274;Konstantin;Rausch;40;148806
186307;Marco;Fabián;83;148569
155517;Danny;Olsen;13;147068
186330;Theodor;Gebre Selassie;12;147629
186405;Franco;Di Santo;52;148464
186569;Sven;Ulreich;21;148217
186781;Kenneth;Kronholm;95;147193
192072;Adrian;Stoian;103;152571
186941;Raphael;Wolf;21;148159
187072;Lars;Stindl;21;148240
198153;Jake;Taylor;50;149432
189331;Greg;Taylor;14;148747
198235;Jon;Taylor;14;149664
159034;Steven;Taylor;14;147294
173735;Neil;Taylor;50;148405
169474;Andy;Taylor;14;147344
188789;Paul;Taylor;14;147913
177495;Chris;Taylor;14;147625
188154;Lewis;Holtby;21;148993
188182;Leon;Balogun;133;148181
200840;Curtis;Nelson;14;149969
165820;Wagner;Ferreira;54;146935
201890;Guilherme;Ferreira;54;149560
190502;Leonardo;Sernicola;27;151378
198927;Tom;Miller;14;148912
169907;Shaun;Miller;14;147904
170290;Kai;Pröger;21;149608
188350;Marco;Reus;21;148518
188352;Kevin;Großkreutz;21;148202
188405;Zlatko;Janjić;8;147398
188545;Robert;Lewandowski;37;148235
188567;Pierre-Emerick;Aubameyang;115;148536
188770;Admir;Mehmedi;47;149172
189021;Joël;Mall;47;149192
189043;Daniel;Brosinski;21;148200
189061;Sascha;Burchert;21;148670
187043;Stefan;Johansen;36;149105
52326;Eldin;Jakupović;47;146816
189117;Roman;Bürki;47;149050
189272;Alexander;Esswein;21;148816
189278;Luke;Murphy;14;148661
189148;Jamie;Murphy;42;148607
166713;Barry;Murphy;25;147065
189387;Tom;Mickel;21;148476
189390;Bastian;Oczipka;21;148379
189410;Danny;Latza;21;148708
203590;Florian;Hübner;21;149157
189447;Artur;Sobiech;37;148895
192765;Pablo;Camacho;61;149078
189509;Thiago;Alcântara;45;149198
201400;Rafael;Alcântara;54;149871
70579;Agon;Elezi;19;152810
189922;Georg;Niedermeier;21;147328
190059;Steven;Zuber;47;149326
190243;Marwin;Hitz;47;147897
190490;Mathis;Bolly;108;149050
190494;Daniel;Opare;117;149023
53110;Craig;Gordon;42;146175
182621;Daniel;Gordon;82;146922
190520;Tony;Jantschke;21;148829
190648;Sandro;Sirigu;21;148282
190666;Manuel;Gulde;21;149140
184664;Aurélien;Collin;18;147338
190667;Marco;Terrazzino;21;149202
190671;Mike;Frantz;21;147558
190826;Marc;Hornschuh;21;149158
190854;Peter;Pekarík;43;147574
182521;Toni;Kroos;21;148736
191066;Felix;Kroos;21;149168
156535;Luca;Oyen;7;153188
191251;Andreas;Lambertz;21;146829
191252;Marcel;Gaus;21;148581
186751;Bobby;Grant;14;148914
167926;Anthony;Grant;14;147791
156253;Joe;Lewis;14;147915
191565;Yūya;Ōsako;163;148870
192070;Joseph;Baffo;46;149774
193303;Ashley;Richards;50;149199
192158;Mauricio;Albornoz;46;148071
192128;Miiko;Albornoz;55;149066
192318;Mario;Götze;21;149617
186144;Cameron;Stewart;14;149195
203139;Anthony;Stewart;14;149724
192496;Paul;Downing;14;149396
176941;Adam;Rooney;25;148113
192445;Daniel;Ginczek;21;149200
192557;Marvin;Plattenhardt;21;149488
168590;Markus;Karl;21;147316
183442;James;Henry;14;148528
193098;Christian;Clemens;21;149313
192563;Bernd;Leno;21;149526
192660;Sebastian;Polter;21;149188
192663;Fabian;Klos;21;147972
192665;Andreas;Luthe;21;147705
192728;Moritz;Hartmann;21;147442
192732;Edgar;Prib;40;148716
192984;Koen;Casteels;7;149639
183544;Graham;Burke;25;150092
193057;Charlison;Benschop;85;148600
193097;Stephan;Salger;21;148762
193103;Patrick;Schönfeld;21;148539
193209;José Pierre;Vunguidica;98;148735
193222;Fabian;Giefer;21;148869
193251;Christoph;Schösswendter;4;148199
193254;Christopher;Trimmel;4;147691
193272;Samuel;Şahin-Radlinger;4;149774
107261;Cyrille;Merville;18;145914
193276;Philipp;Klingmann;21;148114
193311;Philipp;Bargfrede;21;148429
193584;Guido;Burgstaller;4;146431
193679;Marcel;Correia;38;148503
193749;Peniel;Mlapa;144;149148
193886;Daniel;Didavi;21;148784
194015;Julian;Börner;21;149118
194333;Rafał;Gikiewicz;37;147935
194665;Stefan;Ilsanker;4;148505
194730;Juan; Carlos;45;148021
194794;Andriy;Yarmolenko;49;148663
195038;Florian;Kainz;4;149700
195363;Jeffrey;Bruma;34;149414
195365;Kevin;Kampl;44;149014
195586;Alfreð;Finnbogason;24;148399
196339;Marcel;Titsch-Rivero;21;148673
197031;Marvin;Ducksch;21;150259
197226;Sören;Bertram;21;149253
197376;Clemens;Fandrich;21;149107
197445;David;Alaba;4;149638
197786;Giulio;Donati;27;148768
167431;Gonzalo;Castro;21;147798
198118;Josuha;Guilavogui;18;148994
198141;Marc;Bartra;45;149112
178571;Rafael;Wihby Bracali;54;145570
198200;Benjamin;Stambouli;18;148957
198617;Dominick;Drexler;21;148878
185181;Yoel;Rodríguez;45;148242
193293;Jorge;Rodríguez;60;146919
193352;Ricardo;Rodríguez;47;149700
187298;Hugo;Rodríguez;83;148891
172397;Diego;Rodríguez;81;150868
170664;Cristian;Rodríguez;60;147179
198710;James;Rodríguez;56;149290
177621;Felipe;Rodríguez;83;148460
198451;Daniel;Rodríguez;45;148159
192045;Luis;Rodríguez;83;149118
198910;Nico;Klotz;21;147534
198914;Jan;Hochscheidt;21;147913
199042;Charles;Aránguiz;55;148474
199049;Richárd;Magyar;46;149220
193361;Roberto;Soriano;27;149136
199266;Dong Won;Ji;167;149245
116762;Sébastien;Roudet;18;145612
199288;Anthony;Losilla;18;147340
199339;Manuel;Riemann;21;148254
199413;Tobias;Kempe;21;148545
199439;Michael;Gregoritsch;4;150301
199526;Balázs;Megyeri;23;148822
199761;Marcin;Kamiński;37;149477
199776;Luca;Caldirola;27;149129
186551;Fernando;Navarro;83;148475
192012;Diego;Reyes;83;149725
172890;Christian;Reyes;86;150864
199897;Nicolas;Höfler;21;148800
200120;Michael;Ortega;56;149193
200159;Stefan;Ortega;21;149773
200212;Michael;Esser;21;147962
200215;Sebastian;Rode;21;149016
200318;Mark;Uth;21;149333
200433;Lukas;Hinterseer;4;149184
200466;Vitus;Eicher;21;149041
200469;Lukas;Rupp;21;149105
200473;Steven;Skrzybski;21;149785
200536;Nico;Schulz;21;149919
200610;Kevin;Volland;21;149674
200641;Yevhen;Konoplyanka;49;148639
200700;Alexander;Merkel;165;149515
200857;Moritz;Leitner;21;149805
200953;Christoph;Hemlein;21;149082
200954;Denis;Thomalla;21;149691
201025;Gaëtan;Bussmann;18;149130
201262;Vladimír;Darida;12;148952
201290;Robert;Žulj;4;149498
201342;Frederik;Sørensen;13;149567
192979;Thomas;Sørensen;13;146754
165735;Brad;Jones;195;145888
194957;Phil;Jones;14;149514
182365;Jamie;Jones;14;148416
177692;Mike;Jones;14;147863
170095;Daniel;Jones;14;147628
201533;Paul-Georges;Ntep;103;149673
116917;Damien;Perquis;18;147338
201860;Ermin;Bičakčić;8;148756
201877;Mats;Møller Dæhli;36;150619
201922;Martin;Hinteregger;4;149713
201925;Kevin;Kraus;21;149687
202053;Ryō;Miyaichi;163;149811
202088;Felix;Klaus;21;149719
202106;Marvin;Knoll;21;149071
202115;Matthias;Ostrzolek;21;148888
202151;Konstantinos;Stafylidis;22;150164
134777;Grégory;Bourillon;18;146723
202201;Jeffrey;Gouweleeuw;34;149288
203249;Joel;Valencia;57;150513
187259;Omar;Valencia;87;154005
202276;Simon;Zoller;21;149274
202316;Timmy;Chandler;95;148820
202429;Danny;da Costa;21;150022
202456;John;Verhoek;34;148451
183711;Jordan;Henderson;14;148900
118646;Ian;Henderson;14;146930
155886;Stephen;Henderson;25;148124
118794;Andy;Lonergan;14;146467
202512;Florian;Hartherz;21;149977
202789;Alexander;Schwolow;21;149616
202857;Karim;Bellarabi;21;148830
202905;Christoffer;Nyman;46;149741
203106;Leonardo;Bittencourt;21;150181
203159;Tim;Kister;21;147635
203315;Georg;Teigl;4;149137
203363;Gustav;Valsvik;36;149974
51188;Kévin;Dawson;60;149501
194806;Craig;Dawson;14;148858
199046;Kevin;Dawson;25;148913
203440;Daniel;Davari;161;148007
203445;Benjamin;Kessel;21;147910
184614;Michiel;Kramer;34;148339
202214;Chris;Korb;95;147917
197930;Josh;Parker;63;149067
172872;Murat;Yıldırım;48;147774
184082;Lamine;Koné;108;148399
183766;Bakary;Koné;101;148119
196582;Emmanuel;Koné;108;147636
170183;Nathan;Arnold;14;148061
198160;Shaun;Francis;82;147546
132740;Jesper;Hansen;13;147057
190459;André;Hansen;36;148718
184040;Martin;Hansen;13;148898
169708;Sam;Hutchinson;14;148582
193549;Shaun;Hutchinson;14;149059
152065;Simon;Poulsen;13;146821
195091;Willian;Roberto;54;148524
199564;Sergio;Roberto;45;149500
135043;Anders;Lindegaard;13;146644
164322;Willian;Gomes;54;147594
186568;Marcos Paulo;Gomes;54;148196
135507;Fernando Luiz;Rosa;54;147030
135587;Niki;Mäenpää;17;146929
183025;Matt;Simon;195;147293
202841;Jake;Carroll;25;149320
202491;Tom;Carroll;14;149611
182836;Andy;Carroll;14;148373
183129;Ciaran;Clark;25;148636
202464;Jordan;Clark;14;150093
198355;Steve;Clark;95;147375
196907;Danilo;Russo;27;147825
166919;Marc;Wilson;25;147865
193716;Danny;Wilson;42;149458
173734;James;Wilson;50;148424
199852;Nicolai;Jørgensen;13;149112
183491;Mathias;Jørgensen;13;148845
169843;Ben;Turner;14;148235
138181;Michael;Turner;14;146488
166758;Chris;Turner;35;147639
138188;Lloyd;Sam;117;146811
186558;Jimmy;Ryan;25;148251
138251;Richard;Foster;42;147118
185119;Alex;Dyer;84;148894
173436;Nathan;Dyer;14;147969
163761;Curtis;Davies;14;146980
151213;Ben;Davies;14;145592
200715;Adam;Davies;50;149661
170818;Steven;Davies;14;147999
165185;Craig;Davies;50;147280
172825;Rodrigo;Alvarez;83;147766
138297;Arturo;Alvarez;76;147085
189242;Philippe;Coutinho;54;149626
195057;Scott;Fox;42;147815
138412;James;Milner;14;147275
172344;Yousef;Hassan;182;151068
138719;Chris;O'Grady;14;147296
203398;Derrick;Williams;25;149845
198071;George;Williams;14;149932
198776;Jonathan;Williams;50;150110
202171;Josh;Williams;95;148110
200411;Luke;Williams;14;149990
181681;Shaun;Williams;25;147563
198194;Danny;Williams;95;148434
177313;Andy;Williams;14;147497
171387;Iván;López;81;149010
142707;Lisandro;López;52;146236
167529;Rodrigo;López;83;153066
197666;Kevin;López;81;150957
201505;David;López;45;148649
175091;Luis;López;81;150084
203505;Joe;Bryan;14;150088
50038;Matheus;Vargas;54;151093
188070;Ronald;Vargas;61;147607
195902;Christian;Vargas;53;146426
198653;Martín;Silva;60;146259
200395;Marcelo;Silva;60;148447
192094;Rodrigo;Silva;54;148129
139799;Santiago;Silva;60;145423
160293;Tom;Soares;14;147462
150568;Jonathan;Brison;18;146213
150659;Vincent;Demarconnay;18;146270
196853;Joel;Sánchez;59;148529
199570;Jesús;Sánchez;83;148610
171578;Javier;Sánchez;45;151362
184626;Nicolás;Sánchez;52;147306
202786;Richard;Sánchez;83;150288
184941;Alexis;Sánchez;55;148355
182882;Carlos;Sánchez;56;147308
191010;Juan Manuel;Díaz;60;147937
189454;Damián;Díaz;57;147392
183353;Víctor;Díaz;45;148165
176930;Marcelo;Díaz;55;147635
52402;Sebastián;Díaz;55;150980
189153;Mauro;Díaz;52;149166
159366;Martín;Cortés;52;146182
178421;César;Cortés;55;146549
196147;Giovanni;Moreno;56;147453
173432;Héctor;Moreno;83;148018
187110;Miguel;Ponce;83;148469
140415;Leon;Britton;14;146069
192622;Shane;Duffy;25;149463
192540;Mark;Duffy;14;147186
140423;Jake;Buxton;14;146969
140445;Steven;MacLean;42;146045
189868;Alex;Marshall;82;151709
140498;David;Marshall;42;146970
173673;Stephen;Quinn;25;147362
140620;Ragnar;Klavan;208;147209
183151;Muhamed;Keita;36;148977
194742;Rafael;Galhardo;54;149400
173373;Sergio;Romero;52;147689
203119;Gabriel;Santana;54;148738
142979;Juan;Quiroga;52;145920
200826;Mauro;Quiroga;52;148708
187652;David;Yurchenko;40;147357
183743;Alfonso;Blanco;83;147848
190577;Sebastián;Blanco;52;148076
153275;Jean-Louis;Leca;18;147170
153298;Arnold;Mvuemba;110;146934
189259;Jean-Eudes;Maurice;80;147443
143586;Gastón;Aguirre;52;145760
172112;Marcos;Aguirre;52;146630
192354;Juan;Domínguez;83;151957
199103;Alexander;Domínguez;57;147792
192673;Ibrahima;Diallo;18;152086
199792;Anders;Christiansen;13;148891
200209;Nicolai;Larsen;13;149165
157888;Quentin;Westberg;95;147386
192001;Carlos;Guzmán;83;150332
199442;Mario;Grgic;4;149350
161646;Joan;Hartock;18;147684
161700;François;Clerc;18;146283
188978;Marc;Pedersen;13;148579
186355;Esteban;Conde;60;146238
163420;Pierre;Vignaud;18;146244
163657;Idriss;Ech-Chergui;18;147048
203166;Robert;Koch;21;147328
193313;Julian;Koch;21;149047
190460;Christian;Eriksen;13;149507
186555;Wéverton;da Silva;54;147983
192568;Anderson;da Silva;54;148184
172481;Alexandre;da Silva;54;146402
188111;Marcos;da Silva;54;148659
197670;Francisco;da Silva;54;149124
177649;Rafael;da Silva;54;146391
190674;Benjamin;André;18;148947
163791;Geoffrey;Jourdren;18;147306
189308;Dale;Bennett;14;148738
186595;Elliott;Bennett;82;148354
183774;Ryan;Bennett;14;148797
190430;Joe;Bennett;14;148819
193187;Kyle;Bennett;14;148984
189238;Florian;Hart;4;148863
150724;Joe;Hart;14;147745
200292;Jason;Lowe;14;149342
150729;Ryan;Lowe;14;144610
163578;Curtis;Weston;14;147660
178626;Joe;Thompson;14;148431
201212;Adam;Thompson;35;149734
192695;Nathan;Thompson;14;149045
195020;David;Davis;14;149148
169588;Jonny;Evans;35;148004
152454;Gareth;Evans;14;148118
152505;John;White;14;147478
165269;Razak;Boukari;144;147751
200443;Barry;Douglas;42;148614
189860;Francisco;Femenía;45;149130
186392;Joel;Ward;14;148669
161943;Elliott;Ward;14;146925
164467;Jamie;Ward;35;147403
194319;Danny;Ward;14;149075
186147;Gary;Woods;14;148733
197687;Liam;Noble;14;149225
199661;Almog;Cohen;26;148246
202698;Luke;Young;14;149881
189307;Lewis;Young;14;148637
152908;Ashley;Young;14;147096
163616;Jamie;Young;14;147143
174606;Juan;Montenegro;53;151324
152991;Dean;Marney;14;146571
200428;Graham;Kelly;25;149401
192580;Jake;Kelly;25;148901
186449;Liam;Kelly;42;148773
192542;Shaun;Kelly;25;148655
184037;Martin;Kelly;14;148849
185255;Gonzalo;Zárate;52;146759
198632;Jorge;Zárate;83;149482
153177;Mauro;Zárate;52;147713
199245;José;Rangel;83;152440
134968;Robbie;Haemhouts;7;146518
162328;Remko;Pasveer;34;146487
165064;Jerold;Promes;34;146609
175314;Kevin;McDonald;42;148310
202731;Conor;McCormack;25;148870
155979;Ross;McCormack;42;147501
169181;Kenneth;Vermeer;34;147281
169805;Antoine;Devaux;18;146958
172143;Lasse;Schøne;13;147418
172850;Ramon;Leeuwin;34;147880
189836;Joseph;Mills;14;148670
156165;Matthew;Mills;14;147466
177279;Ruben Yttergård;Jenssen;36;148126
177893;Nathan;Rutjes;34;146510
165191;Cameron;Jerome;14;147558
178211;Robert;Zwinkels;34;146299
181780;Tim;Matavž;44;148380
183426;Daniel;Schwaab;21;148237
156299;Shaun;Barker;14;146072
172195;Mathieu;Robail;18;147059
183736;Dirk;Marcellis;34;148105
183933;Ard;van Peppen;34;147083
183993;Erik;Israelsson;46;148423
202107;Alfredo;Morales;95;148864
191725;Pedro;Morales;55;147051
184001;Donny;Gorter;34;148168
184635;Stef;Nijland;34;148224
185171;Adil;Auassar;34;147550
186456;Jan-Arie;van der Heijden;34;148064
202428;Bobby;Wood;95;149782
156464;Richard;Wood;14;147092
192123;Chris;Wood;198;149438
186502;Gianluca;Nijholt;34;148777
186503;Tim;Breukers;34;147944
188157;Lex;Immers;34;147430
188424;Dries;Wuytens;7;149174
188416;Stijn;Wuytens;7;148648
188621;Aaron;Meijers;34;147937
171982;Calvin;Andrew;14;147624
190620;Danny;Andrew;14;149089
173040;Alexandre;Bonnet;18;147561
189084;Eloy;Room;85;148404
189713;Erik;Falkenburg;34;148127
189715;Marko;Vejinović;34;148766
189143;Sebastian;Eriksson;46;148398
156894;Darren;Pratley;14;147018
190778;Jeroen;Zoet;34;149103
172517;Mike;Jensen;13;148051
190947;David;Jensen;13;149547
188484;Abel;Hernández;60;148952
199827;Pablo;Hernández;55;147568
187421;Jorge;Hernández;83;148528
178224;Javier;Hernández;83;148154
202017;Onel;Hernández;73;149860
192904;Guram;Kashia;20;147821
174547;José;Rojas;55;146349
198138;Rodrigo;Rojas;58;148101
181220;Santiago;Rojas;58;151019
193092;Marco;Rojas;198;149406
188977;Daniel;Rojas;53;152437
193302;Filip;Kurto;37;149262
193440;Nick;Viergever;34;148582
193443;Tim;Coremans;34;149197
203232;Sean;Russell;25;150172
185068;Johnny;Russell;42;148830
193706;Dario;Dumić;8;149492
173245;Ramón;Fernández;52;146878
193164;Eduardo;Fernández;83;149813
186408;Sebastián;Fernández;60;147049
143590;Leandro;Fernández;52;146205
193241;Roberto;Fernández;58;148090
201988;Federico;Fernández;52;148419
186680;Raúl;Fernández;45;148074
146296;Andrés;Fernández;45;147621
50058;Manuel;Fernández;60;148392
198006;Jens;Toornstra;34;148461
193339;Jonathan;Estrada;56;146202
198135;Darryl;Lachman;85;148682
175141;Didier;Ovono;115;146198
198147;Mark;van der Maarel;34;148591
198175;Luc;Castaignos;34;149733
198640;Zakaria;Labyad;129;149896
177448;Gustav;Svensson;46;147674
198657;Jonas;Svensson;36;149893
198658;Fredrik;Midtsjø;36;150051
175613;Jérémy;Choplin;18;146946
199407;Danny;Post;34;148464
199568;Konstantinos;Lamprou;22;149358
199767;Marco;van Ginkel;34;149798
190784;Jean;Alexandre;80;147507
199833;Lars;Unnerstall;21;148933
200110;Marco;Bizot;34;149166
194089;Christoph;Moritz;21;148759
200260;Steven;Berghuis;34;149450
200275;Youness;Mokhtar;129;149338
200424;Ben;Rienstra;34;148888
200425;Mike;te Wierik;34;149622
157665;Scott;Dann;14;147681
200535;Terry;Antonis;195;150158
200698;Nick;Marsman;34;149006
157703;Uwe;Hünemeier;21;147280
201301;Daniel;Høegh;13;149103
157734;Anssi;Jaakkola;17;147708
201978;Piotr;Parzyszek;37;150079
202050;Thomas;Bruns;34;149469
166764;Trevor;Carson;35;148066
157804;Scott;Carson;14;147152
202190;Chiró;N'Toko;7;148032
202458;Navarone;Foor;34;149497
190695;Danilo;Fernandes;54;148095
176849;Pierre;Gibaud;18;148114
202746;Thulani;Serero;140;148833
203266;Gyliano;van Velzen;34;150287
203535;Tonny;Vilhena;34;150561
176996;Antony;Robic;18;147335
187755;Pedro;Ken;54;147715
202064;Luis Carlos;Arias;56;146919
202399;Diego;Arias;56;147072
158592;Germán;Montoya;52;146198
177123;Kévin;Das Neves;18;147399
197996;Eric;Larsson;46;149293
198455;Johan;Larsson;46;148857
177292;Antoine;Ponroy;18;147376
159080;Craig;Bryson;42;147581
177377;Mathieu;Ligoule;18;146240
193283;Thomas;Delaney;13;149343
203289;Max;Clayton;14;150414
186385;Adam;Clayton;14;148381
160292;Ben;Watson;14;147096
200744;Ryan;Watson;14;150016
197061;Joel;Matip;103;149317
177479;Cyriaque;Louvion;18;147841
161857;Florian;Klein;4;147592
177482;Mathieu;Coutadeur;18;147350
177568;Alexandre;Raineau;18;147443
177762;Laurent;Agouazi;97;146616
179543;Amin;Nouri;36;148742
193001;Riad;Nouri;18;147064
177875;Jacques;Salze;18;147746
176780;Franck;Moussa;7;148572
190685;Mana;Dembélé;126;148335
162240;Moussa;Dembélé;7;147833
179725;Joris;Sainati;18;148270
177805;Marco;Rossi;27;147909
194894;Francesco;Rossi;27;149214
162780;Oleg;Ivanov;40;147487
183108;Nordin;Amrabat;129;147726
202603;Alessandro;De Vitis;27;149508
179931;Cédric;Avinel;18;147525
187033;Sean;Morrison;14;149105
188782;Michael;Morrison;14;148064
162471;Andy;Keogh;25;147407
163201;Michael;McGovern;35;146734
163264;Tom;Heaton;14;147376
192154;Josh;Payne;14;149061
199620;Stefan;Payne;14;149319
163303;Glenn;Whelan;25;146553
202799;Jordan;Graham;14;150622
170114;Brian;Graham;42;147963
163342;Simon;Cox;25;147754
178194;Dean;Cox;14;147860
163351;Luke;Varney;14;146081
177315;Gary;Roberts;14;146618
163356;Mark;Roberts;14;146464
138279;Nikolas;Dyhr;13;152919
203192;Dean;Jarvis;35;149615
163571;Matt;Jarvis;14;147413
163587;Kasper;Schmeichel;13;147580
163600;John;Ruddy;14;147568
163621;Ben;Alnwick;14;147637
163757;Joe;Walsh;50;149596
201911;Will;Keane;25;149839
198998;Josh;Rose;195;145795
203500;Danny;Rose;14;150172
192678;Enrique;García;45;148696
200278;Santiago;García;52;148191
178566;Javier;García;52;147665
191782;Antonio;García;83;149479
163828;Adam;Le Fondre;14;147607
139187;Eduardo;Anderson;87;152781
169919;Paul;Anderson;14;148206
201995;Felipe;Anderson;54;149933
181499;Johann;Ramaré;18;146697
201103;Diego;Rigonato;54;148070
169461;Michael;O'Connor;35;147915
164835;Łukasz;Fabiański;37;147014
181721;Djamel;Bakar;214;148463
193027;Damián;Lizio;53;148548
187265;Francisco;Acuña;83;148020
178150;Karamoko;Cissé;118;148320
165190;Joe;Ledley;50;147659
196976;Nathan;Cameron;14;149422
189218;Ryan;Jack;42;149520
165219;Jack;Hobbs;14;148232
165229;Laurent;Koscielny;18;147159
72557;Tomáš;Rigo;43;152934
165485;Jason;Demetriou;11;147958
165536;Gustavo;Cabral;52;147193
192220;Patric;Cabral;54;148451
165736;David;Wheater;14;147681
186977;Omar;Merlo;52;147434
165787;Jorge;Ortiz;52;146712
165788;Leonardo;Ulloa;52;147478
200671;Victor;Ulloa;83;149526
166117;Chris;Neal;14;147202
157617;Christian;Kühlwetter;21;151035
166841;Nicky;Adams;50;147560
201491;Daniel;Lafferty;35;148505
182822;Aldo;Angoula;18;145569
198810;Bailey;Wright;195;149672
166862;Jake;Wright;14;147341
177618;Josh;Wright;14;148677
183356;Thomas;Ayasse;18;147684
183359;Gaëtan;Deneuve;18;147029
192789;Mario; Gaspar;45;149060
171044;Carlos;Andrade;54;147659
183797;Vincent;Muratori;18;147851
179527;Loïc;Rémy;18;147638
183831;Ande;Dona Ndoh;103;147413
171097;Marco;Motta;27;147405
193953;Abdoul Razzagui;Camara;118;148783
200484;Ryan;Connolly;25;149475
198497;Mark;Connolly;25;149447
167705;Anthony;Stokes;25;148208
203263;Harry;Maguire;14;149892
167943;Yohan;Cabaye;18;147285
167948;Hugo;Lloris;18;147631
203183;Giovanni;Oliveira;54;148615
182733;Marcelo;Oliveira;54;147724
203556;Rodrigo;Oliveira;54;148524
157271;Ricardo;Oliveira;54;145206
180980;David;Oliveira;54;145959
134779;Jimmy;Briand;18;147120
181455;Aly;Cissokho;18;147894
190015;Mame Ousmane;Cissokho;136;147650
138704;Issa;Cissokho;136;146960
150590;Christophe;Jallet;18;146479
188413;Carlos;Carmona;55;147688
153296;Yoann;Gourcuff;18;147463
153297;Simon;Pouplin;18;147054
157585;Julien;Ielsch;18;146239
158121;Benoît;Costil;18;147820
158625;Dante Bonfim;Costa Santos;54;146466
193980;Thierry;Moutinho;47;149154
163665;Daniel;Congré;18;147001
163705;Steve;Mandanda;18;146993
168630;Mouhamadou;Dabo;18;147603
199170;Bryan;Dabo;101;149511
163804;Julien;Féret;18;145996
167397;Radamel Falcao;García Zarate;56;147312
167936;Jérémy;Sorbon;18;146392
198817;Romain;Amalfitano;18;148606
169069;Jonathan;Martins Pereira;18;147301
169281;Serge;Gakpé;144;147763
172198;Jessy;Moulin;18;147284
176772;Alexandre;Oukidja;97;148202
169078;Luke;Freeman;14;149544
177388;Dimitri;Payet;18;147724
177712;Kévin;Monnet-Paquet;18;148233
178051;Lucas;Deaux;18;148362
157481;Raúl;Albiol;45;147153
178160;Thomas;Mangani;18;147755
169158;Jordens;Peters;34;147759
178251;Romain;Danzé;18;147455
179789;Damien;Da Silva;18;148139
179813;Edinson;Cavani;60;147681
180334;Marcelo Antônio;Guedes Filho;54;147776
180739;Eiji;Kawashima;163;146254
181456;Romain;Genevois;80;147937
172680;Stuart;Sinclair;14;147959
169214;Scott;Sinclair;14;148451
169216;Shane;Long;25;147658
202199;George;Long;14;150137
194146;Kevin;Long;25;148962
184156;Guillaume;François;7;148886
181560;Mapou;Yanga-M'Biwa;18;148502
169343;Michael;Madl;4;148082
169345;Markus;Suttner;4;147742
181820;Stevan;Jovetić;15;148673
182528;Kermit;Erasmus;140;148921
182945;Max;Gradel;108;147970
183389;Giovanni;Sio;108;148457
183395;Cheikh;M'Bengue;136;148206
183483;Konstantinos;Mitroglou;22;148073
203060;Josh;Vela;14;150176
169416;Carlos;Vela;83;148427
183820;Mathieu;Dossevi;144;148044
183898;Ángel;Di María;52;148046
183982;Nolan;Roux;18;148062
184084;Matthieu;Dreyer;18;148446
175789;Birkir;Bjarnason;24;148149
184255;Kolbeinn;Sigþórsson;24;148805
169458;Alex;Bruce;35;146812
183909;Ibrahima;Traoré;118;148113
184873;Ismaël;Traoré;108;147501
169464;Armand;Traoré;136;148648
183833;Ima Faneva;Andriatsima;124;146695
184706;Vincent;Bessat;18;147218
169493;Frank;Fielding;14;148096
169498;Joe;Garner;14;148104
184781;Denis;Petrić;51;148146
183921;Julien;Faussurier;18;147650
169568;Adam;Hammill;14;148026
169575;Lee;Peltier;14;147616
200408;Ben;Gibson;14;149843
184599;Robbie;Simpson;14;146980
184300;Jay;Simpson;14;148337
169609;Jonathan;Grounds;14;148059
186161;Gilles;Sunu;144;149186
186197;Gaël;Kakuta;110;149269
169638;Charlie;Daniels;14;147521
184630;Luke;Daniels;14;148006
169644;Jacques;Maghoma;110;147932
186627;Mario;Balotelli;27;148956
169697;Darren;Randolph;25;147768
169705;Ryan;Bertrand;14;148584
169706;Jack;Cork;14;148543
169710;Liam;Bridcutt;42;148495
187051;Sloan;Privat;18;148572
163530;Jérémy;Clément;18;146779
203355;Robert;Hall;14;150121
188289;Emmanuel;Rivière;18;148794
169792;Jay;Rodriguez;14;148577
188397;Ronny;Rodelin;18;148689
189889;Ezequiel;Luna;52;147594
169912;Byron;Moore;14;148238
194150;Simon;Moore;14;148871
200758;Liam;Moore;82;149859
188696;Franck;Tabanou;18;148397
200475;Maurice;Trapp;21;149462
188943;Kevin;Trapp;21;148921
189207;Jimmy;Durmaz;46;148448
170008;Ben;Hamer;14;147960
190014;Yannis;Salibur;18;149121
170078;Mark;Little;14;148234
170084;Wayne;Hennessey;50;147660
190120;Karl-Johan;Johnsson;46;148760
177299;Julián;Illanes;52;151358
190516;Yassine;El Ghanassy;7;148925
190547;Kamil;Glik;37;148035
190659;Hervé;Bazile;18;148809
190716;Préjuce;Nakoulma;101;147747
190868;Kévin;Théophile-Catherine;18;148668
170342;Paul;Huntington;14;147896
170368;Erik;Lamela;52;149526
192567;Matthias;Zimmermann;21;149630
192205;Rene;Krhin;44;148873
192242;Paul;Lasne;18;148383
192722;Romain;Hamouma;18;147724
192725;Maxime;Le Marchand;18;148651
170597;Tim;Krul;34;148095
193105;Alphonse;Areola;18;149886
170879;Shaun;MacDonald;50;148170
170632;Jamie;MacDonald;42;147378
189163;Alex;MacDonald;42;148836
193147;Anthony;Gonçalves;18;147336
193226;Benjamin;Jeannot;18;149484
193470;Arnaud;Souquet;18;149505
193983;Andy;Delort;97;149379
194845;Wahbi;Khazri;145;149136
195912;Hyun Jun;Suk;167;149277
183925;Lossémy;Karaboué;108;148079
197480;Idriss;Saadi;97;149501
197681;Giannelli;Imbula;110;149718
197937;Papy;Djilobodji;136;148337
198067;François;Moubandje;47;148904
198264;Billy;Ketkeophomphone;18;148815
198394;Alexander;Kačaniklić;46;149322
183965;Jules;Goda;103;148517
183973;Loïc;Nestor;18;148507
198836;Vincent;Pajot;18;148963
198949;Kévin;Malcuit;18;149309
198962;Raïs;M'Bolhi;97;147386
184387;John;Bostock;93;149477
184502;Julien;Cétout;18;148003
199393;Nicolas;Pallois;18;147898
199556;Marco;Verratti;27;149772
199574;Alexandre;Letellier;18;149077
199721;Mathieu;Gorgelin;18;148949
200298;Jonathan;Rivierez;18;148505
200332;Tomáš;Koubek;12;149701
185018;Jean-Pascal;Fontaine;18;148437
163254;Liam;Fontaine;14;147278
190530;Thomas;Fontaine;124;149225
109830;Ibrahim;Mounkoro;126;148786
187993;Kevin;Goba;18;147823
200726;Benjamin;Lecomte;18;149213
201118;Cédric; Soares;38;149340
201042;Djibril;Sidibé;18;149673
201073;Nicolas;De Préville;18;149105
201325;Ciprian;Tătăruşanu;39;147311
201510;Layvin;Kurzawa;18;149710
201966;Alexander;Søderlund;36;147851
202035;Nicolas;Benezet;18;149152
202858;Fabián;Castillo;56;149631
202166;Julian;Draxler;21;150091
202371;Thomas;Meunier;7;149352
177974;Abel;Aguilar;56;146912
182941;Pablo;Aguilar;58;147728
202556;Memphis;Depay;34;150237
202562;Jérôme;Roussillon;18;149834
202672;Danilo Fernando;Avelar;54;148527
203128;Thomas;Monconduit;18;149138
203177;Dimitri;Foulquier;18;149910
203280;Valère;Germain;18;148839
203435;Ismaël;Diomandé;108;149703
203485;Terence;Kongolo;34;150238
203581;Iván;Balliu;1;149463
183518;Rui Pedro;da Rocha Fonte;38;148845
171791;José Miguel;da Rocha Fonte;38;146531
199576;Oriol;Romeu;45;149364
171831;Michael;Mancienne;14;148009
188206;Thomas;Gamiette;18;147443
188383;Pierrick;Valdivia;18;148110
184254;Josué;Ayala;52;148152
171897;Andrés;Guardado;83;147542
183601;Patrick;Fabian;21;147920
197948;Florian;Lejeune;18;149237
174543;Claudio;Bravo;55;146278
172203;Fraser;Forster;14;148078
188386;Edouard;Butin;18;148166
186395;Matt;Ritchie;42;148620
189833;Richard;Tait;42;148703
199313;Abdoulaye;Bamba;108;148847
190523;Edgar;Benítez;58;147948
188601;Alexandre;Coeff;18;149513
172553;Jonas;Lössl;13;148399
183829;Mohamed;Youssouf;18;148087
193060;Toni;Varela;104;147435
172723;Asmir;Begović;8;147807
188688;Jimmy;Nirlo;18;148237
201277;Mathias;Nielsen;13;149158
177373;Lasse;Nielsen;13;148009
190738;Håvard;Nielsen;36;150024
172768;Andrew;Surman;14;147503
172837;Enrico;Alfonso;27;148126
187313;Jorge;Santos Silva;54;147749
172871;Jan;Vertonghen;7;147750
194791;Ronan;Murray;25;149352
200900;Sean;Murray;25;150112
172939;Keiren;Westwood;25;146837
189280;Ashley;Westwood;14;148823
172953;Adrian;Mariappa;82;147547
172960;Lewis;Grabban;82;148013
172962;Victor;Moses;133;149078
189003;Gaëtan;Belaud;18;147530
173306;Cristian;Ansaldi;52;147534
173426;Simon;Mignolet;7;148067
173434;Pablo;Barrera;83;147808
186905;Ashley;Barnes;4;148670
198100;Emanuel;Biancucchi;52;148211
173530;Sone;Aluko;133;148417
173531;Ben;Amos;14;148832
173533;David;Button;14;148425
173546;James;Tomkins;14;148455
173608;José Luis;Sanmartín Mato;45;148818
183138;Krystian;Pearce;14;148737
173614;Jason;Pearce;14;147976
178584;Alex;Pearce;25;148315
173671;Kyle;McFadzean;14;147695
173752;Chris;Gunter;50;148569
191093;Rémi;Pillot;18;148940
200855;George;Baldock;22;149896
173859;Sam;Baldock;14;148441
173891;Lucas;Akins;14;148423
173895;Simon;Eastwood;14;148544
177465;Benedikt;Fernandez;21;146914
192608;Maxime;Barthelmé;18;148253
192647;Gaëtan;Charbonnier;18;148363
184763;Yohann;Thuram;18;148306
192738;Matthieu;Sans;18;148169
175932;Ritchie;De Laet;7;148334
121332;Djigui;Diarra;126;150616
179551;Ola;Kamara;36;148655
192963;Livio;Nabab;18;148167
193148;Vincent;Le Goff;18;148655
193376;Lalaina;Nomenjanahary;124;147287
198229;Férébory;Doré;107;148388
176550;David;Ospina;56;148245
176571;André;Ayew;117;148718
197756;Jordan;Ayew;117;149351
176619;Adrián;Ramos;56;147293
155862;Sergio;Ramos;45;147360
196435;Christian;Ramos;59;148310
193683;Xavier;Chavalerin;18;149163
176841;Lukas;Jutkiewicz;14;148454
176994;Régis;Gurtner;18;147613
176681;Marcelo;Lomba;54;147623
177358;Morgan;Schneiderlin;18;148679
177414;Tom;Pope;14;147145
198348;Mathias;Autret;18;149157
198816;Pierre;Bouby;18;146465
199287;Eric;Tié Bi;108;148933
177578;Sebastian;Prödl;4;147808
199378;Mathieu;Duhamel;18;146734
199387;Pablo;Chavarría;52;148003
199419;Yoann;Court;18;148746
199522;John;Tshibumbu;110;148373
199537;Joffrey;Cuffaut;18;148076
199636;Medhy;Guezoui;18;148456
199781;Romain;Métanire;18;148819
199800;Zakarya;Bergdich;129;148374
200130;Rémi;Mulumba;110;149769
200663;Oumare;Tounkara;18;148877
200965;Sanaa;Altama;106;148936
200968;Florent;Ogier;18;148447
201138;Zacharie;Boucher;18;149529
201879;Anthony;Rogie;18;149250
155871;Bartosz;Białkowski;37;147823
177922;Kamil;Grosicki;37;148161
171055;Eduardo;Guerrero;87;152436
194014;Fernando;Guerrero;57;148640
150525;Paolo;Guerrero;59;146541
198625;Scott;Bain;42;149423
200752;Juan; Jesus;54;149258
178088;Juan Manuel;Mata García;45;148120
178091;Stefano;Okaka;27;148588
178213;Etienne;Capoue;18;148194
178218;Stephen;Darby;14;148281
202448;Leonardo;Moreira;54;149373
165816;Jonathan;Moreira;54;147329
178287;Scott;Arfield;70;148307
192320;Gary;Gardner;14;149643
178509;Olivier;Giroud;18;147544
178567;Erik;Pieters;34;148221
178628;Fernando;Forestieri;27;148747
198145;Sergio;Araujo;52;149490
179547;Vito;Mannone;27;148063
179574;Gary;Hooper;14;148027
179591;Pablo;Hernández Dominguez;45;147007
179636;David;Worrall;14;148895
179663;Tommy;Rowe;14;148269
192481;Danny;Rowe;14;149531
179665;Anthony;Pilkington;25;148159
192816;Leandro;Cabrera;60;149346
176472;Nelson;Cabrera;53;146287
179731;David;Cabrera;83;148617
179746;Sam;Vokes;50;148661
203310;Chris;Harold;195;149658
179831;Craig;Curran;14;148602
179844;Diego;da Silva Costa;45;148282
179897;Ragnar;Sigurðsson;24;147441
152950;Grzegorz;Wojtkowiak;37;146566
179944;David Luiz;Moreira Marinho;54;147748
180216;Séamus;Coleman;25;148286
180283;Sung Yueng;Ki;167;148391
189828;Mark;Byrne;25;148315
202814;Nathan;Byrne;14;149619
180403;Willian;Borges da Silva;54;148223
180818;David;McGoldrick;25;147969
180819;Adam;Lallana;14;148132
181098;Makoto;Hasebe;163;146558
181291;Georginio;Wijnaldum;34;149047
196933;Jonathan;Nanizayamo;18;149253
189568;Abdoul;Sissoko;126;148811
183394;Moussa;Sissoko;18;148595
200793;Clark;Robertson;42;150076
181457;Chris;Robertson;42;147555
167925;Joey;O'Brien;25;147319
194148;Mark;O'Brien;25;149787
181872;Arturo;Vidal;55;147778
171318;Diego;Capel;45;148048
202345;João Filipe;Rabelo;54;148163
201475;Gianluca;Gaetano;27;152510
202793;Alessandro;Berardi;27;149113
202697;Jack;Stephens;14;150220
182207;David;Stockdale;14;147230
182209;Mark;Beevers;14;148692
182331;Charlie;Clough;14;148978
182520;Martin;Männel;21;148077
178032;Patrick;Mainka;21;150503
186645;Sean;Franklin;95;146986
194963;André;Ribeiro;54;149002
182761;Adam;Legzdins;14;147598
187478;Jair;Pereira;83;147459
192693;Eduardo;Pereira;54;149469
172098;Álvaro;Pereira;60;147238
199474;António;Pereira;54;146664
187027;Fernando;Pereira;54;147573
198017;Michael;Pereira;18;147978
187069;Erik;Vera;83;149546
186300;Oscar;Vera;83;147340
182944;Neal;Bishop;14;145664
183066;Mathieu;Baudry;18;148056
183125;Troy;Deeney;14;148182
183130;Marc;Albrighton;14;148689
183220;Jan;Morávek;12;148672
183256;Henri;Saivet;136;149031
183280;Adil;Rami;18;147267
183285;Mamadou;Sakho;18;148776
199493;Diego;Mariño;45;148861
183288;Yohan;Benalouane;145;147723
146111;Mikel;Rico Moreno;45;146849
157389;Kwadwo;Poku;117;149495
183361;Anthony;Weber;18;147798
146748;Diego;López Rodríguez;45;145752
146947;Mikel;Vesga;45;149969
183385;Adlène;Guédioura;97;147222
198015;Giovanni;Giovanni;54;148615
146952;Iván;Cuéllar;45;146688
72707;Adrian;Zeljković;44;153346
146996;Rubén;Martínez Andrade;45;146714
183581;Jesús;Molina;83;148090
199669;Leandro;González Pírez;52;149519
183422;Jonny;Howson;14;148143
183427;Fabian;Delph;14;148692
183453;Prince;Oniangué;107;148310
183465;Jack;Rodwell;14;149167
157479;Pedro;López Muñoz;45;146480
158023;Lionel;Messi;52;147811
183540;Barry;Bannan;42;148702
185221;Luiz; Gustavo;54;147840
183546;Jonathan;Hogg;14;148342
164852;Bruno Alexandre;Vilela Gama;38;147955
165153;Karim;Benzema;18;147989
183567;Erwin;Mulder;34;148429
183569;Eric Maxim;Choupo-Moting;103;148449
166074;Tiago Manuel;Dias Correia;104;148925
166664;Francisco José;Molinero Calderón;45;147113
168651;Ivan;Rakitić;10;148071
183681;Robbie;Weir;35;148345
183706;Martyn;Waghorn;14;148755
171189;Aythami;Artiles Oliva;45;147363
171579;Raúl;García Escudero;45;147463
172256;Martín;Bengoa Díez;45;150518
201061;Elvis;Manu;34;150053
200949;Lucas; Moura;54;149688
183781;Andreas;Bjelland;13;148194
172522;Daniel;Wass;13;148518
175379;Pedro León;Sánchez Gil;45;147599
176094;Przemysław;Tytoń;37;147640
51324;Mathias;Suárez;60;151099
176600;Kévin;Gameiro;18;147765
176676;Marcelo;Vieira da Silva;54;148134
169195;Renato;Augusto;54;148040
183855;Angelo;Ogbonna;27;148145
176993;Bojan;Krkić Pérez;45;148972
200525;Sam;Walker;14;149372
188377;Kyle;Walker;14;148880
183885;Kevin;Walker;46;148582
177003;Luka;Modrić;10;147158
183893;Claudio;Yacob;52;147835
177633;Ángel Luís;Rodríguez Díaz;45;147752
177644;Francisco;Casilla Cortés;45;147546
183916;Jérémy;Pied;18;148421
178031;Paul;Baysse;18;148140
183940;Vurnon;Anita;85;148461
178086;Antonio;Adán Garrido;45;147769
178424;Vitorino;Pacheco Antunes;38;147727
201434;Eduardo;Antunes;54;149517
178562;Éver;Banega;52;148182
178616;Adrián;González Morales;45;148147
178625;Pedro;Mosquera Parada;45;148113
178746;Miguel;Torres Gómez;45;147299
178750;Sergio;Asenjo Andrés;45;148546
191043;Alex;Sandro;54;149123
179645;Simon;Kjær;13;148452
180359;Luis Carlos;Correia Pinto;38;147031
184087;Toby;Alderweireld;7;148428
181816;Antonio;Rukavina;51;146566
184111;Christian;Benteke;7;149069
184133;André;Castro Pereira;38;148094
182002;Sidnei Rechel;da Silva Júnior;54;148602
182435;Mitchell;Langerak;195;148236
182493;Diego;Godín;60;147318
182896;Roberto;Rosales;61;148326
183068;Claudio;Beauvue;18;148108
183141;Oier;Olazábal Paredes;45;148624
183892;Gabriel;Mercado;52;147713
176376;Ignacio;Piatti;52;146941
183899;Pablo;Piatti;52;148457
183966;Facundo;Roncaglia;52;147677
184200;Marko;Arnautović;4;148476
184144;Nicolás;Gaitán;52;148055
187998;Rafael;Pires Monteiro;54;148541
201949;Kim;Ojo;133;148338
186537;Cristhian;Stuani;60;147556
184274;Chris;Basham;14;148203
186695;Ezequiel;Muñoz;52;149013
142998;Cristian;Muñoz;52;144166
184288;Dorian;Dervite;18;148208
186805;Jefferson;Montero;57;148611
196906;Ronny;Montero;53;149232
187688;Paulo Henrique;Chagas de Lima;54;148652
187936;Steven;N'Zonzi;18;148351
187961;José Paulo;Bezerra M. Júnior;54;148208
188135;Juan Francisco;Moreno Fuertes;45;148256
184392;Matteo;Darmian;27;148703
188232;Abdoul Karim;Yoda;18;148300
188337;Mubarak;Wakaso;117;148938
184432;César;Azpilicueta Tanco;45;148607
188388;Ryad;Boudebouz;97;148782
188554;Daniel;Pacheco Lobato;45;149102
184471;Alan;Judge;25;148317
184501;Michael;Lang;47;149136
189332;Jordi;Alba Ramos;45;148447
184515;Nick;Blackman;14;148682
189511;Sergio;Busquets Burgos;45;148199
189513;Daniel;Parejo Muñoz;45;148473
184624;Jordan;Rhodes;42;148768
189690;Vicente;Guaita;45;147646
189701;David;Rodriguez Lombán;45;147792
189709;Pedro;Alcalá Guirado;45;148445
184707;Gary;Madine;14;148968
184716;Joe;Allen;50;148805
184749;Dan;Gosling;14;148764
190143;José Ángel;Valdés Díaz;45;148615
190149;Óscar;De Marcos;45;148471
190223;Mikel;Balenziaga;45;148061
190286;Sergio;Canales Madrazo;45;149144
199482;Anthony;Lopes;38;149006
186600;Wesley;Lopes;54;147811
202014;Roberto;Lopes;25;149631
190507;Xabier;Etxeita Gorritxat.;45;147940
190584;Asier;Illarramendi;45;148799
191210;Sébastien;Corchia;18;149037
191628;Leandro;Chichizola;52;148818
192476;Andreu;Fontàs Prat;45;148685
192679;Sergio;Escudero Palomo;45;148612
192766;Marc;Muniesa Martínez;45;149549
199354;Lucas;Pérez Martínez;45;148255
184696;Flavio;Santos;83;151349
202550;Anderson;Santos;54;148872
189416;Eduardo;Santos;54;147595
52480;Sergio;Santos;54;150440
191001;Rafael;Santos;54;148440
193169;Christian;Santos;61;148085
193469;Víctor;Ruíz Torre;45;148392
193747;Jorge;Resurrección;45;149470
193844;Francisco;Portillo Soler;45;148896
196432;Enzo;Pérez;52;147324
193887;Hernán;Pérez;58;148423
199964;Marco;Pérez;56;148993
194229;Hugo;Mallo Novegil;45;149270
194644;Martín;Montoya Torralbo;45;149201
164240;Thiago; Silva;54;146806
194765;Antoine;Griezmann;18;149177
188166;Matt;Phillips;42;149169
195698;Cheick;Doukouré;108;149717
185349;Denis;Odoi;117;148149
185422;Joshua;King;36;149477
174006;Richard;King;82;153081
186578;Andy;King;50;148304
198023;Joaquín;Navarro Jiménez;45;148755
198150;Miguel Ángel;Guerrero Martín;45;148925
198198;Jordi;Amat Maas;45;149543
146701;Raúl;García Carnero;45;148487
198329;Rodrigo;Moreno Machado;45;149162
186143;Oliver;Norwood;35;149199
186146;Danny;Welbeck;14;149062
198614;Raúl;Rodríguez Navas;45;148133
198715;Sergio;León Limones;45;148373
186156;Luke;Ayling;14;149334
184013;Marvin;Bartley;14;147456
186158;Kyle;Bartley;14;149239
186190;Patrick;van Aanholt;34;148973
198950;Pablo;Sarabia;45;149594
186238;Jake;Kean;14;149132
198951;Cédric;Bakambu;110;149198
199101;Raúl;Lizoain Cruz;45;149124
199110;Luis;Muriel;56;149205
186345;Kieran;Trippier;14;148994
199561;Manuel;Agudo Durán;45;147559
197641;Benjamin;Leroy;18;148464
186422;Sean;Scannell;25;148992
199602;John;Guidetti;46;149568
199715;Víctor;Machín Pérez;45;148673
201305;Gabriel; Paulista;54;149062
199829;David;Timor Copoví;45;148657
200228;Bruno;González Cabrera;45;148876
200315;Cristian;Tello;45;149328
200389;Jan;Oblak;44;149835
200454;Francisco;Alcácer García;45;150070
186533;Patrick;Nyarko;117;147286
200458;Lucas;Digne;18;150029
186561;Aaron;Ramsey;50;149092
201041;Lionel;Carole;18;149199
191655;Kim;Seung-gyu;167;149005
186598;Kyle;Naughton;14;148317
198581;Óscar;Murillo;56;148110
201455;Geoffrey;Kondogbia;105;149874
201535;Raphaël;Varane;18;149943
201858;Nicola;Sansone;27;149350
189894;Gianluca;Sansone;27;147768
201893;José Luis;Garcia del Pozo;45;149108
202087;Johannes;Geis;21;150057
202413;Hernán;Santana Trujillo;45;148970
202445;Rodrigo;Ely;54;150135
202477;Gerard;Deulofeu;45;150265
202501;David;Juncà Reñé;45;150148
186783;Albert;Adomah;117;147983
202685;Simone;Zaza;27;149273
201417;Matt;Doherty;25;149478
183512;Yuri;Berchiche;45;148773
187150;Will;Buckley;14;148692
194519;Juan;Fuentes;45;148737
187205;Luis;Fuentes;83;147528
202599;Igor;Caique Coronado;54;149693
187225;Omar;Mendoza;83;148303
198601;Luis;Mendoza;83;148766
177576;David;N'Gog;18;148458
160804;Juan Manuel;Vázquez;52;148920
176509;Jimmy;Roca;53;152143
187924;Clément;Grenier;18;149104
188094;Jon;McLaughlin;42;148248
202033;Stephen;McLaughlin;25;148897
188155;Daryl;Janmaat;34;148570
189324;Alex;McCarthy;14;148704
188253;James;McCarthy;25;149048
198740;Alberto;Acosta;83;148058
167797;Emilio;Nsue López;112;148640
183605;Jonathan;Ayité;144;147108
188278;Mark;Birighitti;195;149204
189127;Serdar;Aziz;48;149028
203149;Samuel;Aziz;46;149283
171652;Bruno;Pacheco;54;149439
190747;Alfredo;Ortuño Martínez;45;149118
199823;José; Campaña;45;149979
188802;Marcel;Schmelzer;21;148023
188836;Jason;Steele;14;148962
188942;Victor;Wanyama;120;149273
188970;Johan;Mårtensson;46;148414
188988;Manuel;Lanzini;52;149874
198156;Leandro;Marín;52;149484
189059;Jake;Livermore;14;148685
189099;Jonathan;Kodjia;108;148662
189157;Yannick;Bolasie;110;148511
190178;Niklas;Gunnarsson;36;149214
189177;John;Fleck;42;149333
189235;Jens;Hegeler;21;148023
189271;Francis;Coquelin;18;149230
187655;Syarhey;Palitsevich;6;148831
181483;Mile;Jedinák;195;146756
201346;Liam;Boyce;35;149195
198783;Javier;Toledo;52;147381
189456;Liam;Cooper;42;149339
189462;Junior;Hoilett;70;148888
188390;Georgios;Galitsios;22;147458
189505;Pedro;Rodríguez Ledesma;45;147845
189541;Chris;Solly;14;149117
189560;Vicente;Iborra de la Fuente;45;148017
189615;Aaron;Cresswell;14;148716
189681;Rafael;Pereira da Silva;54;148922
189682;Ben;Mee;14;148633
52423;José;Quezada;55;149022
184990;Antonio;Cortés Heredia;45;152491
189881;Chris;Smalling;14;148693
189885;Craig;Noone;14;147957
189900;Luke;O'Neill;14;149329
163873;Simone;Aresti;27;147345
190871;Neymar;Júnior;54;149498
156519;Héctor;Herrera;83;148841
174542;Johnny;Herrera;55;145574
193564;Marcos;Álvarez;21;149370
190614;Diego;Álvarez;56;145711
188938;Cristian;Álvarez;52;147223
190122;Paul;Coutts;42;148205
195671;Charlie;Austin;14;148553
139616;Marko;Perović;51;146551
190247;John;Brayford;14;147999
190324;Christian;Kabasele;7;149152
162128;David;Alba Fernández;45;152144
157270;José;Verdú Nicolás;45;146176
162047;Alberto;Zapater Arjol;45;147070
164471;Francisco;Jimenez Tejada;45;147448
170941;Javier;Moyano Lujano;45;147325
171087;Christian;Fernández Salas;45;147194
190549;Markus;Henriksen;36;149669
190560;Omar;Gonzalez;95;148286
198197;Jesús;Alfaro Ligero;45;149272
171995;Jonathan;Pereira Rodríguez;45;147768
172317;David;Fernández Cortázar;45;147002
173030;Óscar;Trejo;52;148118
173326;Alfredo;Juan Mayordomo;45;146563
174013;Jesus;Olmo Lozano;45;146930
176023;Mariano;González Maroto;45;146831
194201;Pontus;Jansson;46;149141
190669;Oscar;Jansson;46;149089
176846;McDonald;Mariga;120;147730
193798;Joe;Mason;25;149230
177564;Carlos;Bellvis Llorens;45;147020
177605;Jon;Erice Dominguez;45;147578
177684;Simone;Grippo;47;148348
190722;Marvin;Sordell;14;149145
178297;Roberto;Canella Suárez;45;148039
202041;Ahmed;Yasin;162;149209
183520;Francisco;Mérida Pérez;45;148795
183823;Héctor;Verdés Ortega;45;146716
193631;Christian;Groß;21;148406
184031;Luis Carlos;Pereira Carneiro;38;148253
184417;Sergio;Tejera Rodríguez;45;148880
185135;Alberto;Lora Ramos;45;147720
186511;René;Román Hinojo;45;146524
186684;Francisco José;Olivas Alba;45;148235
188128;Manuel;Barreiro Bustelo;45;147460
188411;Bruno;Caldini Perone;54;147823
188798;Alberto;Ortiz Moreno;45;146952
191005;Ahmed;Elmohamady;111;147888
189586;Daniel;Hernández Santos;61;147200
191089;Connor;Wickham;14;149918
189661;Álvaro;Giménez Candela;45;149236
189857;Enrique;González Casín;45;148868
190432;Oier;Sanjurjo Maté;45;147416
190535;Miguel Ángel;Herrero Javaloyas;45;148212
190982;Alberto;Perea Correoso;45;149085
191180;Javier;Pastore;52;148538
192431;Mario;Ortíz Ruíz;45;148450
192457;Jesús;Fernández Collado;45;148164
192490;Juan;Villar Vázquez;45;148141
192634;Marc;Mateu Sanjuán;45;148899
193421;Javier;Lara Grande;45;147244
193735;Juan;Domínguez Lamas;45;148740
193757;Eduardo;Ramos Gómez;45;149510
193794;Asier;Villalibre;45;151562
193796;Ismael;López Blanco;45;148761
194329;Javier;Ros Añón;45;148779
194924;Daniel;Toribio Gutiérrez;45;148280
194934;Daniel;Jiménez López;45;148796
195359;Mickaël;Gaffoor;18;147667
192110;Carlos;Fierro;83;150398
197441;Angel;Martínez Ortega;45;149234
197785;Diego;Fabbrini;27;148944
198230;Germán;Sánchez Barahona;45;147575
198322;Juan;Aguilera Nuñez;45;147162
198474;Alberto;Guitián Ceballos;45;148942
198560;Carlos;Ruíz Aránega;45;146376
198564;Jonathan;Mejía Ruiz;81;148374
192283;Viktor;Lundberg;46;149180
199108;Michael;Arroyo;57;147749
198631;Rodrigo;Ríos Lozano;45;148889
198638;Oliver;Buff;47;149678
198840;Abraham;Minero Fernández;45;147324
198852;Armando;Sosa Peña;45;148427
198955;Juan;Muñiz Gallego;45;149536
201956;Salif;Sané;136;148969
199158;Sergio;Álvarez Díaz;45;149485
192362;Luciano;Narsingh;34;148988
192366;Nicolás;Otamendi;52;148044
199543;César;Soriano Ferrero;45;146288
199575;Jordi;Masip López;45;148370
199594;Francisco;Montañés Claverías;45;147552
199784;Edgar;Hernández Marcé;45;147669
200519;Jorge;Pulido Mayoral;45;149195
192930;Alan;Pulido;83;149164
200539;Jon;Gaztañaga Arrospide;45;149276
192449;Marco;Stiepermann;21;149137
200678;Javier;Álamo Cruz;45;148232
200710;Jorge;Palatsí Gallego;45;148050
199535;Michael;Novak;4;149096
192473;Lee;Novak;14;148273
192492;Fabián;Orellana;55;147298
201146;Jon;Errasti Zabaleta;45;148159
201374;José Manuel;Fernández Reyes;45;148691
201631;Patrik;Hidi;23;149063
202476;Javier;Espinosa González;45;149725
192565;Yunus;Mallı;48;149517
168984;Ismaël;Bangoura;118;146908
192624;Shane;Ferguson;35;149290
200356;Marcos; André;54;151217
192641;Kevin;Vogt;21;149363
192658;Sebastian;Jung;21;148905
192667;Allan;Nyom;103;148132
197973;Osvaldo;González;55;146763
196159;Elvis;González;56;145861
182860;Álvaro;González;60;146843
202935;Álvaro;González;45;148740
187093;Jairo;González;83;149520
186990;Hugo;González;83;148945
187363;Julio;González;83;149210
142750;Luis;González;52;145464
192955;Mateusz;Klich;37;148896
192985;Kevin;De Bruyne;7;149276
192991;Cenk;Tosun;48;149255
193011;Steve;Cook;14;149206
146536;Jesús;Navas;45;147231
193061;Roberto;Pereyra;52;149104
193062;Marvin;Zeegelaar;34;148956
193080;David;De Gea;45;149043
193157;Jop;van der Linden;34;148930
193158;David;Pröpper;34;149342
193185;Scott;Malone;14;149181
193186;Neil;Etheridge;181;148770
192063;Ricardo;Cavalcante Mendes;54;148614
193290;Martin;Braithwaite;13;149253
193301;Alexandre;Lacazette;18;149245
193331;Karl;Darlow;14;149013
193337;Joel;Obi;133;149239
193425;Hanno;Behrens;21;148817
193442;Lerin;Duarte;34;148955
168067;Christiaan;Ravych;7;153326
193476;Rémy;Cabella;18;148799
193504;Steven;Caulker;14;149460
193552;Billy;McKay;35;148297
180726;Matt;McKay;195;146186
193569;Tom;Lees;14;149064
201818;Ahmed;Musa;133;149750
199388;James;Musa;198;149554
193594;Simon;Jakobsen;13;149053
162407;Michael;Jakobsen;13;147273
193613;James;Hanson;14;147949
198039;Mark;Gillespie;14;149549
167512;Shaun;Whalley;14;147855
193698;Oliver;Baumann;21;148885
201681;César;Quintero;56;148335
194415;Alberto;Quintero;87;147988
193768;Adam;Matthews;50;149475
201318;David;Hopkirk;42;149845
193849;Conor;Hourihane;25;149130
193884;Sam;Clucas;14;149000
193910;Adam;Forshaw;14;149378
193942;Jack;Colback;14;148664
193956;Ben;Pringle;14;148208
194017;Andreas;Weimann;4;149314
188292;Javier;Fernández Hernández;45;151504
194091;Michael;Jacobs;14;149544
169591;David;Gray;42;148126
194149;Fredrik;Ulvestad;36;149631
196881;José Manuel;Velázquez;61;148983
194334;Daniel;Sanchez Ayala;45;149043
194785;Tom;Flanagan;35;149479
194795;Gonzalo;Jara;55;147147
198347;Franco;Jara;52;148198
202727;Joseph;Mendes;18;149186
194911;Adrián;San Miguel Castillo;45;147639
193535;Sebastián;Prediger;52;147518
195037;Danny;Batth;14;148996
181243;Ivan;Petrović;51;150012
195202;Tom;Cairney;42;149117
195258;Lukas;Schmitz;21;148288
195668;Joel;Robles Blázquez;45;148900
195859;Danny;Ings;14;149667
195864;Paul;Pogba;18;149902
188414;Carlos;Villanueva;55;147307
196952;Jake;Bidwell;14;149908
197164;Luis;Gil;95;150146
197242;Grzegorz;Krychowiak;37;148761
200914;Alessandro;Salvi;27;148158
197439;Felix;Wiedwald;21;148806
197853;Serge;Aurier;108;149821
197918;Marcus;Haber;70;148378
50285;Alessandro;Tripaldelli;27;152059
105866;Luca;Palmiero;27;151045
198070;Andreas;Ludwig;21;148986
198077;Patrick;Herrmann;21;149140
198133;Leandro;Bacuna;85;149330
198143;Samuel;Saiz Alonso;45;149119
190061;Steven;Deana;47;148795
198190;Greg;Cunningham;25;149128
159240;Jens;Odgaard;13;152109
7674;Andrea;Danzi;27;152075
198261;Tim;Ream;95;147914
198335;Bryan;Oviedo;72;148781
198350;Daniel;Bentley;14;150022
198352;Stefan;Bell;21;149333
198377;Liam;Palmer;42;149359
198379;George;Thorne;14;149832
142359;Fabio;Lucioni;27;147904
198437;Tom;Bradshaw;50;149671
198489;James;McClean;25;148479
198624;Joe;Shaughnessy;25;149650
198641;Kenneth;Zohore;13;150224
198687;Saliou;Ciss;136;148533
198704;Josh;McEachran;14;149888
106795;Gianluca;Pegolo;27;145529
198719;Nathan;Redmond;14;150258
198784;Alex;Oxlade-Chamberlain;14;150055
143587;Giuseppe;Bellusci;27;148600
200653;Guillermo;Burdisso;52;148271
198825;Mark;Cullen;14;149574
140293;Antonio;Mirante;27;146364
152999;Rodrigo;Palacio;52;145846
158963;Lucas;Biglia;52;147301
198861;Nampalys;Mendy;136;149637
198868;Nicolas;Isimat-Mirin;18;149416
159261;Fabio;Quagliarella;27;146206
198904;Grant;Hanley;42;149421
162297;Daniele;Padelli;27;147204
162835;Samir;Handanovič;44;146736
181776;Jasmin;Handanovic;44;144377
163489;Andrea;Consigli;27;147663
189658;Adrian;Basta;37;148337
168354;Emiliano;Viviano;27;147241
198970;Jonathan;Mensah;117;148926
169115;Andrea;Masiello;27;147307
198990;Ryan;Brennan;25;149412
170320;Lorenzo;De Silvestri;27;148145
199010;Andy;Boyle;25;149163
172610;Leandro;Castán da Silva;54;147580
173146;Luca;Cigarini;27;147442
173147;Daniele;Dessena;27;147766
173160;Nicolas;Viola;27;148652
173221;Antonio;Candreva;27;147695
199069;Vincent;Aboubakar;103;149484
175943;Dries;Mertens;7;147762
176266;Lucas;Pezzini Leiva;54;147645
176553;Simone;Missiroli;27;147414
177983;Cristian;Zapata;56;147544
179784;Benedikt;Höwedes;21;148061
179847;Federico;Fazio;52;147712
199189;Ross;Barkley;14;150167
181458;Ivan;Perišić;10;148400
182495;Martín;Cáceres;60;147733
182579;Víctor;Cáceres;58;146990
186972;Marcos;Cáceres;58;147396
183900;Diego;Perotti;52;148209
184344;Leonardo;Bonucci;27;147757
185144;Massimo;Coda;27;148316
185174;Andrea;Poli;27;148639
186200;Fabio;Borini;27;149179
186547;Mateo;Musacchio;52;148970
186961;Alberto;Paloschi;27;148736
187598;Rafael;Tolói;27;149015
188335;Ante;Budimir;10;144387
188616;Marco;Sau;27;147943
188654;Thomas;Heurtaux;18;148186
188829;Nicolas;Nkoulou;103;148818
189288;Gabriele;Angella;27;148485
199434;Dušan;Tadić;51;148326
189485;Diego;Farías da Silva;54;148862
189558;Bartosz;Salamon;37;149218
188261;Thomas;Salamon;4;148385
189712;Kevin;Strootman;34;148776
189908;Łukasz;Skorupski;37;149222
190483;Douglas;Costa de Souza;54;148989
190575;Franco;Zuculini;52;148980
190745;Marco;Silvestri;27;149158
190813;Stephan;El Shaarawy;27;149763
191011;Luigi;Sepe;27;149225
191053;Tomás;Rincón;61;148014
192071;Marco;D'Alessandro;27;149145
138703;Andrés;D'Alessandro;52;145550
192073;Andrea;Bertolacci;27;149108
199550;Bruno;Martins Indi;34;149501
192397;Rafael;Cabral Barbosa;54;148872
192587;Artur;Ioniţă;33;148961
193077;Diego;Falcinelli;27;149274
193082;Juan;Cuadrado;56;148148
193091;Bram;Nuytinck;34;148856
193116;Maxime;Gonalons;18;148436
193133;Jens;Stryger Larsen;13;149149
193338;Mattia;Destro;27;149176
193601;Germán;Pezzella;52;149275
199580;Connor;Goldson;14;149815
193881;Filip;Đuričić;51;149492
195272;Davide;Faraoni;27;149395
196889;Simone;Verdi;27;149656
199633;Matthew;Lowton;14;148527
197689;Andrea;Seculin;27;148927
197926;Lorenzo;Crisetig;27;149848
198009;Mattia;Perin;27;149777
198079;Marcel;Büchel;29;149174
198176;Stefan;de Vrij;34;149498
198219;Lorenzo;Insigne;27;149252
203267;John;Cofie;117;149849
198946;Danilo;D'Ambrosio;27;148254
199174;Antonio;Caracciolo;27;148913
199559;Roberto;Inglese;27;149413
199652;Dennis;Praet;7;150327
199763;Bartosz;Bereszyński;37;149656
199845;Francesco;Acerbi;27;148042
199914;Allan;Marques Loureiro;54;149105
200629;Antonio;Santurro;27;149522
201046;Riccardo;Saponara;27;149452
201049;Lorenzo;Tonelli;27;148749
201139;Ivan;Strinić;10;147834
201144;Milan;Badelj;10;148423
201179;Antonio;Donnarumma;27;148920
201399;Mauro;Icardi;52;149878
201409;Eros;Schiavon;27;146289
199748;Jonas;Knudsen;13;149722
201508;Gastón;Ramírez;60;149068
201519;Jordan;Veretout;18;149888
201530;Bruno;Martella;27;149689
201878;Valentin;Eysseric;18;149547
201943;Andreas;Cornelius;13;149903
202061;Jasmin;Kurtić;44;148377
202135;Stefano;Sturaro;27;149896
199779;André;Hoffmann;21;149887
183509;Marcus;Hoffmann;21;147921
202828;Federico;Viviani;27;149546
202848;Gianluca;Caprari;27;150039
202884;Leonardo;Spinazzola;27;149912
203455;Oliver;Kragl;21;148864
203551;Alessandro;Florenzi;27;149167
199832;Sebastian;Neumann;21;149146
199912;Sonny;Kittel;21;149834
199915;Lewis;Dunk;14;149422
199960;Jamie;Paterson;14;149451
200054;Pedro;Obiang;112;149549
138351;Mouhamed;Mbaye;136;151575
198857;Simone;Romagnoli;27;148772
200113;Florian;Jozefzoon;34;149137
200138;Michael;Hector;82;149663
194890;Davide;Grassi;27;147284
189739;Bruno;Grassi;54;147700
200521;Tom;Ince;14;149492
200529;Nacer;Chadli;7;148581
200607;Christopher;Schindler;21;148851
166736;Magnus;Andersen;36;147419
200677;Pedro Filipe;Teodósio Mendes;38;149006
200689;Ryan;Leonard;14;149607
178470;Luigi;Vitale;27;147914
200734;Tomás;Mejías Osorio;45;148397
203502;Bobby;Decordova-Reid;82;149861
200742;Ben;Heneghan;14;150090
200746;John;Lundstram;14;150242
200759;Jeffrey;Schlupp;117;149820
200765;Muhamed;Bešić;8;149716
200820;Jordan;Obita;14;150170
200841;Carl;Jenkinson;14;149501
200845;Patrick;Hoban;25;149306
19874;Robbie;Gotts;14;152332
201016;Oliver;Sorg;21;148881
193860;Thorsten;Schick;4;148871
201066;Dominik;Kaiser;21;148261
201122;Tomáš;Kalas;12;149963
201145;Mickaël;Le Bihan;18;148868
201240;Tom;Barkhuizen;14;150013
177569;Jonathan;de Guzmán;34;147892
173165;Nicola;Ravaglia;27;148348
201419;Gary;Shaw;25;149593
201446;George;Moncur;14;150058
167653;Magnus;Troest;13;147792
170514;Antonio;Balzano;27;147435
170516;Nicola;Belmonte;27;147741
171721;Romano;Perticone;27;147496
171723;Andrea;Mengoni;27;146434
172696;Matteo;Ardemagni;27;147721
173128;Dario;Bergamelli;27;147752
173130;Matteo;Scozzarella;27;148158
201862;Marcos;Rojo;52;148811
175897;Samir;Ujkani;219;148188
201884;Robbie;Brady;25;149476
178313;Daniele;Buzzegoli;27;146302
178420;Giuseppe;Figliomeni;27;147789
178452;Alberto;Pelagotti;27;148435
193974;Matteo;Ciofani;27;148058
178475;Daniel;Ciofani;27;147118
178479;Andrea;Paolucci;27;147598
201942;Roberto;Firmino;54;149372
178513;Tommaso;Bianchi;27;148307
179973;Michel;Morganella;47;148504
183437;Matteo;Rubin;27;147826
183606;Slobodan;Rajković;51;148401
184341;Riccardo;Maniero;27;147966
201982;Jonathan;Schmid;18;148905
184512;Denis;Tonucci;27;148251
184527;Mattia;Mustacchio;27;148504
184587;Tomasz;Kupisz;37;148734
185120;Massimo;Volta;27;147770
185172;Vincenzo;Fiorillo;27;148745
186140;Federico;Macheda;27;149331
186611;Mauro;Vigorito;27;148874
186614;Samuel;Di Carmine;27;148274
188025;William;Jidayi;27;146793
188336;Alessandro;Tuia;27;148891
202048;Conor;Coady;14;149884
188949;Luca;Siligardi;27;148027
189035;Nicolas;Giani;27;147343
189053;Francesco;Caputo;27;147854
189065;Francesco;Renzetti;27;148023
189118;Thiago;Rangel Cionek;37;147382
202060;Emil;Bergström;46;149967
189436;Lorenzo;Ariaudo;27;148529
189439;Luca;Castiglia;27;148443
189557;Andrea;Rispoli;27;148274
189728;Guido;Marilungo;27;148588
189730;Francesco;Di Tacchio;27;148842
189736;Federico;Casarini;27;148586
189755;Daniele;Gasparetto;27;148098
189780;Enrico;Pezzi;27;148634
189893;Lorenzo;Del Prete;27;147283
202113;Moses;Odubajo;14;150037
190499;Karim;Laribi;145;149207
202131;Jordan;Cousins;14;150258
190602;Riccardo;Brosco;27;149131
190812;Andrea;Signorini;27;148763
193268;Alberto;Gerbo;27;148680
193645;Davide;Gavazzi;27;147398
193786;Francesco;Bardi;27;149480
193850;Marco;Calderoni;27;148416
203329;Tom;Pietermaat;7;149712
194216;Antonio;Mazzotta;27;148581
194753;Luca;Marrone;27;148819
192466;Michael;Marrone;195;147663
194851;Fabio;Mazzeo;27;146380
198701;Stefano;Pettinari;27;149489
198953;Simone;Benedetti;27;149556
199053;Riccardo;Bocalon;27;148429
199173;Marco;Crimi;27;148808
202271;Akaki;Gogia;21;149480
202282;Stuart;Armstrong;42;149552
178022;Cenk;Gönen;48;148053
202325;Diego;Demme;21;149422
200810;Alessandro;Crescenzi;27;149365
200876;Guillaume;Gigliotti;18;148680
200875;Emmanuel;Gigliotti;52;147776
202335;Eric;Dier;14;150208
200877;Manuel;Scavone;27;147790
200881;Ronaldo;Pompeu da Silva;54;148830
200930;Luca;Tremolada;27;149426
200983;Franco;Signorelli;61;149098
201079;Lorenzo;Laverone;27;148476
201243;Andrea;La Mantia;27;149223
201418;Federico;Furlan;27;149061
201914;Michele;Camporese;27;149602
202489;Dimitri;Bisoli;27;150277
202514;Francesco;Ardizzone;27;149510
202894;Richard;Lašík;43;149693
165724;Rafał;Murawski;37;145727
202663;Daryl;Horgan;25;149685
195088;Miloš;Ninković;51;146900
202695;James;Tarkowski;14;149786
202750;Willy;Boly;108;149131
202770;Connor;Ripley;14;149872
142728;Leonardo;Di Lorenzo;52;145585
202800;John;Sullivan;25;149103
203030;Robin;Knoche;21;149605
203042;Jack;Butland;14;149897
203048;Joe;Riley;14;149383
203069;Ryan;Tunnicliffe;14;149827
203138;Josh;Scowen;14;149915
203161;Marcel;Franke;21;149923
203224;Curtis;Good;195;149910
203265;Tyler;Blackett;14;150285
203299;André;Carrillo;59;149262
203331;Lloyd;Isgrove;50;149840
203348;Samir;Carruthers;25;149922
203357;Dan;Potts;14;150296
203416;Luke;Norris;14;149982
203483;Davy;Klaassen;34;149880
203544;Chris;Löwe;21;148473
203568;Paweł;Wszołek;37;149583
203570;Stuart;Dallas;35;149206
203574;John;Stones;14;150341
192215;Mohamed;Ahmad;190;148473
193310;Dominik;Schmidt;21;147818
202886;Benjamin;Siegrist;47;149493
143121;José;Sosa;52;147076
194662;Anton;Zabolotnyi;40;149261
146439;Álvaro;Negredo Sánchez;45;147138
152554;Gaël;Clichy;18;147113
156650;Yoan;Gouffran;18;147416
157301;Ryan;Babel;34;147624
158810;Gökhan;İnler;47;146719
160766;Jérémy;Ménez;18;147763
179899;Ari;Skúlason;24;147770
164082;Adriano;Correia Claro;54;146840
168565;Hugo;Rodallega;56;147112
168965;Rémy;Riou;18;147854
177326;Mathieu;Valbuena;18;146812
177723;Fabricio;Agosto Ramírez;45;147987
177782;Hakan;Özmert;48;147060
178029;Özer;Hurmacı;48;147595
178255;Ryan;Donk;34;147360
178594;Stefano;Napoleoni;27;147448
180629;Václav;Procházka;12;146669
182001;Cristian;Chagas Tarouco;54;148073
182133;Alexandru;Epureanu;33;147541
182494;Fernando;Muslera;60;147438
182670;Mahmut;Tekdemir;48;148021
183245;Ricardo;Martins de Araújo;54;147472
183519;Nacer;Barazite;34;148879
183769;Ali;Çamdalı;48;146593
184134;Fernando;Reges;54;147842
184518;Ömer;Şişmanoğlu;48;148580
184764;Léo;Schwechlen;18;148523
184949;Mariano;Ferreira Filho;54;147445
186253;Tomáš;Hubočan;43;147166
186296;Roman;Neustädter;40;148050
187800;Mauricio;Isla;55;148165
192611;Sambou;Yatabaré;126;148428
190113;Mert;Günok;48;148427
190782;Sandro;R. G. Cordeiro;54;148441
190870;John;Boye;117;147749
191032;Gökhan;Töre;48;149482
192575;Emmanuel;Badu;117;149068
192616;Cristian;Tănase;39;147685
193030;Milan;Lukač;51;147183
193201;Ömer;Bayram;48;149305
193350;Barış;Başdaş;48;148749
193532;Gary;Medel;55;147851
193738;Younès;Belhanda;129;148788
69960;Héctor;Cuellar;53;152613
195313;Mathieu;Peybernès;18;149026
195357;Fabien;Farnolle;99;146942
196318;Serdar;Gürler;48;149354
198040;Esteban;Alvarado;72;148485
198142;Onur;Ayık;48;148760
198220;Mehdi;Bourabia;129;149316
198599;Martin;Linnes;36;149360
199060;Georgios;Tzavellas;22;147966
199946;Danilo;Sousa Campos;7;148745
200073;Miloš;Kosanović;51;148880
201326;Gabriel;Torje;39;148693
168629;Imad;Khalili;180;147729
203127;Prince;Segbefia;144;149167
203604;David;Pavelka;12;149235
202570;Jimmy;Maurer;95;149948
175687;James;Lawrence;50;149758
202605;Alexander;Milošević;46;149492
199107;Johan;Mina;57;153250
18122;Nicolas;Penneteau;18;145504
180255;Christian;Brüls;7;151927
193429;Douglas;Pereira dos Santos;54;148950
200076;Laurent;Henkinet;7;149720
70216;Gustavo;Almada;53;150312
173521;Iván;Marcano Sierra;45;147810
176031;Bruno Alexandre;Marques Pereirinha;38;148063
54107;Kévin;Ruíz;59;150603
176949;Bryan;Ruíz;72;147136
187634;Richard;Ruíz;83;147285
177442;Robert;Åhman Persson;46;147721
178087;Alberto;Bueno Calvo;45;148081
178322;Miguel;Layún;83;148178
189114;Ibrahima;Niasse;136;148110
190969;Marcos;Ricci;54;147316
186881;James;Holland;195;148502
187859;Bakary;Saré;101;148827
188086;Jefferson;Nascimento;54;148188
188538;Vincent;Sasso;18;149144
189068;Bas;Dost;34;148518
190734;Giorgi;Makaridze;20;148822
190972;Eduardo;Salvio;52;148926
191431;Bruno;Martins Teles;54;147392
192114;Antonio;Briseño;83;150229
192188;Jean;Sony Alcenat;80;147294
192252;Pedro Miguel;Barbosa Queirós;38;146761
193165;Jesús;Corona;83;149834
193408;Haris;Seferović;47;149515
193461;Alfredo;Kulembe Ribeiro;98;148818
203151;Augusto;dos Santos;54;149681
198877;Giovanni;dos Santos;54;147672
170369;Giovani;dos Santos;83;148498
190228;José;dos Santos;54;149536
170370;Jonathan;dos Santos;83;148848
193862;André;Almeida Pinto;38;148645
194846;Florent;Hanin;18;148767
197655;Sebastián;Coates;60;149012
198414;Raphael;Spiegel;47;149816
187753;Hudson;Rodrigues;54;148031
199228;Jorge;Costa Pires;38;145536
193571;José;Pires;54;149499
201512;Pierre;Sagna;18;148965
202395;William;Alves de Oliveira;54;149438
203239;Caio;Gobbo Secco;54;149088
190180;Ryan;McGowan;195;148594
173654;Paul;McGowan;42;147916
200488;Marko;Mitrović;46;149641
192922;Óscar;Jiménez;83;148287
187218;Miguel;Jiménez;83;148805
171461;Bruno;Onyemaechi;133;152112
199728;Jon;Aurtenetxe Borde;45;149465
189512;Jeroen;Veldmate;34;148314
197154;José;Córdoba;87;152815
159169;Anderson;Martins;54;147869
176211;Jakub;Łabojko;37;151565
178117;Pablo;Rodríguez Delgado;45;152966
156865;Marcos;Tavares;54;146630
50394;Antonis;Stergiakis;22;152094
181491;Nathan;Burns;195;148129
189445;Miroslav;Marković;51;148675
192566;Manuel;Schwenk;21;149529
192439;Murray;Davidson;42;148068
197831;Jason;Davidson;195;149277
178274;Willian;de Souza;54;147551
187026;Luiz;de Souza;54;147618
190905;Ralf;de Souza;54;146701
164041;Samuel;Pérez Fariña;45;151405
135032;Niki;Zimling;13;147015
138086;Lasse;Kryger;13;146117
150894;Markus;Halsti;17;146619
151114;Mathias;Tauber;13;146777
184222;Jesper;Rask;13;148201
152031;Thomas;Kortegaard;13;146724
155551;Jonas;Borring;13;146910
155567;Peter;Nymann;13;146044
155757;Martin;Ørnskov;13;147189
172041;Tobias;Mikkelsen;13;147532
164858;Tim;Sparv;17;147687
172520;Pierre;Kanstrup;13;148419
172561;Michael;Lumb;13;148010
172573;Patrick;Kristensen;13;147754
179646;Jesper;Juelsgård;13;148393
181343;Pierre;Bengtsson;46;148104
184143;Anders;Jacobsen;13;148667
186752;Peter;Friis Jensen;13;148124
190724;Marvin;Pourié;21;149105
190915;Kamil;Wilczek;37;148015
191154;Tobias;Sana;46;148559
193139;Thomas;Nørgaard;13;147643
193312;Sebastian;Mielitz;21;148566
193688;Niklas;Backman;46;148319
194726;Jakob;Ahlmann;13;149115
198534;Marcel;Rømer;13;149317
199470;Marco;Meilinger;4;149312
199746;Jesper;Bøge;13;148785
200108;Nicolai;Boilesen;13;149509
200195;Ramón;Rodríguez da Silva;54;148966
201265;Nicklas;Helenius;13;149225
201266;Kasper;Kusk;13;149411
201269;Frederik;Rønnow;13;149679
201271;Jakob;Ankersen;13;148997
201293;Emil;Scheel;13;148809
201335;Federico;Santander;58;149252
201495;Jakub;Sylvestr;43;148400
201967;Gustav;Wikheim;36;149905
202374;Ernest;Asante;117;148312
202661;David;Boysen;13;149217
189300;Mattias;Johansson;46;149509
70697;Santiago;Flores;52;152834
196873;Francisco;Flores;61;148852
150297;Dimitris;Sotiriou;22;147892
191186;Marcos;Rocha;54;148347
192273;Emil;Hedvall;46;146335
191083;Patrick;Mortensen;13;148623
171895;Guillermo;Allison;83;149000
134792;Dean;Bowditch;14;147437
182695;Alfie;Potter;14;148376
138413;Matthew;Kilgallon;14;146548
140442;Andy;Butler;14;146483
140451;Michael;Kightly;14;147295
151270;James;Coppinger;14;145455
152483;Gabriel;Zakuani;110;147422
158867;Anthony;Gerrard;25;147308
163445;Lee;Frecklington;25;147157
163570;Andrew;Crofts;50;146690
163766;Leon;Barnett;14;147240
164465;Tony;McMahon;14;147354
165316;Michael;Timlin;25;146984
165502;Josh;Lillis;14;147811
166848;Neil;Danns;79;146137
167919;Matt;Done;50;148205
183177;Lucas;Barrios;58;146858
168610;Ricardo;Ferreira da Silva;54;146793
169645;Andy;Barcham;14;147621
170027;Rory;McArdle;35;147757
170164;Brendan;Moloney;25;148385
170286;Scott;Golbourne;14;148061
171620;Anthony;Wordsworth;14;148370
171923;Sam;Foley;25;147561
171970;Ed;Upson;14;148692
172068;Louis;Dodds;14;147552
172780;Brett;Pitman;14;148032
172928;Chris;Lines;14;147240
173660;Paul;Caddis;42;148111
173666;Nicky;Law;14;148090
173899;Joe;Skarz;14;148561
176357;John;Mousinho;14;147391
177285;Romain;Vincelot;18;147208
174173;Anthony;Contreras;72;153144
177363;Craig;Alcock;14;147978
178417;Charlie;Mulgrew;42;147336
178713;Liam;Trotter;14;148238
179856;David;Perkins;14;145982
182206;Richard;O'Donnell;14;148257
167697;Stephen;O'Donnell;25;147286
182883;Kieran;Agard;14;148650
183347;Jayson;Leutwiler;70;148482
183460;Danny;Philliskirk;14;149197
184467;Nathan;Delfouneso;14;149130
184726;Joe;Partington;50;148823
186494;Mark;Oxley;14;149003
186562;Josh;Magennis;35;148959
186565;Scott;Wagstaff;14;148822
188490;Liam;Sercombe;14;148847
188825;Ahmed;Kashi;97;148324
189171;Adam;Chicksen;14;149367
189206;Billy;Bingham;14;148928
202469;David;Bingham;95;148659
189217;Peter;Pawlett;42;149131
189492;Stuart;O'Keefe;14;149160
202819;Christopher;Forrester;25;149814
189691;David;Ball;14;148715
189802;Damien;McCrory;25;148786
184753;Simon;Madden;25;148123
189909;Sam;Slocombe;14;148158
189910;Curtis;Main;14;149634
190179;David;Cornell;50;149184
201093;Nick;Powell;14;150275
190556;Daniel;Powell;14;149168
190665;Jonathan;Obika;14;148987
190962;Tom;Aldred;42;148986
190983;Rob;Kiernan;25;149110
190995;Brad;Inman;195;149441
171121;Franklin;Guerra;57;149565
192451;Graham;Carey;25;148507
203415;Jake;Reeves;14;150009
192479;Ben;Reeves;35;149420
192970;Danny;Mayor;14;149023
194122;Will;Grigg;35;149281
194510;Jon;Meades;50;149524
194678;Ashley;Eastham;14;149178
194759;Omar;Beckles;14;149395
195126;John;Marquis;14;149599
196953;Aristote;Nsiala;110;149547
197774;Conor;McAleny;14;149687
197928;Jonathan;Bond;14;149967
200158;Marcel;Appiah;21;148087
199191;Dennis;Appiah;18;149623
197975;Sam;Morsy;111;149350
197990;George;Francomb;14;149348
198011;Tom;Eaves;14;149476
198032;Dan;Burn;14;149592
170252;Alex;Nicholls;14;147979
198285;Lee;Nicholls;14;149741
198692;Dean;Parrett;14;149417
199321;Tomáš;Holý;12;149441
199658;Florent;Cuvelier;7;149718
199812;Ryan;Allsop;14;149631
199815;Sam;Mantom;14;149513
199917;Jake;Forster-Caskey;14;150308
200061;Andrew;Tutte;14;148996
200286;Kelvin;Mellor;14;149122
200319;Ben;Coker;14;148535
200440;Billy;Bodin;50;149546
200667;Max;Power;14;150036
182689;Alan;Power;25;148024
200697;Ryan;Tafazolli;14;149368
200806;Richard;Smallwood;14;149095
200812;Max;Ehmer;21;149496
201921;Nicky;Ajose;14;149377
202198;Jordan;Slew;14;149713
182156;Greg;Bolger;25;148254
202482;Alex;Rodman;14;147682
202528;Josh;Ruffels;14;150124
202532;Michael;Doughty;50;149787
202693;Matt;Crooks;14;150213
202771;Joe;Newell;14;149902
203210;Yann;Songo'o;103;149418
203215;Alex;Cairns;14;149832
203264;Scott;Wootton;14;149352
203292;Oliver;Turton;14;149803
203328;Sam;Hoskins;14;149863
203504;Aaron;Amadi-Holloway;50;149880
193478;Jamie;Grimes;14;149088
195219;Luke;Wilkinson;14;149433
181479;Alex;Wilkinson;195;146766
180753;Mark;Bridge;195;147217
184794;Adam;Yates;14;146323
203541;Daniel;Devine;35;149713
201094;Ben;Garratt;14;150308
201882;Matteo;Liviero;27;149931
199018;Michael;Leahy;25;148487
203034;Joe;Day;14;148957
199491;Francisco;García Solsona;45;149804
138180;Jamal;Campbell-Ryce;82;146271
152523;Scott;Flinders;14;147434
155041;Craig;Mackail-Smith;42;146596
156473;Scott;Vernon;14;146522
163856;Chris;Dagnall;14;147376
168633;Danny;Grainger;14;147480
169150;Jean-Louis;Akpa Akpro;18;146910
169184;Paul;Dixon;42;147597
169190;James;Bittner;14;145843
169391;Ben;Purkiss;14;146632
169489;Joel;Byrom;14;147528
169619;Gary;Liddle;14;147437
201931;Gabriel;Vasconcelos F.;54;149733
169933;Scott;Laird;14;148137
170213;Joe;Anyon;14;147634
170229;Luke;Prosser;14;148150
170280;James;McKeown;25;148572
171816;Michael;Raynes;14;147924
173785;Luke;Joyce;14;147826
173815;Michael;Bostwick;14;148139
173834;Neal;Eardley;50;148312
173836;Lewis;Alessandra;14;148406
173893;James;Berrett;25;148380
175603;Rene;Gilmartin;25;147787
176442;Robert;Milsom;14;147638
177747;Sean;Rigg;14;148036
178485;Bobby;Olejnik;4;147601
199686;George;Saunders;14;148528
181521;Sam;Saunders;14;146416
181725;Gary;Deegan;25;147907
181879;Sam;Hird;14;147886
182185;Sean;McAllister;14;147863
187028;David;McAllister;25;148365
182617;Danny;Hylton;14;148423
182688;Chris;Whelpdale;14;147663
183142;Kelvin;Etuhu;133;148152
183449;Joe;Jacobson;50;147592
183780;Oliver;Lancashire;14;148240
184282;Rob;Lainton;14;148652
184466;Adam;McGurk;35;148391
184473;Dean;Winnard;14;148599
184584;Matthew;Briggs;79;149162
184801;Andrew;Fleming;14;147914
184843;Ben;Tozer;14;148792
186112;John;Akinde;14;148556
186152;James;Dunne;14;148628
186572;Will;Atkinson;14;148289
187157;Matt;Godden;14;149307
187797;Shaun;Brisley;14;148858
188181;Dean;Moxey;14;147285
189159;Luke;Waterfall;14;148943
189186;Andrew;Shinnie;42;148565
189281;Chris;Clements;14;148769
189625;Jamie;Turley;14;148829
202810;Sean;McDermott;25;149978
189695;Jamie;Devitt;25;148919
189727;Amine;Linganzi;110;148687
189760;Troy;Archibald-Henville;14;148310
189772;Martyn;Woolford;14;147192
189891;Fraser;Franks;14;149058
190239;Jordan;Bowery;14;149280
191108;Sean;McConville;14;148432
193013;James;Shea;14;149264
193014;Franck;Evina;103;152571
190232;Fellipe;Bastos;54;148764
193073;Leon;Legge;14;147088
193557;Frank;Nouble;14;149364
193707;Sam;Habergham;14;149513
193771;Aaron;Wildig;14;149568
193804;Matt;Tootle;14;149016
193939;Billy;Kee;35;149067
193957;Cristian;Montano;56;149442
194937;Tom;Parkes;14;149477
195124;David;Amoo;14;149200
196353;Chris;Hussey;14;148369
198689;Keanu;Marsh-Brown;14;149685
199916;Tom;Eastman;14;149391
200465;Jimmy;Spencer;14;149444
201901;Carl;Winchester;35;149930
202099;Billy;Clifford;14;149754
202125;Jack;Bonham;25;150085
202180;Liam;McAlinden;25;150097
202422;Alex;Woodyard;14;149783
202533;Michael;Harriman;25;149759
202825;Billy;Knott;14;149795
203145;George;Taft;14;150038
203175;Lee;Burge;14;149837
203424;Elliott;Whitehouse;14;150128
203428;Elliott;Hewitt;50;150343
203430;George;Ray;50;150114
202215;Joe;Willis;95;148224
187783;Paul;Sinnott;25;147476
184278;Julio;Nava;83;148730
199146;Andy;Halliday;42;149388
138336;Brett;Holman;195;146627
203038;Lucas;Domingues Piazon;54;150213
175316;Lewis;Stevenson;42;148006
173695;Mark;Reynolds;42;147763
180352;Ronan;Finn;25;147991
176717;Per;Karlsson;46;147273
138247;Kevin;Stuhr-Ellegaard;13;146318
163187;Roland;Lamah;7;148001
182003;Erik;Dahlin;46;148485
164484;Johan;Dahlin;46;147522
164505;Brad;Guzan;95;146793
166539;Derrick;Etienne Jr.;80;151253
166847;Chris;McCann;25;147838
177055;Viktor;Elm;46;147223
172114;Diego;Valeri;52;147392
176062;Sacha;Kljestan;95;147158
176075;Marc;Burch;95;146668
176575;Scott;Sutter;47;147404
176631;Benny;Lekström;46;145495
177353;Daryl;Smylie;35;147159
177390;Haris;Medunjanin;8;146973
177461;Marcus;Falk Olander;46;147777
177549;Dominic;Oduro;117;147131
179685;Chris;Seitz;95;147707
179686;Maurice;Edu;95;147379
181001;Brad;Knighton;95;146943
181013;Nordin;Gerzić;46;146488
181298;Michael;Almebäck;46;148096
181377;Emir;Bajrami;46;148068
182496;Johan;Oremo;46;147568
183792;Thomas;Piermayr;4;148581
183895;Maxi;Moralez;52;147694
184543;Jérôme;Thiesson;47;147854
184847;John;Goossens;34;148208
185316;Thomas;Rogne;36;148912
186529;Tony;Beltran;95;147920
187113;Lars;Krogh Gerson;31;148768
187335;Sebastian;Rajalakso;46;148268
187658;Lloyd;Saxton;14;148840
188522;Fabio;Alves Macedo;54;146981
189295;Jasmin;Sudić;46;149060
189397;Florian;Jungwirth;21;148394
189508;Víctor;Vázquez Solsona;45;147656
190184;Chris;Tierney;95;147280
190481;Mats;Solheim;36;147973
190489;Daniel;Gustavsson;46;148973
190497;Danny;Hoesen;34;149112
190552;Chris;Pontius;95;147982
190554;Sam;Cronin;95;147617
190557;Graham;Zusi;95;147501
190634;Gastón;Sauro;52;148786
190772;Matt;Besler;95;147678
191050;François;Affolter;47;149169
191106;David;Myrestam;46;147730
191111;Emil;Salomonsson;46;148485
191157;Mikael;Dyrestam;46;149441
191182;Fredrik;Liverstam;46;148065
191589;Alireza;Haghighi;161;148124
192101;Markus;Thorbjörnsson;46;147910
192125;Tim;Björkström;46;149105
192163;Emil;Wahlström;46;147697
192169;Erik;Friberg;46;147312
192201;Peter;Abrahamsson;46;148201
192643;Kevin;Kratz;21;147657
192931;Francisco;Marmolejo Mancilla;45;148020
193244;Bobby;Shuttleworth;95;147769
193278;Chris;Mavinga;110;149243
193561;Kelvin;Leerdam;92;148907
197165;Jack;McInerney;95;149680
197166;Juan;Agudelo;95;149790
197225;Nicolás;Lodeiro;60;148447
197717;Tony;Tchani;103;148470
197941;Kennedy;Igboananike;133;148424
197983;Martin;Lorentzson;46;146743
198051;Ben;Zemanski;95;148134
198178;André;Calisir;46;148896
198288;Steven;Beitashour;161;147668
198490;Alexander;Faltsetas;46;147821
198491;Johan;Eiswohld;46;148904
199118;Viktor;Prodell;46;148061
199121;Haris;Radetinac;51;147207
199131;Anton;Tinnerholm;46;149154
199729;Daniel;Royer;4;148874
200105;Johan;Kappelhof;34;148949
200463;Tim;Melia;95;147406
200693;Daniel;Jarl;46;149566
201353;Jon;Kempin;95;149926
201447;Sebastian;Lletget;95;149709
201869;Russell;Teibert;70;149819
194858;Rami;Gershon;26;148226
201873;Joe;Bendik;95;148478
201895;Diego;Fagundez;60;150603
201965;Simon;Thern;46;149724
202043;Karl;Holmberg;46;149890
202077;Will;Bruin;95;148664
202170;Michael;Boxall;198;148232
202866;Nicolás;Mezquida;60;149514
202896;Marco;Ureña;72;148796
202909;David;Boo Wiklander;46;146817
202910;David;Mitov Nilsson;19;149109
203067;Diego;Chará;56;147366
190697;Stefan;Strandberg;36;148938
172786;Marco;Mancosu;27;148236
178589;Scott;Jamieson;195;148288
186756;Danny;Swanson;42;147633
187415;Vladimir;Granat;40;147778
202341;Jesús;Venegas;83;150647
199431;Taylor;Regan;195;148322
200383;Aymen;Belaïd;145;148369
176959;Rafael;Lima;54;147338
163619;Jonny;Hayes;25;147826
118662;Paul;Hayes;14;146438
202854;Brian;Sylvestre;95;149816
188537;Loïc;Négo;23;149112
148119;Igor;Akinfeev;40;147369
148212;Artem;Rebrov;40;146604
148253;Renat;Yanbaev;40;146638
148255;Pavel;Alikin;40;146606
150995;Boris;Rotenberg;17;147410
154216;Denis;Tumasyan;40;147020
158133;Jefferson;Farfán;59;146840
166708;Alan;Kasaev;40;147369
166744;Mikhail;Kerzhakov;40;147664
166940;Alexandru;Gaţcan;33;146627
167549;Roman;Shishkin;40;147663
167575;Anton;Shunin;40;147663
167601;Kirill;Nababkin;40;147522
168759;Edgar;Manucharyan;3;147655
174425;Artem;Fidler;40;146370
177149;Bojan;Jokič;44;147408
179768;Charles;Kaboré;101;148041
181795;Fedor;Kudryashov;40;147731
183204;Petar;Zanev;9;147197
187052;Yann;M'Vila;18;148912
187347;Igor;Smolnikov;40;148222
187366;Denis;Glushakov;40;147663
187457;Christian;Noboa;57;147005
187491;Fedor;Smolov;40;148772
187528;Kirill;Kombarov;40;147658
187517;Viktor;Vasin;40;148281
187535;Anton;Sosnin;40;148759
187586;Vladislav;Nikiforov;40;148447
187605;Igor;Gorbatenko;40;148411
187607;Artem;Dzyuba;40;148236
187735;Alan;Dzagoev;40;148900
187736;Pavel;Mamaev;40;148262
188103;Rubén;Rochina Naixes;45;149179
189291;Mikhail;Bakaev;40;147853
190637;Igor;Armaş;33;147831
191002;Mikhail;Sivakow;6;148017
192146;Vladislav;Ignatiev;40;147656
192537;Maxime;Lestienne;7;149631
192756;Artur;Yusupov;40;148611
192910;Giorgi;Loria;20;147298
174018;David;Loria;165;145749
193245;Vladimir;Dyadyun;40;148195
193895;Pavel;Yakovlev;40;149194
194654;Artur;Nigmatullin;40;149234
194859;Pavel;Komolov;40;148436
194926;Ivan;Temnikov;40;148395
197893;Ivan;Paurević;10;149279
198989;Roland;Gigolaev;40;148736
199906;Igor;Kireev;40;149510
200360;Igor;Portnyagin;40;148374
201343;Toni;Šunjić;8;148351
201436;Denys;Kulakov;49;147392
202475;Giorgi;Chanturia;20;149929
202529;Víctor;Álvarez Delgado;45;149901
202630;Anton;Kochenkov;40;147728
199475;Willi;Evseev;165;149507
196218;Igor;Morozov;208;148514
50102;Panagiotis;Stathakis;22;151402
50105;Dimitrios;Meliopoulos;22;152466
197321;Ivan;Karadzhov;9;148560
50122;Konstantinos;Thymianis;22;152809
50134;Dimitris;Stavropoulos;22;151410
155422;Jakub;Szmatuła;37;145526
155657;Piotr;Celeban;37;147082
172529;Brian;Hämäläinen;13;148516
163297;Miloš;Krasić;51;146846
163848;Tomasz;Brzyski;37;145820
165667;Łukasz;Janoszka;37;147713
165748;Jakub;Tosik;37;147777
171601;Łukasz;Piątek;37;147170
172024;Lorenzo;Riera Ortega;45;146600
172691;Rubén;Jurado Fernández;45;147386
172756;Tomasz;Jodłowiec;37;147157
174665;Adam;Kokoszka;37;147550
176207;Rafał;Boguski;37;146701
176261;Grzegorz;Piesio;37;148200
176636;Kamil;Vacek;12;147774
177790;Artur;Jędrzejczyk;37;147944
178590;Tomasz;Cywka;37;148180
179055;Adam;Marciniak;37;148273
179677;Bartłomiej;Dudzic;37;148232
179710;Adam;Mójta;37;147452
201114;Bartłomiej;Pawłowski;37;149780
180440;Adam;Danch;37;147985
182053;Konstantin;Vassiljev;208;146769
185117;Grzegorz;Baran;37;146167
185187;Bartłomiej;Sielewski;37;146762
185405;Dušan;Kuciak;43;147047
187857;Grzegorz;Sandomierski;37;148615
188724;Marcin;Pietrowski;37;148062
188925;Grzegorz;Kasprzik;37;146438
189041;Michael;Gardawski;21;149000
189924;Bartosz;Rymaniak;37;148684
190529;Mateusz;Cetnarski;37;148189
190698;Jasmin;Burić;8;147685
190732;Kamil;Biliński;37;148024
192471;Adam;Matuszczyk;37;148412
192528;Steven;de Sousa Vitória;70;147647
192962;Grzegorz;Kuświk;37;147779
193304;Łukasz;Burliga;37;148132
197303;Syarhey;Krivets;6;147430
197961;Mateusz;Możdżeń;37;149170
198036;Yannick;Kakoko;107;148758
199647;Piotr;Wlazło;37;148521
199684;Piotr;Malarczyk;37;149310
199738;Francisco;Vélez Jiménez;45;149271
199762;Kamil;Drygas;37;149347
200438;Guilherme;Costa Marques;54;149238
200471;Daniel;Chima Chukwu;133;149191
200703;Rafał;Siemaszko;37;147525
201081;Bartosz;Kopacz;37;149595
201112;Jakub;Słowik;37;149340
201132;Rafał;Janicki;37;149649
201169;Konrad;Forenc;37;149661
201285;Christian;Gytkjær;13;148858
201482;Julián;Cuesta Díaz;45;149184
201498;Erik;Grendel;43;148288
202589;Javier;Hernández González;45;148524
202788;Mateusz;Szczepaniak;37;149120
203558;Rafał;Pietrzak;37;149492
203603;Martin;Pospíšil;12;149274
177294;Dean;Furman;140;148175
199982;Joachim;Van Damme;7;149301
172619;Enzo;Gutiérrez;52;143914
188269;Roberto;Gutiérrez;55;146283
187296;Carlos;Gutiérrez;83;148766
195905;Luis;Gutiérrez;53;146921
140233;Guillermo;Ochoa;83;147100
142721;Marcelo;Barovero;52;146589
184249;Lukas;Van Eenoo;7;149134
156542;Jonathan;Legear;7;147739
179752;Óscar;Cardozo;58;146315
50401;Thiago;Cardozo;52;151136
162220;Sinan;Bolat;48;148248
178221;Michael;Orozco;95;147309
163370;Jordan;Remacle;7;147681
167435;Oscar;Ustari;52;147455
167524;Jorge;Torres Nilo;83;148017
167532;Adrián;Aldrete;83;148167
169321;Miguel;Fraga;83;147882
169324;Andreas;Ulmer;4;147209
171082;Steve;De Ridder;7;147692
175896;Sébastien;Siani;103;147626
175934;Kenny;Steppe;7;148320
176007;Hervé;Kage;110;148832
176009;Sven;Kums;7;148058
176137;Jelle;Vossen;7;148448
176545;Christian;Marrugo;56;147105
176903;Manuel;Iturra;55;146715
177320;Jesús;Zavala;83;147838
177571;Timothy;Derijck;7;147781
179549;Stefan;Maierhofer;4;146038
179681;Miguel;Samudio;58;147507
179800;Arturo;Paganoni;83;148269
180810;Jakub;Mares;12;147662
180250;William;Fernando da Silva;54;147595
180337;Mike;Vanhamel;7;148687
180339;Nils;Schouterden;7;148350
181436;Damien;Marcq;18;148344
181481;Danny;Vukovic;195;146992
181733;Andreas;Lukse;4;147948
182228;Jérémy;Huyghebaert;7;148374
203369;Germán;Mejía;81;150467
182261;Diego;Mejía;83;146460
182897;Sébastien;Bruzzese;7;148427
183407;Sascha;Kotysch;21;148277
183644;Alexander;Grünwald;4;148488
183645;Christian;Ramsebner;4;148452
183646;Martin;Kobras;4;147441
183665;Boris;Prokopič;4;148090
183691;Daniel;Toth;4;147797
184890;Cristián;Chávez;52;147438
187238;Diego;Chávez;83;150689
176736;Daniel;Chávez;59;148009
184167;Anthony;Moris;31;148851
184643;Jorge;Villafaña;95;148626
184703;Luis;Montes;83;147406
186098;Rodolfo;Cota;83;147820
186305;Omar;Tejeda;83;148236
186769;Stephan;Palla;181;148502
186992;Jesús;Dueñas;83;148442
186998;William;Yarbrough;95;148446
187013;Oswaldo;Alanís;83;148444
187701;George;Corral;83;148931
188041;Rafael;de Souza Pereira;54;148536
188091;Fredrik;Gulbrandsen;36;149716
188202;Yannick;Thoelen;7;148931
188400;Thomas;Kaminski;7;149759
188727;Benoît;Poulain;18;147841
188856;Christian;Klem;4;149208
188955;Gustavo;Bou;52;148781
189141;Robin;Söder;46;149188
189237;Emanuel;Schreiner;4;148400
189338;Jonathan;Urretaviscaya;60;148810
189408;Lukas;Rath;4;149480
189646;Jonathan;Doin;54;148230
190034;Timothée;Kolodziejczak;18;149371
190152;César;Ortiz Puentenueva;45;148397
190467;Diego;de Buen;83;149281
190508;Dominik;Hofbauer;4;148994
190589;Stefan;Hierländer;4;149131
190592;Michael;Sollbauer;4;148867
190629;Daniel;Villalva;52;149650
190636;Antonio;Ríos;83;148299
181989;Andrés;Ríos;52;148580
191627;Mats;Rits;7;150027
192020;Emilio;Orrantía;83;149129
192043;Alonso;Zamora;83;149408
192046;Luis;Olascoaga;83;149331
192350;Javier;Aquino;83;148774
192370;Mauro;Formica;52;148096
192594;Gary;Kagelmacher;60;148113
182867;Billy;Arce;57;151847
193260;Markus;Pink;4;149152
193264;Patrick;Farkas;4;149715
193346;Guus;Hupperts;34;149578
193510;Diego;Novaretti;52;147035
196072;Rodrigo;Millar;55;145752
196991;Christophe;Diandy;136;149061
197907;Miguel Angel;Sansores;83;149215
198449;Teddy;Mézague;18;148879
198705;Andy;Najar;81;149903
199151;Juan Manuel;Iturbe;58;149983
199234;Stefan;Stangl;4;149390
199277;Michiel;Jonckheere;7;148735
199353;Marc;Rzatkowski;21;148793
199422;Jordy;Clasie;34;149275
199651;Fernando;Canesín Matos;54;149520
199663;Renato;Neto Cardoso Porto;54;149367
199665;Jens;Cools;7;149021
199689;Ángel;Sepúlveda;83;149143
199769;Marvin;Potzmann;4;150169
200059;Colin;Coosemans;7;149678
151885;Wouter;Biebauw;7;146682
200918;Christoph;Knasmüllner;4;149583
201013;Łukasz;Teodorczyk;37;149251
201299;Nicola;Leali;27;149876
201845;Mehdi;Terki;97;149367
201847;Louis;Bostyn;7;150105
201938;Anthony;Limbombe;7;150389
202375;Daniel;Offenbacher;4;149511
202460;Fernando;Uribe;56;148002
202518;Christopher;Wernitznig;4;148787
202535;Thorsten;Röcher;4;149259
202780;Armando;Zamorano;83;150104
203225;James;Jeggo;195;149505
52438;Guillermo;Hauche;52;149918
116494;Daniel;Sandy;53;153045
153185;Hernán;Pellerano;52;146696
202790;Vladimir;Boljević;15;148018
200134;Robbie;Benson;25;149590
187256;Ricardo;Monreal;83;152791
70650;Tommaso;Fumagalli;27;152435
173178;Manuel;Reina Rodríguez;45;146997
194945;Roland;Varga;23;148755
181685;Shane;Tracy;25;148259
186984;Daniel;Cervantes;83;148911
201924;Yacine;Qasmi;129;149100
203186;Johan;Padilla;57;149689
199830;Samuel;Galindo;53;149571
176246;Alessio;Bottani;47;149241
184383;Alexandre;Pasche;47;149248
186763;Andrea;Maccoppi;27;147658
186950;Fabio;Daprelà;47;149147
189115;Mickaël;Facchinetti;47;149143
190593;Danijel;Aleksić;51;149217
190640;Victor;Pálsson;24;149217
192126;Nabil;Bahoui;46;149133
193411;Kevin;Fickentscher;47;148189
194006;Nicolas;Gétaz;47;149259
201038;Marco;Djuricin;4;149809
203362;Mohamed;Elyounoussi;36;150409
169317;Tarik;Elyounoussi;36;148055
174381;Cristian;Riveros;58;146099
156675;Andrew;Considine;42;147727
163203;Darren;O'Dea;25;147671
165449;Gary;Dicker;25;147483
169451;Michael;Gardyne;42;147294
169483;Xavier;Tomas;18;147275
169623;Peter;Hartley;14;148095
171321;Graham;Dorrans;42;147761
171881;Conor;Sammon;25;147581
172823;Nicky;Maynard;14;147616
177793;Greg;Tansey;14;148327
179051;Rafał;Grzelak;37;148221
183549;Elliot;Parish;14;148872
186869;Graham;Cummins;25;147999
188257;Brian;Easton;42;148066
189110;Paul;Hanlon;42;148752
189865;David;Templeton;42;148374
192251;Adam;Barton;25;149104
193083;Ross;Draper;14;148295
193182;Wes;Foderingham;14;149111
193357;Lee;Hodson;35;149372
193728;David;Wotherspoon;70;148748
195479;James;Tavernier;14;149401
197945;Ryan;Bowman;14;149431
198057;Elliott;Frear;14;149016
198553;Cristian;Gamboa;72;148664
199745;Erik;Sviatchenko;13;149374
199891;Christopher;Routis;18;148794
200336;Milan;Nitrianský;12;149079
200630;James;Forrest;42;149285
200898;Ali;Crawford;42;149308
200942;Aaron;McCarey;25;149476
200980;Steven;Lawless;42;149199
201084;Ryan;Dow;42;149255
201368;Kenny;McLean;42;149470
203043;Michael;O'Halloran;42;149103
203447;Alex;Schalk;34;149682
49031;Kieran;O'Hara;25;151036
140669;Charles;Petro;125;152789
190491;Ruben;Gabrielsen;36;149532
169159;Andreas;Lie;36;147879
155266;Amin;Askar;114;147180
161921;Piotr;Leciejewski;37;146988
166879;Lars;Grorud;36;146358
167159;Steffen;Hagen;36;147338
167180;Fredrik;Nordkvelle;36;147162
170472;Jonathan;Parr;36;148296
177657;Andreas;Nordvik;36;147713
177912;Magnus;Lekven;36;148014
179573;Anders;Kristiansen;36;148808
185000;Thiago;Neves;54;146964
182909;Fredrik;Carlsen;36;148702
183945;Fredrik;Brustad;36;148540
184229;Joachim;Thomassen;36;148126
184878;Tommy;Høiland;36;148468
186507;Christian;Landu Landu;36;149487
187042;Anders;Konradsen;36;148931
189325;Christopher;Telo;46;148675
189899;Vito;Wormgoor;34;148322
189993;Ross;Jenkins;14;149045
190438;Fredrik;Semb Berge;36;148769
190539;Pontus;Engblom;46;149404
191105;Robert;Lundström;46;148672
191153;Marcus;Sandberg;46;149043
191728;Håvard;Storbæk;36;147416
197391;Lars;Vilsvik;36;148293
202817;Mahmoud;Gad;111;151431
198337;Victor;Grodås;36;149440
198519;Christoffer;Aasbak;36;150031
199141;Jonas;Grønner;36;150294
200058;Tonny;Brochmann;13;148590
200770;Fredrik;Haugen;36;149627
200823;José Manuel;Cruz Orozco;45;148224
201944;Christoffer;Remmer;13;149844
202117;Mats;Haakenstad;36;150146
202769;Benjamin;Stokke;36;148964
159375;Shane;Supple;25;147760
163582;Tim;Clancy;25;146700
165226;Owen;Garvan;25;148030
165458;Conor;Kenna;25;146866
169631;Billy;Dennehy;25;147684
182366;Darren;Dennehy;25;148266
180595;Tomer;Chencinski;70;146876
180894;Gary;McCabe;25;148215
183466;Karl;Sheppard;25;149142
184980;Ian;Bermingham;25;148534
187759;Christopher;Mulhall;25;148041
189810;Shane;Duggan;25;148437
192582;Chris;Shields;25;149093
193205;Daniel;Kearns;25;149335
195013;John;Dunleavy;25;149281
199803;Daniel;Batz;21;149109
198453;Ryan;McEvoy;25;148932
198543;Aaron;Greene;25;148734
198623;Nicky;Low;42;149468
198928;Ciaran;McGuigan;25;148709
199014;David;McMillan;25;148350
199023;Sean;Houston;25;148669
199139;Stephen;Folan;25;149476
200263;David;Cawley;25;149357
200844;Jimmy;Keohane;25;149119
200873;Conor;Winn;14;149519
201467;Brian;Gartland;25;147579
201484;Patrick;McEleney;35;149732
201487;Thomas;McBride;35;149613
202594;Steven;Beattie;25;148234
203095;Sean;Gannon;25;149289
203539;Kevin;Devaney;25;149001
142616;Jorge;De Olivera;52;146043
142756;Patricio;Toranzo;52;145888
165784;Darío;Bottinelli;52;147631
142962;Enrique;Bologna;52;145854
142966;Jesús;Dátolo;52;146680
158984;Hernán;Lamberti;52;146664
152912;José;Sand;52;145278
160667;Facundo;Kruspzky;52;153324
152997;Darío;Cvitanich;52;146677
153060;Juan;Insaurralde;52;146817
180567;Ibrahim;Majid;182;148864
167665;Nicolás;Domingo;52;147004
171975;Gonzalo;Bergessio;52;146742
172019;Pablo;Mouche;52;147920
176526;Leonardo;Burián;60;146561
176920;Miguel Angel;Torrén;52;148226
177537;Nicolás;Bertolo;52;147273
183236;Miguel;San Román;45;151484
184982;Marcelo;Larrondo;55;148230
185199;Sebastian;Ribas;60;148072
188968;Gonzalo;Marinelli;52;148405
188992;Marcelo;Estigarribia;58;147900
192342;Edwin;Cardona;56;149805
193141;Iván;Pillud;52;147385
193414;Nicolás;Colazo;52;148921
198386;Sebastián;Dubarbier;52;147321
198426;Gonzalo;Castellani;52;147858
199726;Marco;Torsiglieri;52;148013
199735;Federico;Vismara;52;146304
200197;Nicolás;Blandi;52;148745
201953;Juan;Sánchez Miño;52;148733
202154;Fabian;Bordagaray;52;147682
202331;Facundo;Quignon;52;149950
180175;Alexandre;Rodrigues da Silva;54;148612
171211;Mohammed;Al Bayati;182;152280
198164;Jonathan;Viera;45;148641
180411;Cristian;Zabala;52;151717
175749;Daniel;Chacón;72;152851
52477;Joaquín;Verdugo;55;151204
187591;Paulo;Garcés;55;146755
50002;Andreas;Panagiotou;11;150679
50004;Marko;Momčilović;51;147798
156478;Hiroki;Abe;163;152047
53728;Mohammed;Abdulrahman;190;148402
140822;Konstantinos;Charalambides;11;145651
143077;Miguel Angel;Mea Vitali;61;145495
156259;Jakub;Rzeźniczak;37;147570
157689;Vincent;Laban;11;146793
159467;William;Ribeiro Soares;54;146944
163488;David;Limberský;12;146454
164102;Rafael;Alves dos Santos;54;146855
164207;Rodrigo;Barbosa Tabata;182;145403
164881;Guy;Haimov;26;147339
167993;Vladimir;Stojković;51;146384
168053;Antonis;Georgallides;11;145840
168730;Diego;Guastavino;60;146748
169465;Matt;Derbyshire;14;147375
170814;Marvin;Ogunjimi;7;147921
173414;Jesús;Rueda Ambrosio;45;147686
173600;Roberto;Lago Soto;45;147148
192411;Welker;Almeida;54;147538
176518;Mauricio;Victorino;60;146094
176856;Bruno;Meneghel;54;147790
177413;Axel;Witsel;7;148379
177615;Adil;Chihi;129;148053
179565;Mario;Gavranović;47;148695
179840;Matthew;Spiranovic;195;148180
179909;Anthony;Annan;117;147473
179960;Ben;Sahar;26;148589
180465;Mohammed;Fayez;190;148666
181123;Tomáš;Hořava;12;148151
181411;Marcelo;Nascimento da Costa;9;146655
182212;Anthony;Modeste;18;148106
182270;Wayne;Sandilands;140;146410
182772;Mickaël;Poté;219;146808
183093;Hernán;Rengifo;59;146283
183382;Georges;Mandjeck;103;148345
175608;Ahmed;Fathi;111;146855
184058;Jackson;Mabokgwane;140;148020
184290;Tomáš;Pekhart;12;148513
184433;Adam;Nemec;43;147151
185030;Mitchell;Schet;34;148029
185243;Hervé;Kambou;108;147027
185362;Igor;Stasevich;6;147200
186331;Martin;Zeman;12;148454
186556;Bruno;Ferreira Bonfim;54;148386
186689;Marko;Suler;44;146243
186954;Brown;Ideye;133;148285
188071;Tommy;Oar;195;149441
188081;Alex;Teixeira dos Santos;54;148738
188152;Oscar;dos Santos Emboaba;54;149349
188485;Diego;Polenta;60;149499
189650;Jan;Kovařík;12;148172
51887;Anthony;Le Tallec;18;146817
190416;Damien;Le Tallec;18;148841
191062;José;Ortigoza;58;147727
191528;Sen;Hou;155;148548
191726;Diego;Arismendi;60;148026
191856;Hernán;Barcos;52;146642
192064;Ricardo;Goulart Pereira;54;149253
192279;Igor;Shitov;6;147568
192291;Yuri;Logvinenko;165;148205
187132;Carlos;Zambrano;59;148558
192437;Florian;Trinks;21;149533
192892;Daniel;Mojsov;19;147995
186228;Song;Wang;155;146460
193937;David;Jablonský;12;149378
194617;Chen;Po-Liang;213;148043
194647;Rubén;Miño Peralta;45;148385
196420;Ali;Al Wehaibi;190;146475
196688;Aldo;Corzo;59;148507
196852;Carlos;Lobatón;59;145116
196930;Marvin;Bejarano;53;148067
197382;Georgios;Efrem;11;148553
197741;Marcelo;Palau;60;147119
197971;Denis;Alibec;39;149102
198218;Marcelo;Cirino da Silva;54;149484
198554;Anthony;Ujah;133;149019
198881;Lucas;Pacheco Affini;54;148792
199215;Alexander;Gorgon;4;148303
199244;Lukas;Hejda;12;148800
199334;Václav;Pilař;12;148288
199866;John;Ogu;133;148112
182096;Long;Zheng;155;148107
200112;Lorenzo;Ebecilio;34;149364
202802;Kyle;Ebecilio;34;150241
200606;Marcelo;Cañete;52;148838
201746;Richárd;Guzmics;23;147742
202601;Hatem;Abd Elhamed;26;149174
202617;Václav;Hladký;12;149050
203278;Wilson;Pitonni;58;147132
203593;George;Maluleka;140;148374
171214;Ismael;Mohammad;182;148827
202968;Il-Lok;Yun;167;149529
50007;;New Player;14;145246
50008;;New Player;14;145246
50014;;New Player;14;145246
50016;;New Player;14;145246
50019;;New Player;14;145246
50020;;New Player;14;145246
50021;;New Player;14;145246
50023;;New Player;14;145246
50029;;New Player;14;145246
50031;;New Player;14;145246
50033;;New Player;14;145246
50037;;New Player;14;145246
50039;;New Player;14;145246
50041;;New Player;14;145246
50042;;New Player;14;145246
50049;;New Player;14;145246
50050;;New Player;14;145246
50052;;New Player;14;145246
50056;;New Player;14;145246
50057;;New Player;14;145246
50059;;New Player;14;145246
50060;;New Player;14;145246
50061;;New Player;14;145246
50062;;New Player;14;145246
50063;;New Player;14;145246
50064;;New Player;14;145246
50065;;New Player;14;145246
50067;;New Player;14;145246
50068;;New Player;14;145246
50069;;New Player;14;145246
50070;;New Player;14;145246
50071;;New Player;14;145246
202142;Ignacio;Cases Mora;45;147992
202030;Pavel;Vyhnal;12;147458
194504;Mohammed;Muntari;182;150182
50344;Konstantinos;Makris;22;151992
170017;Nebojša;Kosović;15;150613
152817;Rafael;Marques;54;146322
170209;Darío;Aimar;57;150563
50232;Antonis;Tsiftsis;22;152221
170919;Jordi;Gómez García-Penche;45;147050
175673;Filip;Hološko;43;146557
178033;Gabriel;Obertan;18;148424
180256;Matheus;Matos Nogueira;54;151552
197838;Gustavo;Klismahn;54;152346
50238;Panagiotis;Diamantopoulos;22;152465
50250;Alexis;Nikolakopoulos;22;152340
172433;Jorge;Graví;60;150209
157931;Leandro;Domingues;54;146411
185194;Miguel;Vítor;38;148548
172060;Jakub;Jugas;12;149588
174107;Danial;Esmaeilifar;161;149885
197298;Kennedy;Rocha Pereira;54;151227
172085;Jonathan;Rougier;52;147938
172400;Enrique;Facussé;81;152018
201201;Victor;Ferraz;54;148015
165580;Diego;Alves;54;147081
203253;Bruno;Alves;54;149203
198902;Ronaldo;Alves;54;148557
199323;Jaroslav;Zelený;12;149695
143133;Diego;Herner;52;146387
190918;Gastón;Cellerino;52;147448
196153;Iván;Vélez;56;146769
199657;Franco;Arizala;56;147426
200207;Cristian;Martínez Borja;56;148035
161863;Javier;Chica;45;147043
174113;Miguel;Ajú;72;152331
132295;Carlos;Meléndez;81;151631
183559;Konstantin;Engel;165;148210
177105;Patrick;Ebert;21;147712
193106;Jerónimo;Barrales;52;147664
176741;Rafael;Moura;54;146318
194571;Sebastián;Soria;182;146487
152855;Rafael;Sobis;54;147074
159167;Rafael;Marques Pinto;54;146439
159418;Marcos;Arouca;54;147494
162223;Alexander;Baumjohann;21;147659
165235;Thiago;Ribeiro Cardoso;54;147326
166114;Colin;Kazim-Richards;48;147509
167959;Marcelo;Grohe;54;147649
170802;Pedro;Geromel;54;147170
179764;Darío;Conca;52;146306
179765;Emiliano;Vecchio;52;148322
194574;Marcos;do Nascimento;54;148934
181276;Bruno;do Nascimento;54;147148
203344;Thiago;do Nascimento;54;148568
181376;Guilherme;Milhomem;54;148297
182087;Denis;Cesar de Matos;54;147740
184252;Lucas;Pratto;52;148157
186789;Victor;Bagy;54;146196
189373;Jean;Vanderlei;54;147446
188040;Leonardo;Simões;54;148031
188264;Leandro;Donizete;54;145948
188370;Wallace;Reis Silva;54;147996
189202;Alan;Ruschel;54;148602
189706;Victor;Ramos Ferreira;54;148492
190462;Rodrigo;Vianna;54;147932
192067;Sergio;Dutra;54;148117
188489;Ramon;de Moraes;54;148128
201315;Pablo;Nascimento Castro;54;149269
201540;Luiz;Severo;54;148572
202485;Andrew;Feitosa;54;149707
203296;Bruno;Cortês;54;147706
165514;Matheus;de Sales;54;150691
50017;Konstantinos;Bouloulis;22;150169
50018;Alexandros;Karagiannis;22;150126
50025;Michalis;Frangos;22;148811
50030;Enrique;Boula Senobua;112;150026
50036;Robert;Kumadey;117;152171
50045;Michalis;Kyrgias;22;148654
50048;Georgios;Kyriakopoulos;22;150959
50053;Michalis;Kallergis;22;151162
50524;Georgios;Pamlidis;22;150145
50564;Alexandros;Kontos;22;147526
50589;Dimitrios;Tairis;22;148704
51518;Georgios;Tzelepis;22;152335
51532;Konstantinos;Kapetanos;22;151666
158663;Denis;Epstein;21;147454
164046;Georgios;Zisopoulos;22;146684
165778;Leandro;Sales de Santana;54;147252
168742;Konstantinos;Mendrinos;22;147054
168971;Dimitrios;Koutromanos;22;147692
172685;José Ángel;Crespo Rincón;45;147676
172888;Sotiris;Balafas;22;147502
172895;Dimitrios;Kyriakidis;22;147538
173395;Karim;Soltani;18;146782
173796;Pablo;de Lucas;45;147534
180430;Piotr;Grzelczak;37;148063
187702;Omar;El Kaddouri;129;148965
187986;Nicolas;Diguiny;18;148123
190084;Panagiotis;Tachtsidis;22;149143
190087;Panagiotis;Zorbas;22;147747
190824;Omar;Elabdellaoui;36;149436
192102;Niklas;Hult;46;148776
193250;Marin;Leovac;10;148221
197136;Karim;Ansarifard;161;148825
198132;David;Oberhauser;18;149065
199199;Jorge;Casado Rodríguez;45;148544
202898;Miloš;Stojčev;51;147655
202944;Oscar;Hiljemark;46;149642
160193;Jason;Riocel;55;146600
143101;Marcelo;Carrusca;52;146419
152038;Johan;Absalonsen;13;147165
162280;Adrian;Mierzejewski;37;147581
171083;Roy;O'Donovan;25;147128
172208;James;Troisi;195;148186
178319;Wout;Brama;34;147504
179528;Xavier;Torres Buigues;45;147596
180717;Liam;Reddy;195;145665
181468;Dean;Bouzanis;195;149007
181477;Nigel;Boogaard;195;147497
183244;Andrew;Redmayne;195;148380
183524;Shane;Lowry;195;148530
183545;Chris;Herd;195;148461
183564;Jordy;Buijs;34;148364
183741;Michael;Zullo;195;148256
185256;Jason;Hoffman;195;148395
186453;Tom;Hiariej;34;148208
186884;Ben;Kantarovski;195;149482
187029;Daniel;Mullen;195;148666
188793;Raúl;Llorente Raposo;45;147363
189109;Alex;Cisak;195;148506
189225;Bruno;Fornaroli;60;147886
189905;Marcin;Budziński;37;148919
191006;Antony;Golec;195;148881
192572;Scott;Neville;195;148378
193875;Jack;Hingert;195;149001
195620;Roy;Krishna;197;147878
198177;Bart;Schenkeveld;34;149337
199159;Luke;Brattan;195;148799
199218;Brendan;Hamill;195;149724
202208;Dimitri;Petratos;195;149777
202676;Adam;Taggart;195;149981
202678;Josh;Risdon;195;149671
202728;Daniel;Bowles;195;149389
203308;Joshua;Brillante;195;149912
203569;Joel;Chianese;195;148778
176103;Zlatan;Ljubijankič;44;146524
192982;Felipe;de Oliveira Silva;54;148880
197422;Hiroki;Mizumoto;163;147161
191506;Ahmed;Al Suhail;183;148306
196217;Marcos;Piñeiro Pizzelli;3;146817
196946;Emilio;Izaguirre;81;147401
197117;Ioannis;Fetfatzidis;22;149087
200818;Bruno;Uvini Bortolança;54;149251
152552;Yves;Ma-Kalambay;110;147302
185205;Evandro;Silva do Nascimento;54;147905
192250;Matthew;Jurman;195;148709
192470;Olivier;Bonnes;132;148770
198330;Ivan;Franjić;195;147889
189311;Tom;Hateley;14;148622
177278;Dimitar;Rangelov;9;146215
182879;Balázs;Dzsudzsák;23;147628
185090;Benjamin;Moukandjo;103;148318
185149;Jan;Koprivec;44;148198
186655;José;Carvallo;59;147331
191160;Morgan;Gould;140;146257
196885;Carlos;Lampe;53;147712
197300;Abdallah;El-Said;111;147100
197896;Adam;Straith;70;148986
190873;Petr;Jirácek;12;147332
49945;Kim;Jaggy;80;146128
134778;Stéphane;N'Guéma;115;146865
168005;Konstantinos;Makridis;11;145823
192961;Łukasz;Budziłek;37;149175
168760;Robert;Arzumanyan;3;147111
175224;Kennedy;Mweene;147;146886
177022;Yassine;Chikhaoui;145;147536
179544;Youssouf;Mulumbu;110;147661
179586;Cédric;Mongongu;110;148540
183903;Serge;Akakpo;144;147924
186504;Anton;Putsila;6;147810
186824;Mohammed;Rabiu;117;148732
197359;Ibrahim;Rabiu;133;149171
199768;Christian;Gartner;4;150286
189679;Vladimir;Weiss;43;148701
192147;Viktor;Dmitrenko;165;149191
192898;Sander;Puri;208;148129
193713;Alexander;N'Doumbou;115;149466
194209;Youssef;El Arabi;129;147670
195273;James;Marcelin;80;147435
195436;Christopher;Oualembo;110;147667
195834;Aymen;Mathlouthi;145;146798
196819;Emmanuel;Mayuka;147;149057
156433;Alfredo;Talavera;83;146071
199193;Johnny;Leverón;81;148770
200235;Mitchell;te Vrede;34;149316
200645;Artem;Fedetskyi;49;147022
201022;Anthony;M'Fa;115;149163
202172;Artur;Sarkisov;3;147655
202708;Lloyd;Palun;115;148330
202864;Nicolás;Peñailillo;55;149312
150516;Lukas;Podolski;21;147061
162008;Rafik;Djebbour;97;146608
169527;Victor;Anichebe;133;148115
169410;Daniel;Adlung;21;147910
172949;Sébastien;Bassong;103;147461
173073;Xavier;Pentecôte;18;147496
173300;Sebastián;Leto;52;147513
177106;Chinedu;Ede;21;147672
177713;Adil;Hermach;129;147449
177937;José Manuel;Flores Moreno;45;147701
179751;Joaquín;Larrivey;52;146773
179903;Oliver;Bozanic;195;148375
184766;Yannick;Sagbo;108;148104
184966;Anderson;da Silveira Ribeiro;54;148310
189054;Francisco José;Sandaza Asensio;45;146875
190752;Jan;Kirchhoff;21;149006
198926;Marcos;Assis Santana;54;147174
50466;Fernando;Otarola;52;147306
52446;Rafael;Romo;61;148788
143022;Gustavo;Lorenzetti;55;147036
166693;Eduardo;Lobos;55;145656
170719;Diego;Buonanotte;52;148111
176907;Cristián;Canío;55;145596
186550;Fabián;Monzón;52;147739
186634;Nicolás;Peric;55;144641
195722;Roberto;Cereceda;55;146824
199668;Santiago;Gallucci Otero;52;149164
50310;Antonis;Anastasiou;22;151180
193064;Vladimir;Castellón;53;148591
50316;Antonis;Gerekos;22;152030
50364;Alexandros;Safarikas;22;152257
50393;Andreas;Dermitzakis;22;152004
50407;Alexandros;Parras;22;151786
50409;Dimitrios;Dalakouras;22;152109
50433;Evangelos;Patsarouchas;22;151757
171213;Karim;Boudiaf;182;148991
172265;Isaiah;Osbourne;14;147945
178139;Jens;Janse;34;147453
183527;Jay;Spearing;14;148331
201380;Junior;Tallo;108;149818
188146;Anthony;Lippini;18;148313
158132;Daniel;Brückner;21;145490
167437;Dominik;Stroh-Engel;21;147237
170589;Dennis;Grote;21;147492
170592;Sebastian;Schuppan;21;147470
176383;Tim;Danneberg;21;147384
177099;Toni;Wachsmuth;21;147590
177425;Marcel;Ziemer;21;147121
177544;Kai;Bülow;21;147422
177679;David;Vrzogic;21;148589
181149;André;Hainault;70;147439
183342;Benjamin;Schwarz;21;147462
183596;Erik;Domaschke;21;147221
183640;Christian;Strohdiek;21;148023
183643;Lukas;Königshofer;4;148442
183910;Kim;Falkenberg;21;148102
186788;David;Pisot;21;147823
187076;Stephan;Hain;21;148272
188297;André;Laurito;21;146503
188399;Alexander;Dercho;21;147657
189209;Sascha;Bigalke;21;148740
189607;Manuel;Schäffler;21;148404
191235;Christoph;Menz;21;148358
193111;René;Lange;21;148328
193758;Benjamin;Pintol;8;148871
194035;Nils;Miatke;21;148762
194094;Raphael;Koczor;21;148384
195262;Adriano;Grimaldi;21;149192
195396;Luka;Tankulic;21;149269
197079;Jonas;Acquistapace;21;148536
197148;Marcus;Piossek;37;148569
197241;Kevin;Pannewitz;21;149386
197972;Alexander;Aschauer;4;149536
198103;Julian;Leist;21;148072
198104;Dominik;Stahl;21;148234
198195;Petar;Slišković;10;149149
198977;Christopher;Quiring;21;149059
199780;Maurice;Exslager;21;149140
199881;Marco;Königs;21;148757
200255;Jules;Reimerink;34;148640
200256;Thilo;Leugers;21;149106
200468;Christopher;Bieber;21;148551
200925;Tobias;Rühle;21;149135
200952;Mike;Könnecke;21;148237
201051;Stefan;Kleineheismann;21;148040
201815;Julian;Riedel;21;149319
201857;Tobias;Haitz;21;149505
203454;Julius;Reinhardt;21;148090
203457;Mathias;Fetsch;21;148275
189425;Bruno;Gallo;54;148129
171210;Ali;Asad;182;149968
192661;Michael;Schulze;21;148380
176928;Jesper;Arvidsson;46;146907
199480;Paul;O'Conor;25;147858
181030;Lucas;Rios;54;148087
192443;Felipe;Azevedo;54;147646
169940;Rui Pedro;Couto;38;148185
182859;Walter;Gargano;60;146745
188197;Lucas;Viatri;52;147724
176652;Daniel;Kolar;12;147206
181095;Jakub;Reznicek;12;148148
171143;Marko;Gobeljic;51;149719
184323;Jan;Lecjaks;12;148953
202827;Cristian;Battocchio;27;149503
188406;Steeven;Joseph-Monrose;18;148933
50472;David;Andronic;33;150748
50561;Konstantinos;Georgakopoulos;22;150196
193516;Martin;Nešpor;12;148888
192319;Luke;Garbutt;14;149969
182164;André;Schembri;32;147418
192499;Héctor;Yuste;45;148013
195012;Adrián;Sardinero;45;149018
201449;Valentin;Roberge;18;147796
199766;Filip;Gačevski;19;148961
170428;Antonis;Petropoulos;22;147299
199418;Eric;Bauthéac;18;147872
158036;Túlio; de Melo;54;146937
182166;Julian;Palmieri;18;147612
176418;Willian;de Lima;54;146947
193308;Roberto;Zardin;54;147259
201445;Douglas;Bacelar;54;148826
138091;Anders;Egholm;13;146310
188625;Joel;Ekstrand;46;148402
200718;Johan;Hammar;46;150246
202080;Alexander;Angelin;46;148762
159047;Guy;NGosso;103;146917
172178;Barry;Corr;25;146998
183471;Dario;Vidošić;195;147734
188167;Daniel;Seaborne;14;147700
188270;Bruno;Ecuélé Manga;115;148199
188381;Maurice;Dalé;18;147099
191059;Javier;Márquez Moreno;45;147402
192790;Javier;Magro Matilla;45;148230
192840;Milan;Đurić;8;148874
195838;Rafael;Schuler Crivellaro;54;148416
201357;Bruno;Montelongo;60;147891
203388;Tiago;Alves Sales;54;149840
203450;Jan;Washausen;21;148287
191209;Pablo;Monroy;83;153318
196972;Lars;Sætra;36;149302
180716;Luiz;Dini;54;147494
192179;Daniel;Adejo;133;148586
251288;Jakov;Medić;10;151904
222583;Tom;James;50;151029
269247;Dean;James;34;152505
211514;Reece;James;14;150139
238074;Reece;James;14;152361
265514;Jordan;James;50;154029
207507;Leke;James;133;149768
229643;Cameron;James;14;151696
232104;Daniel;James;50;151603
186139;Matty;James;14;149300
251221;Lukáš;Kalvach;12;150758
218206;Bechir;Ben Said;145;150526
229899;El Fardou;Ben;214;148528
212212;Dominik;Kohr;21;150224
212244;Christopher;Lenz;21;150458
216416;Jan;Gyamerah;21;150727
222493;Marvin;Friedrich;21;150905
273170;Douglas;Friedrich;54;148348
223641;Timo;Baumgartl;21;150987
224662;Maurice;Multhaup;21;151273
261293;Seedy;Jatta;36;153557
234640;Bakery;Jatta;116;151811
225152;Robert;Mühren;34;148505
231838;Maximilian;Wöber;4;151689
237807;Dylan;Vente;34;152148
196151;Stalin;Motta;56;146628
203699;Gaëtan;Courtet;18;148420
259679;Jayden;Braaf;34;153358
276422;Giorgi;Kvernadze;20;153518
239730;Marvin;Rittmüller;21;152085
192938;Yeni;Ngbakoto;110;149485
231123;Adrián;Guerrero Aguilar;45;151682
215477;Ivan;Kecojević;15;148102
218746;José Ángel;Pozo la Rosa;45;150998
234762;Alberto;Benito Correo;45;149627
219995;Vittorio;Parigini;27;151008
220933;Alessandro;Bellemo;27;150777
200928;Ollie;Banks;14;149727
198223;Raffaele;Maiello;27;149288
230574;Gianluca;Carpani;27;150069
204355;Paul;Dummett;50;149366
223122;Caner;Osmanpaşa;48;148016
255151;Simon;Ngapandouetnbu;103;153582
267970;Diego;Corpus;53;153730
252802;Wilfried;Singo;108;152744
223687;Calvin;Mac-Intosch;92;148588
230117;Jhonatan;Luiz Siqueira;54;149225
234164;Fábio Diogo;Agrela Ferreira;38;149651
201411;Mads;Agesen;13;146251
235658;Victor;Nelsson;13;151941
225279;Conor;McGrandles;42;150825
235807;Aaron;Morley;14;152442
218359;Didier;Ndong;115;150361
210464;Henri Junior;Ndong;115;149698
224576;Luke;Croll;14;150568
184065;Sal;Zizzo;95;147729
266069;Gerard;Yepes;45;153352
234915;Blair;Alston;42;149545
192363;Mads;Fenger;13;148985
234319;Lewis;Travis;14;151578
231502;Jamie;Hopcutt;14;149637
244680;Mathieu;Choinière;70;151327
237201;Kendall;McIntosh;95;150217
252383;Ramiz;Zerrouki;97;151800
205185;Tiago;Almeida Ilori;38;149885
208160;Darko;Jevtić;47;149867
226414;Marcus;Coco;18;151099
265650;Saúl;Coco;112;152059
229007;Adrian;Henger;37;151062
227997;Offrande;Zanzala;107;151208
261661;Mathias;Fixelles;7;151147
214965;Claudio;Riaño;52;148218
220921;Anderson;Esiti;133;150337
232183;Collins;Fai;103;149688
188985;Liridon;Kalludra;46;149406
221631;Marius;Lundemo;36;150294
255473;Nicolás;Campisi;52;151226
227082;Darragh;Markey;25;151432
256143;Facundo;Giacopuzzi;52;152866
265695;Matías;Soulé;52;153585
269753;Stan;Braem;7;151983
240969;Julián;Carranza;52;152525
204535;Adán;Balbín;59;147557
261622;Mohamed;Sherif;111;150958
213928;Eduard;Sobol;49;150668
260188;Armin;Hodžić;8;150514
272565;Igor;Šemrinec;43;147962
231667;Daniel;Cataño;56;149479
177831;Julio César;Jacobi;54;147516
248833;José Uilton;Silva de Jesus;54;149669
241200;Daniel;Stynes;195;151895
184819;Ricardo Jorge;Tavares Machado;38;148258
225548;Abdulrahman;Dagriri;183;148855
211006;Mohammed;Al Amri;183;149427
241197;Abdulelah;Al Amri;183;151304
237775;Damir;Šovšić;10;148768
190939;Sunil;Chhetri;159;146756
191626;Lalawélé;Atakora;144;149045
202694;Sergey;Kislyak;6;147854
218193;Youssef;Msakni;145;149033
219677;Ricardo Jorge;Pires Gomes;104;149449
214862;Leandro;Benegas;55;148333
199248;Halil;Savran;21;147077
205461;Max;Wegner;21;148450
216709;Adam;Sušac;10;148507
242336;Álvaro;Aguado;45;151045
271904;Matěj;Pulkrab;12;151432
243656;Nemanja;Radonjic;51;150969
276184;Raz;Meir;26;151258
240761;Jack;Hallahan;14;151913
221016;Nikola;Vukčević;15;149444
242342;Gastón;Lódico;52;151802
262118;Valentino;Livramento;14;153431
215144;Emanuel;Insúa;52;149197
204307;Julian;Korb;21;149543
237054;Ferid;Ali;46;149560
232901;Mukhtar;Ali;183;151592
252736;Hussein;Ali;46;153175
215922;Almoez;Ali;182;151155
211845;Nils;Quaschner;21;150305
211901;Lucas;Hufnagel;20;150222
232097;Amine;Harit;129;151458
204476;Tom;Beugelsdijk;34;148951
176839;Emin;Nouri;5;147109
176724;Brwa;Nouri;162;147659
228568;Patrick;Joosten;34;151028
253036;Nathanaël;Mbuku;18;153190
222286;Gautier;Lloris;18;150757
229209;Jonathan;Benítez;52;149344
225021;Jorge;Benítez;58;149708
214989;Martín;Benítez;52;150361
215223;Walter;Benítez;52;149847
215990;Óliver;Benítez;52;149255
223241;Marcelo;Benítez;52;149110
232535;Guillermo;Benítez;52;150170
260139;Robert;Benítez;58;152095
266356;Gabriel;Benítez;61;150101
214776;Óscar;Benítez;52;149842
252121;Miguel;Benítez;58;151514
234924;Adama;Diakhaby;18;151110
230578;Mouctar;Diakhaby;118;151277
203617;Nestoras;Mytidis;11;149249
244588;Brandon;Baiye;7;152746
259568;Carlos;Harvey;87;152418
245138;Giuliano;Galoppo;52;152188
243172;Ľubomír;Tupta;43;151740
275785;Ronald;Pereira Martins;54;152915
237211;Yuri; Ribeiro;38;151313
207997;Raúl;Albentosa Redal;45;148252
208141;Gabriel;Appelt Pires;54;150089
211382;Ibrahim;Amadou;18;149924
225910;Mario;López Quintana;58;150836
189160;Garath;McCleary;82;147771
224013;Sergi;Canós;45;151322
246256;Simon;Rhein;21;151792
251392;Tom;Krauß;21;152953
210463;Darwin;Machís;61;149866
240907;Ki-Jana;Hoever;34;153133
230936;Ádám;Nagy;23;150726
225666;Dominik;Nagy;23;150686
227801;Zsolt;Nagy;23;149973
233079;Christian;Rivera;56;150937
214054;Harold;Rivera;56;149906
214536;Yamilson;Rivera;56;148536
265627;José;Rivera;59;151417
214636;Sebastián;Rivera;55;148169
233152;Ko;Itakura;163;151316
217620;Abdoulaye;Seck;136;149618
266877;Demba;Seck;136;152791
231917;Moustapha;Seck;136;150977
239468;Rahman Buğra;Çağıran;48;150559
206536;Tom;Naylor;14;149276
194020;Judilson Mamadu;Tuncara Gomes;119;149369
212493;Sullay;Kaikai;14;150796
258276;Joel;Vieira Pereira;38;151090
198899;João Duarte;Vieira Pereira;38;148862
229504;Frederik;Lauenborg;13;151427
233912;Emil;Damgaard;13;151886
246350;Enzo;Le Fée;18;152418
238755;Magnus;Warming;13;152544
224299;Stephen;Dunne;25;150813
235156;Jimmy;Dunne;25;151581
205956;Charles;Dunne;25;149872
216155;Harry;Cornick;14;150657
239443;Danny;McNamara;25;152015
221696;Thomas;McNamara;95;149134
212137;Andreas;Vindheim;36;150774
212540;Scott;Caldwell;95;149171
266605;Celeb;Wiley;95;154202
262474;Cas;Odenthal;34;152654
263377;Liel;Abada;26;153026
268312;Sael;Kumbedi;18;154296
201172;Arkadiusz;Woźniak;37;148884
268592;Diego;Živulić;10;149545
237939;Martin;Mikovič;43;148987
239805;Damian;Oko;37;151311
162221;Faris;Haroun;7;147171
210474;Philipp;Erhardt;4;150081
235812;Giorgi;Kvilitaia;20;150102
184457;Ricky;van Wolfswinkel;34;148394
207502;Ruben;Kristiansen;36;148052
259762;Victor;Kristiansen;13;153465
231499;Henrik;Kristiansen;36;152023
223476;Markus Dahlen;Brændsrød;36;150807
227767;Joachim Olsen;Solberg;36;148468
238166;Chigozie;Udoji;133;147468
259789;Kevin;Zenón;52;152595
244266;Luka;Menalo;8;151127
234769;Juan Pedro;Jiménez Melero;45;151289
205525;Bernard Anício;Caldeira Duarte;54;149714
218256;Alyaksandr;Volodko;6;147440
216978;Qara;Qarayev;5;149748
258316;Eren;Dinkçi;21;153097
271285;Bernardo;Martins Sousa;38;152471
239904;Davit;Khocholava;20;149867
271023;Jasmin;Mešanović;8;149468
272442;Michael;Etulain;60;145384
271027;Achraf;Dari;129;152145
255459;Alexander;Bernhardsson;46;151905
261689;Hélder José;Oliveira Sá;38;153429
224589;Guillaume;Cros;18;150667
208223;Marko;Markovski;51;147417
275365;Theodoros;Berios;22;148447
180749;Tarek;Elrich;195;147637
237535;Keita;Endo;163;151615
210134;Mohammed;Al Fatil;183;149466
210898;Abdullah;Al Fahad;183;150359
220919;Abdulelah;Al Fahad;183;149625
231179;Jaman Abdullah;Al Dossary;183;150077
211212;Abdelkader;Oueslati;145;149377
226181;Hamad Suliman;Al Jayzani;183;149891
208778;Nicolò;Manfredini;27;148123
50304;Giorgos;Kanellopoulos;22;152413
222774;Sinan;Tekerci;48;150093
238979;Christopher;Handke;21;148412
220306;Assan;Ceesay;116;150269
234358;Joseph;Ceesay;46;151808
240906;Bobby;Adekanye;34;152064
241237;Franck;Kanoute;136;152001
228304;Steve;Seddon;14;151648
204701;Salim;Khelifi;47;150219
207954;Brian;Behrendt;21;149394
248868;Hernesto;Caballero;58;149196
212943;Mauro;Caballero;58;150474
207768;Luis;Caballero;58;148844
215086;Brayan;Cortés;55;150707
266673;Oscar;Cortés;56;153826
239640;José;Cortés;56;150444
201941;Efraín;Cortés;56;146732
223147;Julius;Biada;21;149770
228082;Dženis;Burnić;21;151796
228595;Grischa;Prömel;21;150567
237833;Mark;Harris;50;152017
270937;Luke;Harris;50;154305
146373;Atiba;Harris;89;146915
264147;Nicolás;Palavecino;52;153568
247450;Agustín;Palavecino;52;151237
246548;Osame;Sahraoui;36;152912
264103;Raúl;Torrente Navarro;45;153004
204386;Dico;Koppers;34;149493
247447;Oliver;Antman;17;152977
236824;Ramón;ten Hove;34;151716
264422;Matthis;Abline;18;153567
206306;Jordan;Ferri;18;149534
213325;Facundo;Píriz;60;148818
232499;Sebastián;Píriz;60;148795
246657;Álvaro;Valles;45;151495
225475;Hernani;Azevedo Júnior;54;150279
231185;Gabriel;Osho;14;151880
222298;Ezequiel;Digbeu;18;149643
228932;Grégoire;Amiot;18;150688
230860;Denis Will;Poha;18;151437
231226;Dorian;Caddy;18;150637
204523;Rubén;Pardo Gutiérrez;45;149758
236508;Adrián;Diéguez Grande;45;150958
245388;Jean-Clair;Todibo;18;152383
241941;Stanley;N'Soki;18;152118
264230;Óscar;Ureña García;45;153631
265742;Roy;Kuijpers;34;152401
247135;Andrea;Hristov;9;152079
226564;Petko;Hristov;9;152079
219674;Ventsislav;Hristov;9;148315
223668;Pierre;Bourdin;18;150199
226556;Jimmy;Martinez;55;151315
229466;Cris;Martinez;58;149942
239264;Giovanny;Martinez;56;148555
223284;Pablo;Martinez;18;148419
241017;Filippo Maria;Forni;27;152118
269827;Erhan;Erentürk;48;150708
268821;Seifeddine;Jaziri;145;149871
232100;Assil;Jaziri;145;152234
241850;Mateo;Retegui;27;152138
205512;André;Micael Pereira;38;148402
217565;Jubal Rocha;Mendes Junior;54;150069
238195;Viðar Ari;Jónsson;24;150262
172398;Eggert;Jónsson;24;148232
223755;Marlon;Ritter;21;150481
224937;Johannes;Ritter;13;150604
268213;Paulo Henrique;Rolim;54;151527
251212;Jonathan;Bay;52;149860
236517;Frederik;Bay;13;151507
239360;Pascal;Struijk;34;152242
209277;Nathan;Pond;14;146911
240743;Leonardo;Sequeira;52;150674
270054;Patrick;Sequeira;72;152079
237817;Douglas;Sequeira;72;153739
239989;Terence;Vancooten;79;151652
207619;Warren;Creavalle;79;148958
259383;Edin;Omeragic;47;153194
227989;Eric;Ayuk;103;151337
259853;Maksim;Mukhin;40;153058
232062;Daniel;Sundgren;46;149058
234812;Dominik;Dinga;51;151751
239778;Jakub;Moder;37;152116
260410;Ronny;Maza;61;151420
188536;Sofiane;Hanni;97;149095
271654;Jonathan;Valiente;58;151706
223568;Gjoko;Zajkov;19;150599
231028;Matija;Šarkić;15;151493
257307;Nick;Bätzner;21;152459
275363;Apostolos;Skondras;22;148365
207706;Giannis;Skondras;22;148784
226560;Luke;Watt;42;151460
230682;Marco;Tagbajumi;133;148184
234843;Maxim;Leitsch;21;151790
259307;Malo;Gusto;18;153619
261771;Moïse;Sahi;126;153104
236764;Ao;Tanaka;163;151907
215352;Martín;Luque;52;149888
248856;Danny;Leyva;95;153605
247038;Justin;Haak;95;153005
260050;Yerson;Chacón;61;153635
271121;Quilindschy;Hartman;34;153068
268206;Marlon;Freitas;54;150644
241043;Gonzalo;Freitas;60;149372
182043;Cheng;Zeng;155;147644
237003;Samuele;Birindelli;27;152219
257279;Alejandro;Baena;45;152951
208115;Leonard;Zuta;19;149684
216350;Arijan;Ademi;19;149246
209965;Orhan;Ademi;47;149398
50303;Kemal;Ademi;47;150946
235259;Elvir;Maloku;10;151058
236543;Gastón;Guruceaga;60;150632
271102;Dor;Elo;26;150097
241672;Marko;Lešković;10;149214
272124;Dan;Einbinder;26;147683
272969;Ondrej;Baco;12;151008
275841;Ivan;Fiolić;10;151043
214085;Nicolás;Carreño;56;150033
230598;Jaime;Carreño;55;151351
219647;Agustín;Vuletich;52;149404
269490;Audenirton;Soares da Silva;54;152520
215152;Agustín;Allione;52;150494
50028;Vlad Călin;Morar;39;150041
189819;Rogério;de A. S. Coutinho;54;147715
241938;Nasser;Al Dawsari;183;152007
210602;Salem;Al Dawsari;183;149328
210709;Jamaan Ibrahim;Al Dawsari;183;147806
210902;Abdullah;Al Dawsari;183;148906
232904;Abdulrahman;Al Dawsari;183;151557
231735;Abdulmohsen;Fallatah;183;150358
210854;Fawaz Mohammed;Fallatah;183;148434
191842;Hassan Muath;Fallatah;183;147298
184337;Yo Han;Go;167;148071
223896;Ivan;Kovačec;10;148180
210521;Sokol;Çikalleshi;1;148940
188145;Abdelhamid;El Kaoutari;129;148808
193588;Sergey;Khizhnichenko;165;149295
204092;Janis;Blaswich;21;149219
221932;Maximilian;Oesterhelweg;21;148934
223369;Markus;Ballmert;21;150159
229815;Nico;Antonitsch;4;149370
238934;Max;Kremer;21;148569
239606;Lukas;Scherff;21;151119
242223;Abdullah;Al Hamdan;183;152275
229047;Will;Longbottom;14;152000
231016;Ian;Pino Soler;45;150946
241476;Raúl;Sánchez Sánchez;45;151601
246126;Clinton;Mola;14;152824
189431;Rasmus;Jönsson;46;148759
209504;Branimir;Hrgota;46;149840
242856;Efrain;Alvarez;83;153285
237601;Ulrich;Bapoh;21;152199
239374;Pascal;Kubina;37;152166
272874;Arne;Engels;7;153731
210828;Björn;Engels;7;150451
223370;Mario;Engels;21;150123
258433;Eliot;Matazo;7;153161
210008;Adrien;Rabiot;18;150651
242994;Kerem;Kesgin;48;152694
216594;Nabil;Fekir;18;150027
239496;Yassin;Fekir;18;151414
225934;Cédric;Yambéré;105;149042
262822;Gerasimos;Mitoglou;22;152312
239028;Aboubakary;Koita;7;151917
189561;Bengali-Fodé;Koita;118;149026
239003;Hicham;Mahou;18;152202
208323;Cyriaque;Rivieyran;18;149204
257612;Sékou;Mara;18;153326
272951;Kevin;Castaño;56;152657
210438;Farid;Boulaya;97;149884
277244;Rafael;Marín;45;153254
237849;Ricardo;Marín;83;151731
224921;Adrián;Marín;45;151298
212467;Hedgardo;Marín;83;149880
256871;Antonio;Marín;58;152221
258271;Miguel;Baeza Pérez;45;152471
213676;Mitchell;Beeney;14;150834
242663;Sebastiaan;Bornauw;7;152100
204526;Pablo;Hervías Rubio;45;149895
213376;Jamie;Hanson;14;150872
229202;Jacob;Hanson;14;151623
231875;Abdiel;Ayarza;87;149718
202808;Nicholas;Yennaris;155;149972
204464;Joe;Ralls;14;150114
204529;Michy;Batshuayi;7;150103
210520;Edgar Miguel;Ié;112;150314
188524;Volkan;Babacan;48;148225
271421;Désiré;Doué;18;154365
275208;Guéla;Doué;108;153405
210626;Nikolay;Zaytsev;40;148519
210635;Kortney;Hause;14;150726
186414;Wilfried;Domoraud;18;148232
214441;Alejandro;Contreras;55;149890
215112;Rodrigo;Contreras;52;150858
266464;Iverson;Contreras;61;153708
227146;David;Contreras;56;150231
257218;Francisco;Contreras;83;152154
231596;José;Contreras;61;150497
189792;Temitope;Obadeyi;14;148669
215546;Michael;Brouwer;34;149849
233315;Sean;Clare;14;151185
235820;Paul;Gartler;4;151358
228401;Kyle;Howkins;14;151048
187661;Azamat;Zaseev;40;148182
206423;Varazdat;Haroyan;3;149699
210872;Wanderson;Maciel Sousa Campos;54;150473
215755;Fedor;Černych;30;149238
245900;Luis;Binks;14;152995
268846;Amirhossein;Hosseinzadeh;161;152688
222379;Fernando;Arce;95;151255
253099;Segir;Arce;95;153161
273843;Alex;Arce;58;150725
271619;Patricio;Arce;59;149882
227215;Carlos;Arce;52;148991
175393;Juan Carlos;Arce;53;147006
204449;Stefano;Marzo;7;149178
210361;Bruno;Godeau;7;149593
210476;Markus;Kuster;4;150246
212204;Brandon;Mechele;7;149856
264240;Pablo Martín;Páez Gavira;45;154063
219643;Osman;Hadžikić;4;150995
230021;Joseph;Aidoo;117;150830
230899;Ademola;Lookman;133;151582
262672;Noah;Weißhaupt;21;153013
200780;Gael;Bigirimana;14;150123
206170;Jordan;Turnbull;14;150497
234111;David;Turnbull;42;152210
206317;Nir;Bitton;26;149400
271304;Ben;Bitton;26;149100
213729;Sondre Løvseth;Rossbach;36;150961
213864;Bjørn Inge;Utvik;36;150982
227642;Samuel;Adegbenro;133;150895
238745;Sabawon Wahid;Shamohammad;36;151998
243519;Valentín;Burgoa;52;152613
231538;Brian;Blasi;52;150962
196869;Giacomo;Di Giorgi;61;145500
278107;Changji;Yin;155;150634
224669;Hongbo;Yin;155;148670
279297;Guang;Yin;155;146557
264194;Jens;Castrop;21;153690
236232;Justice;Chabalala;140;149417
260552;Ezequiel;Filippetto;52;147979
272787;Jefferson;Brenes;72;151392
273827;Gustavo;Puerta;56;153684
234352;Mateo;Puerta;56;151452
214662;Reinaldo;Lenis;56;149664
237403;Kahiser;Lenis;87;152954
229982;Nikolaos;Giannakopoulos;22;149878
275261;Lefteris;Astras;22;151334
217086;Cedric;Amissi;102;148811
203594;Hlompho;Kekana;140;147049
241967;Marcel;Costly;21;150882
271240;Luis;Odelus;80;150528
218345;Jonathan;Zacaría;52;148769
210772;Patrick;Drewes;21;149863
239646;Jonah;Osabutey;117;151937
243167;Jack;Vale;50;152812
230068;Dumeaco;Duhaney;14;151940
235869;Marcus;Enström;46;151296
242376;Damir;Bektic;21;151319
210450;Abdoulaye;Touré;18;150255
207946;Ibrahima;Touré;136;147257
209698;Birama;Touré;126;149620
233396;Idrissa;Touré;21;151773
227873;Almamy;Touré;126;151042
258972;Isaak;Touré;18;153567
255529;El Bilal;Touré;126;153026
236675;Kilian;Jakob;21;151679
207887;Fabian;Schnellhardt;21;150205
209193;Patrick;Wiegers;21;148841
246870;Enzo;Díaz;52;150899
254483;Jonathan;Díaz;83;152150
215999;Diego;Díaz;55;147434
235024;Sergio;Díaz;58;151718
231701;Yilton;Díaz;56;149626
240222;Christopher;Díaz;55;150764
241562;Nicolás;Díaz;55;152159
219903;Alex;Díaz;56;148380
246108;Alexander;Díaz;52;152406
221639;Mariano;Díaz;207;150041
241022;Ignacio;Díaz;52;151800
215192;Gastón;Díaz;52;148074
236492;Pedro;Díaz;45;151810
239727;Ricardo;Díaz;83;148225
272404;Diomar;Díaz;61;148794
237978;Jair;Díaz;83;151887
226379;Marcos;Díaz;52;147307
231867;Ismael;Díaz;87;151421
255389;Benny;Díaz;95;152003
214777;Leandro;Díaz;52;149620
218392;Guillermo;Díaz;55;150329
267627;Franco;Díaz;52;152625
231410;Brahim;Díaz;129;152234
214603;Farid;Díaz;56;146376
214436;Paulo;Díaz;55;150430
214372;Wilmer;Díaz;56;144523
272401;William;Díaz;61;146996
214416;Isaac;Díaz;55;148815
241084;Luis;Díaz;56;151302
251387;Luis;Díaz;72;151994
245247;Fabricio;Domínguez;60;151829
237819;Nicolás;Domínguez;52;151833
243201;Alejandro;Domínguez;45;151865
262140;Carlos;Domínguez;45;152792
244558;Idekel;Domínguez;83;152551
218687;Juan;Domínguez;56;147622
216054;Nery;Domínguez;52;148831
217803;Sebastián;Domínguez;55;147975
235714;Misael;Domínguez;83;152319
225878;Cecilio;Domínguez;58;150416
177273;Julio César;Domínguez;83;147948
238982;Utku;Sen;21;151820
262940;Apostolos;Konstantopoulos;22;153329
262262;Jay;Gorter;34;152535
269244;Barry;Lauwers;34;152352
239958;Niels;Leemhuis;34;151560
200353;Adama;Soumaoro;18;149632
264401;Bamo;Meïté;108;152921
205391;Soualiho;Meïté;18;150269
227236;André-Frank;Zambo Anguissa;103;150878
234371;Rémy;Descamps;18;151100
239327;Jean-Christophe;Bouet;18;146377
205686;Téji;Savanier;18;149453
224152;Peterson;da Cruz;54;149942
203709;Maycon;da Cruz;54;149673
216712;Edson;da Cruz;54;149279
215467;Srdjan;Mijailović;51;150142
246918;Jaume;Grau Ciscar;45;151414
230134;Sergio;Molina Beloqui;45;150972
213577;Antonio José;Rodríguez Díaz;45;149514
224981;Aihen;Muñoz;45;151517
240288;Jared;Muñoz;83;151455
226157;Javier;Muñoz;45;150617
216047;Pedro;Muñoz;55;147431
216042;Felipe;Muñoz;55;147000
257077;Zahid;Muñoz;83;152779
203803;Carlos;Muñoz;55;148478
237646;Daniel;Muñoz;56;151070
214753;José Luis;Muñoz;55;147841
259406;Santiago;Muñoz;83;153341
221249;Johan;Muñoz;56;146798
213589;Joaquín;Muñoz;55;149094
227179;Jhonathan;Muñoz;56;148215
257400;Yasin;Ayari;46;153759
184585;Ádám;Bogdán;23;147906
256059;Xeber;Alkain;45;151466
234205;Hiroki;Itō;163;152151
212841;Luis;Fernández Teijeiro;45;150098
270559;Tiago; Santos;38;153319
238958;Rekeem;Harper;14;152452
237866;Jack;Harper;42;150982
241592;Roger;Brugué;45;151232
205639;Rafael;Gálvez Cerrillo;45;149968
207960;Aitor;García Flores;45;150277
215331;Leonardo;Jara;52;149237
244836;Jacopo;Segre;27;151337
193686;Vasco;Regini;27;148984
199584;Maikel;Kieftenbeld;34;148903
211601;Luan;Teixeira;54;149958
247640;Bryan;Teixeira;104;152629
275600;Jucimar José;Teixeira;54;148877
203833;Nils;Teixeira;21;148923
205124;Edigar Junio;Teixeira;54;149223
206093;Pablo;Teixeira;54;149637
205363;Matteo;Bianchetti;27;149904
211361;Danilo;Cataldi;27;150411
213957;Luca;Crecco;27;150807
222153;Cristian;Buonaiuto;27;149826
227701;Mario;Pugliese;27;151009
237910;Manuel ;Morlanes;45;152031
233478;Miha;Zajc;44;150375
235133;Mattia;Finotto;27;149825
206307;Jérémy;Frick;47;149895
209062;Per;Frick;46;149567
238649;Davy;Frick;21;148827
215431;Okan;Kurt;48;150569
137809;Vágner;Silva de Souza;54;146703
253157;Hichem;Boudaoui;97;152285
274343;Gabriel;Buscariol Poveda;54;151842
229158;Branco;van den Boomen;34;150760
196896;Elvis Manuel;Monteiro Macedo;104;147114
211461;Luiz Phellype;Luciano Silva;54;150098
273515;Leonardo;Souza Sena;54;150923
212367;Igor;de Carvalho Julião;54;150428
204644;Simon;Kroon;46;149995
238209;Kasper;Nissen;13;151531
202795;Kgosi;Ntlhe;140;150245
216003;Bartosz;Kapustka;37;151281
234079;Khaly;Thiam;136;150200
228388;Mamadou;Thiam;136;150637
261158;Cheikh Ahadou;Thiam;7;153750
266851;Idrissa;Thiam;127;152630
211805;Demba;Thiam;136;151722
231751;Morgan;Bacon;14;151806
232520;Diallang;Jaiyesimi;14;151781
220714;Philip;Billing;13;151086
261780;Machop;Chol;141;151972
221488;Ryan;Hollingshead;95;149203
235536;Francisco;Venegas;83;151851
229996;Johan;Venegas;72;148333
230644;Vajebah;Sakor;36;151038
236662;Pavle;Vagic;46;152408
223867;Andreas;Gruber;4;150738
210468;Ilya;Kutepov;40;150038
213150;Stanislav;Kritsyuk;40;149067
239934;Dmytro;Grishko;49;147242
256268;Armando;Broja;1;153003
214884;Michał;Nalepa;37;149850
234918;Michał;Nalepa;37;150641
259816;Abdallah;Sima;136;152918
244284;Yannis;Letard;18;151884
201095;Agustín;Marchesín;52;148077
212949;Niels;De Schutter;7;148222
275048;Chemsdine;Talbi;7;154340
245410;Montassar;Talbi;145;151800
224337;Matías;Orihuela;52;149504
266571;Sergio;Bareiro;58;151962
232661;Mariano;Bareiro;52;150625
246690;Adam;Bareiro;58;151131
214027;Nery;Bareiro;58;148064
251183;Antonio;Bareiro;58;148481
214838;Óscar;Opazo;55;149023
176897;Yerson;Opazo;55;146899
237499;Abdelhamid;Sabiri;129;151256
202120;Matan;Ohayon;26;147327
205478;Michael;Krmenčík;12;149902
206341;Eyal;Golasa;26;149377
210006;Thomas;Dähne;21;150197
212129;Borja;López Menéndez;45;150226
223793;Srdjan;Grahovac;8;149725
230046;Luka;Zahovic;44;150877
238456;Faith Friday;Obilor;133;149161
271045;Stanislav;Lunin;165;149950
243952;Andriy;Lunin;49;152061
202380;Zdenek;Folprecht;12;149279
278501;Festus;Baise;158;145181
252074;Agustín;Rogel;60;151579
205942;Silviu;Lung;39;148522
239263;Lucas Alves;Sotero da Cunha;54;149238
260257;Matías;Lacava;61;153412
268474;Lorenzo;Lucca;27;152638
216154;Jordan;Elsey;195;150254
211152;Madallah;Al Olayan;183;150491
229343;Wanderson;Carvalho Oliveira;54;148457
263829;Vítor Manuel;Carvalho Oliveira;38;152459
225701;Pedro;Gallese;59;148786
206604;Carlos;Labrín;55;149068
211839;Sören;Eismann;21;148181
212242;Robert;Andrich;21;150458
214948;Sebastian;Schonlau;21;150410
232406;Robin;Krauße;21;150285
238927;Jeroen;Gies;21;150581
168244;Giorgos;Vasiliou;11;146704
215062;Emilio;Zelaya;52;147847
241415;Rasmus;Wiedesheim-Paul;46;152058
242157;Mohsin Jawhar;Al Khaldi;178;148230
241465;Víctor;Moya Martínez;45;151450
241869;Moctar Sidi;El Hacen;127;151654
220648;Jordano;Cisterna;55;150956
238734;Tom;Müller;21;151620
239928;Tobias;Müller;21;150382
234381;Jannik;Müller;21;150211
234846;Sven;Müller;21;150970
208984;Jim-Patrick;Müller;21;148583
234833;Florian;Müller;21;151606
231840;Valentino;Müller;4;152038
217243;Max;Müller;21;150329
257283;Andreas;Müller;21;152586
234413;Felix;Müller;21;149855
208375;Marius;Müller;21;150021
211883;Korbinian;Müller;21;149134
150430;Gerrit;Müller;21;146657
272500;Carlos;Baleba;103;153848
229905;Abdülkerim;Bardakcı;48;150443
277797;Marcos;Leonardo;54;153602
216749;Carlos Manuel;Cardoso Mané;38;150263
220085;Luca;Waldschmidt;21;151063
240451;Jan-Niklas;Beste;21;152023
203888;Eric Fernando;Botteghin;54;147879
208004;Joël;Veltman;34;149477
215942;Mohamed;El Makrini;34;147823
224019;Pedro;Chirivella;45;151432
233098;Sherel;Floranus;85;151889
259074;Albian;Hajdari;47;153618
260149;Markus;Solbakken;36;152591
242090;Ola;Solbakken;36;151904
227667;Isaac;Mbenza;7;150991
230043;Faitout;Maouassa;18;151841
275298;Aleksandar;Pavlović;21;153969
234636;Andrija;Pavlović;51;150148
254840;Strahinja;Pavlović;51;152894
212449;Mateo;Pavlović;10;148892
237138;Youssef;Maziz;18;151829
239589;Wilfried;Kanga;18;151706
213353;Kaku Guélor;Kanga;115;148976
203815;Paul;Delecroix;18;148289
237509;Bryan;Lasme;18;151972
199487;Alejandro;Gálvez Jimena;45;148524
212196;Pione;Sisto;13;150593
225567;Eneko;Capilla González;45;150722
221286;Ricardo Alvares;Guedes Vaz;38;150523
244661;Victor;Alexander da Silva;54;152223
238562;Philipp;Hoffmann;21;149633
238675;Lukas;Hoffmann;21;151392
234123;Felipe Araruna;Hoffmann;54;150995
238670;Kevin;Hoffmann;21;150715
239776;Jannes;Hoffmann;21;150993
238813;Josh;Lundstram;14;152069
212126;Nikola;Ninković;51;150546
224880;Moustapha;Beye;136;150776
235460;Bahadır;Güngördü;48;150939
188840;Hugo Miguel;Almeida Costa Lopes;38;147624
187570;Douglas Renato;de Jesus;54;146243
197965;Luis Miguel;Afonso Fernandes;38;148646
260595;Jari;Vlak;34;151881
213626;Fernando;Hurtado;55;146270
212456;Avilés;Hurtado;56;147746
212750;Erik;Hurtado;95;149051
232405;Yhorman;Hurtado;56;151272
228232;José;Hurtado;57;153107
233543;Luis;Hurtado;56;150645
229889;André;Bukia;110;150620
213051;Mohamed;Elneny;111;149655
229620;Vladimir;Rodić;15;150078
213163;Milan;Rodić;51;149189
239151;Aris;Vaporakis;13;150564
239161;Nicolas;Mortensen;13;150309
228684;Ryan;Nyambe;131;151627
258906;Wilfried;Gnonto;27;153789
214896;Paul;Mullin;14;150503
219896;Dávid;Holman;23;149904
205401;Valeri;Qazaishvili;20;149857
213751;João Diogo;Serpa Meira;38;147756
237152;Daleho;Irandust;46;151809
237352;Kim;Skoglund;46;147876
189581;Ruslan;Kambolov;40;148733
241278;Olimpiu;Moruțan;39;152134
215994;Alexandr;Cherevko;40;147968
220630;Nuno Miguel;Monteiro Rocha;104;149547
228675;Dmitriy;Barinov;40;151178
210347;Ivan;Lučić;4;150640
235472;Diego Gustavo;Ferraresso Scheda;54;149604
239179;Zoran;Arsenić;10;150346
244674;Osaze;Urhoghide;14;152570
258715;Benedict;Hollerbach;21;152887
237373;Fernando;Ortíz;83;149648
240576;Mauro;Ortíz;52;150465
211074;Arturo;Ortíz;83;149700
241404;Maximiliano;Ortíz;53;148651
241010;Marcelo;Ortíz;52;150206
215070;Guillermo;Ortíz;52;149684
242763;José;Ortíz;56;151974
198129;Celso;Ortíz;58;148393
210601;Thomas;Ebner;4;149515
226627;Takumi;Minamino;163;150574
234774;Konstantinos;Laifis;11;149967
239076;Abdul Manaf;Nurudeen;117;152058
216526;Alex;Gogić;11;150296
232754;Thomas Olivier;Amang;103;151694
215010;Emanuel;Brítez;52;149548
215160;Fabrizio;Angileri;52;150267
228838;Eric;Remedi;52;150713
233372;Bautista;Merlini;52;150743
234468;Emanuel;Reynoso;52;150878
275547;Omar;Abdulrahman;190;149360
272311;Khaled;Abdulrahman;190;148368
168807;Alexandr;Mokin;165;145615
264414;Jurgen;Çelhaka;1;152725
245622;Shuto;Machino;163;152292
278052;Qing;Wu;155;145630
278144;Yan;Wu;155;148374
278080;Gaojun;Wu;155;146971
221445;Lei;Wu;155;149420
221854;Xinghan;Wu;155;149883
217153;Xi;Wu;155;148417
278116;Yongchun;Wu;155;148456
278073;Wei;Wu;155;146244
279557;Wei;Wu;155;151325
278058;Yake;Wu;155;149131
218248;Denis;Polyakov;6;149204
251942;João Pedro;Loureiro da Costa;38;152470
238943;Matej;Palčič;44;150000
263673;Andrew;da Silva Ventura;54;152932
241575;Mats;van Kins;34;152005
50047;Jonatan;Bauman;52;149186
50558;Nikolaos;Kritikos;22;150498
275243;Pavlos;Kyriakidis;22;149343
208241;Evripidis;Giakos;22;149196
219193;Viera;Ellong Doualla;112;147801
210058;Georgios;Athanasiadis;22;149874
220356;Amaar Ali;Al Dohaim;183;150071
235500;Abdulmalek;Al Shammary;183;150785
225847;Stevie;Mallan;42;151008
186241;Henrik;Ojamaa;208;149237
217110;Viktor;Pečovský;43;146319
219907;Naser;Aliji;1;150189
235506;Jorge;Faúndez;55;151027
234520;Rubén;Cepeda;55;150361
246458;Benjamín;Galdames;83;152805
239464;Thomas;Galdames;55;151978
219127;Pablo;Galdames;55;151288
203835;Dirk;Orlishausen;21;146037
224091;Dennis;Rosin;21;151102
239418;Lion;Lauberbach;21;151700
240681;Jan;Hoekstra;34;151870
243538;Karlo;Letica;10;151331
215490;Sebastian;Ramhorn;46;151047
223189;Johan;Ramhorn;46;151047
223908;Victor;Wernersson;46;150745
238009;Martin;Frese;13;151658
239553;Tom;Bayliss;14;152115
270371;Ryan;Andrews;14;154084
241280;Jake;Andrews;14;151576
215213;Axel;Werner;52;150982
212188;Timo;Werner;21;150989
224263;Jonjoe;Kenny;14;151363
208354;Stephen;Kenny;25;149962
212190;Niklas;Süle;21;150804
214197;Julián;Guillermo;56;148791
220708;Brandon;Borrello;195;150764
227604;Felix;Platte;21;150965
233135;Thomas;Blomeyer;21;151038
221346;Martin;Samuelsen;36;151396
238993;William;Graham;42;152193
211604;Liam;Roberts;14;150521
240649;John;Roberts;195;152770
206558;Jordan;Roberts;14;150198
258931;Hayden;Roberts;14;153245
228829;Marc;Roberts;14;148939
239514;Callum;Roberts;14;152274
234674;Kory;Roberts;14;151640
225147;Connor;Roberts;50;150824
221982;Patrick;Roberts;14;151325
228815;Tyler;Roberts;50;152031
236593;Calvin;Stengs;34;152006
205632;Lucas;Ocampos;52;150385
272433;Jorge;Herrando;45;152809
235553;Yoann;Salmier;18;149788
266032;Jamie;Bynoe-Gittens;14;154066
218292;David;Djigla;99;150793
238056;Julien;Masson;18;151823
192122;Eneko;Bóveda Altube;45;148350
239373;Zian;Flemming;34;151867
207410;Mateo;Kovačić;10;150319
268150;Charalampos;Chantzopoulos;22;150382
208510;Pelayo;Novo García;45;149037
220216;Sean;Heaney;25;150950
234764;David;Haro Iniesta;45;148930
251381;Philippe;Keny;136;152157
246669;Bukayo;Saka;14;152998
211667;Patryk;Stępiński;37;150574
208306;Mariusz;Stępiński;37;150690
215358;Marcelo;Meli;52;149634
205406;Luca;Martinelli;27;148356
251566;Gabriel;Martinelli;54;152919
208146;Davide;Adorni;27;149684
228114;Roger;Ibañez da Silva;54;151981
186748;Vitor Hugo;Gomes da Silva;38;147995
230147;Falaye;Sacko;126;150679
209484;Hadi;Sacko;18;150276
264066;Serdar;Saatçı;48;153525
259563;Daan;Rots;34;152956
235828;Marcos André;Costa Valente;38;150228
212167;Charles;Vernam;14;151205
194569;Casper;Sloth;13;149548
212170;Mikkel;Desler;13;150608
222114;Alex;Lacey;14;149979
240611;Dru;Yearwood;14;152432
179757;Zoumana;Bakayogo;108;147494
231613;Shawn;McCoulsky;14;151295
242907;Bryan;Reynolds;95;152929
205138;Ferhan;Hasani;19;148901
161314;Alexandr;Dimidko;40;147291
185072;Mihail;Aleksandrov;9;148529
199290;Arsen;Khubulov;40;149079
201214;Apti;Akhyadov;40;150064
206138;Alexey;Berezin;40;149934
233441;Tolaji;Bola;14;152023
225775;Marc;Bola;14;151632
260563;Erickson;Gallardo;61;150712
241566;Nahuel;Gallardo;52;151783
226045;Jesús;Gallardo;83;150420
213449;Paweł;Stolarski;37;150951
271159;Julián;Benitez;58;147793
210005;Christoph;Martschinko;4;150237
223224;Marin;Jakoliš;10;151284
258378;Mika;Godts;7;154369
235428;Florian;Fischerauer;4;152020
242426;Edwuin;Cetré;56;151655
271197;Lameck;Banda;147;152779
239258;Emmanuel;Banda;147;151559
271000;Jacob;Banda;147;148043
231620;B.J.;Banda;140;151806
262255;Alex;Bangura;138;152213
204820;Gary;Mackay-Steven;42;148975
203778;Alex;Horwath;95;147722
204850;Tokmac Chol;Nguen;36;150121
228393;Robert;Kling;36;151410
231913;Fredrik;Aursnes;36;150902
236471;Markus;Kaasa;36;151485
215234;Ismael;Quílez;52;148687
252188;Emanuel;Maciel;52;151741
240457;Alejandro;Maciel;52;151401
234223;Leandro;Maciel;52;150921
262666;Philipp;Treu;21;152722
237337;Thibaud;Verlinden;7;152209
270747;Modou;Tambedou;136;153940
244108;Hyun-seok;Hong;167;152186
233012;Jeong Un;Hong;167;150526
233016;Seung Hyeon;Hong;167;151286
233284;Joon Ho;Hong;167;150112
199236;Chul;Hong;167;148992
187275;Jung Nam;Hong;167;148143
200588;Jeong Ho;Hong;167;148591
209873;Kgotso;Moleko;140;148606
266518;Artem;Gromov;49;148746
278038;Ke;Shi;155;149836
222274;Xiaotian;Shi;155;148797
278042;Xiaodong;Shi;155;151346
224413;Nicolás;Giraldo;56;149916
241267;Mateo;Giraldo;56;151708
214005;Víctor;Giraldo;56;147179
214093;Carlos;Giraldo;56;145035
214019;Daniel;Giraldo;56;149645
234967;Juan;Giraldo;56;151490
221253;César;Giraldo;56;148634
237983;Miguel;Nazarit;56;151780
212317;Jucimar;Lima Pacheco;54;148389
262295;Igor;Vekič;44;151780
275560;Nicolás;Vichiatto;54;151494
203870;Giannis;Kontoes;22;147415
239842;Giorgios;Giakoumakis;22;150536
275346;Petros;Giakoumakis;22;149617
225834;Jacob;Poscoliero;195;148833
235940;Adam;Parkhouse;195;149812
208953;Mohammed;Al Qarni;183;148695
208968;Fawaz;Al Qarni;183;149555
235902;Mohammad;Al Qarni;183;150287
234586;Dhaifallah;Al Qarni;183;148312
231647;Mohammed Hassan;Asiri;183;149754
238909;Mousa;Asiri;183;149473
257842;Haitham;Asiri;183;152834
210922;Bader Mansour;Al Seliteen;183;148929
255432;Kevin;Salvatierra;53;152967
216808;José;Salvatierra;72;148650
214632;Francisco;Piña;55;148017
211915;Fabio;Leutenecker;21;148806
238803;Tom;Baumgart;21;151605
268222;Rodrigo;Becão;54;150942
242199;Christopher;McVey;46;151391
238880;Jean Carlos;Pestaña;56;151526
231752;Reno;Wilmots;7;151364
212879;Sven;Michel;21;148928
247354;Benji;Michel;95;151585
209423;Mathieu;Michel;18;149344
254653;Matías;Arezo;60;153440
213152;Carlton;Morris;14;150908
226035;Jordan;Morris;95;150492
255145;Aidan;Morris;95;153070
208852;Kieron;Morris;14;150347
212682;Bryn;Morris;14;151039
238296;Boris;Mathis;18;151516
199883;Kingsley;Onuegbu;133;147335
229692;Jannik;Huth;21;150298
236553;Elias;Huth;21;151330
225908;Reece;Oxford;14;152004
225493;Niall;Maher;14;150770
234604;Niall;Maher;14;152142
242007;Corey;Whelan;25;151635
240146;Mikey;Whelan;25;152146
205190;Baïssama;Sankoh;118;149542
262029;Mohamed;Sankoh;34;153769
247246;Khéphren;Thuram;18;152835
228093;Marcus;Thuram;18;151507
238922;Mark-Anthony;Kaye;70;150529
237600;Bassem;Srarfi;145;151465
230858;Samuele;Perisan;27;151522
225647;Martín;Campaña;60;148516
260082;Jesús;Vázquez;45;153482
232171;Mariano;Vázquez;52;149817
252006;Brayton;Vázquez;83;151718
214666;Fabio;Vázquez;52;150243
207471;Franco;Vázquez;27;148420
228716;Kevin;Vázquez;45;149910
255209;Ivo;Vázquez;83;152674
208618;Lucas;Vázquez;45;149279
251651;Luis;Vázquez;52;152864
226288;Samuel;Casado Conde;45;151305
229865;Óscar Francisco;García Quintela;45;151092
218985;Rafał;Augustyniak;37;150115
255010;Naci;Ünüvar;34;153644
228243;Noah;Loosli;47;151312
207684;Giannis;Gianniotas;22;149947
211348;Stole;Dimitrievski;19;150187
215148;Mariano;Bíttolo;52;148846
228221;Bernabé;Barragán Maestre;45;149877
225010;Gyamfi;Kyeremeh;7;150626
254268;Denilho;Cleonise;34;153092
244274;Adrian;Šemper;10;151666
244193;Jovane Eduardo;Borges Cabral;104;151819
236529;Steven;Alzate;56;151905
205943;Vlad;Chiricheş;39;148685
226710;Gianluca;Scamacca;27;152020
228519;Rafik;Zekhnini;36;151666
206042;Jacopo;Dezi;27;149503
220517;Francesco;Di Mariano;27;151034
225014;Gaetano;Castrovilli;27;151337
224718;Taylan;Antalyali;48;150566
274351;Kamil;Doğan;48;153523
235297;Matúš;Bero;43;150807
256852;Rubén;Del Campo;47;152437
217235;Zainadine;Chavango Júnior;130;148177
259584;Matteo;Ruggeri;27;153307
211784;Neal;Maupay;18;151150
211988;Jerome;Kiesewetter;95;149868
235226;Ângelo;Pelegrinelli Neto;54;149342
272777;Bashir;Humphreys;14;153554
240345;Idris;Kanu;14;152358
240347;Arthur;Gnahoua;14;149558
210244;Lee;Angol;14;150409
224088;Nigel;Atangana;18;148619
271056;Marcos Felipe;de Freitas;54;151027
216410;Vinícius;de Freitas;54;149894
189721;Arnór;Smárason;24;148252
226538;Haukur Heiðar;Hauksson;24;149341
233569;Fernando;Saucedo;53;148806
226580;Sebastian;Saucedo;95;151311
236705;Edvin;Dahlqvist;46;152184
209346;Kirill;Panchenko;40;148656
213159;Grigoriy;Morozov;40;150350
213955;Sardar;Azmoun;161;150559
248199;Valentin;Antov;9;152698
224304;Łukasz;Moneta;37;150326
184183;Sebastien;Dewaest;7;149244
200155;Hans;Vanaken;7;149699
204352;Dino;Arslanagic;7;149942
269153;Anton;Gaaei;13;153438
212023;Robert;Berić;44;149265
224588;Petar;Gluhakovic;4;151008
237181;Yoan;Severin;18;151313
277426;Carlos;Forbs;38;153924
240176;Maximiliano;Perg;60;149356
197900;Pajtim;Kasami;47;149616
199283;Ermir;Lenjani;1;148584
266474;Cihan;Çanak;7;154236
240536;Marco;Delley;47;148202
222003;Jake;Hyland;25;150780
191096;Khaleem;Hyland;93;148523
186549;Exequiel;Benavidez;52;148431
235927;Maximiliano;Cuadra;52;150715
231455;Adrián;Cuadra;55;151585
238684;Jeremias;Lorch;21;150894
229128;Thembinkosi;Lorch;140;150031
262053;Kayky;da Silva Chagas;54;153642
258923;Sergio;Arribas Calvo;45;153023
172834;Vladyslav;Kabaev;49;150802
279482;Doniyor;Usmanov;191;150351
169941;André Filipe;Alves Monteiro;38;151729
220712;Thalles Lima;de Conceição Penha;54;150696
230802;Hassan Mohammed;Al Amiri;183;150304
188124;Simao;Mate Junior;130;148206
50357;Paraskevas;Lykourgos;22;152232
272861;Fotis;Papoulis;22;146928
228305;Matheus;Sávio;54;151394
231232;Omar;Marrufo;83;149646
251917;José;Marrufo;61;151056
240352;Jeider;Riquett;56;148862
241479;Mario;Hernández Fernández;45;152044
241901;Redha;Fresneau;97;151918
241981;Eulânio Ângelo;Chipela Gomes;119;150330
240916;Dejan;Ljubicic;4;151570
230072;Riad;Bajić;8;150319
206408;Terrence;Boyd;95;149144
230722;Sean;Boyd;25;151825
211672;Tyler;Boyd;95;150557
243514;Jonathan;Meier;21;152334
210477;Patrick;Möschl;4;149893
259675;Berkan;Kutlu;48;151679
207884;Willian;Souza ;54;149534
233880;Gino;Fechner;21;151537
236627;Julius;Kade;21;152159
266433;Anton;Kade;21;153862
236782;Arthur;Gomes Lourenço;54;151838
243675;Kjell;Scherpen;34;152407
228472;Mandela;Egbo;14;151518
208781;Wouter;Marinus;34;150607
211174;Fabian;Sporkslede;34;150043
212538;Jaroslav;Navrátil;12;149461
220118;Iliass;Bel Hassani;129;149722
236572;Owen;Wijndal;34;152351
212219;Alexander;Djiku;117;150414
215023;Pablo;Míguez;60;147806
257118;Ilan;Kebbal;97;151845
256788;Ismaël;Boura;18;152611
237198;Antoine;Leautey;18;151028
189575;Iker;Muniain Goñi;45;149816
193152;Iago;Herrerín Buisán;45;148026
186117;Jordon;Mutch;14;149433
276491;Sandro;Altunashvili;20;151428
208045;Oussama;Tannane;129;150275
225562;Martin;Merquelanz;45;150721
257427;Pedro;Pedraza;83;152505
231598;Pablo;Pedraza;53;150627
272236;Pablo;Pedraza;53;150627
228053;Shayon;Harrison;14;151483
232080;Jack;Harrison;14;151248
203287;Ellis;Harrison;50;150222
252025;Koba;Koindredi;18;153050
192129;Kristoffer;Nordfeldt;46;148541
209937;Joaquín;Marín Ruíz;45;144844
242769;Samuel;Vines;95;152170
225204;José Raúl;Gutiérrez Parejo;45;151288
234763;Ramón;Folch Frigola;45;148644
236217;Phil;Neumann;21;151478
239396;Justin;Neumann;21;151730
211110;Paulo;Dybala;52;150147
264027;Sacha;Delaye;18;153228
199683;Kamil Ahmet;Çörekçi;48;149494
246960;Mohamed;Ihattaren;34;153158
254796;Noni;Madueke;14;153184
223934;Barış;Yardımcı;48;149689
224724;Tayfur;Bingöl;48;149839
233877;Lucas;de Vega;54;152400
248687;Ben;Cabango;50;152535
240999;Pavol;Safranko;43;150513
217992;Mark;Timlin;25;150514
209750;Ian;Lawlor;25;150493
252923;Edgar;Games;83;152801
272073;Iraneuton;Sousa;54;147474
263018;David;Sousa;54;152935
215812;Erico;Sousa;38;150629
222716;Éverton;Sousa;54;151005
275667;Matheus;Sousa;54;151389
226109;Tyler;Hornby-Forbes;14;150991
239836;Thomas;Verheydt;34;149486
263851;Alexander;Paulsen;198;153300
198538;Bjørn;Paulsen;13;149280
214594;Matías;Laba;52;149442
219461;Erik;Palmer-Brown;95;151403
222922;Jake;Hesketh;14;151010
235755;Auston;Trusty;95;151878
251116;Tomáš;Holeš;12;149918
237218;Jacori;Hayes;95;150737
219872;Dylan;Hayes;25;150657
237257;Jackson;Yueill;95;151366
268701;Dor;Peretz;26;150695
277823;Daniel;Peretz;26;152576
18772;Edrick;Menjívar;81;149888
235777;Sekou;Konde;118;149985
240862;Khamzat;Nasurov;40;152224
238194;Nahuel;Bustos;52;151839
236441;Fabricio;Bustos;52;151042
261620;Abel;Bustos;52;152157
189655;Zdeněk;Ondrášek;12;148358
222163;Róbert;Pich;43;148318
164878;Lior;Refaelov;26;147387
206544;Roman;Bezus;49;149001
210667;Floriano;Vanzo;7;150311
212120;Michael;Heylen;7;150196
228983;Maximiliano;Caufriez;7;151336
263624;Aske;Sampers;7;152890
239853;Mirlind;Kryeziu;219;151315
203461;Hekuran;Kryeziu;219;149871
238580;Idriz;Voca;219;151424
204322;Rory;McKenzie;42;150108
242555;Mark;McKenzie;95;152075
257191;Anton;Stach;21;151973
238228;Axel;Bordón;52;151011
258396;Cenk;Özkacar;48;152664
248793;Mats;Wieffer;34;152339
253346;Roberto;Garcés;57;150015
259657;Renzo;Garcés;59;151087
241031;Facundo;Garcés;52;152267
260332;Robert;Garcés;61;149923
161882;Joan Tomás;Campasol;45;147043
279268;Yongchi;Lei;155;148369
219782;Tenglong;Lei;155;149114
190501;Nenad;Krstičić;51;148978
211041;Svetoslav;Dyakov;9;146692
192349;Renato Ribeiro;Calixto Aguiar;54;148279
222541;Praxitelis;Vouros;22;150683
224445;Gladwin;Shitolo;140;148589
269509;David;Doudera;12;151805
271641;Rodolfo;Gamarra;58;148346
273101;Mehdi;Kiani;161;147646
228665;Ronaldo;Ariza;56;151671
232125;Jhonier;Viveros;56;149581
221403;Fabiano;Leissmann;54;149419
180740;Nikolai;Topor-Stanley;195;146976
232896;Takumi;Miyayoshi;163;149682
237293;Jhonnattann;Benites;54;148575
191115;Judelin;Aveska;80;147991
217118;Kevin;Lafrance;80;148745
238787;Leander;Wasmus;21;151410
239172;Maximilian;Engl;21;151654
255157;Yutaro;Oda;163;152974
50442;Saado Abdelsalam;Fouflia;180;151321
242354;Evson;Patrício;54;149075
178005;Rui;Patrício;38;148047
234433;Ícaro;do Carmo Silva;54;148473
238058;Callum;O'Hare;14;151775
238340;Joe;Slinn;14;152015
241829;Lucas;de Souza Cunha;54;151312
235834;Fabio;Depaoli;27;151403
242101;Geun Ho;Lee;167;151065
237030;Jeong Bin;Lee;167;150569
234331;Jung Jin;Lee;167;150185
210108;Elliot;Lee;14;150543
222052;Myung Jae;Lee;167;150136
212346;Seok Hyun;Lee;167;148896
237101;Seung Mo;Lee;167;151743
237095;Ji Hoon;Lee;167;150276
237103;Myeong Geon;Lee;167;150401
221756;Gwang Hyeok;Lee;167;150812
212756;Hoo Gwon;Lee;167;149035
233772;Dong Su;Lee;167;150347
210941;Chang Geun;Lee;167;150070
237771;Sang Min;Lee;167;150700
207510;Tadanari;Lee;163;147259
237093;Eun Beom;Lee;167;150953
238578;Jin Hyun;Lee;167;151527
228007;Yeong Jae;Lee;167;150449
212066;Ki Je;Lee;167;149287
232000;Seung Woo;Lee;167;151660
233161;Rae Joon;Lee;167;151367
238267;Tae Min;Lee;167;151793
221467;Chang Min;Lee;167;150213
204721;Jong Won;Lee;167;148440
237102;Sang Ki;Lee;167;151051
233568;Sang Heon;Lee;167;151711
232997;Han Do;Lee;167;150268
232191;Ho Seung;Lee;167;148722
212532;Sang Hyeob;Lee;167;148733
207542;Seul Chan;Lee;167;150055
213316;Kwang Sun;Lee;167;148616
222651;In Kyu;Lee;167;149722
233280;Min Gi;Lee;167;149967
221475;Chan Dong;Lee;167;149838
238098;Soon Min;Lee;167;150335
207565;Hyo Gyun;Lee;167;148073
238089;You Hyeon;Lee;167;151328
237087;Jae Hyeong;Lee;167;151749
208067;Jin Hyung;Lee;167;148054
222600;Tae Hee;Lee;167;150674
240270;Hyun Woo;Lee;167;150272
208332;Yang Jong;Lee;167;148565
203015;Woong Hee;Lee;167;148201
202989;Jong Ho;Lee;167;149517
202977;Jong Sung;Lee;167;149680
202305;Seung Gi;Lee;167;148155
200681;Kyung Ryul;Lee;167;148017
200577;Yong;Lee;167;147629
191924;Bum Young;Lee;167;148459
191874;Ji Nam;Lee;167;146866
191871;Yong Rae;Lee;167;147378
187180;Kyu Ro;Lee;167;148234
187176;Yun Pyo;Lee;167;146788
176406;Sang Ho;Lee;167;147765
176403;Keun Ho;Lee;167;147007
191814;Jae Sung;Lee;167;148188
260740;Jackson;Porozo;57;152601
229912;Joshua;Emmanuel;14;151519
241651;Viktor;Gyökeres;46;151809
195033;Mathew;Leckie;195;149132
216284;Florian;Ballas;21;149836
207703;Panagiotis;Ballas;22;150077
222484;Daniel;Mesenhöler;21;150763
268466;Sergio;Kalaj;1;152412
256555;Rodrigo;Bogarín;58;151433
223308;Fernando;Andrade;54;149836
267909;Kervin;Andrade;61;154314
258302;Alejandro;Andrade;83;152978
252873;Andrés;Andrade;87;148421
204032;Edenílson;Andrade;54;148719
231013;Tomás;Andrade;52;151244
204664;David;Andrade;83;150018
252387;Kevin;Andrade;56;152189
214376;Darwin;Andrade;56;149139
261756;Thiago;Andrade;54;152689
202443;Rildo;Andrade;54;148446
50085;Yuri;Oliveira;54;150410
226463;Victor;Oliveira;54;150341
215648;Adilson;Oliveira;54;147932
273529;Matheus;Oliveira;54;151560
176425;Éder Luís;Oliveira;54;147015
187945;Renan;Oliveira;54;148730
198031;Sérgio;Oliveira;38;149616
177905;Vinicius;Oliveira;54;147407
187938;Stanislas;Oliveira;18;148088
253537;Byron;Castillo;57;151968
212878;Nicolás;Castillo;55;149873
259612;Jesús;Castillo;59;152912
261820;Walter;Castillo;83;151572
214172;Fabio;Castillo;56;148809
214360;Víctor;Castillo;56;147827
229402;Daniel;Castillo;55;149028
239461;José Alberto;Castillo;83;150655
253807;Gonzalo;Castillo;60;149022
240749;Johan;Castillo;55;152095
270207;Eryc;Castillo;57;150594
263630;José;Castillo;83;153086
206313;Joseph;Lopy;136;149537
259190;Dion;Lopy;136;153148
223138;Anthony;Briançon;18;150526
252931;Luka;Ivanušec;10;151984
233767;Sofiane;Alakouch;129;151864
210514;João;Cancelo;38;150340
242288;Ivica;Ivušić;10;150590
246814;Ísak;Jóhannesson;24;153562
210940;Simone;Perilli;27;150565
243378;Manuel;Wintzheimer;21;152029
256022;Víctor;Abrego;53;151331
260593;Gonzalo;Abrego;52;152390
233591;Carlos;Pomares Rayo;45;149802
233911;José Joaquín;Matos García;45;150684
240201;Ignacio;Méndez Fernández;45;151743
240859;Juan;Berrocal;45;152358
220502;Mattia;Zaccagni;27;150725
231022;Cristian;Dell'Orco;27;150234
204633;Michele;Pellizzer;27;148509
219984;Mattia;Aramu;27;150692
235163;Michele;Castagnetti;27;148728
216461;Gaizka;Larrazabal;45;151640
239412;Giuseppe;Loiacono;27;149376
274352;Mehmet;Kuzucu;48;153743
239049;Okechukwu;Azubuike;133;151398
209288;Florent;Mollet;18;149420
230885;Bruno;Henrique;54;149096
232440;Caio;Henrique;54;151501
254487;Matheus;Henrique;54;151642
256632;Luis;Henrique;54;153098
264321;Oday;Dabbagh;180;151991
271638;Ismajl;Beka;219;152323
260577;Cisse;Sandra;7;153830
237670;Bruno Alexandre;Vieira Almeida;38;151625
240313;Jordon;Garrick;82;151850
231828;Frederik;Tingager;13;149881
237031;Bernardo;Cuesta;52;148356
215054;Víctor;Cuesta;52;148325
233841;Carlos;Cuesta;56;152087
214353;William;Cuesta;56;149878
220563;Luis;Cuesta;56;150143
260086;Alejandro;Millán;45;152330
253728;Óscar;Millán;83;152947
263046;Oliver;Strunz;4;152550
212090;Ricardo;Almeida-Santos;38;150727
222463;Otis;Khan;179;151172
233289;Olufela;Olomola;14;151537
245898;Caniggia;Elva;70;151119
229291;Slobodan;Urošević;51;150298
224062;Patryk;Dziczek;37;151738
251436;Tiago Filipe;Oliveira Dantas;38;152743
277867;Kevon;Lambert;82;151370
251539;Boris;Lambert;7;152485
208684;Christian;Dobnik;4;147462
215970;Boli;Bolingoli;7;150740
193317;Eoin;Wearen;25;149738
258528;Facundo;Mater;52;151858
242575;Bertrand;Owundi Eko'o;103;150116
261656;Cody;Mizell;95;149370
237512;Gastón;Togni;52;151552
237247;Máté;Vida;23;150991
199206;Domagoj;Vida;10;148486
247040;Orest;Lebedenko;49;152011
220742;Zoran;Kvržić;8;148221
237109;Oleksandr;Karavaiev;49;149616
266392;Antonio;Foti;11;153787
273008;Rasoul;Navidkia;161;146530
273002;Moharram;Navidkia;161;146530
273011;Amin;Manoochehri;161;147308
270328;Donat;Rrudhani;219;152141
228543;Yazeed;Al Sayyah;183;150852
240683;Ludovit;Reis;34;152537
230625;Matheus;Reis;54;150607
197775;Nika;Dzalamidze;20;149468
274009;Andrew;Vanzie;82;149062
209017;Samuel;Rosa Gonçalves;54;149153
238594;André;Dej;37;149499
238599;Nico;Granatowski;21;149251
238636;Rico;Preißinger;21;151126
241690;Matty;Wolfe;14;152548
241382;Rayhaan;Tulloch;14;152770
241851;Stephan;Tantow;21;148612
198019;Pascal;Testroet;21;149001
241092;Ibrahim;Abdullahi;133;151231
227638;Suleiman;Abdullahi;133;151268
228883;Benedikt;Gimber;21;151339
231227;Niklas;Dorsch;21;151669
234196;Jordy;Bruijn;34;151128
216055;Federico;Carrizo;52;149234
221952;Lucas;Carrizo;52;151429
238397;Giuseppe;Leo;21;150588
236909;Jayden;Mitchell-Lawson;14;152279
231442;Marcus;Browne;14;151641
216464;Alan;Browne;25;150663
237631;Lebo;Mothiba;140;150951
265405;Jesús Lázaro;Owono;112;152810
263808;Gökhan;Sazdağı;48;150456
220843;Alejandro;Peñaranda;56;150136
231638;Adalberto;Peñaranda;61;151440
231554;James;Justin;14;151708
240834;Lazar;Carević;15;152094
277060;Gabriel;Sigua;20;154392
221168;Dawid;Kownacki;37;151362
223697;Robin;Gosens;21;150379
215015;Bruno;Bianchi;52;148415
204061;Marcello;Falzerano;27;149199
210858;Simone;Pecorini;27;149840
220464;Simone;Emmanuello;27;150308
220816;Ransford;Selasi;117;151155
204383;Barry;McNamee;25;149510
269511;Martin;Jedlička;12;151678
242374;Musa;Barrow;116;151972
207645;Modou;Barrow;116;149749
266253;Iván;Fresneda Corraliza;45;154109
205049;Nick;Ansell;195;150226
229764;Iñigo;Córdoba;45;151361
212477;Jherson;Córdoba;56;148041
241603;Nelson;Córdoba;56;151314
262423;Aitor;Córdoba;45;150699
226543;Ramón;Córdoba;56;148619
232949;Danilson;Córdoba;56;147520
218727;Francisco;Córdoba;56;148253
210287;Jhon;Córdoba;56;149959
213987;Elacio;Córdoba;56;150122
241301;Justin;Shonga;147;151233
198479;Paulus;Arajuuri;17;148168
252512;Anthony;Rouault;18;152899
213686;Donald;Love;42;150529
234393;Marco;Ramkilde;13;151783
256039;Jonathan;Perez;83;153649
239088;Rafael;Perez;56;148741
229837;David;Perez;55;151332
222970;Erhun;Oztumer;14;149246
223727;Craig;MacGillivray;14;149840
232438;Gevaro;Nepomuceno;85;149777
207678;Sanmi;Odelusi;14;149990
226261;Callum;Ainley;14;151595
240798;Visar;Musliu;19;150510
262299;Rubén;González Alves;45;150443
193246;Lamar;Neagle;95;147763
237351;Oscar;Pehrsson;46;148102
237358;Oscar;Kindlund;46;151300
222388;Paulo;Azzi;54;150389
224600;Goran;Čaušić;51;149588
163852;Dawid;Sołdecki;37;147755
224146;Jesús;Imaz Ballesté;45;149001
229174;David;Niepsuj;37;150786
256008;Felipe;Rodrigues Da Silva;54;152931
178415;Ruud;Vormer;34;148133
209780;Siebe;Schrijvers;7;151123
210112;Cristian;Benavente;59;150332
235420;Emanuel;Sakic;4;149122
240044;Luan;Leite da Silva;54;151075
257039;Reda;Kharchouch;34;150797
234743;Admiral;Muskwe;148;151887
226514;Daniel;Harvie;42;151849
257985;Lautaro;Amadé;52;152374
215066;Federico;Milo;52;149472
229804;Alexandru;Mitriță;39;150597
240292;Alberto;Contrera;58;149507
206393;Ivan;Tričkovski;19;147744
218175;Carlos;Servin;58;147780
279307;Shihao;Piao;155;149287
221824;Cheng;Piao;155;148600
258782;Ardian;Ismajli;1;151197
252059;Salis;Abdul Samed;117;152470
271571;Gabriel;Batista de Souza;54;151808
202149;Ergys;Kace;1;150017
212551;Rogério;Conceição Rosário;54;149129
275230;Telis;Karasalidis;22;149220
210216;Mitch;Oxborrow;195;150607
237705;Dylan;Pierias;195;152435
232310;Maurício;de Carvalho António;54;149499
223407;Muslim;Al Furayj;183;148100
232682;Abdulmajeed;Al Suwat;183;150669
220227;Aleksei;Schetkin;165;149238
223626;Kevin Jorge;Ramos Sousa;104;150350
241788;Mehdi;Taremi;161;150085
211991;Michael;Vitzthum;21;149634
238557;Lion;Schweers;21;151015
272863;Marios;Stylianou;11;150094
241414;Emil;Wikström;46;152302
225105;Cristo;González Pérez;45;151576
221633;Bent;Sørmo;36;151189
231965;Luiz Humberto;Da Silva Silva;59;151286
236449;Kevin;Csoboth;23;152556
243222;Bartosz;Slisz;37;152107
236467;Felix;Götze;21;151696
270033;Tim;Oermann;21;153759
231354;Miloš;Pantović;51;151112
243000;Nicușor;Bancu;39;149724
204229;Jannes;Vansteenkiste;7;149876
259869;Junior;Tchamadeu;103;153836
248602;Jacob;Greaves;14;152640
241516;Wessel;Sprangers;34;151936
240169;Richelor;Sprangers;80;151695
232498;Isaac;Palazón;45;150554
260693;Jorge;Ayala;53;148333
214771;Victor;Ayala;58;148002
254578;David;Ayala;52;153322
251201;Brahian;Ayala;58;150738
214386;Camilo;Ayala;56;147445
214478;Sebastián;Ayala;56;150815
215698;Mike;Maignan;18;150742
225850;Presnel;Kimpembe;18;150783
203747;Héctor;Bellerín;45;150636
219779;Ebenezer;Assifuah;117;150012
228896;Sébastien;Callamand;18;147083
210935;Domenico;Berardi;27;150406
244746;Lévi;Ntumba;18;152762
186351;Leroy;Fer;34;148737
216468;Juan Pablo;Añor;61;150217
202225;Bernardo;Añor;61;148146
228302;Alfonso;Pedraza Sag;45;151023
224415;Luis ;Rioja;45;150117
219837;Sergio;Aguza Santiago;45;149708
228101;Guillermo;Cotugno;60;150629
268573;Federico;Baschirotto;27;151187
255368;Nawaf;Al Aqidi;183;152515
192387;Ciro;Immobile;27;148783
230681;Giuseppe;Pezzella;27;151622
197231;Khouma;Babacar;136;149904
210724;Callum;Paterson;42;150479
220477;Mattia;Caldara;27;150318
232363;Milan;Škriniar;43;150600
170612;Vullnet;Basha;1;148924
201408;Salvatore;D'Elia;27;148408
225016;Giovanni;Di Noia;27;150377
245355;Uğurcan;Yazğılı;48;152118
250927;Okan;Erdoğan;21;151926
239706;Doğan;Erdoğan;48;151158
223136;Yusuf;Erdoğan;48;149682
263556;Rodrigo;Guth;54;152699
243650;David José;Gomes Oliveira Tavares;38;152096
235694;Adryelson;Lima Silva;54;151736
215416;Ronei Gleison;Rodrigues Reis;54;149274
220636;Felipe;Francisco Macedo;54;150279
222900;Warner;Hahn;34;149629
211862;André;Hahn;21;148957
223014;Mathias;Hebo Rasmussen;13;150772
277795;Deivid;Washington;54;154367
217758;Conor;Washington;35;149601
225387;Lewis;Page;14;151064
235627;Ousmane;Fane;18;150175
227929;Ryan;Wintle;14;151453
229192;Rekeil;Pyke;14;151533
244287;Marios;Vrousai;22;151837
237640;Nedim;Bajrami;1;152078
215501;Eldis;Bajrami;19;149809
220940;Cameron;Brannagan;14;151053
198000;Justin;Morrow;95;147913
242953;Nikko;Boxall;198;149517
212592;Andrew;Farrell;95;149556
213436;Wandrille;Lefèvre;70;148718
216742;Miha;Mevlja;44;148895
225539;Dominic;Solanke;14;151546
244853;Kamal;Sowah;117;152393
235037;Emmanuel;Sowah;117;151670
196921;Lennard Adjetey;Sowah;21;149698
212713;Wojciech;Trochim;37;148457
199813;Gernot;Trauner;4;149547
214766;Carlos;Izquierdoz;52;148309
228980;Mickaël;Tirpan;7;150124
233953;Jérôme;Deom;7;152128
258753;Couhaib;Driouech;34;153222
233629;Shaun;Want;42;151329
247122;Danylo;Sikan;49;152856
210690;Pål Vestly;Heigre;36;150632
259136;Alexis;Sabella;52;152921
231583;Tommy Lee;McCarron;25;151658
227274;David;Barbona;52;150611
233887;Julián;Chicco;52;151667
232817;Ignacio;Chicco;52;151105
156025;Hannu;Patronen;17;146684
266257;Emirhan;İlkhan;48;153998
279374;Yuan;Tao;155;149846
191864;Jin;Tao;155;147059
228033;Zhongguo;Chi;155;148666
231993;Wenyi;Chi;155;148050
224811;Ivan;Ordets;49;149652
241803;Roozbeh;Cheshmi;161;150003
229656;Marko;Stanojević;51;148175
206262;César;Dutra;54;149489
50051;Queven da Silva;Inacio;54;151979
242284;Mohammed;Dauda;117;151705
187175;Abiola;Dauda;133;148035
275218;Petros;Orfanidis;22;150627
275440;Filip;Stanisavljevic;51;147776
232613;Takuya;Marutani;163;148517
210202;Salman;Muwashar;183;148280
214874;Marcos;Bolados;55;150981
175963;Timo;Röttger;21;147099
229803;Emanuel;Taffertshofer;21;150613
211955;Ulrich;Taffertshofer;21;149507
215968;Maximilian;Reule;21;150225
232107;Eric;Oelschlägel;21;150821
241279;Adrian;Edqvist;46;152159
242258;Harrison;Biggins;14;150998
260233;Marco;Di Cesare;52;153296
211123;Uillian;Correia;54;148637
253167;Félix;Correia;38;152772
223756;Marvin;Schulz;21;150573
241139;Benjamin;Hansen;13;150231
237217;Niko;Hansen;13;150466
212251;Hendrik;Hansen;21;150501
190942;Kian;Hansen;13;148429
199005;Mathew;Ryan;195;149561
216255;Marvin;Stefaniak;21;150592
224250;Damian;Roßbach;21;149886
228607;Dominik;Reimann;21;151458
239494;Maximilian;Thalhammer;21;151480
240558;Lewis;Clayton;14;152402
225188;Roland;Baas;34;150985
269471;Julian;Baas;34;153221
226853;Jeremiah;St. Juste;34;151216
241171;Armando;Obispo;34;152083
248473;Pierre;Ekwah;18;153130
228897;Mickaël;Alphonse;18;148560
242217;Edo;Kayembe;110;151808
222875;Joris;Kayembe;7;150413
262412;Loreintz;Rosier;18;151880
234730;Valentin;Rosier;18;151154
252442;Enrico;Del Prato;27;152333
268912;Martin;Turk;44;153713
261654;Omar;El Hilali;129;153735
231600;Marc;Navarro Ceciliano;45;150741
266087;Franco;Zanelatto;59;152514
192227;Shkodran;Mustafi;21;149570
204203;Francesc Xavier;Molina Arias;45;147471
212785;Vinícius;Vasconcelos Araújo;54;149881
224045;Juan;Muñoz Muñoz;45;150874
225699;Anuar;Mohamed Tuhami;129;150573
239371;Issam;El Maach;129;152416
222692;Benno;Schmitz;21;150514
235005;Otar;Kakabadze;20;150736
250766;Kastriot;Imeri;47;152563
231144;Japhet;Tanganga;14;152109
231343;Luca;Zanimacchia;27;151854
210964;Federico;Ceccherini;27;149594
211302;Gianluca;Lapadula;59;148770
231627;Umar;Sadiq;133;151322
157970;Ricardo José;Cecília Batista;38;147594
256292;Jan;Schöppner;21;152182
230865;Brian;Luciatti;52;149905
210566;Lucas;Chiaretti;54;147901
204353;Craig;Forsyth;42;148422
205601;Christian;Atsu;117;149472
223736;Rajko;Rotman;44;148445
192636;David Martins;Simão;38;148867
200888;Danilo Luís;Hélio Pereira;38;149349
256790;Jamal;Musiala;21;153172
212358;Michael;Petrasso;70;150748
212485;Danny;Bakker;34;150574
215701;Erik;Bakker;34;148812
239368;Mitchel;Bakker;34;152556
238059;Dan;Kemp;14;152030
212709;Taylor;Kemp;95;148936
239797;Michael;Lansing;95;150357
210044;Christian;Burgess;14;149377
216744;Cameron;Burgess;195;150852
251855;Waniss;Taïbi;18;153181
237729;Gustavo;Chará;56;151009
214132;Yimmi;Chará;56;149189
222104;Tosin;Adarabioyo;14;151556
218540;Ambroise;Oyongo;103;149270
241657;Danny;Horton;14;152511
236514;Darren;Jamieson;42;149143
228757;Marcus;Mathisen;13;150981
240324;Höskuldur;Gunnlaugsson;24;150462
234067;Nikita;Andreev;40;151595
189085;Maciej;Małkowski;37;146984
211227;Michał;Kopczyński;37;149629
212664;Alexander;Kolev;9;149805
203624;Ognjen;Vranješ;8;148664
202182;Riku;Riski;17;148595
202893;Roope;Riski;17;149325
210652;Bernie;Magaña;95;150056
254525;Pape;Guèye;136;152282
259011;Zito André;Sebastião Luvumbo;98;153183
229648;Jules;Van Cleemput;7;151390
236537;Gerardo;Arteaga;83;151904
237077;Franck;Boya;103;151106
237526;Valeriy;Luchkevych;49;150934
231267;Jason;Lokilo;110;151914
246471;Federico;Girotti;52;152172
253249;José;Florentín;58;151110
253135;Gabriel;Florentín;52;152091
245758;Cleilton;Monteiro da Costa;54;151931
247156;Facundo;Mura;52;152102
238392;Elisha;Owusu;117;151600
220964;Morten Ågnes;Konradsen;36;151047
219990;Vebjørn;Hoff;36;150967
237936;Aron;Dønnum;36;151764
259500;Brian;Calderara;52;151664
263781;Vanderson;de Oliveira Campos;54;152922
234139;Mohamed;Ben Romdhane;145;152268
231524;Tomás;Pochettino;52;150955
267446;Denso;Kasius;34;153394
210870;Georgy;Zhukov;165;150516
278054;Jie;Ding;155;147755
222306;Haifeng;Ding;155;149295
239431;Innocent;Maela;140;149689
236859;Harrison;Mancilla;56;149453
260685;Daniel;Mancilla;53;149145
213982;Camilo;Mancilla;56;149913
265541;Slobodan;Simović;51;148509
275076;Sergey;Ignatovich;6;149643
236849;Damir;Ceter;56;151595
50077;Uilson;Pedruzzi;54;150311
240282;Aleš;Matějů;12;151078
50027;Iordanis;Papargyriou;22;149598
231459;Jamal;Reiners;195;151793
238170;Christian;Theoharous;195;152359
217582;Danny;Munyao;147;147942
213580;Lucas;Mugni;52;149474
230534;Stephané;Mvibudulu;110;149966
240159;Pascal;Schoch;21;152086
212970;Ayman;Ftinei;183;150554
242375;Ahmed;ElDeen;183;149857
235819;Finley;Iron;14;152451
241506;Kelyan;Guessoum;18;152055
241551;Yoël;Armougom;18;151810
242238;Oumar;Solet;18;152422
221008;Patryk;Paczuk;37;151177
259569;Marco;John;21;153207
239556;Kelechi;John;133;151904
211204;Declan;John;50;150739
207429;Dominic;Samuel;14;150294
222848;Alex;Samuel;50;150821
233642;Aïssa;Laïdouni;145;151271
217826;Josh;Laurent;14;150684
248603;Loïc;Mbe Soh;18;152914
271138;Lucian;Filip;39;149000
222222;Steliano;Filip;39;150328
215441;Sehrou;Guirassy;118;150995
225375;Konrad;Laimer;4;151436
266157;Álvaro;Sanz Catalán;45;152795
238014;Roel;Janssen;34;148899
226537;Vincent;Janssen;34;150359
215565;Matt;Miazga;95;150758
223686;Timon;Wellenreuther;21;150895
224158;Sofyan;Amrabat;129;151157
234198;Damil;Dankerlui;92;151160
235155;Jan;Bekkema;34;151023
254887;Joao;Ortiz;57;151045
216385;Richard;Ortiz;58;148874
246822;Gerardo;Ortiz;58;148451
214836;João;Ortiz;55;149138
260682;Jorge;Ortiz;53;146632
250797;Pedro;Ortiz;57;148782
227175;Jerry;Ortiz;56;149774
268090;Leonardo;Ortiz;54;150926
236992;Jose Guillermo;Ortiz;72;149634
230815;Osman;Kakay;138;151526
224196;Ramy;Bensebaini;97;150664
234906;Houssem;Aouar;97;151835
221862;Valentin;Lavigne;18;150348
232354;Axel;Kacou;108;150771
207664;Carlos;Bacca;56;147522
266160;Mika;Mármol;45;152932
212213;Ricardo;Esgaio;38;149964
188930;Laureano;Sanabria Ruiz;45;146987
189472;Aridane;Hernández Umpiérrez;45;148449
221179;Sebastián;Coris Cardeñosa;45;149979
194365;Shinji;Okazaki;163;147377
205711;Ousmane;Dramé;18;149700
205175;Arkadiusz;Milik;37;150252
205407;Daniele;Baselli;27;149534
247263;Edmond;Tapsoba;101;152052
213900;Salvador;Ferrer Canals;45;151675
198959;Fabrizio;Paghera;27;149443
258708;Botond;Balogh;23;153272
236230;Vincenzo;Venditti;27;151463
222703;Pil Soo;Choe;167;149268
238084;Jae Hyeon;Choe;167;150303
257111;Jérémy;Le Douaron;18;151765
220182;Jason;Denayer;7;150735
242267;Jorman;Campuzano;56;151044
259410;Álvaro;Campuzano;58;150721
220184;Jorge Fernando;Barbosa Intima;119;150822
240543;Maxime;Leverbe;18;151335
238860;Jadson;Silva de Morais;54;149406
215443;Philip;Zinckernagel;13;150543
224483;Mathias;Greve;13;150600
240988;Denis;Vavro;43;151024
215756;Sam;McQueen;14;150595
258714;Emanuele;Valeri;27;151995
246804;Amar;Sejdič;21;151257
268106;Maxim ;Dekker;34;153957
237893;Tristan;Dekker;34;151740
221521;Rick;Dekker;34;150632
234298;Nikolai;Alho;17;149899
223689;Wout;Weghorst;34;149682
230036;Farshad;Noor;34;150468
189181;Darko;Bodul;10;148378
225377;Sergey;Makarov;40;151200
232239;Alexandr;Makarov;40;151038
241052;Kacper;Chorążka;37;152096
211339;Rudy;Cardozo;53;148777
234509;Fulganco;Cardozo;159;148024
236472;Agustín;Cardozo;52;151439
240279;Roque;Cardozo;58;148230
219625;Facundo;Cardozo;52;150654
275902;Shaylon;Cardozo;54;151406
209005;Luis;Cardozo;58;148285
252193;Ramiro;Ruiz Rodríguez;52;152465
204493;Raphael;Holzhauser;4;149875
223429;Daniel;Luxbacher;4;149535
234646;Christoph;Riegler;4;149552
239814;Dylan;Batubinsika;18;150969
221934;Stefan;Scougall;42;149804
175961;Hans;Norbye;36;147652
190454;Stian;Ringstad;36;149338
233881;Nigel;Robertha;85;151698
243170;Francisco;Apaolaza;52;151459
255742;Reo;Hatate;163;151614
259081;Moses;Nyeman;95;153789
232255;Agustín;Bouzat;52;150280
182240;Shengjiong;Qui;155;147150
191533;Khosro;Heydari;161;146432
199072;Aleksander;Rajcevic;44;147592
270022;Yuri;Ostroukh;6;148022
270234;Ely;Esterilla;57;149865
50078;Hossein;Fazeli;161;149990
217414;Shoja;Khalilzadeh;161;148501
275033;Daniel;Bartl;12;148553
241557;Antonio;Rojano;52;149214
218326;Mohamed;Fawzi;190;149028
150206;Anestis;Anastasiadis;22;146196
194354;Ehsan;Haji Safi;161;148788
239637;Charles Carolus;Andriamahitsinoro;124;148554
209912;Nathan;Sinkala;147;149058
226299;Bryan;Róchez;81;150559
223762;Aiborlang;Khongjee;159;147979
237227;Ivan;Rozas;55;151836
238667;Ali;Odabas;21;150121
233225;Shogo;Taniguchi;163;149293
238945;Miha;Blažič;44;149956
211671;Josip;Radošević;10;150286
232869;Gen;Shoji;163;149808
236465;Cameron;McJannet;14;151903
236552;Guilherme;Schettine Guimarães;54;150841
236555;Guilherme;Schettine Guimarães;54;150841
239099;Ron;Schallenberg;21;151933
225543;Bradley;Collins;14;151338
248484;Nathan;Collins;25;152870
241553;Cian;Collins;25;152183
229363;Lewis;Collins;14;151213
225509;Aaron;Collins;50;151436
241135;Jamilu;Collins;133;150410
205069;Juan;Bernat;45;149888
241949;Víctor;Cordoba;56;147978
229336;Anto;Grgić;47;151256
231614;Fabian;Reese;21;151622
252240;Alan;Soñora;95;151869
235719;Joel;Soñora;95;151182
238642;Jonas;Nietfeld;21;150208
231743;Keinan;Davis;14;151698
205160;Joe;Davis;14;150142
246685;Leif;Davis;14;152396
203692;Shaquan;Davis;82;152700
217045;Eric;Davis;87;149187
226273;Sean;Davis;95;149867
272825;Tomas;Salata;43;151328
239667;Patrick;Salata;21;151706
269276;Gaetano;Oristanio;27;153386
209491;Thomas;Meißner;21;149182
234203;Carel;Eiting;34;151696
246195;Callan;Elliot;198;152207
212778;Kyung-won;Kwon;167;149493
211927;Chang Hoon;Kwon;167;150374
191673;Soon Hyung;Kwon;167;147438
216266;Kenny;Tete;34;150840
225199;Vincent;Koziello;18;150859
229236;Matthieu;Udol;18;151003
272826;Terem;Moffi;133;152164
232117;Julien;Dacosta;18;151073
234619;Yannick;Mamilonne;18;149502
199987;Jasper;Cillessen;34;148479
277432;Patrick;Dorgu;13;154145
254234;Dixon;Arroyo;57;149615
231697;Anderson;Arroyo;56;152289
234300;Lassi;Lappalainen;17;151890
226592;Jakub;Jankto;12;150942
236239;Daniele;Sommariva;27;151488
203782;Ahmad;Benali;123;149500
218470;Gianmarco;De Feo;27;150346
251684;Jordan;Tunnicliffe;14;150114
240760;Matteo;Alluci;27;151887
228737;Gelmin;Rivas;61;148449
255115;Jesús;Rivas;83;153417
214382;Iván;Rivas;56;148071
241094;Rigoberto;Rivas;81;151866
220934;Carlos;Rivas;56;150298
214147;Janeiler;Rivas;56;148140
229441;Gonzalo;Rivas;55;150851
224509;Ulises;Rivas;83;150948
205452;Antonio;Rüdiger;21;149890
234341;İrfan;Eğribayat;48;151835
205569;James;Ward-Prowse;14;150498
227512;Tomislav;Glumac;10;150327
200106;Aras;Özbiliz;3;148800
202157;Aziz;Behich;195;149082
234784;Raúl;Navarro del Río;45;150231
184678;Filipe José;Lima Mendes;38;147074
224194;Nermin;Zolotić;8;150016
229947;Romário;Baldé;38;151283
237960;Mama;Baldé;119;150868
215785;Keita;Baldé;136;150625
263250;Thierno;Baldé;18;153276
252967;Nicky;Beloko;47;152431
240136;João;Tavares Almeida;38;152000
177690;Mikkel;Vendelbo;13;147863
271800;Yankuba;Minteh;116;154049
221584;Jacob;Rinne;46;149999
211594;Greg;Leigh;82;150466
50011;Lachlan;Barr;195;150460
216268;Duncan;Watmore;14;150260
209063;Sebastian;Holmén;46;149582
206630;Darren;Mattocks;82;148977
227603;Patrick;Kpozo;117;151485
229564;Rafael;Carvalho;54;148882
256725;Fábio;Carvalho;38;153357
254544;Reinier Jesus;Carvalho;54;153134
229619;Felipe;Carvalho;60;150089
255471;Vitor;Carvalho;54;151436
268069;Leandro;Carvalho;54;150688
219686;Carlos;Carvalho;54;150785
207566;William;Carvalho;38;149560
231514;Robert;Gojani;46;149755
206479;Vyacheslav;Podberezkin;40;149635
239203;Grégoire;Coudert;18;152112
269087;Leny;Yoro;18;154528
219701;Jakub;Wrąbel;37;151083
228751;Marcin;Listkowski;37;151695
241746;Yassine;Meriah;145;150011
186581;Keisuke;Honda;163;147435
193690;Žarko;Tomašević;15;148785
213021;Antoine;Conte;18;150222
234921;Gerald;Nutz;4;150218
216184;Stefan;Nutz;4;149508
225019;Ronaldo;Cisneros;83;151297
212466;Carlos;Cisneros;83;150070
241874;Anthony;Blondell;61;150330
241058;Ross;Callachan;42;150075
215081;Gabriel;Hachen;52;149021
246469;Agustín;Urzi;52;152509
221809;Gary;Boylan;25;151038
239029;Sean;O'Mahony;25;150902
200196;Orlando;Gaona Lugo;58;148938
204296;Toni;Vastić;4;149845
233765;Thomas;Meilleur-Giguère;70;151606
232515;Facundo;Cobos;52;149878
235768;Fernando;Quiroz;55;151541
269181;Diego;Coppola;27;153842
221823;Hejing;Zhao;155;147045
279564;Yingjie;Zhao;155;149677
278066;Yuhao;Zhao;155;149925
278137;Honglüe;Zhao;155;148705
182464;Mingjian;Zhao;155;147962
175598;Xuri;Zhao;155;147243
278072;Zhengao;Sun;155;150260
222248;Ke;Sun;155;148605
278056;Jie;Sun;155;149463
278078;Shilin;Sun;155;148299
278101;Jun;Sun;155;149947
278040;Le;Sun;155;148627
268523;Krum;Stoyanov;9;149310
208021;Filip;Oršula;43;149884
208626;Said;Ahmed Said;27;149938
234288;Markus;Uusitalo;17;151424
260810;Sandro;Notaroberto;61;151723
270501;Marin;Aničić;8;148596
267426;Daniel;Karlsbakk;36;153577
275837;Sagiv;Yehezkel;26;150638
268834;Ibrahim;Danlad;117;153451
278509;Junlin;Min;155;150212
221413;Rodrigo;Echeverría;55;150655
226447;Santiago;Echeverría;52;148819
272855;Wagner Leonardo;Calvelo de Souza;54;152223
269487;Renato;Pantalon;10;151589
215791;Leonardo;Cittadini;54;150251
266304;Giorgio;Cittadini;27;153223
215901;Rafael;Vaz dos Santos;54;148262
234987;Athanasios;Androutsos;22;151415
212737;Andrew;Hoole;195;150123
240526;Mohamed;Fouzair;129;149455
213189;Min Kyu;Joo;167;148835
238984;Manuel;Farrona Pulido;21;149949
235345;Gabriel;Iancu;39;150298
241708;Modibo;Sagnan;18;152123
242269;Felipe Castaldo;Curcio;54;150046
238004;Albert;Guðmundsson;24;151455
191076;Jóhann Berg;Guðmundsson;24;149032
225864;Boubacar;Barry;21;151029
215561;Bradley;Barry;14;150602
273022;Oumar;Barry;182;147470
229300;Shawn Maurice;Barry;95;148845
258932;Louie;Barry;14;153652
218877;Hamza;Barry;116;150481
209024;Aaron;Barry;25;149791
216473;Ted;Smith;14;150941
210389;Brad;Smith;195;150292
223846;George;Smith;14;151150
222876;Jordan;Smith;14;150413
241442;Keegan;Smith;198;152152
212725;Donnie;Smith;95;149073
219509;Alan;Smith;25;149973
256482;Andy;Smith;14;153004
203783;Tommy;Smith;14;149567
222625;Nathan;Smith;14;151017
233050;Matt;Smith;50;152345
235247;Sam;Smith;14;151721
222369;Eric;Smith;46;151297
240775;Tyler;Smith;14;151992
189619;Korey;Smith;14;149128
237440;Hannes;Delcroix;7;152078
235051;Darnell;Johnson;14;151900
251421;Brennan;Johnson;50;152893
237249;Daniel;Johnson;95;150808
230809;Callum;Johnson;14;151220
227675;Marvin;Johnson;14;149067
226535;Sam;Johnson;122;149954
241842;Ben;Johnson;14;152408
204687;Paweł;Olkowski;37;148776
215279;Tim;Albutat;21;149729
220140;Frankie;Kent;14;150883
224520;Ryan;Kent;14;151239
228058;Lukas;Gugganig;4;150603
229802;Bastian;Lerch;21;151009
231897;Mael;Corboz;95;150442
237024;Luca;Itter;21;152024
212241;Pascal;Itter;21;150651
253399;Oliver;Valaker Edvardsen;36;152097
234668;Frederic;Ananou;21;151552
222926;Adama;Mbengue;136;150163
228170;Ablae;Mbengue;136;149602
240527;Killian;Le Roy;18;151685
203741;Thomas;Delaine;18;149546
238196;Arnór;Sigurðsson;24;152154
184484;Gylfi;Sigurðsson;24;148618
234750;Jordan;Pierre-Charles;18;150158
236530;Lewis;O'Brien;14;151941
253510;Jake;O'Brien;25;152885
186849;Jim;O'Brien;42;147907
240454;Franklin;Wadja;103;150527
248573;Éric Junior;Dina Ebimbe;18;152710
254228;Oscar;Salomón;52;152100
189936;Robbin;Ruiter;34;147720
211243;David;González Plata;45;149245
258602;Jon;Morcillo Conesa;45;151912
235935;Claudio;Spinelli;52;151310
247124;Gideon;Mensah;117;151853
236216;Evans;Mensah;117;151694
271243;Cédric;Mensah;144;148432
215684;Kevin;Mensah;13;149232
222457;Bernard;Mensah;117;150483
222352;Albian;Ajeti;47;151346
203458;Arlind;Ajeti;1;150096
208596;Andrea;Belotti;27;150182
216158;Silvan;Widmer;47;149892
224933;Kevin;Lasagna;27;149685
236292;Giuseppe;Cuomo;27;151687
203911;Diego;Albadoro;27;148424
210695;Haitam;Aleesami;36;149309
229698;Samuel;Chukwueze;133;152161
225128;Gennaro;Acampora;27;150281
204737;Salvador José;Milhazes Agra;38;149412
235244;Rasmus;Nicolaisen;13;151364
239158;Rasmus;Nicolaisen;13;151364
216531;João Paulo;Dias Fernandes;38;149776
220302;Bubacarr;Sanneh;116;150511
238726;Gustav;Marcussen;13;151817
240196;Fidel;Escobar;87;150567
235049;Ian;Escobar;52;151073
214012;Andrés;Escobar;56;149231
240224;Ronald;Escobar;55;151412
222587;Franco;Escobar;52;150610
214270;Carlos;Escobar;55;148725
247881;Juan;Escobar;58;150231
234100;Gonzalo;Escobar;52;151422
232381;Wesley Moraes;Ferreira da Silva;54;151254
211363;Tom;Lockyer;50;150530
222399;Connor;Ogilvie;14;150968
258564;Tommaso;Cassandro;27;152393
240383;Olle;Edlund;46;152504
219962;Magomed;Musalov;40;150233
239804;Alyaksandr;Karnitskiy;6;148412
240081;Ivan;Lapshov;40;152140
260564;Alexis;Angulo;61;146592
246405;Bryan;Angulo;57;150892
221558;Brayan;Angulo;56;150028
50088;Brayan;Angulo;57;150892
233606;Jesús;Angulo;83;151340
239738;Jesús;Angulo;83;151684
214572;Juan;Angulo;56;148240
264205;Nilson;Angulo;57;153650
239660;Larry;Angulo;56;150780
228156;Álvaro;Angulo;56;151443
184035;Brayan;Angulo;56;148673
157698;Maciej;Korzym;37;148124
204078;Rafał;Wolski;37;149777
205599;Mikołaj;Lebedyński;37;149019
211791;Martin;Konczkowski;37;150085
224014;Mateusz;Szwoch;37;149906
224885;Guilherme;Haubert Sityá;54;148823
228921;Marcin;Urynowicz;37;150999
233409;Robert;Gumny;37;151809
268619;Leandro;Brey;52;153379
248258;Cristián;Zavala;55;152234
270643;Khaled;Muneer;182;151709
204121;Jakub;Brabec;12;149681
212889;Josué Humberto;Gonçalves Leal Sá;38;149631
231231;Brayan;Garnica;83;151071
240122;Matheus;Borges Domingues;54;149484
204120;Tomáš;Vaclík;12;148455
223396;Darian;MacKinnon;42;147188
204626;Thomas;Grøgaard;36;150232
236751;Andreas;Hopmark;36;149284
247721;Tobias;Raschl;21;152436
240525;Marius;Bildøy;36;152473
232521;Lucas;Merolla;52;150736
224396;Yeimar;Gómez Andrade;56;149644
242117;Abdulrahman;Ghareeb;183;151379
226765;Lucas;Gamba;52;147811
266717;Lukas;MacNaughton;70;150625
252801;Andres;Gudiño;83;151316
226285;Raúl;Gudiño;83;151036
235827;Gabriel;Gudiño;52;149541
181572;Anzur;Ismailov;191;147017
220390;Ruslan;Gurbanov;5;149352
181941;Ilgar;Gurbanov;5;147386
271146;Alessandro;Sorrentino;27;153208
258698;Afonso Gamelas;de Pinho Sousa;38;152508
207456;Hernán;Hinostroza;59;150183
212226;Dan;Nistor;39;148128
234234;Georgi;Kostadinov;9;148982
50003;Zakhar;Volkov;6;151513
244786;Tomáš;Hájek;12;149432
273033;Tomáš;Hájek;12;149432
271620;Leonardo;da Costa Bolgado;54;151886
215499;Walter;Capeloza;54;147958
265535;Rick;Meissen;34;153170
266010;Gyan;de Regt;34;153341
205612;Dimitris;Stamou;22;149214
209719;Armindo;Mendes Furtado;104;147956
205211;Milan;Borjan;70;147932
197169;Dejan;Lazarević;44;149663
270510;Zhakyp;Kozhamberdy;165;149519
203795;Bruno;Romo;55;148507
239725;Luis;Romo;83;150714
218182;Gustavo;Mencia;58;148188
229880;Aaron;Wan-Bissaka;14;151619
231834;Nico;Rinderknecht;21;151573
238802;Philip;Türpitz;21;149332
237108;Mikael;Soisalo;17;151768
239838;Mirko;Antonucci;27;152089
237393;Francesco;Antonucci;7;152190
241675;Ghassan;Abu Hassan;164;152144
204402;Moisés;Corozo;57;149761
253327;Janner;Corozo;57;150809
206113;Serge;Gnabry;21;150753
208637;Marc;Lais;21;149132
232380;Yūki;Mutō;163;148313
228717;Yoshinori;Mutō;163;149659
251202;Fredrik;Arnstad;36;153730
270901;Laurin;Ulrich;21;154242
236310;Sam;Hart;14;151177
269258;Calvin;Twigt;34;153510
251401;Tanguy;Coulibaly;18;152799
206141;Kalifa;Coulibaly;126;149330
238282;Mamadou;Coulibaly;136;152053
231872;Séga;Coulibaly;18;151084
244751;Senou;Coulibaly;126;150440
239577;Yacouba;Coulibaly;101;150468
213334;Karim;Coulibaly;18;149982
230107;Lassana;Coulibaly;126;151024
246946;Ismaila;Coulibaly;126;152744
251335;Woyo;Coulibaly;18;152165
261495;Soumaïla;Coulibaly;18;153767
198094;Collen;Warner;95;148177
268794;Alessandro;Livieri;27;151310
227919;Luciano;Ospina;56;149146
234624;Bakaye;Dibassy;126;148590
240751;Gaëtan;Poussin;18;152032
229906;Leon;Bailey;82;151510
246388;Nahuel;Ferraresi;61;151977
231128;Hernán;Toledo;52;150940
252143;Daniel;Bragança;38;152166
233512;Alin;Toşca;39;149536
236837;Nicolás;Schiappacasse;60;152031
258171;Hannibal;Mejbri;145;153136
216470;Oier;Zarraga Egaña;45;152023
215615;Maikel;Mesa Piñero;45;149252
257890;Calem;Nieuwenhof;195;152798
198908;Isaac;Cofie;117;149360
219985;Matias;Vecino;60;149333
223959;Lucas;Torreira;60;150965
272022;Roman;Procházka;43;148440
207633;Jakob;Haugaard;13;149584
229361;Iker;Undabarrena Martínez;45;150696
227476;Francisco;Soares dos Santos;54;149114
207734;Paulo Henrique;Soares dos Santos;54;150384
272785;Christian;Mawissa;18;154319
229319;Jhonder;Cádiz;61;150768
199873;Alexssander;Medeiros de Azeredo;54;148965
241643;Viktor;Johansson;46;151911
213501;Marcus;Johansson;46;150064
219694;Carl;Johansson;46;150336
235660;Jakob;Johansson;13;151872
248266;Sacha;Boey;18;152641
239636;Ayo Simon;Okosun;21;150030
222937;Ben;Close;14;151144
216388;Allan;Saint-Maximin;18;151360
206555;Christy;Pym;14;150672
207427;Matt;Lampson;95;148616
208316;Andreas;Blomqvist;46;149588
228946;Mattias;Svanberg;46;152024
166937;Andrey;Sinitsyn;40;148176
199057;Ibragim;Tsallagov;40;149078
239242;Michał;Gałecki;37;150950
251760;Matej;Rodin;10;150967
255838;Maik;Nawrocki;37;152788
246731;Diego;Abella;83;151949
217168;Javier;Abella;83;150234
237335;Grigoris;Kastanos;11;151684
239592;José Juan;Macías;83;152284
242399;Oscar;Macías;83;151844
229557;Sebastián;Macías;56;151094
253366;Gustavo;Cortéz;57;151573
264699;Kristjan;Asllani;1;153183
240541;Mersim;Asllani;47;152171
245741;Jesper;Lindstrøm;13;152444
224792;Per-Magnus;Steiring;36;151327
271463;Abdul;Zubairu;133;151930
228108;Killian;Brouder;25;151886
267629;Rodrigo;Garro;52;151658
215168;Juan;Garro;52;149791
271631;Luis;Garro;59;151125
227216;Ignacio;Boggino;52;147324
224140;Juan Pablo;Miño;52;147871
186746;Mathías;Cardacio;60;147911
206412;Maksym;Koval;49;149806
260422;Patrik;Hrošovský;43;149575
272317;Ibrahim;Diaky;190;145954
273023;Younes;Yaghoob;182;147344
273074;Mohammad Amin;Hajmohammadi;161;149142
263558;Maksim;Skavysh;6;148684
237617;Adalberto;Goiri;58;147977
257899;Kanya;Fujimoto;163;152201
264176;Kevin;Villodres Medina;45;152807
273506;Murilo;Cerqueira;54;151375
203980;Konstantinos;Fortounis;22;149752
252192;Agustín;Lagos;52;153032
206120;Anastasios;Lagos;22;149565
220819;Ryan;Kitto;195;150414
192708;Carlos Eduardo;de Oliveira Alves;54;148657
227445;Abdullah Yahya;Awaji;183;150272
225137;Rivaldo;Coetzee;140;151213
205453;Felice;Vecchione;27;149119
208370;Erik;Zenga;21;149846
228632;Marvin;Ajani;21;150105
231197;Marcel;Hilßner;21;150588
239196;Tim;Möller;21;152097
239686;Anthony;Barylla;21;151441
239925;Sebastian;Klaas;21;151835
198874;Carlos Adriano;de Souza Cruz;54;147907
240667;Julián;Lichtenauer;52;152177
242392;Giangiacomo;Magnani;27;150835
251545;Darko;Churlinov;19;152577
242879;Maarten;Vandevoordt;7;153172
205939;Onur;Bulut;21;150299
211745;Philipp;Riese;21;148683
211881;Quirin;Moll;21;149118
212240;Kenan;Karaman;48;150257
228614;Gerrit;Holtmann;181;150642
234875;Lucas;Höler;21;150384
233109;Finn;Stokkers;34;151032
191126;Cody;McDonald;14;147421
205999;Moreno;Rutten;34;149946
213696;Matty;Willock;14;151156
237329;Joseph;Willock;14;152251
240973;Marshall;Willock;14;152482
225785;Chris;Willock;14;151685
233105;Kenny;Dougall;195;149955
240685;Tom;van de Looi;34;152202
259564;Joaquín;Montecinos;55;150899
220131;Mbaye;Diagne;136;149398
220126;Modou;Diagne;136;150196
270585;João Pedro;Antunes da Silva;38;152033
197688;Gabriel Moisés;Antunes da Silva;54;149230
216433;Anwar;El Ghazi;34;150681
266666;Yashir;Pinto;55;149134
217391;Michael Gonçalves;Pinto;31;149983
240733;Giovanni;Pinto;27;149359
248070;José;Pinto;81;151557
260568;José;Pinto;61;151303
239210;Félix;Eboa Eboa;18;151398
207780;Zié;Diabaté;108;148428
236944;Fousseni;Diabaté;126;150849
211962;Ange-Freddy;Plumain;18;150619
231612;Romain;Del Castillo;18;151012
219967;Dominik;Hładun;37;151914
247395;Luke;McNally;25;152282
228805;Antonio José;Raíllo;45;149319
265534;Emmanuel;Matuta;7;153168
266097;Geny; Catamo;130;152776
254121;Charlie;Cresswell;14;153344
272450;Giacomo;Faticanti;27;154058
245714;Álejandro;Blanco Sánchez;45;152004
244706;Kevin;Behrens;21;149131
231279;Leonardo;Candellone;27;151547
266872;Federico;Gatti;27;151829
206098;Patricio;Gabarrón Gil;45;149935
267594;David;Jurásek;12;152604
271296;Matěj;Jurásek;12;153722
241727;Pedrag;Rajković;51;150863
203672;Cristian;Galano;27;149188
225680;Arturo;Mina;57;149013
220523;Yerry;Mina;56;150459
227163;Pablo;Mina;56;147066
255402;Mauricio;Isais;83;152849
262135;David;Møller Wolfe;36;153228
183376;Ljubomir;Fejsa;51;148228
186270;Gevorg;Ghazaryan;3;148097
216391;Erik;Nascimento;54;150392
272840;Filipe;Nascimento;38;150565
246098;Vítor;Tormena de Farias;54;150927
259114;Ole;Romeny;34;152556
231390;Diogo António;Cupido Gonçalves;38;151326
279709;Lucas;Beraldo;54;153808
228152;Emmanuel;Onariase;14;151218
240616;Elvis;Bwomono;14;151987
189850;Kjell;Knops;34;147838
219486;Patrick;Brough;14;150974
164954;Taye;Taiwo;133;147012
220204;Roman;Bezjak;44;148419
219871;Jimmy;Medranda;56;150231
224875;Bonke;Innocent;133;150943
187666;Sergey;Pesyakov;40;148352
261171;Ignacio;Miramon;52;153643
232094;Jarosław;Niezgoda;37;150632
234807;Mateusz;Kryczka;37;149664
204406;Gabriel;Achilier;57;146989
228639;Ryan;Mmaee;129;151380
224211;Samy;Mmaee;129;151175
239089;Filip;Dmitrovic;51;150767
240046;João Victor;Santos Sá;54;150279
262421;Roberto;Alarcón González;45;150297
213917;Fábio Rafael;Rodrigues Cardoso;38;150302
233785;Robin;Bormuth;21;150820
229116;Crescendo;van Berkel;34;149559
237927;Edward;McGinty;25;152236
268259;Nelson;Weiper;21;154287
232873;Koki;Machida;163;151526
221788;Sang Ho;Yun;167;149618
203834;Ju Tae;Yun;167;148905
212915;Pyeong Gook;Yun;167;149501
238338;Yong Ho;Yun;167;150989
199238;Young Sun;Yun;167;148279
211002;Ho Hwang;Seok;167;148545
214779;Bruno;Vides;52;149879
279228;Guan;He;155;149853
279553;Chao;He;155;150667
273105;Soroosh;Rafiei;161;148815
263064;Carson;Buschman-Dormond;70;153415
192153;Sosthenes José;Santos Salles;54;147958
213997;Orlando;Berrio;56;149142
237080;Stefanos;Evangelou;22;151786
157901;Elini;Dimoutsos;22;148171
192329;Nwankwo;Obiora;133;149290
232279;Franco;Mazurek;52;150095
218401;Mark;Ochieng;195;151267
231582;Nicholas;D'Agostino;195;151710
217639;Yosuke;Kashiwagi;163;147985
231972;Masato;Kudo;163;148858
232219;Bismark;de Araújo Ferreira;54;150021
222337;Sung Jin;Jo;167;149080
205094;Young Cheol;Jo;167;148518
212432;Hyeon Woo;Jo;167;149365
212964;Soo Chul;Jo;167;149035
233283;Ju Young;Jo;167;150226
223763;Sandesh;Jhingan;159;150030
272905;Gismat;Aliyev;5;151221
244787;Milan;Havel;12;150412
271137;Milan;Havel;12;150412
216532;Bernardo;Cerezo;55;150579
240322;Harry;Brockbank;14;151923
235674;Kasper;Lynge Nielsen;13;149119
258773;Issa;Fomba;118;152894
236721;Lamine;Fomba;18;151680
241586;Iñigo;Muñoz Cuevas;45;151274
233849;Anthony;D'Alberto;7;150479
241102;Michael;Lercher;4;150927
214088;Cameron;Dawson;14;150746
255573;Stephen;Welsh;42;152403
212625;David;Kinsombi;21;150904
216247;Marcel;Tisserand;110;149838
248158;Gabriel;Słonina;95;153981
221753;Marcel;Sobottka;21;150308
222028;Julian;Weigl;21;150809
231110;Patrick;Erras;21;150579
264039;Lewis;Dobbin;14;153483
234945;Max;Besuschkow;21;151410
225100;Joe;Gomez;14;151432
203671;Juan Ignacio;Gomez;52;147046
200104;Son;Heung-Min;167;149652
216860;Václav;Černý;12;151579
214659;Nicolás;Freire;52;150242
272685;Maksim;Maksimov;40;150866
230882;Jack;Simpson;14;151641
238335;Jordan;Simpson;14;151986
227804;Aaron;Simpson;14;151355
210896;Morgan;Sanson;18;150423
259251;Alex;Valera;59;151060
225174;Dylan;Louiserre;18;150591
239093;Jonathan;Clauss;18;149731
240133;Malik;Tchokounté;103;148256
204448;Krisztián;Adorján;23;149847
226456;Pablo;Fornals;45;150976
199451;Wissam;Ben Yedder;18;148956
244097;Tarsis;Bonga;21;151299
205976;Leonardo;Baptistão;54;149701
241509;Mauro;Júnior;54;152145
238794;Vinícius;Júnior;54;152578
191135;Lago;Júnior;108;149097
262416;Francisco Jorge;Tomás Oliveira;38;152420
226616;Jonathan;Galván;52;149639
263578;Alejandro;Balde;45;153771
235521;Àlex;Carbonell Vallés;45;151547
240902;Sergio;Benito Crujera;45;152101
209407;Lorenzo;Lollo;27;149074
215254;Luciano;Lollo;52;147724
216067;Riccardo;Gagliolo;46;148850
274303;Anıl;Arçuray;48;150983
184881;Sofiane;Feghouli;97;148727
231777;Abdülkadir;Ömür;48;152195
236673;Pedro David;Rosendo Marques;38;151769
241229;Yusuf;Bunting;140;150969
212229;Carlos Filipe;Fonseca Chaby;38;150215
213646;Miguel Aires;Fernandes Olivera;38;150338
256890;Can;Bozdoğan;21;152845
240595;Aynsley;Pears;14;151767
162054;Aynsley;Pears;14;151767
229473;João José;Pereira da Costa;38;149700
229556;Allano Brendon;de Souza Lima;54;150672
239483;Abenego;Tembeng;103;149353
183492;Jeppe;Mehl;13;147535
203811;Davit;Skhirtladze;20;149903
207639;Callum;Reilly;25;150104
238502;Lewis;Reilly;14;152207
216791;Matthew;Pennington;14;150472
207806;Brennan;Dickenson;14;149885
245538;Kyōgo;Furuhashi;163;150578
271032;Matte;Smets;7;154001
222557;Justen;Glad;95;151348
225026;Eric;Björkander;46;151086
243001;Alexandru;Cicâldău;39;151478
228397;Nikolay;Obolskiy;40;151303
255468;Iván;Morante Ruiz;45;152765
219705;Damian;Węglarz;37;151004
233188;Plamen;Krachunov;9;148378
239513;Josh;Earl;14;151951
242917;Lautaro;Chávez;52;152767
229839;Ricardo;Chávez;83;150516
223066;Andrés;Chávez;52;149177
271404;Edinson;Chávez;59;150152
259027;Jhoanner;Chávez;57;153230
264536;Lucas;Chávez;53;153587
222382;Luis;Chávez;83;150938
246444;Tomoki;Iwata;163;151386
207421;Leandro;Trossard;7;150531
216019;Damián;Musto;52;147796
237546;Jovan;Stojanović;51;149574
205759;Dejan;Stojanović;19;150028
220772;Luka;Stojanović;51;150197
225995;Petar;Stojanović;44;150838
224659;René;Robitsch;4;148760
239004;Damir;Mehmedovic;4;151634
239039;Ben;Reichert;26;150256
271716;Djeidi;Gassama;18;153733
220314;Ofir;Marciano;26;148647
226438;Scott;McMann;42;151114
238834;Adam;Livingstone;42;151707
248698;Valeriy;Bondar;49;152077
222035;Rasmus;Martinsen;36;151028
237937;Felix Horn;Myhre;36;152082
232549;Marcos;Peano;52;151942
236938;Mallik;Wilks;14;152003
219174;Ramiro;Carrera;52;149472
250940;Santiago;Carrera;60;150257
231873;Jonathan;Montiel;45;151900
231340;Gonzalo;Montiel;52;151290
210676;Wladimiro;Falcone;27;150660
171037;Yan;Vorogovskiy;165;151143
271111;Jefferson;Intriago;57;151079
271434;Michael;Ohana;26;150835
271841;Fran;Tudor;10;150828
279529;Jinbao;Zhong;155;150522
204125;Jan;Boril;12;149108
278070;Yifeng;Zang;155;150116
222430;Fabián;Viáfara;56;149538
231376;Manuel;Berrío;56;151127
246430;Dušan;Vlahović;51;152551
240340;Chris;Zuvela;195;151310
239384;Nicolás;Gauna;52;149556
204139;Fabian;Baumgärtel;21;148555
211875;Tommy;Grupe;21;149551
224180;Alexander;Dartsch;21;150434
238656;Steffen;Tigges;21;151866
242397;Jesús;Grana Zamora;45;150612
227499;Patrizio;Stronati;12;150514
238237;Morten;Renå Olsen;36;152172
241839;Luca;Gagliano;27;152580
247138;Francisco José;Navarro;45;151688
253130;Robert;Navarro;45;153217
255457;Miguel;Navarro;61;152076
209987;Marcel;Schuhen;21;149841
211891;Andreas;Voglsammer;21;149471
257426;Edgar;López;83;152130
215051;Lisandro;López;52;148611
264238;Diego;López;45;153248
252706;Elías;López;52;152574
221087;Pau;López;45;150540
214447;Sergio;López;52;148371
245287;Sergio;López;45;152117
219311;Alexander;López;81;149619
222645;Leonel;López;83;150337
261176;José Manuel;López;52;152725
214480;Javier;López;56;148305
256097;Javier;López;45;153199
253556;Erik;López;58;153081
224030;Maxime;López;18;151627
211240;Julien;López;18;149523
257225;Felipe;López;83;150922
246828;Renzo;López;60;150299
246014;Marcos;López;59;152343
233403;Michael;López;56;151328
222390;Unai;López;45;150861
207715;Nicolas;López;60;150102
240105;Daniel;López;83;152458
277179;Fermín;López;45;153611
213446;Raúl;López;83;149882
214445;Darwin;López;56;149503
242339;Edwar;López;56;150626
239995;Pablo;López;83;151661
268988;Pablo;López;60;151205
213624;Sebastián;López;52;147163
259575;René;López;83;153119
274116;Yael;López;72;152005
213445;Eduardo;López;83;150453
268717;Douglas;López;72;151918
244835;Antonio;López;78;151389
210033;Luis;López;83;150065
223679;Tim;Rieder;21;150074
259306;Fabian;Rieder;47;153162
229625;Simone;Rapp;47;149737
227511;Nicolai;Rapp;21;151271
227936;Robert;Mazán;43;150233
235526;Dennis;Geiger;21;151815
238928;Dennis;Geiger;21;146722
209401;Djavan;Anderson;34;150669
209256;Tom;Anderson;14;150073
239850;Tom;Anderson;14;152026
254243;Elliot;Anderson;42;153425
277346;Karoy;Anderson;82;154120
266713;Iván;Anderson;87;151617
225125;Harry;Anderson;14;151298
239579;Mikael;Anderson;24;151836
227686;Keshi;Anderson;14;150654
211610;Jermaine;Anderson;14;151060
208103;André;Anderson;54;152285
238038;Jordy;Wehrmann;34;152103
241065;Glody;Ngonda;110;150558
252108;Anouar;Ait El Hadj;7;153225
244067;Maxence;Lacroix;18;152481
238346;Hamza;Mendyl;129;151583
215708;Adrien;Monfray;18;149086
239037;Nicolas;Barthélémy;18;148982
204517;Jamie;Stephens;14;150065
272725;Matteo;Prati;27;153842
260423;Joshua;Canales;81;152586
211739;Erdoğan;Yeşilyurt;21;150138
252999;Vasilios;Zagaritis;22;152874
230142;Mikel;Oyarzabal;45;151400
277734;Alexandru;Borbei;39;153658
245150;Christopher;Trejo;83;152375
192890;Erbín;Trejo;83;148886
223654;Federico;San Emeterio ;45;151364
244621;Carlos;Vinícius;54;150639
263815;Abner;Vinícius;54;152532
250918;Saïd;Bakari;214;150458
243032;Hugo;Duro;45;152333
211061;Alexandru;Maxim;39;148921
188876;Mirko;Valdifiori;27;147382
205529;Luca;Antei;27;149572
50293;Dani;de Wit;34;151682
245437;Adolfo;Gaich;52;152076
254003;Aritz;Arambarri Murua;45;151685
234716;Joseph;Attamah;117;150335
235652;Utku;Yuvakuran;48;151595
245598;Iddrisu;Baba;117;150945
209620;Rahman;Baba;117;150376
252310;Miguel;Silva Reisinho;38;152118
190362;Teemu;Pukki;17;148820
225999;Filip;Lesniak;43;151058
210285;Jonny;Margetts;14;150099
225667;Conor;Chaplin;14;151336
226431;Leonardo;Da Silva Lopes;38;151988
226572;Wieger;Sietsma;34;150750
235123;Andrés;Iniestra;83;150994
213795;Christian Neiva;Afonso;38;150537
218660;Josh;Sims;14;151376
257970;Warren;Kamanzi;36;152700
235535;Rhys;Lovett;14;151455
240121;Reece;Deakin;50;151270
237962;Danny;Deakin;14;150077
251681;Jóbson;de Brito Gonzaga;54;150310
232669;Sarpreet;Singh;198;152070
228198;Jackichand;Singh;159;149539
223760;Amrinder;Singh;159;149975
212502;Robin;Singh;159;148861
228989;Seityasen;Singh;159;149534
233524;Udanta;Singh;159;151089
236453;Germanpreet;Singh;159;151099
234508;Chinglensana;Singh;159;151251
208481;Karanjit;Singh;159;147279
237539;Luther;Singh;140;151506
50454;Gurjinder;Singh;159;151546
179537;Harmeet;Singh;36;149048
208822;Marcos Júnior;Lima;54;149847
267457;Rai;Lima;53;152483
217188;Carlos;Lima;104;146438
215496;Joelinton;Lima;54;149935
207924;Lucas;Lima;54;149380
236993;Nick;Lima;95;150514
195412;Moisés;Lima;54;148078
193191;Kantemir;Berkhamov;40;148221
194528;Vagiz;Galiulin;191;147919
204699;Lorenzo;Melgarejo;58;148954
239991;Nikita;Kalugin;40;151725
185189;Dawid;Pietrzkiewicz;37;148041
237238;Scott;McTominay;42;151266
208764;Zlatan;Alomerović;51;149263
239952;Ákos;Kecskés;23;150927
261417;Kevin;Mier;56;152523
214918;Matías;Mier;60;148946
199692;Hiram;Mier;83;148604
272871;Martin;Regáli;43;150113
212207;Nicolae;Stanciu;39;149955
237560;Moussa;Djenepo;126;151820
239357;Christian;Gebauer;4;150182
240497;Ibrahima;Wadji;136;150683
254148;Patrik;Wålemark;46;153037
260697;Isak;Hien;46;152032
246649;Filip;Marchwiński;37;153125
279689;Dalun;Zheng;155;150235
279057;Tao;Zheng;155;147138
278989;Kaimu;Zheng;155;149490
191572;Zheng;Zheng;155;148559
158293;Zhi;Zheng;155;145312
216696;Avi;Rikan;26;148255
269510;Václav;Jurečka;12;150370
223826;Fang;Mei;155;148685
272328;Fahad;Khalfan;182;149545
273100;Mehdi;Sharifi;161;149691
244467;Ondřej;Kolář;12;150483
213761;Abderrazak;Hamdallah;129;149083
278200;Mirahmetjan;Muzepper;155;149111
214151;Juan;Mahecha;56;147839
172613;Luis Manuel;Seijas;61;147445
262429;Matheus;de Mello Costa;54;150584
225346;Felipe;Gedoz;54;150021
227794;Calvin;Verdonk;34;151405
208252;Sebastián;Bartolini;52;145842
220006;Spyros;Risvanis;22;150196
271971;Farley;Vieira Rosa;38;150207
253755;Talles;Magno;54;153292
272058;Valentin;Lazăr;39;148600
214837;Matías;Donoso;55;147460
226584;Pablo;Aranguiz;55;151365
211732;Timmy;Thiele;21;149309
239911;Marvin;Thiele;21;151898
216503;Charles Elie;Laprevotte;18;149740
238831;Jeff-Denis;Fehr;21;150444
241138;Alexander;Ammitzbøll;13;152067
242361;Mohamed;Atwa;111;148928
251502;Malik;Abubakari;117;152515
205585;Jack;Price;14;149816
268630;Isaac;Price;35;153749
211937;Uwe;Hesse;21;147986
215322;Jonathan;Silva;52;150373
214373;Antony;Silva;58;146598
269421;João;Silva;38;152232
242054;Igor;Silva;54;151157
208113;Bryan;Silva;54;149550
241313;Bryan;Silva;83;152056
216547;Rafael;Silva;38;149965
275602;José Ivaldo;Silva;54;151341
222643;Jordan;Silva;83;150404
243812;Rodrygo;Silva;54;152759
218868;Alejandro;Silva;60;148614
223844;Aderlan;Silva;54;148962
210385;Rui;Silva;38;150231
275510;Kaio;Silva;54;150635
252037;Fábio;Silva;38;153315
220702;Gastón;Silva;60;150257
218667;Bernardo;Silva;38;150415
214378;David;Silva;56;147618
216525;Lucas Cândido;Silva;54;150187
270686;Daniel;Silva;38;146823
203801;Francisco;Silva;55;147313
214745;Francisco;Silva;60;146291
274004;Francisco;Silva;38;151699
208827;John Lennon;Silva;54;149460
209003;Joel;Silva;58;148380
270086;António;Silva;38;153784
237569;Santiago;Silva;60;148970
232291;Stefan;Silva;46;148802
268233;Fabrício;Silva;54;151808
273380;Caique;Silva;54;149606
209749;Lucas;Silva;54;149875
268234;Wildson;Silva;54;151429
273341;Walterson;Silva;54;150555
239580;Bremer;Silva;54;151366
228941;André;Silva;38;150868
203862;Hugo;Silva;52;149497
206633;Luis;Silva;95;148346
165760;Fellype Gabriel;Silva;54;147246
194406;Manoel;Silva;54;148789
192623;Severino;Silva;54;147281
187764;Luis Ricardo;Silva;54;146561
192315;Henrique;Silva;54;147035
216258;Ihlas;Bebou;144;150306
227647;Maximilian;Mittelstädt;21;151366
205572;Harm;Zeinstra;34;148569
262396;Jay;Idzes;34;152538
238873;Pietro;Pellegri;27;152826
208681;Jordy;Croux;7;150208
225456;Diederrick;Joel;103;150168
232136;Fernand;Mayembo;107;150932
206436;Yassine;Benzia;97;150444
226863;Dylan;Mboumbouni;18;150974
254579;Lucas;Da Cunha;18;152910
223512;Sacha;Clémence;18;148154
268116;Tom;Rothe;21;154148
247861;Adam;Čerin;44;152216
207563;Papa;Diouf;136;148540
268534;Andy;Diouf;18;153617
235633;Yehvann;Diouf;18;152339
187084;Mame;Diouf;136;147986
255928;Mohammed;Diomande;108;153053
257204;Sinaly;Diomande;108;152849
270531;Ousmane;Diomande;108;153818
188107;Adama;Diomande;36;148777
251136;Horaţiu;Moldovan;39;151674
241953;Regan;Slater;14;152272
241986;Francisco Javier;Hidalgo Gómez;45;150282
241068;Agustín;Dávila;60;152070
225455;Víctor;Dávila;55;151597
215129;Misael;Dávila;55;149295
231104;José Carlos;Ferreira Júnior;54;150590
229401;Niall;Mason;14;151299
241230;Stefan;Mason;50;152369
270847;Dion;Kacuri;47;153887
50066;Evgen;Novak;49;148399
245017;Gaël;Ondoua;103;150866
239405;Jamie;Jacobs;34;151626
222041;Lucas;Boyé;52;150982
270855;Roko;Jureskin;10;152657
253245;Javier;Báez;58;148979
271461;Marcelo;Báez;58;149111
231050;Jaime;Báez;60;150673
239774;Michele;Currarino;27;149681
240025;Samuele;Parlati;27;151325
240091;Guglielmo;Vicario;27;151204
252339;Tiago;Djaló;38;152484
204410;Aliu;Djaló;119;149498
250831;Coniah;Boyce-Clarke;82;153540
253463;Bünyamin;Balcı;48;152506
264485;Oğulcan;Ülgün;48;151785
188274;Mustapha;Yatabaré;126;147297
196934;Oğuzhan;Özyakup;48;149729
202356;Ziya;Erdal;48;148006
210156;Omar;Abdulaziz;183;146526
219605;Cristián;Cuevas;55;150650
270599;Edixon;Cuevas;61;144854
199940;Juan Ezequiel;Cuevas;52;148157
208989;Freddie;Ladapo;14;149860
214323;Guillermo;Celis;56;149956
260411;Miguel;Celis;61;150810
227055;Gelson;Martins;38;150689
213966;Cleberson;Martins;54;149692
225597;Wanderson;Martins;54;150756
232192;Christopher;Martins;31;151339
207465;Felipe;Martins;54;149005
265516;Thiago;Martins;54;150634
215283;César Henrique;Martins;54;149825
273458;Matheus;Martins;54;153677
202642;Fernando Lucas;Martins;54;149525
256204;Diogo;Costa Pinto;38;152199
252150;Patrick William;Sá de Oliveira;54;151443
212994;Rhys;Healey;14;150533
242503;Eryk;Williamson;95;151451
261652;Neraysho;Kasanwirjo;34;153164
205393;Jack;Baldwin;14;150009
212990;Callum;Camps;35;150892
213339;Bradley;Garmston;25;150211
230714;Timi Max;Elšnik;44;151773
179712;Zoltán;Stieber;23;148291
213750;Ken;Sema;46;150101
209975;Alex;De Lima;54;148351
222079;Josh;Onomah;14;151406
215425;Filip;Sachpekidis;46;151473
232761;Gideon;Baah;117;149371
233262;Andre;Rawls;95;149451
234122;José Artur;de Lima Junior;54;150994
167111;Dmitriy;Belorukov;40;146258
248201;Martin;Minchev;9;152862
188546;Semir;Štilić;8;147917
204381;Jakub;Kosecki;37;148973
209471;Augusto;Pereira Loureiro;38;147878
227766;Lasha;Dvali;20;150692
230994;Martin;Bukata;43;150103
217065;César;Samudio;87;150247
138949;Braian;Samudio;58;150915
234904;Rubin;Seigers;7;151665
192373;Milton;Caraglio;52;148337
215927;Renaud;Emond;7;149436
237045;Ramón;Pasquel;83;151097
230869;Unai;Simón;45;151451
256408;Santiago;Simón;52;153279
238659;Valmir;Sulejmani;219;150955
179560;Miralem;Sulejmani;51;148341
220148;Nicolás;Orsini;52;150448
253139;Santiago;Pierotti;52;152843
255043;Daryl;Dike;95;152539
244591;Jayden;Bogle;14;152593
234496;Omar;Bogle;14;150035
226509;Aron Elís;Þrándarson;24;150507
234894;Emil;Bohinen;36;152090
236754;Jonas;Rønningen;36;149063
256853;Malik;Tillman;95;153263
240319;Timothy;Tillman;21;152023
236937;Aleksander A.;Melgalvis;36;148589
206072;Brandon;Miele;25;150433
215026;Pablo Daniel;Magnín;52;148847
263790;Leó;Chú;54;152540
225077;Sondre;Fet;36;151306
222204;Yunding;Cao;155;148693
279551;Ziheng;Cao;155;150623
278067;Haiqing;Cao;155;150099
182360;Yang;Cao;155;145794
241131;Leonel;Justiniano;53;149646
272063;Laurentiu;Corbu;39;150323
235589;Srdjan;Babić;51;151036
279484;Mamur;Ikromov;191;145973
214169;William;Tesillo;56;148765
214584;Franco;Armani;52;147560
231209;Ronaldo;Tavera;56;150770
172881;Vasilis;Pliatsikas;22;148106
237453;Ado;Onaiwu;163;150870
209051;Abdulmajeed;Al Ruwaili;183;147511
241902;Chafik;Abbas;18;151822
208915;Ahmad Mohammed;Abbas;183;146779
211612;Jhon Cley;Jesus Silva;54;150261
234644;Valentino;Vujinovic;21;152070
238953;Maximilian;Wolfram;21;151341
240310;Aaron;Eichhorn;21;151919
268237;Vitor Gabriel;Rego;54;152404
238509;Élie;Youan;18;152116
236506;Marcos;Senesi;52;151419
242103;Emil;Kalsaas;36;152573
242259;Alberto;De Francesco;27;150478
204324;Matthew;Kennedy;35;150498
258361;Scott;Kennedy;70;151379
227676;Mikhail;Kennedy;35;151154
225586;Ben;Kennedy;35;151301
185265;Callum;Kennedy;14;148680
235026;Omar;Richards;14;151908
214525;David;Richards;50;150193
250954;Chris;Richards;95;152472
241908;Isaac;Richards;195;152118
243393;Taylor;Richards;14;152723
228327;Fitim;Azemi;36;149639
213134;Levin;Öztunali;21;150998
245256;Juan Pablo;Vargas;72;150715
240253;Thibaut;Vargas;18;152527
226044;Rodrigo;Vargas;53;150485
238581;Ruben;Vargas;47;151871
221461;Armando;Vargas;56;148363
268710;Kenneth;Vargas;72;153222
238114;Carlos;Vargas;83;152064
226266;Jeisson;Vargas;55;151547
214583;Cristian;Vargas;56;148687
236296;José;Vargas;53;150954
212067;Camilo;Vargas;56;148435
228819;Matías;Vargas;52;151417
216048;Gabriel;Vargas;55;146517
206655;Eduardo;Vargas;55;148691
260555;Luis;Vargas;61;147812
222331;Lukas;Klostermann;21;151078
241907;Diego;Rossi;60;151718
227275;Agustín;Rossi;52;150791
223495;Iván;Rossi;52;150133
224241;Nick;Olij;34;150771
236010;Christián;Herc;43;151927
204156;Sékou;Sanogo;108;148492
226789;Angelo;Fulgini;18;151156
225629;Théo;Valls;18;150910
238269;Jason;Pendant;18;151329
242289;Conor;Hazard;35;151718
203486;Thorgan;Hazard;7;149916
262587;Marin;Ljubičić;10;153174
243525;Robert;Ljubičić;4;152214
209669;Dimitrios;Siovas;22;148261
208137;Lucas;Torró;45;150393
216475;José;Luis Morales;45;147840
226637;Rubén;Duarte;45;150849
250893;Laros;Duarte;34;151348
229883;Omar;Duarte;56;143349
235355;Deroy;Duarte;104;152204
234835;Domingos;Duarte;38;150620
273526;Leonardo;Duarte;54;151122
212772;Óscar;Duarte;72;148521
220433;Óscar Alexander;Whalley Guardado;45;150281
263317;Mateusz;Łęgowski;37;153509
248148;Martín;Zubimendi;45;152052
232090;Giorgi;Aburjania;20;150560
219988;Felipe;Avenatti;60;149944
235867;Luca;Strizzolo;27;149582
262438;Mateus;Quaresma Correia;54;151158
211593;Shay;Facey;14;150565
199904;Jesse;Joronen;17;149908
210646;André;Ibsen Rømer;13;150027
225997;Benjamin;Verbič;44;150159
239358;Seny;Dieng;136;150520
206142;Timothée;Dieng;18;149562
261084;Bamba;Dieng;136;152629
227678;Ezri;Konsa;14;151750
238817;Will;Shorrock;14;152049
169648;Kaheim;Dixon;82;154188
190492;Joss;Labadie;14;148974
224130;Josh;Vickers;14;150893
152828;Ibson;Barreto da Silva;54;146486
189955;Ole;Söderberg;46;148933
247181;Gonzalo;Plata;57;152690
216476;Anderson;Plata;56;149044
202184;Joao;Plata;57;149523
219950;Noah;Sonko Sundberg;46;151081
245703;Igor;Diveev;40;152289
237052;Chidi;Omeje;133;148857
237448;Antonio;Mlinar Delamea;44;149258
237856;Amadou;Kalabane;118;150925
238277;Dániel;Gazdag;23;150985
192086;Alexandr;Kokorin;40;149175
216005;Federico;Rašić;52;149546
239897;Yan;Kazaev;40;149427
203257;Gutieri;Tomelin;54;149277
224257;Maciej;Pałaszewski;37;151751
268462;Daniel;Boloca;39;152010
203851;Daniel;Drescher;4;148647
254910;Tatsuhiro;Sakamoto;163;151219
235751;Bojan;Nastić;51;150380
260264;Noah;Ohio;7;153496
212140;Grégory;Karlen;47;150588
215459;Gaëtan;Karlen;47;149986
240544;Giotto;Morandi;47;152082
220872;Greg;Kiltie;42;151307
221714;Alfredo;Morelos;56;151096
254136;Elijah;Just;198;152506
258355;Elias;Hagen;36;152404
234378;Declan;Rice;14;152033
251325;Marco;Meyerhöfer;21;150880
260705;Facundo;Castet;52;151908
263014;Béni;Makouana;107;153386
215157;Federico;Lértora;52;148918
221832;Lucas;Olaza;60;150395
220766;Juan;Falcón;61;148422
234755;Edmore;Chirambadare;148;149486
278906;Weijun;Xie;155;151607
279227;Pengfei;Xie;155;150008
271805;Erik;Janža;44;150000
272131;Stav;Shushan;26;150692
273072;Jaber;Ansari;161;147646
274109;Ehsan ;Pahlavan;161;150034
270913;Uran;Bislimi;219;152287
275561;Matheus;Rossetto;54;151078
275388;Kyriakos;Kivrakidis;22;149665
232110;Thomas;Glover;195;151647
221373;Mohammed;Al Saiari;183;149950
208987;Ibrahim;Zaid;183;148754
231911;Xuan Truong;Luong;192;150676
236241;Guillermo;Viscarra;53;149866
139574;Daré;Nibombé;144;145247
175667;Andranik;Teymourian;161;146240
206421;David;Manoyan;3;148918
271675;Rauno;Alliku;208;148793
226265;Carlos;Lobos;55;151341
210019;Lukas;Raeder;21;150192
238567;Christopher;Theisen;21;149992
247467;Gastón;Avila;52;153023
241721;Rafael;Leão;38;152180
228975;Steve Aldo;One;103;150563
240216;Marco;Carraro;27;151663
268099;Péter;Szappanos;23;149050
233795;Ben;Brereton Díaz;55;152127
219177;Jorge;Grant;14;150462
209210;Alex;Grant;195;150216
225668;Karlan;Grant;14;151550
216790;Conor;Grant;14;150666
192241;Rhyan;Grant;195;149154
207791;Yussuf;Poulsen;13;150359
236875;Andreas;Poulsen;13;152305
213530;Nicolai;Poulsen;13;150055
211952;Maximilian;Thiel;21;149862
229530;Rick;Wulle;21;150348
236613;Lennart;Grill;21;152044
270866;Youssef;Chermiti;38;153990
221279;Liam;Kelly;25;150884
225203;Liam;Kelly;42;150946
231512;Lloyd;Kelly;14;151928
242638;Dan;Kelly;25;151065
233310;Graham;Kelly;25;151578
203830;Sam;Kelly;14;150122
231396;Ciaran;Kelly;25;151839
238001;Ciaran;Kelly;25;151952
210352;Sean;Kelly;42;150133
240342;Haris;Duljević;8;150148
220287;Juan;Dinenno;52;150433
221350;Thierry;Ambrose;18;151376
235626;Mikey;Ambrose;95;150106
186876;Efe;Ambrose;133;148293
253109;Joey;Veerman;34;151977
227537;Henk;Veerman;34;149154
233096;Denzel;Dumfries;34;151032
216656;Jerome;Sinclair;14;151187
241536;Manprit;Sarkaria;4;151162
231747;Kylian;Mbappé;18;152008
225176;Chérif;Quenum;18;149984
244622;Javier;Puado;45;151799
222573;Andres;Tello;56;151173
238537;Gary;Tello;55;149929
202054;Edinaldo;Gomes Pereira;54;148239
274082;Alan;Matturro;60;154130
262498;Alexander;Petxarroman Eizagirre;45;151326
255210;Anis;Ben Slimane;145;152825
228707;Diego;Alende López;45;151526
208621;Óscar;Plano;45;149139
223740;Iñigo;Eguaras Álvarez;45;149529
216141;Andrea;D'Errico;27;149546
201024;Kalidou;Koulibaly;136;149268
216523;Marios;Oikonomou;22;149742
212795;Evangelos;Oikonomou;22;147835
227668;Salvador;Ichazo;60;149488
230631;Marco;Festa;27;149620
202517;Apostolos;Vellios;22;149470
237250;Stefan;Cleveland;95;150337
220578;Emanuele;Rovini;27;150609
238464;Jan;Mlakar;44;151950
243477;Tomás;Badaloni;52;152507
264283;Burak;Bekaroğlu;48;151395
181006;Sérgio Antônio;Borges Júnior;54;147487
189930;İsmail;Köybaşı;48;148558
205201;Okay;Yokuşlu;48;150261
223511;Issam;Chebake;129;148652
232329;Kubilay;Kanatsızkuş;48;151376
274563;Hussayn;Touati;97;153026
226429;Luigi;Canotto;27;150332
230872;Mile;Svilar;51;152258
225266;Mathias;Rasmussen;36;151618
267738;Justin;Rasmussen;95;151989
234827;Jacob;Rasmussen;13;151437
229873;Alexander;Munksgaard;13;151636
238725;Kevin;Tshiembe;13;151379
239755;Saba;Lobjanidze;20;150545
216386;Haxzel;Quirós;72;151808
202123;Chuks;Aneke;14;150012
226579;Alejandro;Zendejas;95;151692
235770;Harry;Pickering;14;152017
235816;Harry;Pickering;14;151661
252527;Marco;Burch;47;152677
265888;Filip;Nguyen;12;149720
269197;Álvaro;Mantilla Pérez;45;152514
204845;Amin;Affane;46;150214
207644;Nikola;Tkalčić;10;148704
222246;Richie;Marquez;95;149609
221665;Rasmus;Lindkvist;46;148868
228381;Erik;Granat;46;150779
215925;Hanan;Maman;26;148607
237399;Evan;Louro;95;150942
187602;Sergey;Parshivlyuk;40;148444
248021;Iulian;Cristea;39;150391
225614;Ilzat;Akhmetov;40;151654
220794;Yeldos;Akhmetov;165;148884
266636;Adam;Obert;43;153350
189013;Michał;Buchalik;37;148401
207516;Jakub;Świerczok;37;149825
225013;Miroslav;Čovilo;51;147397
223676;Rene;Renner;4;150161
228699;Dries;Wouters;7;151317
229010;Selim;Amallah;129;151243
233897;Mamadou;Fall;136;149462
263295;Mamadou;Fall;136;153075
234045;Henry;Onyekuru;133;151445
235565;Dylan;Bronn;145;150728
236841;Jordi;Cortizo;83;151105
239947;Roberto;Meraz;83;152235
246044;Andrés;Martín García;45;152211
189468;Daniel João;Santos Candeias;38;148057
263804;Yukhym;Konoplya;49;152257
257153;Agustin;Hausch;52;153621
215256;Renzo;Saravia;52;149995
237727;Ángel;Melo;55;151529
214440;Darío;Melo;55;150276
204852;Elton;Melo;54;148808
230658;Arthur;Melo;54;151148
260560;Luis;Melo;61;149327
231093;Juan;Patiño;58;148507
231247;Braian;Cufré;52;151273
263238;Seyed;Niazmand;161;150654
181866;Nikita;Rukavytsya;195;147809
261351;Yair;Arismendi;52;151749
198018;Joan Guillem;Truyols Mascaró;45;148682
199000;Trent;Sainsbury;195;149467
234222;Young Wook;Cho;167;152055
211655;Min Woo;Cho;167;149596
247686;Gue Sung;Cho;167;151679
256476;Mohamed-Ali;Cho;18;153864
244798;Yu Min;Cho;167;151245
202975;Ji Hun;Cho;167;148881
187144;Soo Hyuk;Cho;167;147713
165870;Yong Hyung;Cho;167;146482
208866;Neuciano;Gusmão;9;148362
220748;Boris;Kleyman;26;149031
270019;Urfan;Abbasov;5;149750
220369;Matěj;Hybš;12;149831
265588;Nelson;Solíz;57;150187
244376;Volodymyr;Shepelev;49;151441
241236;Antoine;Semenyo;117;152391
242338;Elier;Aponzá;56;150315
219160;Víctor;Cantillo;56;150116
239265;Vinicius;De Paiva;54;151046
232513;Yusuke;Chajima;163;149298
210923;Mohammed;Al Owais;183;149380
223054;Cristian;Penilla;57;149219
238655;Robert;Kristo;95;149962
242628;George;Bello;95;153137
266580;Eduard;Bello;61;150790
240323;Jack;Earing;14;152040
272967;Miloš;Kopečny;12;150188
268062;Luidy;Viegas;54;151126
181132;José Eduardo;Bischofe de Almeida;54;147938
226599;Janis;Ikaunieks;28;150605
239428;Alessandro;Kräuchi;47;151808
190758;Werley;Ananias;54;148250
229067;Nikolai;Rehnen;21;151324
236703;David;Raum;21;151766
239747;Sergio;Córdova;61;151510
242118;Sebastián;Córdova;83;151452
229050;Oskar;Buur;13;151744
259673;Max;Bruns;34;153425
213000;Sven;van Beek;34;150402
257005;Nicolas;Vouilloz;47;152881
236632;David;Neres;54;151351
239924;José Ricardo;Avelar;54;151901
207865;Marcos;Aoas Corrêa;54;150327
232131;Henrich;Ravas;43;151517
244272;Dino;Perić;10;150386
233265;Rémi;Oudin;18;151246
257470;Anthony;Elanga;46;153232
193554;Diafra;Sakho;136;148725
240785;Michele;Cerofolini;27;152023
190951;Sanel;Kapidžić;8;148836
251431;Maurice;Malone;21;152614
210205;Dion;Malone;92;148411
228589;Raphael;Gregório Guzzo;38;150564
215147;Lautaro;Giannetti;52;150145
194783;Niccolò;Giannetti;27;149229
229453;Gil;Bastiao Dias;38;151195
215057;Iván;Marcone;52;148886
240565;Jacopo;Furlan;27;149881
204215;Adam;Reach;14;149862
240991;Filippo;Florio;27;151037
276589;Vítor;Roque;54;154270
213344;Jahmali;Waite;82;152012
274310;Demirhan;Balçalan;48;150983
274325;Gürkan;Balçalan;48;150983
253283;Facundo;Pellistri;60;153104
206011;Rui Gabriel;Pinheiro Vieira;38;149414
197860;Ivo Daniel;F. Mendonça Pinto;38;148739
211378;Jackson;Irvine;195;149894
234992;Luís Carlos;Rocha Rodrigues;38;147496
243223;Nicolas;Madsen;13;152461
235636;Mads Emil;Madsen;13;151668
178164;Kim André;Madsen;36;148438
261283;Tommy;Conway;42;153333
238306;Aaron;Conway;25;151630
270995;Nikolas;Sattlberger;4;153863
204365;Anton;Forrester;14;150235
189498;Harry;Forrester;14;149099
207710;Leon;Lobjoit;14;150562
211893;Markus;Schwabl;21;148970
213120;Conor;Wilkinson;25;150581
220917;Josh;Ashby;14;151047
225134;Alex;Bass;14;151745
226116;Ryan;Sweeney;25;151394
211217;Dan;Sweeney;14;150308
207646;Pierce;Sweeney;25;150447
237881;Dylan;Sweeney;25;151680
228476;Luke;Higham;14;151218
215810;Cristiano;Lombardi;27;150789
206563;Jason;Holt;42;149878
236945;Jordan;Holt;14;152095
229190;Kevin;Holt;42;149853
179633;Søren;Rieks;13;147733
212607;Maxime;Chanot;31;148753
214969;Fernando;Godoy;52;148853
217047;Aníbal;Godoy;87;148773
215178;Erik;Godoy;52;150056
228415;Leonardo;Godoy;52;150676
224790;Gonzalo;Godoy;60;148018
258700;Matías;Godoy;52;153125
214843;Eric;Godoy;55;147721
229325;Oscar;Linnér;46;151343
240390;Albin;Linnér;46;152064
199058;Sergey;Tkachev;40;148506
228103;Timur;Akmurzin;40;151630
229297;Batraz;Khadartsev;40;149971
266236;Arijon;Ibrahimović;21;154556
254238;Bryan;Carabalí;57;151641
251356;Nicolai;Vallys;13;151171
178578;Ione Agonay;Jiménez Cabrera;45;147192
270673;Warren;Zaïre-Emery;18;154643
199674;Jorge Filipe;Avelino Teixeira;38;147510
229073;Josh;Dacres-Cogley;14;150995
231408;Jonathan;Leko;14;152133
233472;Noah Joel;Sarenren Bazee;133;151157
220074;Runar;Espejord;36;150980
232655;Simen;Juklerød;36;150331
207774;Marc;Ludden;25;148791
223974;Jack;Bayly;25;151093
222511;Ezequiel;Unsain;52;150626
224254;Cristian;Pavón;52;150944
221001;Ulrik;Saltnes;36;149777
229188;Vangelis;Pavlidis;22;151979
236828;Maximiliano;Mori;55;151604
268800;Giannis;Chatzivasilis;11;148848
194136;Seydou;Yahaya;117;148732
241239;Liangming;Lin;155;151444
279179;Chuangyi;Lin;155;149856
278516;Longchang;Lin;155;148787
278886;Yuan;Cheng;155;150109
278088;Yuelei;Cheng;155;147937
279238;Mouyi;Cheng;155;146961
278064;Changcheng;Cheng;155;149183
209297;Frederico;R. de Paula Santos;54;149892
240297;Robin;Källman;17;152062
271014;Sandi;Ogrinec;44;151810
271101;Oleksandr;Noyok;49;149598
271396;Carlos;Grados;59;150693
273073;Meysam;Majidi;161;147569
243714;Eris;Abedini;219;151895
273123;Fardin;Abedini;161;149419
205005;Lukáš;Droppa;12;148479
272966;Josef;Hnanicek;12;147633
241694;Stiven;Rentería;56;151580
212409;Andrés;Rentería;56;149893
214030;Carlos;Rentería;56;150744
237244;Jorge;Betancur;56;149328
241408;Marwin;Reuvers;34;152082
221383;Seung Woo;Ryu;167;150179
242100;Ji Ha;Ryu;167;152171
228461;Jae Moon;Ryu;167;150140
238200;Eon Jae;Ryu;167;150502
202988;Won Woo;Ryu;167;148949
251232;Jorge Fernando;dos Santos Silva;38;151005
262335;Elayis;Tavşan;34;152870
220771;Jérôme;Guihoata;103;150473
238619;Jannis;Nikolaou;21;150040
237040;Dimitrios;Nikolaou;22;151879
168202;Marios;Nikolaou;11;146452
246708;Georgios;Masouras;22;150498
50351;Giannis;Masouras;22;151160
232314;Kosta;Petratos;195;151714
240648;Connor;Metcalfe;195;152328
231075;Blagoy;Makendzhiev;9;148194
169053;Maor;Buzaglo;26;148015
234942;Moritz;Heinrich;21;151473
204651;Marko;Meerits;208;149579
214258;Mathías;Riquero;60;146051
177515;Valdet;Rama;1;147960
211831;Dennis;Mast;21;149508
223678;Dennis;Slamar;21;150444
238699;Kevin;Kunz;21;149484
239523;Maximilian;Rossmann;21;150684
209722;Marcos;Pedroso;54;150105
272960;Daniel;Holzer;12;150788
232102;Conor;Masterson;25;151905
238176;Andrea;Borg;32;152335
240618;Norman;Wabo;14;151719
241599;Billy;Crellin;14;152414
253387;Fahad;Al Hamad;183;151836
260990;Rocco;Ascone;18;153735
236583;Jiří;Pavlenka;12;149567
248878;Luca;Kilian;21;152263
215607;Neilton;Meira;54;150241
240891;Nicolas;Sessa;21;151006
242974;Kevin;Sessa;21;152572
211234;Enzo;Fernández;18;150641
247090;Enzo;Fernández;52;152767
262151;Ezequiel;Fernández;52;153321
228748;Fernando;Fernández;58;149470
219452;Julián;Fernández;52;150639
246351;Valery;Fernández;45;152346
237144;Bryan;Fernández;56;149487
225674;Diego;Fernández;55;151721
225289;Nicolás;Fernández;52;150962
239682;Nicolás;Fernández;55;152234
257866;Nicolás;Fernández;52;152395
271680;Rodrigo;Fernández;60;151200
214835;Ronnie;Fernández;55;149127
215998;Ignacio;Fernández;52;148744
240372;Pedro;Fernández;52;147731
251686;Damián;Fernández;52;152752
241990;Omar;Fernández;56;149870
239899;Víctor;Fernández;45;151776
208054;Leandro;Fernández;52;149168
211269;Guillermo;Fernández;52;149381
221014;Carlos;Fernández;45;151066
252935;Leonardo;Fernández;60;151966
230118;Matías;Fernández;55;150784
264504;Gabriel;Fernández;60;150326
241199;Lucas;Fernández;55;150672
248052;Roberto Carlos;Fernández;53;152212
236371;Álvaro;Fernández;45;151757
248869;Hugo;Fernández;58;151625
183686;Rafael Eduardo;Fernández;83;152602
200724;Nacho;Fernández;45;148750
196871;Marlon;Fernández;61;147287
193314;Aitor;Fernández;45;149220
183248;Aarón;Fernández;83;147847
199247;Alejandro;Fernández;45;149751
208945;Ashton;Götz;21;150025
216193;Bart;Vriends;34;149226
251470;Charles;De Ketelaere;7;152819
213905;Sam;Gallagher;14;150816
219095;Luke;Gallagher;25;150403
221591;Ciaran;Gallagher;25;149554
238216;Conor;Gallagher;14;152421
209935;Declan;Gallagher;42;149141
231685;Ronaël;Pierre-Gabriel;18;151818
212934;Abdellah;Zoubir;18;149436
222467;Iván;López Álvarez;45;150373
190852;Callum;McManaman;14;149212
227127;Alejandro;Remiro;45;150641
240405;Juan Cruz;González;52;151260
239475;Jonathan;González;83;152122
260125;Yair;González;52;153195
208379;Giancarlo;González;72;148040
271136;Jorge;González;58;148086
259474;Bryan;González;83;153580
214770;Diego;González;52;148041
227106;Diego;González;45;150586
242032;Diego;González;83;151058
213444;Rubén;González;83;150220
239943;Claudio;González;83;149543
239638;Martín;González;60;148772
216034;Renato;González;55;148782
221652;Sergio;González;45;149573
219717;Yony;González;56;150385
226086;Ángel;González;52;150329
240690;Nicolás;González;52;151750
255069;Nicolás;González;45;153118
245062;Julio;González;58;149642
207876;Alexander;González;61;149719
220291;Leonel;González;52;150267
216666;Alejandro;González;60;148084
271693;Jesús;González;61;147875
216396;Rodrigo;González;83;150660
236351;Rodrigo;González;55;150892
207984;Arturo;González;83;150441
214730;Ignacio;González;55;148703
260553;Ignacio;González;60;146531
272436;Ignacio;González;60;150137
253953;Gastón;González;52;152928
232066;Walter;González;58;150730
239590;Ramiro;González;52;149057
221580;Dairin;González;56;148887
258403;Jair;González;83;153178
213831;Ronald;González;55;149022
254070;Marcelo;González;58;151071
240942;Fabio;González;45;151332
216027;Leandro;González;52;147193
227394;Carlos;González;58;149863
259533;Francisco;González;52;152846
216394;Cristian;González;83;151711
247500;Édgar;González;45;151380
264501;Giovanni;González;60;150456
263654;Amaguín;González;58;152263
242261;Gonzalo;González;60;150108
271196;Joan;González;45;153147
270598;Mayker;González;61;148159
209523;Derlis;González;58;150272
252239;Lucas;González;52;152539
210123;Pablo;González;83;149651
236747;Luis;González;61;149088
198863;Pablo Andrés;González;52;147054
226162;Emiliano;Buendía;52;151283
236868;Óscar;Arribas Pasero;45;151955
220751;Leonardo;Cáceres;58;147024
251613;Juan José;Cáceres;58;152537
253257;Sebastián;Cáceres;60;152249
234785;Stephane;Omeonga;7;151010
270409;Sávio;Moreira de Oliveira;54;153946
239016;Dominik;Schmid;47;151723
230064;Yannick;Schmid;47;150689
239701;Romano;Schmid;4;152411
239898;Nicolas;Schmid;4;151342
189751;Mirko;Eramo;27;148560
221841;Adam;Armstrong;14;151330
272365;Sinclair;Armstrong;25;153653
212152;Filippo;Berra;27;150595
212443;Simone;Pasa;27;150214
215376;Elio;Capradossi;27;150994
241523;Marcus;Forss;17;152188
261772;Taïryk;Arconte;18;153796
238361;Michael Richard;Delgado de Oliveira;54;150995
190875;Juraj;Kucka;43;147693
255021;Jesse;Sekidika;133;151119
204152;Jens;Jønsson;13;149838
206304;Luka;Milivojević;51;149194
229735;Zachary;Brault-Guillard;70;152018
229197;Claudio;Rivero;60;147010
231219;Braian;Rivero;52;150976
264875;Germán;Rivero;52;149539
232816;Alejandro;Rivero;52;151817
228892;Ignacio;Rivero;60;149563
260666;Rosauro;Rivero;53;146061
223685;Octavio;Rivero;60;149486
184139;Ricardo Abel;Barbosa Ferreira;38;148704
212911;Hernâni Jorge;Santos Fortes;38;149329
210897;Chancel;Mbemba;110;150413
224095;Nolan;Mbemba;18;150608
229327;Hélder Luís;Vieira Tavares;104;148727
242068;Lennart;Moser;21;152359
235634;Ghislain;Konan;108;150919
212883;Daniel;Amartey;117;150548
215660;Jonas;Thorsen;13;148841
229657;Dino;Mikanović;10;150320
239767;Adrian;Kappenberger;13;151161
203054;Haydn;Hollis;14;149750
223852;Farrend;Rawson;14;151116
204709;Diego;Rubio;55;149963
214685;Patricio;Rubio;55;148475
239624;Brian;Rubio;83;151237
243431;Miguel;Rubio;45;151724
225808;Herman;Hallberg;46;151431
210742;Melker;Hallberg;46;150851
227509;Elías Már;Ómarsson;24;150576
213837;Orri Sigurður;Ómarsson;24;150607
240647;Vincent;Bezecourt;18;149989
203529;Andrey;Buyvolov;40;147648
205270;Khoren;Bayramyan;40;149469
224741;Alexandr;Troshechkin;40;151037
225603;Artem;Samsonov;40;150198
228802;Dmitriy;Zhivoglyadov;40;150342
239935;Vitaliy;Fedotov;49;149294
238904;Adrian;Łyszczarz;37;152253
221434;Dieter;Villalpando;83;149313
263707;Martin;Wasinski;7;153943
213813;Alexander;Fransson;46;150285
252796;Morgan;Whittaker;14;152757
226510;Daníel Leó;Grétarsson;24;150833
242571;Carlos;Rotondi;52;151350
215117;Leandro;Desábato;52;148821
238036;Juan Bautista;Cejas;52;151719
215181;Gino;Peruzzi;52;149623
231507;Alexis;Soto;52;150121
230635;Diego;Soto;55;151949
221404;Juan Carlos;Soto;55;150376
227894;Almir;Soto;56;150391
242306;Guillermo;Soto;55;150203
234516;Jaime;Soto;55;149573
184852;Assani;Lukimya;110;147296
204943;Aloísio;dos S. Gonçalves;54;148172
245253;Leandro;Barreiro Martins;31;152387
239334;Paulo Vitor;Fernandes Pereira;54;152194
222734;Sang Woo;Kang;167;150108
221912;Hyeon Mu;Kang;167;150630
155334;Min Soo;Kang;167;147316
223345;Yago;Cariello;54;152227
273075;Mehdi;Momeni;161;147170
251690;Jack;Rudoni;14;152915
273703;Denis;Shcherbitski;6;151028
228229;Fabián;Balbuena;58;149332
277942;Eduin;Quero;61;151401
278885;Cong;Zhen;155;151329
253281;Agustín;Canobbio;60;151928
207895;Tim;Wendel;21;148379
236401;Noussair;Mazraoui;129;151607
215643;Ramiro;Benetti;54;149970
245226;Gonçalo Bento;Soares Cardoso;38;152679
202150;Stavros;Tsoukalas;22;148150
208285;Vasilios;Rentzas;22;149569
212568;Pavlos;Mitropoulos;22;148826
223000;Spyros;Spinoulas;22;147369
275470;Mark;Asigba;117;148920
213281;Paulo;Retre;195;149891
204724;Yeong Joon;Sin;167;148616
202986;Jin Ho;Sin;167;148252
202974;Se Gye;Sin;167;148991
235710;Abdullah;Al Yousif;183;151591
239117;Alexandru;Baluta;39;150084
219689;Santiago;Lizana;55;149797
230928;Alexander;Sorge;21;149939
242393;Bilal;Hussein;46;152497
241493;Samuel;Cartwright;14;152574
251182;Iago;Amaral Borduchi;54;151371
211999;Rani;Khedira;21;150220
213117;Stefan;Lex;21;148698
221955;Jonathan;Torres;52;151287
241461;Ferrán;Torres;45;152444
239787;Gustavo;Torres;56;151090
271627;Gustavo;Torres;59;150762
219746;Diego;Torres;55;149675
241464;Pau;Torres;45;151305
231970;Diego Fabián;Torres;52;149042
214506;Román;Torres;87;147350
223752;Marlon;Torres;56;151031
239844;Gerson;Torres;72;151529
258052;Axel;Torres;83;153136
235368;Edson;Torres;83;151835
235511;Iván;Torres;58;149155
208777;Óliver;Torres;45;150507
236539;Edwin;Torres;56;151602
247883;Saúl;Torres;53;148818
260669;Saúl;Torres;53;148818
263474;Franco;Torres;52;152164
214332;Daniel;Torres;56;148686
256136;Facundo;Torres;60;152488
252053;Felix;Torres;57;151300
236842;Jairo;Torres;83;152541
222647;Cristian;Torres;83;150966
237981;Jeferson;Torres;56;151369
233090;Joaquín;Torres;52;151317
257966;Eduardo;Torres;83;152434
229252;Antonio;Torres;83;151067
177877;José Francisco;Torres;95;147938
199569;Erick;Torres;83;149847
198690;Roger;Torres;56;149291
230855;Hauke;Wahl;21;150298
233125;Marcel;Hartel;21;150942
240584;Bram;Verbong;34;152376
222562;Rúnar;Alex Rúnarsson;24;150607
246713;Ken;Nkuba;7;153136
226127;Clément;Deprès;18;150522
228732;Harold;Moukoudi;103;151620
235744;Brandon;Thomas-Asante;14;152017
71259;Lukáš;Červ;12;152850
244176;Deniz;Undav;21;151124
263339;Carl;Rushworth;14;152933
257080;Marlon;Mustapha;4;152894
274143;Ibrahim;Mustapha;117;152554
205083;Fayçal;Fajr;129;148215
259847;Francisco;La Mantía;61;150978
253951;Franco;Calderón;52;151787
233954;Cristian;Calderón;83;151433
210679;Paulo; Oliveira;38;149105
273119;Carlos Alexandre;Cardoso;54;146795
259516;João;Cardoso;95;153013
228205;Daniel;Cardoso;140;148281
230776;Jesiel;Cardoso;54;150257
180702;Éverton;Cardoso;54;148347
223357;Wilfrid;Kaptoum;103;151112
196801;Edson Andre;Sitoe;130;148253
239648;Andrea;Cistana;27;151380
238263;Fredrik;Knudsen;36;151166
241607;Tomás;Belmonte;52;151801
210437;Anthony;Belmonte;18;150847
230916;Luca;Zanon;27;151109
199554;Damiano;Zanon;27;146420
235495;Cebrail;Karayel;48;150420
247203;Matěj;Hanousek;12;149981
208022;Imoh;Ezekiel;133;150125
240336;Eduardo;Camavinga;18;153429
205598;André Alexandre;Carreira Sousa;38;148922
252308;Ali;Musrati;123;151020
233414;João Pedro;Salazar da Graça;38;150727
238507;Fernando Manuel;Ferreira Fonseca;38;151362
196064;Quincy;Antipas;148;146651
210041;Cimo;Röcker;21;150214
213692;Joshua;Harrop;14;150907
213695;Sean;Goss;14;150832
265557;Theophilus;Solomon;133;150941
246791;Manor;Solomon;26;152224
270107;Luca;Langoni;52;153155
220981;Johannes;Vall;46;149755
224952;Zackarias;Faour;46;151684
241498;Romario;Ibarra;57;150460
204738;Renato;Ibarra;57;149117
239622;Julio;Ibarra;83;150936
257424;Javier;Ibarra;83;151691
254695;Franco;Ibarra;52;152868
225664;Miguel;Ibarra;95;148806
233269;Kip;Colvey;198;150267
240581;Ivan;Šunjić;10;151206
206133;Anton;Shvets;40;149944
223306;Jarosław;Jach;37;150241
227927;Kyle;Walker-Peters;14;151392
199392;Matías;Aguirregaray;60;148458
218066;Mbwana Ally;Samatta;143;149810
230561;Jay-Roy;Grot;34;151726
233386;Paolo;Yrizar;83;151507
271219;Arbnor;Muja;219;151987
219216;Josh;Windass;14;150202
220027;Renan;Guedes Borges;54;151673
186267;Vegar Eggen;Hedenstad;36;149274
215430;Tortol;Lumanza;7;150296
237698;Callum;Gribbin;14;152006
235601;Emil;Solnørdal;36;152294
239407;Ole;Breistøl;36;151846
241115;Rodrigo;Amaral;60;151373
215202;Lucas;Janson;52;150421
255956;Joel;Waterman;70;150947
220409;Cecilio;Waterman;87;149200
137552;Boy;Waterman;34;146564
170733;Gervais;Yao Kouassi;108;147783
177392;Dieumerci;Mbokani;110;147232
278889;Weichen;Ning;155;151366
193198;Nemanja;Gudelj;51;149417
195884;Musa;Haroon;182;147527
230972;Adriel;Ba Loua;108;151130
255877;Johan;Madrid;59;151254
214748;Álvaro;Madrid;55;150653
221599;Ntsikelelo;Nyauza;140;148862
239970;Paulo Henrique;Sampaio Filho;54;152581
228270;Óscar;Vílchez;59;147292
277927;Amer;Gojak;8;151333
270555;Ramon;Menezes;54;150681
268057;Jackson;Menezes;54;147777
258491;Jaheim;Headley;14;153017
232128;Oliver;Fula;56;148062
232882;Kento;Misao;163;145186
198897;Marcelo H.;Passos Carné;54;148769
219254;Gonzalo;Castillejos;52;147335
221812;Abdullah;Al Shamekh;183;149976
235551;Ibrahim Fahad;Al Shuayl;183;150518
225213;Gurpreet;Singh Sandhu;159;149496
206335;Orel;Dgani;26;148375
71995;Askhat;Tagybergen;165;148953
224432;Thomas;Steinherr;21;149952
221989;Fidan;Aliti;219;150104
264337;Rodrigo;Muniz;54;152874
207729;Madson;Ferreira;54;149475
275104;Saulo;Ferreira;54;150668
224235;Paulo Ricardo;Ferreira;54;150387
230087;Diego;Ferreira;54;150980
241487;Jesús;Ferreira;95;152743
270551;Sidcley;Ferreira;54;149961
260889;Michel;Ferreira;54;148813
241568;Cristian;Ferreira;52;152274
275562;Luiz Fernando;Ferreira;54;150656
262526;Matheus Matías;Ferreira;54;151831
230963;Rivaldo;Ferreira;54;150470
244020;André;Ferreira;38;151073
184972;Nílton;Ferreira;54;147747
181370;Thiago Heleno;Ferreira;54;148262
208513;Alejandro;Guido;95;150274
208374;Andrew;Wooten;95;148640
263947;Antony;Alves Santos;54;153001
221354;Miloš;Veljković;51;150827
228579;Benjamin;Henrichs;21;151343
235073;Gregor;Kobel;47;151629
220965;Anas;Tahiri;129;150693
264688;Mohammed;Tahiri;129;152772
237662;Brooks;Lennon;95;151554
220057;Harry;Lennon;14;150543
228859;Isac;Lidberg;46;151905
208808;Quincy;Promes;34;149466
233064;Mason;Mount;14;152029
235038;Jorn;Vancamp;7;151955
236615;Dante;Rigo;7;151999
236822;Gabriel;Gudmundsson;46;152138
210386;Kristoffer;Peterson;46;150525
166928;Kristoffer;Peterson;46;150525
222840;Racine;Coly;136;150900
213271;Aliou;Coly;136;149807
203885;Chaker;Alhadhur;214;149435
246688;Saud;Abdulhamid;183;152218
227232;Florian;Sotoca;18;149030
230019;Vital;Nsimba;110;150017
275495;Abdul;Rahman Oues;186;151819
241445;Alpha;Sissoko;18;151355
231089;Ibrahima;Sissoko;18;151589
240570;Sambou;Sissoko;18;152136
239031;Gary;Marigard;79;148007
277439;Volodymyr;Brazhko;49;153138
243580;Loïs;Openda;7;152431
209512;Igor;Stefanović;51;147834
213294;Nicolás;Albarracín;60;149990
245279;Sergio;Reguilón;45;151274
241849;Diego;Campillo;83;153042
246279;Iván Martos;Campillo;45;151424
198683;Manolo;Gabbiadini;27;149427
183365;Nicolò;Cherubin;27;147607
243349;Dylan;Levitt;50;152706
216671;Kévin;Diogo;18;149286
216065;Marco;Sportiello;27;149593
240661;Emanuel;Vignato;27;152621
265595;Samuele;Vignato;27;153900
246958;Aljaž;Ivačič;44;150191
240100;Tommaso;Augello;27;150435
228283;Ramazan;Civelek;48;150945
205360;Kemar;Roofe;82;149834
245857;Abass;Issah;117;151923
203176;Kamal;Issah;117;149705
218387;Nelson;Espinoza;55;150823
214710;Juan Carlos;Espinoza;55;149283
239107;Leonardo;Espinoza;55;149737
226385;Cristian;Espinoza;52;150651
254211;Jhon;Espinoza;57;152074
253239;Matías;Espinoza;58;151520
186674;Roger;Espinoza;81;147569
274314;Erhan Ali;Merdiven;48;152444
223188;Şener;Özbayraklı;48;148755
238587;Ahmed;Ildız;48;151257
255140;Pablo;Gozálbez Gilabert;45;152870
211463;Caolan;Lavery;35;149758
238765;George;Byers;42;151073
239155;Mathias;Johannsen;13;149580
252001;Jonathan;Panzo;14;152683
246695;Matthew;Pollock;14;153021
217605;Lukas;Lerager;13;150021
246237;Ezequiel;Bullaude;52;152684
221479;Dominic;Calvert-Lewin;14;151364
213338;Jonathan;Ring;46;149436
205895;Alexander;Ring;17;149196
226654;Sebastian;Ring;46;150666
226139;Jonathan;Tamimi;46;150478
222634;Isaac;Success;133;150930
238555;Jefferson;Savarino;61;151239
154729;Cezary;Stefańczyk;37;146592
213520;Jonatan;Straus;37;150374
243666;Callum;McCowatt;198;152139
239505;Patryk;Kun;37;150668
270141;Franco;Israel;60;152497
266467;Jenson;Seelt;34;153623
223334;Joelinton;Apolinário de Lira;54;151150
223957;Lucas;Pirard;7;150627
259399;Rasmus;Højlund;13;153515
274952;Oscar;Højlund;13;154215
240074;Babacar;Dione;7;151370
225673;Kasim;Adams Nuhu;117;150731
166851;Kári;Árnason;24;146096
245539;Ben;Waine;198;152912
236877;Bruno Miguel;Santos Leite;38;150643
247106;Alexandro;Bernabei;52;152652
226675;Federico;Lanzillotta;52;149798
236701;Joaquín;Rikemberg;52;152023
263099;Mees;De Wit;34;151761
255561;Josh;Doig;42;153253
190090;Savvas;Gentsoglou;22;148994
220542;Romel;Quiñonez;53;149639
208525;Gustavo;Campanharo;54;149557
217442;Yaghoub;Karimi;161;149340
273088;Seyed;Karimi;161;150456
241793;Ali;Karimi;161;150235
219409;Vyacheslav;Karavaev;40;150698
226746;Ivan;Mayevskiy;6;148127
240164;Dumisani;Zuma;140;150700
271035;Vladimir;Plotnikov;165;147364
71833;Zoran;Nižić;10;148651
220178;Jeremy;Bokila;110;148320
247643;Filip;Panák;12;150864
272381;Matías;Zunino;60;148842
272689;Vladica;Brdarovski;19;148770
231012;Carlos;de Pena;60;149533
244716;Wesly;Decas;81;152242
238769;Christian;Huérfano;56;150907
271264;Monsuru;Opeyemi;133;153703
242145;Bartłomiej;Gradecki;37;152379
229777;Igor;Konovalov;40;151113
210507;Patrick;Wessely;4;150279
206152;Luciano;Aued;52;147696
240054;Saifeddine;Alami;129;149786
201450;Jarchinio;Antonia;85;149093
213102;Arthur;Caike;54;149629
242850;Simon;Asta;21;152775
211409;Nixon Darlanio;Reis Cardoso;54;149664
241648;Budimir;Janošević;51;148661
231628;Rafael;Mir;45;151441
236998;James;Léa Siliki;103;151087
241682;Carlos;Redruello Nimo;45;151463
223488;Morten;Sætra;36;151458
271362;Yasin;Özcan;48;154686
235407;Salih;Özcan;48;151665
235717;Berkay;Özcan;48;151700
252259;Enzo;Millot;18;153313
211954;Tobias;Schröck;21;149828
229176;Görkem;Sağlam;21;151755
234418;Peter;Kurzweg;21;150234
239949;João Ricardo;Pereira Queirós;38;151766
225769;George;Dobson;14;151608
218170;Marshall;Munetsi;148;151097
235432;Marshall;Munetsi;148;151097
272417;Moisés;Acuña;61;150946
224334;Marcos;Acuña;52;149398
266155;George;Hall;14;154042
204761;Grant;Hall;14;149399
266127;Lewis;Hall;14;154097
226454;Ben;Hall;35;151305
212424;Wil;Trapp;95;149843
210315;Raúl;De Tomás;45;150483
267867;Wanya;Marçal;38;153407
216643;Léo;Dubois;18;150450
210527;Pape;Paye;18;148883
231266;Nicolas;Janvier;18;151877
236512;Wesley;Lautoa;215;147873
240351;Samuel;Moutoussamy;110;151148
233084;Nahuel;Molina;52;151750
235919;Yeison;Molina;72;150948
268989;Guillem;Molina;45;152508
232765;Tomás;Molina;52;150660
219759;Salvatore;Molina;27;149463
268913;Alessandro;Circati;195;153763
271975;Stefan;Bajčetić;45;154141
259850;Yohán;Cumaná;61;150991
234225;Sergi;Álamo Bautista;45;151528
243220;Yuki;Kobayashi;163;152584
190976;Daigo;Kobayashi;163;146225
231591;Javier;Galán;45;150516
229731;Mathew;Stevens;14;151697
192546;Enda;Stevens;25;148922
251895;Shawn;Adewoye;7;152565
242489;Francisco Jesús;Crespo García;45;151134
226568;Ianis;Hagi;39;151949
245212;Roberts;Uldrkis;28;151747
239249;Oriol;Busquets Mas;45;152190
190769;Eugenio;Lamanna;27;148586
219661;Paweł;Jaroszyński;37;150468
220093;Hans;Hateboer;34;150202
259918;Ismael;Diawara;126;150508
230613;Amadou;Diawara;118;151487
258475;Giuseppe;Sibilli;27;151143
205578;Pierre-Yves;Ngawa;7;149502
219655;Francesco;Zampano;27;150101
224507;Andrea;Schenetti;27;149165
206653;Brad;Potts;14;150377
239416;Roberto;Floriano;27;147497
234129;Doğukan;Sinik;48;152040
184942;Giuliano Victor;de Paula;54;148883
192971;Rıdvan;Şimşek;48;149114
267734;Yavuz;Boyar;48;151876
272539;Souaibou;Marou;103;152722
208470;Fabian;Holland;21;148924
228109;Tommy;Holland;25;151745
237683;Nathan;Holland;14;151824
251177;Arnaud;Luzayadio;18;152219
244257;Jonathan;Burkardt;21;152577
232459;Carlos;Santos Rodrigues;104;150571
226877;Ivo Tiago;Santos Rodrigues;38;150647
241806;Max;Watters;14;152101
227916;Deybi;Flores;81;151091
221489;Jason;Flores;55;151348
231335;Jorge;Flores;53;150195
272402;Christian;Flores;61;148095
260382;Sergio;Flores;83;150601
227288;Jordan;Flores;14;150835
216014;Esteban;Flores;55;149560
214320;Felipe;Flores;55;147645
259717;Marcelo;Flores;83;153754
257380;Francisco;Flores;52;153126
210951;Edison;Flores;59;150327
260562;René;Flores;61;149216
213697;Paddy;McNair;35;150675
239147;Oskar;Snorre;13;152045
216453;Liam;Shephard;50;150519
186541;Néstor;Vidrio;83;148448
193358;Romário;Pereira Sipião;54;147128
203092;Bernie;Ibini;195;149718
214388;Danilo Moreno;Asprilla;56;148379
214354;Dairon;Asprilla;56;149608
271464;Yáser;Asprilla;56;153803
227855;Besard;Sabovic;46;151659
236707;Marwan;Baze;46;151688
263550;Alejandro;Fuenmayor;61;151165
199910;Alexandr;Zotov;40;148971
229072;Łukasz;Sekulski;37;149039
248858;Timothy;Fayulu;110;152224
220063;Juan Carlos;García Sancho;83;150507
230981;Lucas;Galvão;54;149270
234686;Jordan;Lotomba;47;151926
233601;Ramadan;Sobhi;111;151312
235606;Jacob;Karlstrøm;36;151298
238162;El Hadj;Mour Samb;136;150201
248729;Gustav;Isaksen;13;152859
239006;Jesper;Isaksen;36;152305
169191;Gavin;Peers;25;147220
215897;Akram;Afif;182;151246
187619;Caleb;Patterson-Sewell;95;147776
240412;Gonzalo;Groba;52;150970
257186;Ardon;Jashari;47;153326
197360;Anas;Sharbini;10;147688
202744;Jody;Lukoki;34;149782
217521;Shir;Tzedek;26;148601
272326;Francisco;Duclós;59;150952
273332;Konstantinos;Panagi;11;150474
208960;Harrison;Henao;56;147686
224142;Carlos;Henao;56;148339
237885;Cristian;Tovar;56;151780
225706;Miguel;Trauco;59;149700
241719;Johannes;Kreidl;4;150990
273201;Sander;Bortolotto;54;150104
275433;Juan Manuel;Munafo;45;148081
212511;Jason;Geria;195;149958
232505;Takuto;Hayashi;163;146031
252775;Daichi;Hayashi;163;151432
208949;Nawaf;Al Abed;183;148758
211173;Saleh;Al Shehri;183;150133
209281;Yahia Sulaiman;Al Shehri;183;148909
222154;Bryan;Carvallo;55;151182
220086;Andrey;Gorbunov;6;146324
271004;Bruce;Musakanya;147;150096
171212;Boualem;Khoukhi;182;148922
176414;Denilson;Pereira Neves;54;148048
216023;Michael;Lepe;55;148957
258015;Fotis;Ioannidis;22;152394
228510;Haris;Hyseni;21;149720
238637;Sebastian;Vasiliadis;22;151566
252139;Filipe Miguel;Barros Soares;38;152159
219751;Alexandre;Barros Soares;38;149157
268226;Guillermo;de Amores;60;150485
242200;Tim;Rönning;46;152065
238889;Alejandro;Artunduaga;56;151541
242241;Pacifique;Niyongabire;195;152459
225270;Ignacio;Jeraldino;55;150898
257630;Krisztofer;Horváth;23;153123
207862;Matthias;Ginter;21;150212
210007;André;Ramalho Silva;54;149509
230005;Tom;Davies;14;151835
237185;Jordan;Davies;50;151884
234396;Alphonso;Davies;70;152691
231617;Leon;Davies;14;152345
205923;Ben;Davies;50;149942
213017;Ben;Davies;14;150781
243481;Marcus;Pedersen;36;152552
229640;Mads;Pedersen;13;151168
231122;Sebastian;Pedersen;36;152178
213543;Kasper;Pedersen;13;149841
205072;Daniel;Pedersen;13;149671
234832;Kristian;Pedersen;13;150409
234841;Goran;Karačić;8;151154
243473;Fran;Karačić;195;151056
211478;Alwyn;George;159;149523
234047;Odeni;George;133;150696
229748;Mayron;George;72;150124
225939;Jann;George;21;149675
184202;Leroy;George;34;147747
239662;David;Tomić;21;151694
199153;Nemanja;Tomić;51;148022
235272;Bernard;Morrison;117;149853
201155;Ravel;Morrison;82;149861
222315;Gabriel;Esparza;52;149858
257271;Lucas;Gourna-Douath;18;153697
228117;Oscar;Jonsson;46;151313
225712;Dylan;Bahamboula;107;150700
234612;Jonathan;Ikoné;18;151776
220175;Olivier;Kemen;18;151125
234238;Musa;Juwara;116;153110
220230;Paweł;Bochniewicz;37;150953
264285;Yusuf;Karagöz;48;152297
247884;Adrián;Jusino;53;149653
248231;Hernán;López Muñoz;52;152635
238092;Javier;Portillo;81;145606
269620;Marcos;Portillo;52;152415
259788;Juan;Portillo;52;152523
216030;Francisco;Portillo;58;147841
142499;Aitor;Sanz Martín;45;146797
273934;Diego;Gonzalez;58;153487
230140;Oumar;Gonzalez;103;151710
274377;Enso;Gonzalez;58;154231
237922;Marco;Gonzalez;55;151793
213736;Jesse;Gonzalez;95;150703
199490;José Luís;Moreno Barroso;45;149159
266569;Federico;Pereyra;52;148371
251138;Fabio;Pereyra;52;148763
233092;Joaquín;Pereyra;52;151989
204691;Mauricio;Pereyra;60;148806
211270;Esteban;Saveljich;15;149219
193348;Xherdan;Shaqiri;47;149380
215572;Alberto;Jiménez Benítez;45;149782
234790;Juan;Soriano Oropesa;45;151524
228383;Kamil;Grabara;37;152027
208593;Nabil;Jaadi;129;151106
210282;Bruno;da Silva Peres;54;148792
229927;Gerson;Santos da Silva;54;151429
238330;Levan;Shengelia;20;150858
197921;Rino;Iuliano;27;146610
199274;Ilja;Nestorovski;19;148810
244192;Thomas;Isherwood;46;151682
224316;Roberto;Crivello;27;149354
233734;Manuel;Di Paola;27;151568
259164;Kerim;Alıcı;48;151464
240952;Mamadou;Loum;136;151288
239050;Sadık;Çiftpınar;48;149829
168530;Jardel;Nivaldo Vieira;54;147359
245566;Alessandro;Vogliacco;27;151911
194956;José Edgar;Andrade da Costa;38;147740
236255;João;Othávio Basso;54;151302
217546;Nuno Miguel;Jerónimo Sequeira;38;148963
221750;André Geraldes;de Barros;38;149219
181019;Éverton Augusto;de Barros;54;148467
235210;Pedro Filipe;Barbosa Moreira;38;149817
261338;Antonio;Aranda;45;152665
201303;Rasmus;Falk;13;149477
204217;Charlie;Wyke;14;149803
208869;Dominic;Poleon;14;150078
266615;Deandre;Kerr;70;153448
215419;Cameron;Kerr;42;150811
213889;Ryan;Haynes;14;150828
220635;Tom;Conlon;14;150957
228928;Sam;Lavelle;42;151200
232057;Patrik;Karlsson Lagemyr;46;151276
181794;Alexandr;Prudnikov;40;148424
219255;Maxim;Palienko;40;150484
225088;Alikhan;Shavaev;40;149833
202654;Đorđe;Čotra;51;146797
206281;Igors;Tarasovs;28;148291
255565;Kaoru;Mitoma;163;151429
258826;Devyne;Rensch;34;153498
231111;Alexander;Hack;21;150079
239367;Robin;Hack;21;151893
211435;Sebastián;Sosa Sánchez;60;150265
186101;Even;Hovland;36;148412
263502;Franco;Zapiola;52;152800
240801;Luis;Amarilla;58;150795
252463;Mohamed;Taabouni;34;153203
241132;Jordy;Candía;53;151034
268903;Vlad;Olteanu;39;151004
260952;Andreas;Schjelderup;36;153998
246310;Christian;Cappis;95;152244
215135;Leonardo;Sigali;52;147785
217444;Omid;Ebrahimi;161;147895
235503;Ayanda;Nkosi;140;149851
272284;Tomás;Bartomeús;58;146110
271737;Strajinja;Eraković;51;152772
219491;Rodrigo;Erramuspe;52;148855
220693;João;Afonso Crispim;54;150598
270524;Andrigo;de Araujo;54;150616
200683;Osama;Rashid;162;149475
232677;Abdulaziz;Al Sharid;183;150314
217575;Christopher;Munthali;147;149130
225236;Benjamín;Kuscevic;55;151046
205438;Marcus;Mlynikowski;21;149650
211859;Maximilian;Ahlschwede;21;148773
240442;Imad;Faraj;18;152061
254200;Ángel;Gracia;57;148517
219565;Jaílson;de Lima Araújo;54;149118
50443;Giannis;Papanikolaou;22;151976
268216;Caique;França;54;150712
265420;Matheus;França;54;153937
241975;Douglas;Starnley Ferreira;54;149870
225383;Harry;Charsley;25;151229
242299;Max;Schwitalla;21;152552
206542;Ryan;Brunt;14;149974
209333;Chris;Maxwell;50;148943
207790;Kaan;Ayhan;48;150507
226117;Ross;MacLean;42;151363
229756;Steffen;Nkansah;21;151021
278016;Murillo;Costa dos Santos;54;153300
210011;Terell;Ondaan;34;150080
235661;Dogucan;Haspolat;48;152426
230020;Pierre;Lees-Melou;18;149973
258490;Chadi;Riad;129;153648
231318;Romain;Perraud;18;151554
208030;Boubacar;Fofana;118;148677
246848;Boubacar;Fofana;18;151904
242179;Yahia;Fofana;108;152618
235849;Mamadou;Fofana;126;151675
239134;Nama;Fofana;18;148895
216320;Seko;Fofana;108;150685
234622;Guessouma;Fofana;18;149814
256420;Malick;Fofana;7;154301
245630;Youssouf;Fofana;18;152029
248695;Wesley;Fofana;18;152736
235893;Iyayi;Atiemwen;133;150947
209385;Rodéric;Filippi;18;148423
228908;Jason;Berthomier;18;148738
234854;Romain;Bayard;18;150113
225523;Iñigo;Lekue;45;149952
240950;Pedro; Gonçalves;38;151833
246352;Hugo;Guillamón;45;152415
229628;Rafael;Jiménez Jarque;45;150052
203327;Andrey;Galabinov;9;148319
209612;Umberto;Germano;27;149575
210833;Riccardo;Improta;27;150181
222355;Luca;Valzania;27;150988
223082;Will;Norris;14;150052
229251;Vasile;Mogos;39;149767
236308;Riccardo;Marchizza;27;151739
247623;Jeremy;Ngakia;14;152635
204276;Tomer;Hemed;26;147758
244486;Mustafa;Eskihellaç;48;151414
254798;Alpha;Dionkou;136;153033
205669;Luís Carlos;Ramos Martins;38;149624
221313;Estéfano;Arango;56;150211
217998;Cristian;Arango;56;150626
211117;Bamidele;Alli;14;151025
259025;Samuel;Alabi;117;152510
212811;Mario;Lemina;115;150072
233213;Viktor;Tranberg;13;151346
234471;Marcus;Bobjerg;13;151680
225361;Luke;McGee;14;150803
226172;Liam;Mandeville;14;151337
233832;Tyler;Garratt;14;151223
206524;Jordan;Willis;14;150429
219467;Bradley;Halliday;14;150749
223283;Famara;Diedhiou;136;149812
219471;Christophe;Diedhiou;136;148009
209232;Lubomír;Šatka;43;150894
192087;Georgiy;Schennikov;40;149214
228620;Richard;Paredes;55;151627
259524;Aitor;Paredes;45;152504
255869;Abel;Paredes;58;151436
207439;Leandro;Paredes;52;150373
255256;Franco;Paredes;52;152096
255272;Kevin;Paredes;95;153607
237203;Cristhian;Paredes;58;151792
224422;Jérémie;Boga;108;151292
50121;Nikos;Sampanidis;22;151960
229241;Albert;Sharipov;40;149929
256371;Daniel;Naumov;9;151742
234489;Frederik;Gytkjær;13;149903
212398;Karol;Angielski;37;151003
215593;Dawid;Kort;37;150677
215176;Yulían;Mejía;56;148941
214605;Alexander;Mejía;56;148194
254029;Marlon;Mejía;57;150457
219290;Alfredo;Mejía;81;148825
202089;Luís;Mejía;87;149172
200446;Camilo;da Silva Sanvezzo;54;148204
215522;Alexander;Schlager;4;150955
233195;Xaver;Schlager;4;151560
190277;Eyong;Enoh;103;147353
260235;Mamady;Diambou;126;153430
237556;Christian;Luyindama;110;150201
239501;Johannes;Tartarotti;4;152233
239763;Edon;Zhegrova;219;152109
240080;Yannick;Vandersmissen;7;151762
252552;Konstantinos;Tzolakis;22;153427
207459;Ole Amund;Sveen;36;148737
227975;Herman Børreson;Fossdal;36;151976
258104;Gino;Infantino;52;153619
231593;Gareth;Harkin;25;147989
214118;Mauricio;Casierra;56;147248
215193;Lucas;Menossi;52;150020
215985;Fernando;Monetti;52;148419
236464;Julien;Ngoy;7;151595
262071;Nathan;Ngoy;7;153641
259480;Ismael;Saibari;129;152949
263571;Festy;Ebosele;25;153329
251870;Juan;Cabal;56;152758
278902;Liao;Zhou;155;148381
279550;Dadi;Zhou;155;150972
278126;Yun;Zhou;155;149097
181848;Habin;Zhou;155;146909
205951;Rafael;Scapini de Almeida;54;145990
218867;Rodrigo;Muñóz;60;145832
279558;Lei;Tong;155;151639
224677;Jinhao;Bi;155;149102
260675;Juan;Vogliotti;52;147007
271685;Ayrton;Cougo;60;151090
254835;Martín;Rabuñal;60;150305
256699;Sebastian;Osigwe;133;150278
260842;Lukas;Engel;13;152002
242069;Jordan;Sierra;57;151402
221487;José Luis;Sierra;55;151464
231672;Luis;Sierra;56;148179
241538;Shaquille;Pinas;34;151732
230781;João Pedro;Heinen;54;151309
221743;Hélder Wander;Sousa Azevedo Costa;98;150205
221425;Kazuki;Nagasawa;163;149447
212971;Nouh;Al Mousa;183;149151
221394;Rayan;Al Mousa;183;150398
263884;Saad;Al Mousa;183;153459
223629;Saleh;Al Jaman;183;150115
240641;Sami Kassar;Al Shammari;183;148885
220023;Abdullah Haif;Al Shammari;183;150088
235596;Jadaan;Al Shammari;183;149499
241954;Yousef;Al Shammari;183;151632
235908;Abdullah;Al Shammari;183;150972
225409;Abdulrahman;Al Shammari;183;148420
237720;Rakhi;Al Shammari;183;151243
180760;Fahad;Al Shammari;183;145570
203848;Richard;Windbichler;4;149189
274005;Rosario;Harriot;82;148630
203798;Felipe;Seymour;55;147840
239018;Júnio Ricardo;da Rocha;54;151347
271120;Luis;da Rocha;54;151476
231405;Emmanuel;Mbende;21;150986
238651;Julian;Hodek;21;151783
233151;Koji;Miyoshi;163;151374
228858;Dusan;Jajic;46;151839
241862;Awn;Al Saluli;183;151899
241486;Jules;Koundé;18;151970
215328;Gastón;Gil Romero;52;149954
239007;Serkan;Bakan;48;152751
241725;Ivan;Ivanchenko;40;151844
242019;Augusto;Lotti;52;151085
260167;Bruno Miguel;Ferreira Rodrigues;38;152909
233811;Anderson;Lucoqui;98;151476
271949;Nediljko;Labrović;10;152302
252711;Ali;Abdi;145;150182
233731;Alexander;Isak;46;152283
231726;Andrei;Ivan;39;151293
258534;Diego;Conde;45;151955
270512;Cheick;Conde;118;152592
215610;Pedro Pérez;Conde;45;148209
207998;Danny;Ward;50;150001
228894;Joe;Ward;14;150792
222420;Grant;Ward;14;150532
222456;Charlie;Ward;14;150608
199021;Keith;Ward;25;149017
245153;Nathan;Wood;14;153266
205402;Jean-Paul;Boëtius;34;150274
263823;Sivert;Mannsverk;36;153243
237726;Nick;Venema;34;152118
215379;Chris;Philipps;31;150260
225859;Moussa;Niakhaté;136;150991
234809;Enzo;Guerrero;55;149128
211059;Rafael;Guerrero;83;149727
223923;Maximiliano;Guerrero;55;152399
206139;Yannick;M'Boné;103;149934
209483;Mouez;Hassen;145;150622
223438;Thomas;Renault;18;146605
234914;Maxime;D'Arpino;18;151092
241726;Adrian;Pereira;36;152262
268046;Rafael;Pereira;54;146863
208895;Cleber;Pereira;54;149071
224147;Guzmán;Pereira;60;149233
228189;Keegan;Pereira;159;147947
268209;Diogo;Pereira;54;151724
230824;Pedro;Pereira;38;151676
210243;Ricardo;Pereira;38;150107
266653;Brayann;Pereira;18;153621
271205;Marcelo;Pereira;81;150705
268006;Rayan;Pereira;54;148722
222741;Leandro;Pereira;54;149291
219845;Guillermo;Pereira;52;150209
208450;Andreas;Pereira;54;150924
261245;Daniel;Pereira;61;152580
222895;Leonardo;Pereira;54;150954
267628;Kevin;Pereira;58;153860
212215;Rosicley;Pereira;54;149940
212710;Joel;Pereira;38;151103
241510;Jonas;Pereira;36;151805
268223;Everson;Pereira;54;151494
268297;Gabriel;Pereira;54;152963
274187;Gabriel;Pereira;54;152512
229337;Matheus;Pereira;54;151710
180281;Luiz Fernando;Pereira;54;147235
188147;Uendel;Pereira;54;148283
189241;Wellington;Pereira;54;147275
201072;Bruno César;Pereira;54;147486
157117;Maicon;Pereira;54;147163
182862;Maximiliano;Pereira;60;146700
212476;Álvaro;Medrán Just;45;150267
219258;Pedro Henrique;Pereira da Silva;54;149815
239881;Danilo;Pereira da Silva;54;152116
189680;Fábio;Pereira da Silva;54;148922
236331;Erick;Cabaco;60;150667
201149;Alejandro;Pérez Navarro;45;149320
222944;Pablo;Pérez Rodríguez;45;150042
227508;Gonzalo;Melero Manzanares;45;150195
228600;Javier;Jiménez Moreno;45;150934
246169;Roberto;López Alcaide;45;152499
229515;Ángel;García Cabezali;45;149862
252376;Jason;Knight;25;152794
268622;Jeanuël;Belocian;18;154259
224977;Alessandro;Micai;27;150033
244675;Oihan;Sancet;45;152500
264862;Maghnes;Akliouche;18;153171
230623;Sinan;Bakış;48;150305
266687;Tiago Miguel;Hora Ribeiro;38;153188
208534;Alfie;Mawson;14;150212
248572;Pedro David;Brazão Teixeira;38;153479
213743;Tiago David;Janeiro Caeiro;38;146629
217844;Djavan;da Silva Ferreira;54;148001
224116;Dyego Wilverson;Ferreira Sousa;38;148624
240939;John;Björkengren;46;151997
245100;Maxime;Aglago Awoudja;21;151687
238157;Mads;Roerslev;13;152194
237664;Hianga'a;Mbock;18;152381
240929;Brad;Spencer;42;151060
270637;Brodie;Spencer;35;153972
217999;Ben;Spencer;95;150645
211928;Dominic;Gape;14;150445
223905;Perry;Ng;14;151041
229685;Joe;Fryer;14;150876
215574;Erdal;Rakip;19;150967
197647;Maxim;Kazankov;189;147715
240085;Mikhail;Gashchenkov;40;149633
234975;Przemysław;Szarek;37;151036
222094;Juan Manuel;García García;45;149879
229064;Joher Khadim;Rassoul;136;150923
218887;Olivier;Custodio;47;150599
223151;Dimitri;Oberlin;47;151559
233800;Fredrik Andre;Bjørkan;36;151887
242633;Morten;Frendrup;13;152847
189895;Enric;Vallès Prat;45;148792
256313;Mohamed;Abdel Monem;111;152051
242330;Jose Ariel;Nuñez;58;148257
211256;Nicolás;Tagliafico;52;149706
246321;Daizen;Maeda;163;151613
240406;Alan;Robledo;52;151702
206323;Raşad;Sadıqov;5;145977
188803;Taison;Barcellos Freda;54;148014
189703;Tabaré;Viúdez;60;148618
194526;Islom;Tukhtakhodjaev;191;148670
218333;Saeed;Al Kathiri;190;148089
228698;Viktor;Kovalenko;49;150968
259750;Igor;Matanović;21;153570
270104;Salem Juma;Awad;190;149884
271447;Antonio;Mance;10;150777
270999;Dijon;Kameri;4;153956
273120;Sina;Ashoori;161;148261
279266;Ablet;Abduwal;155;147740
266725;Flabián;Londoño;56;152575
223721;Daniel;Londoño;56;150559
231706;Kevin;Londoño;56;150155
214041;Santiago;Londoño;56;150626
180695;Rodrigo José;Lima dos Santos;54;146398
251573;Renan;Lodi;54;151752
219556;Nikos;Anastasopoulos;22;149860
235741;Charles;Lokolingoy;195;151350
236890;Denis;Genreau;195;152160
191547;Shinzo;Koroki;163;147483
210149;Mohammed;Majrashi;183;149237
210206;Abdulaziz;Majrashi;183;149299
238357;Abdulaziz;Majrashi;183;150993
242506;Ali;Majrashi;183;152293
220895;Abdulmajeed;Al Sulayhim;183;150328
240920;Fahad;Al Habib;183;151551
221567;Sang Min;Sim;167;149969
182111;Woo Yeon;Sim;167;146999
223119;Fatjon;Andoni;1;149267
217138;Luís Carlos;Almada Soares;104;147377
226264;Fabian;Ahumada;55;151040
188346;Ole;Kittner;21;147924
246168;Bledian;Krasniqi;47;152918
239634;Lars;Bünning;21;151712
237169;Cohen;Bramall;14;151016
233048;Tom;Dele-Bashiru;133;152279
239051;Josué;Albert;79;149483
251243;Mateo;Klimowicz;21;152572
260466;İsmail;Yüksek;48;152045
187323;Henrique;Buss;54;147558
205753;Edgar;Salli;103;149692
228863;Tobias;Heintz;36;151848
206198;Dominique;Heintz;21;150055
214048;Douglas;Coutinho;54;150232
228691;Hatim Belal;Mahmoud;183;150223
241212;Abdallahi;Mahmoud;127;152509
231145;Mickaël;Cuisance;18;152247
239826;Orrin McKinze;Gaines;95;151715
204501;Daniel;Leadbitter;14;149012
273771;Semir;Telalovic;21;152376
238040;Mats;Knoester;34;151977
209301;Maxime;Poundjé;18;149691
215792;Jemerson;de Jesus Nascimento;54;149699
226773;Pape Cheikh;Diop;136;151509
231633;Issa;Diop;18;151298
240738;Sofiane;Diop;129;152545
204438;Clément;Diop;136;150113
225731;Amidou;Diop;136;149518
178250;Papakouli;Diop;136;147349
232410;Florian;Escales;18;150957
209840;Julian;Jeanvier;118;149918
235769;Owen;Dale;14;151959
268097;Martin;Ádám;23;150503
278046;Pau;Cubarsí;45;154598
232665;Mauro;Arambarri;60;150831
237212;Jaime;Seoane;45;151311
252169;Thierry;Lutonda;7;152685
234788;Eliseo;Falcón Falcón;45;151331
238569;Kingsley;Schindler;117;150021
224232;Nicolò;Barella;27;151327
220720;Andrea;Fulignati;27;150497
225295;Andrea;Palazzi;27;150978
239162;Gorka;Guruzeta;45;151179
239613;Matteo;Pessina;27;151400
235931;Muhammed;Şengezer;48;151294
267624;Seydouba;Cisse;118;152791
202350;Fabrício;dos Santos Messias;54;148819
229147;João Miguel;Ribeiro Vigário;38;150882
234957;Higor Inácio;Platiny Rodrigues;54;149007
278103;Trawally;Bubacarr;116;150507
235508;Nimo;Gribenco;13;151312
237015;Mikkel Mena;Qvist;13;149940
209315;Dan;Butler;14;150431
237994;Nahuel;Barrios;52;151781
214630;Augusto;Barrios;55;149098
221306;Michael;Barrios;56;149208
214394;Wilmar;Barrios;56;150117
272449;Pablo;Barrios;45;153646
261813;Erick;Ávalos;83;152496
226286;Gabriel;Ávalos;58;149017
208440;Marcus;Danielsson;46;148465
219886;Harrison;Heath;14;150989
250959;Angelo;Stiller;21;152844
238925;Dominik;Ernst;21;148952
223652;Sebastian;Ernst;21;150621
213160;Roman;Zobnin;40;150235
215510;Alexey;Gasilin;40;150984
216371;Artem;Timofeev;40;150205
224763;Krystian;Bielik;37;151658
236907;Artem;Galadzhan;40;151796
189010;Szymon;Matuszek;37;148374
226050;Cedric;Teuchert;21;151303
243908;Daniel;Ballard;35;152284
235180;Bartosz;Gęsior;37;151663
256442;Jay;Matete;14;152792
268779;Ahmed;Alaaeldin;182;149829
258505;Matthias;Braunöder;4;153201
230074;Enock;Kwateng;18;151388
239593;Kaveh;Rezaei;161;149558
260543;Yonas;Malede;26;152337
225316;Jack;Hendry;42;150685
240599;Callum;Hendry;42;151631
185380;Taijo;Teniste;208;148032
263501;Bautista;Kociubinski;52;152866
259318;Guillermo;Fratta;60;150820
260658;Christopher;Wooh;103;153011
214990;Matías;Catalán;55;149694
228708;Lucas;Martínez Quarta;52;151054
50388;Nicandro;Breeveld;92;147551
269159;Myron;van Brederode;34;153667
259559;Tim;Breithaupt;21;153153
242355;Anton;Kravchenko;49;149179
211260;Mpho;Makola;140;147395
214543;Dahwling;Leudo;56;148572
215336;José;Leudo;56;150141
231007;Josip;Mišić;10;150372
244375;Oleksandr;Andrievsky;49;150369
279427;Ximing;Pan;155;149839
243134;Largie;Ramazani;7;152808
273012;Amin Jahan;Alian;161;149294
275063;Filip;Kljajić;51;148960
214351;Diego;Novoa;56;148518
258041;Hugo;Novoa;45;153504
276088;Régis;Salmazzo;54;149797
248550;Daniel;Vivian;45;152205
209543;José;Vivian;54;149903
239846;Panagiotis;Tsintotas;22;150013
212075;Andrew;Nabbout;195;149814
221285;Jaushua;Sotirio;195;150842
221369;Khaled;Al Kaabi;183;149607
217649;Shuichi;Gonda;163;148429
234388;Marc;Wachs;21;150749
238600;Bernd;Rosinger;21;148609
241191;Marko;Kolar;10;150709
272862;Angelis;Angeli;11;148518
268001;Luis Carlos;Dallastella;54;147845
213407;Matt;Macey;14;150445
206500;Jonny;Maxted;14;150127
215949;Mikko;Sumusalo;17;148803
225426;Guilherme;Arana Lopes;54;151393
241637;Aurélien;Tchouaméni;18;152411
242236;Francisco;Reis Ferreira;38;151374
258483;Dan;Neil;14;153097
222514;Freddie;Woodman;14;151352
251845;Abu;Francis;117;152867
239024;Akeel;Francis;14;152108
221050;Waylon;Francis;72;148995
209740;Enis;Hajri;145;146240
211879;Janik;Haberer;21;150285
246417;Anthony;Patterson;14;152515
257896;Nathan;Patterson;42;153039
234076;Monty;Patterson;198;151267
228080;Felix;Passlack;21;151803
268009;Jhony;Douglas;54;151339
206077;Hugh;Douglas;25;150001
200831;Abdenasser;El Khayati;34;148405
279366;Cheng;Long;155;150639
231722;Aubin;Long;18;151368
216795;Chris;Long;14;150614
279400;Wei;Long;155;150580
222123;Aaron;Long;95;149748
218591;Sean;Long;25;150650
225981;Adam;Pearce;195;151297
231602;Isaac;Pearce;14;151954
234799;Yohan;Demoncy;18;151021
230708;Joe;Worrall;14;151299
232417;Nicolas;Kocik;18;151870
234824;Yoane;Wissa;110;151170
236679;Óscar;Melendo Jiménez;45;151524
232123;Luka;Gugeshashvili;20;152138
191648;Maya;Yoshida;163;148238
204830;Álvaro;Vadillo Cifuentes;45;150448
241707;Pape;Gueye;136;152043
235818;Lamine;Gueye;136;151726
193474;Idrissa;Gueye;136;148636
226103;Sergio;Akieme;45;151639
229896;Jordi;Calavera Espinach;45;150772
236573;Pablo;Vázquez Pérez;45;150473
198760;Saphir;Taïder;97;149522
243009;Derek;Cornelius;70;151618
210864;Elseid;Hysaj;1;150226
220475;Alberto;Grassi;27;150624
246301;Łukasz;Poręba;37;152457
242999;Álex;Collado;45;152131
244895;Alhassan;Yusuf;133;152584
224455;Andrea;Arrighini;27;148889
239201;Ali;Ceylan;21;151835
204519;Cuco;Martina;85;148635
186760;Anıl;Karaer;48;148036
246123;Daishawn;Redan;34;152783
210025;Engin Can;Aksoy;48;153798
240908;Fatih;Aksoy;48;151599
237830;Gabriel;Matei;39;148789
243270;Heriberto Moreno;Borges Tavares;38;151339
253034;Di'Shon;Bernard;82;152672
208856;Quentin;Bernard;18;148555
220127;João Pedro;Pereira Silva;38;148873
219181;Pedro Miguel;Pereira Silva;38;148245
223473;Filipe Joaquim;Melo Silva;38;148674
214099;Mads;Aaquist;13;150558
239741;Julio;Villalba;58;151908
214937;Lucas;Villalba;52;150424
215107;Héctor;Villalba;58;150400
206523;Shay;McCartan;35;150331
211098;Bradley;Dack;14;150193
237933;Brandon;Fleming;14;152356
204860;Kane;Hemmings;14;149561
235267;Akin;Famewo;14;151967
181404;Larrys;Mabiala;110;147917
194904;Bill;Hamid;95;149061
213497;Jacob;Une Larsson;46;150291
220649;Stefano;Vecchia;46;150581
221860;Carlos;Gruezo;57;150667
227685;Árni;Vilhjálmsson;24;150322
202175;Matthías;Vilhjálmsson;24;147666
247279;Lyndon;Dykes;42;150838
187554;Alexandr;Denisov;40;148421
167553;Vitaliy;Denisov;191;147690
231927;Vladimir;Zubarev;40;149833
176384;Maciej;Gostomski;37;148272
239735;Dariusz;Pawłowski;37;152075
179930;Szymon;Pawłowski;37;147579
201117;Wojciech;Pawłowski;37;149846
189004;Seweryn;Kiełpin;37;147988
258908;Jan Paul;van Hecke;34;152544
246745;Alexis;Gutiérrez;83;152441
220854;Erick;Gutiérrez;83;150724
257425;Gustavo;Gutiérrez;83;151239
230129;Diego;Gutiérrez;70;151338
224496;Germán;Gutiérrez;56;148748
244348;Edson;Gutiérrez;83;150942
244828;Ricardo;Gutiérrez;83;151457
203796;Felipe;Gutiérrez;55;149013
267919;Jean;Gutiérrez;61;151630
244560;Carlos;Gutiérrez;83;152055
229650;Cristian;Gutiérrez;70;151338
241833;Kevin;Gutiérrez;52;151443
261865;Miguel;Gutiérrez;45;152958
214599;Thomás;Gutiérrez;56;152506
196150;Teófilo;Gutiérrez;56;147043
231815;Iván;Ochoa;83;151149
247428;David;Ochoa;83;152766
240010;Juan;Ochoa;56;151121
204977;Iván;Piris;58;148436
219781;Damien;Dussaut;18;150505
268762;Marco;Curto;27;152024
255754;Warleson Stellion;Lisboa Oliveira;54;151167
239224;Amine;Benchaib;7;151823
252146;Enric;Franquesa Dolz;45;151346
205008;Adryan;Oliveira Tavares;54;150415
230163;Adam;Frizzell;42;151706
232212;James;Penrice;42;152010
177280;Tore;Reginiussen;36;147371
185394;Vegard;Forren;36;148048
233523;Abdul-Basit;Agouda;36;152165
199047;Dinny;Corcoran;25;148411
262781;Abdoulaye;Cissoko;18;152380
268927;Ibrahim;Cissoko;34;153562
256058;Gonzalo;Carneiro;60;150813
264325;Martín;Satriano;60;152801
237522;Jorge;Cuenca;45;152340
200735;Isaac;Cuenca;45;149214
263660;Henry;Vaca;53;151674
247885;Ramiro;Vaca;53;152201
260668;Leonardo;Vaca;53;150886
214667;Juan;Anangonó;57;148470
231599;Lukáš;Bartošák;12;148916
233530;Ángel;Faría;61;146411
240398;Ronaldo;Lucena;61;151347
229780;Nikolay;Kipiani;40;151314
275833;Filip;Ozobić;10;149195
231571;Jeison;Lucumi;56;150656
232905;Junya;Ito;163;149896
241240;Tatsuya;Ito;163;151466
241271;Joran;Swart;34;151750
213332;Matheus;Simoneti;54;149843
241741;Anas;Ouahim;21;151555
189012;Marinaldo;Cícero da Silva;54;147535
223005;Christos;Gromitsaris;22;149138
50073;Vitali;Pryndeta;49;149861
237085;Seung Min;Yoo;167;151921
191827;Hyun;Yoo;167;146754
218355;Samson;Mbingui;115;149502
253656;Gabriel;Sotomayor;53;152202
215090;Luis;Sotomayor;55;151262
234283;Simon;Skarlatidis;21;149254
220821;Carl;Starfelt;46;150710
237935;Kristoffer;Klaesson;36;152716
240835;Edgar;Elizalde;60;152442
242343;Nicolas;Thaller;52;151904
263685;Caleb;Taylor;14;153494
228668;Matty;Taylor;14;148821
233851;Jack;Taylor;25;151828
226508;Greg;Taylor;42;151598
229719;Harry;Taylor;14;151413
255009;Kenneth;Taylor;34;153251
239944;Robert;Taylor;17;150487
204760;Charlie;Taylor;14;150089
135707;Gerald;Taylor;72;152898
193123;Ash;Taylor;50;148977
190311;Lyle;Taylor;84;148820
175688;Jermaine;Taylor;82;146920
266041;Luca;Koleosho;27;154104
226130;Florian;Miguel;18;151168
242084;Carlos;Miguel;58;151287
208457;Adama;Sarr;136;149171
230995;Sidy;Sarr;136;151080
227966;Mouhamadou;Sarr;136;151294
213537;Babacar;Sarr;136;149143
212628;Marian;Sarr;21;150588
223436;Issa;Sarr;136;147553
256453;Amin;Sarr;46;152820
235454;Malang;Sarr;18;152042
212420;Mouhamadou-Naby;Sarr;18;150053
235353;Ismaïla;Sarr;136;151710
204472;Bouna;Sarr;136;149493
245733;Hendrik;Weydandt;21;150755
255700;Alex Emilio;Timossi Andersson;46;152769
204541;Giancarlo;Carmona;59;147191
264172;José Ángel;Carmona;45;153144
260599;Alan;Varela;52;152935
219914;Guillermo;Varela;60;149911
253791;Cristopher;Varela;61;152350
205937;Nico;Varela;60;149116
223570;Junior;Sambia;18;151174
234317;Sebastien;Thill;31;150191
234510;Raphaël;Adicéam;18;148916
222095;Callum;Burton;14;151151
244200;Robbie;Burton;50;152379
227913;Pedro;López Rodríguez;45;151310
235172;Rúben; Vinagre;38;152118
215085;Rodrigo;Naranjo;55;144956
246063;Emil;Breivik;36;152547
189165;Jonjo;Shelvey;14;149520
212356;Yusuf;Otubanjo;133;149718
225450;Kevin;Toner;25;151123
236556;Martin;Hongla;103;151729
235290;Kevin;Bonifazi;27;151063
252081;Erce;Kardeşler;48;150266
241817;Ervin;Taha;18;152092
271306;Loai;Taha;26;148697
184606;Fábio José;Ferreira Pacheco;38;148148
267702;Kamory;Doumbia;126;153529
259245;Ousmane;Doumbia;108;149604
234725;Idrissa;Doumbia;108;151758
224368;Moussa;Doumbia;126;150420
236454;Souleyman;Doumbia;108;151191
190649;Kassim;Doumbia;126;149011
188428;Seydou;Doumbia;108;148001
263810;Pedro Jorge;Gonçalves Malheiro;38;152771
259064;Remco;Balk;34;152811
223811;Norbert;Alblas;34;150539
212300;Jack;O'Connell;14;150281
221322;Eoghan;O'Connell;25;150783
237976;Clyde;O'Connell;25;151834
225553;Branko;Jovičić;51;149905
210647;Frederik;Møller;13;150017
213417;Shaquile;Coulthirst;14;150499
189231;Philip;Hellquist;46;149238
224838;Filip;Dagerstål;46;151321
225486;Louis;Béland-Goyette;70;150816
229881;Ariel;Lassiter;72;150463
231979;Tsubasa;Endoh;163;150060
203629;Alexandr;Erokhin;40;148653
225551;Egor;Sorokin;40;150866
236044;Stanislav;Prokofyev;40;147682
239939;Nikolay;Kalinskiy;40;150093
240223;Mihailo;Ristić;51;150862
231887;Yusuf;Yazıcı;48;151318
212138;Przemysław;Frankowski;37;150660
224761;Tomasz;Loska;37;150949
198903;Ramzi;Aya;27;148946
214915;Claudio;Sepúlveda;55;149633
253377;Gilberto;Sepúlveda;83;152054
261160;Bruno;Sepúlveda;52;149723
214917;Gonzalo;Sepúlveda;55;148316
238320;Matías;Sepúlveda;55;152090
257831;Abdoulie;Sanyang;116;152147
215368;Reinhold;Ranftl;4;149486
223074;Dorin;Rotariu;39;150768
274927;Kristian;Hlynsson;24;153868
225960;Christopher;Rabitsch;4;151024
239259;Rocky;Bushiri;7;152353
209443;Kenny;van der Weg;34;149147
213887;Tor André;Aasheim;36;150989
240524;Moses;Ebiye;133;151407
229960;Conor;Melody;25;151363
267608;Nahuel;Cainelli;52;150423
252044;Leonel;Picco;52;152314
246679;Giulian;Biancone;18;152475
259486;Luciano;Ferreyra;52;153165
219529;Nicolás;Ferreyra;52;149917
213432;Facundo;Ferreyra;52;149170
237575;Jerónimo;Pourtau;52;152407
265188;Giorgio;Scalvini;27;153825
262956;Nikola;Vasilj;8;150894
268703;Nicolò;Cambiaghi;27;152747
276059;Muhamed;Tijani;133;152592
257308;Samson;Tijani;133;153252
206171;Ocimar;de Almeida Junior;54;148436
215722;Paulo Victor;de Menezes Melo;54;149977
220545;Rodrigo;Ramallo;53;149024
271050;Islambek;Kuat;165;149843
234813;Radovan;Pankov;51;150775
265456;Aleksandr;Dzhigero;6;151029
271168;Ivan;Goranov;9;149624
262529;Juan;Alano;54;151169
271118;Noah;Naujoks;34;153237
268864;Yahya;Jabrane;129;149266
263787;Victor;Bobsin;54;145246
253878;Eduardo;Fereira;61;152657
193903;Fotis;Koutzavasilis;22;148437
207683;Sokratis;Dioudis;22;149862
158790;Luis Gonzalo;Bustamante;52;147251
214254;Bastián;San Juan;55;150310
186753;Nikola;Gulan;51;148449
229109;Samir;Benamar;21;149698
260295;Benaissa;Benamar;129;151387
238559;Sebastian;Mai;21;150172
278908;Jianjian;Mai;155;150850
239908;Yannick;Thermann;21;150232
215482;Nikola;Gligorov;19;146402
239912;Nicolás;Murcia;56;151716
236772;Dominik;Szoboszlai;23;152683
190941;Lukáš;Hrádecký;17;148695
210280;Patrick;Ziegler;21;148772
108061;Reto;Ziegler;47;147287
226851;Benjamin;Pavard;18;151011
229285;Dave;Gnaase;21;151272
235237;Robert;Jendrusch;21;151072
233690;Dominic;Thompson;14;152592
205589;Curtis;Thompson;14;150073
238615;Jordan;Thompson;35;151292
221709;Tommy;Thompson;95;150785
206562;Louis;Thompson;50;150546
267847;Kosi;Thompson;70;153507
225310;Ben;Thompson;14;150834
234982;Magnus;Christensen;13;151521
220137;Tobias;Christensen;13;150562
236758;Oliver;Christensen;13;152100
213661;Andreas;Christensen;13;151024
244692;Jacob;Christensen;13;152926
207916;Lasse Vigen;Christensen;13;150420
211176;Ricardo;Kishna;34;150562
218212;Andries;Noppert;34;150290
221641;Wilfried;Kanon;108;150015
229907;Julian;Lelieveld;34;151479
235243;Matthijs;de Ligt;34;152243
237520;Mady;Camara;118;151348
204968;Khassa;Camara;127;149758
251169;Ousoumane;Camara;18;152006
244401;Mohamed Ali;Camara;118;151529
233643;Samba;Camara;18;149781
258439;Ousmane;Camara;18;153545
263326;Aguibou;Camara;118;152890
222599;Mohamed;Camara;126;152390
243631;Mahdi;Camara;18;151835
226078;Mahmoud;Trézéguet;111;150467
262938;Stelios;Andreou;11;153320
226110;Nicolas;Pépé;108;150707
240728;Duplexe;Tchamba;103;151845
208861;Johan;Gastien;18;148026
213841;Victor;Lekhal;18;150251
275567;Moisés;Ribeiro;54;149159
269493;Alexsandro;Ribeiro;54;152240
273536;Kaynan;Ribeiro;54;151486
268837;Rodrigo;Ribeiro;38;154329
223232;Pedro Henrique;Ribeiro;54;150833
273020;Nathan Otávio;Ribeiro;182;148885
273382;Geremías;Ribeiro;54;150175
205699;Jander;Ribeiro;54;148191
187954;Airton;Ribeiro;54;148784
194781;Renan;Ribeiro;54;148814
241156;Walter;Percevaux;18;152006
202076;Zarek;Valentin;95;149315
261369;Pablo;Minissale;52;152764
201509;Juan Carlos;Pérez López;45;148821
240338;Juan Manuel;Sanabria;60;152473
255436;Lucas;Sanabria;58;152275
219932;Antonio;Sanabria;58;150987
233231;Jon;Bautista Orgilles;45;150742
190504;Hope;Akpan;133;149323
215650;Lucas;Bijker;34;149891
239266;Robson;Bambu;54;151605
240996;Marco;Carnesecchi;27;152567
245426;Marash;Kumbulla;1;152423
240792;Diego;Calzado Pérez;45;146604
201389;Cristiano;Biraghi;27;149707
210168;Daniele;Sciaudone;27;148224
227705;Alan;Empereur;54;150262
235740;Alberto;Paleari;27;149704
247180;Abdu;Cadri Conté;38;151737
274333;Emrah;Gürparlayan;48;152444
244194;Peter;Haring;4;149981
208295;Romain;Saïss;129;148817
225725;Washington;Santana da Silva;54;148387
248384;Ilia;Gruev;9;152511
262219;Björn;Meijer;34;153557
225273;Mads;Døhr Thychosen;13;151467
250789;Dilane;Bakwa;18;153353
213413;Lawrence;Vigouroux;55;150151
266367;Junior;Flemmings;82;150939
210321;Romell;Quioto;81;149318
213428;Clint;Irwin;95;148458
231488;Michael;Omoh;133;149338
235280;José;Aja;60;149958
237538;Filip;Rogic;46;149993
164339;Michal;Papadopulos;12;147006
260644;Kaio Jorge;Pinto Ramos;54;153139
223422;Emanuel;Loeschbor;52;147558
272341;Khalid;Basit;117;151146
232504;Böðvar;Böðvarsson;24;150657
212992;Jón Daði;Böðvarsson;24;149608
232285;James;Doona;25;151669
213272;Lucas;Cháves;52;150779
216802;Juan;Kaprof;52;150629
226772;Joaquín;Laso;52;148917
228961;Mauro;Pitton;52;150413
236007;Ezequiel;Barco;52;152107
263370;Valentín;Barco;52;154050
264519;Jesús;Barco;59;151357
236527;Santiago;Cáseres;52;151345
184858;Alan Kardec;de Sousa Pereira Jr;54;148379
278511;Yunlong;Fan;155;148441
183024;Xiaodong;Fan;155;147697
223359;Marko;Petković;51;149709
240212;Danijel;Petković;15;149973
215455;Bruno;Petković;10;150452
182757;Nikola;Petković;51;147358
241808;Óscar;Manzanarez;83;150672
252793;Taylor;Harwood-Bellis;14;153145
265075;Vukan;Savićević;51;150222
188572;Gai;Assulin;26;149196
220385;Iván;Márquez Álvarez;45;150353
270067;Rodrigo Miguel;Forte Paes Martins;38;151912
263232;Luiz Felipe;Silva Nunes;54;151403
210427;Fábio Alexandre;Silva Nunes;38;149668
236773;Manolis;Siopis;22;150327
232680;Abdulkarim;Al Qahtani;183;149868
238908;Fares;Al Johani;183;150001
210901;Fahad Ayed;Al Johani;183;149396
240522;Mazen;Al Johani;183;150728
225692;Matthias;Bader;21;151457
231486;Abdulwahab;Jafar;183;150086
202674;Weslley Smith;Alves Feitosa;54;149574
218215;Ferjani;Sassi;145;149540
214724;David;Llanos;55;148575
239094;Laurin;von Piechowski;21;150246
240039;Vukadin;Vukadinovic;51;149080
268092;Leandro;Porto;54;150520
241926;Melvin;Frithzell;46;151145
228517;Andy;Rinomhota;148;151400
259540;Emerson;Rodríguez;56;152622
259579;Salomón;Rodríguez;60;152431
240397;Ezequiel;Rodríguez;52;149031
223816;Jonathan;Rodríguez;60;150015
251011;Kirian;Rodríguez;45;150988
224796;Jorge;Rodríguez;52;150816
213974;Diego;Rodríguez;60;148614
216780;Doryan;Rodríguez;72;153498
261430;Salvador;Rodríguez;83;152968
214718;Martín;Rodríguez;55;150410
248863;Hernán;Rodríguez;53;151053
214379;Angelo;Rodríguez;56;148461
244950;Juan Gabriel;Rodríguez;52;150252
221121;Dario;Rodríguez;56;150693
225659;Guido;Rodríguez;52;150659
237131;José Iván;Rodríguez;83;151092
214482;Fábio;Rodríguez;56;147182
262283;Agustín;Rodríguez;52;153968
231129;Axel;Rodríguez;52;151373
272382;Gastón;Rodríguez;60;150236
275310;Gastón;Rodríguez;60;149545
205267;Iván;Rodríguez;83;149969
239609;Edwin;Rodríguez;81;152287
255721;Jackson;Rodríguez;57;151934
214809;Maximiliano;Rodríguez;52;148046
261819;David;Rodríguez;83;153240
226576;Arley;Rodríguez;56;149872
254594;Jerónimo;Rodríguez;83;152102
207454;Patricio;Rodríguez;52;148856
230992;Leandro;Rodríguez;60;149786
235258;Carlos;Rodríguez;60;148829
235389;Carlos;Rodríguez;83;151292
253061;Brian;Rodríguez;60;152525
233293;Daniel;Rodríguez;56;151204
260378;Jorge Alejandro;Rodríguez;83;152996
234726;José Luis;Rodríguez;87;151824
251663;José Luis;Rodríguez;60;151362
214485;Juan;Rodríguez;56;149760
214319;Francisco;Rodríguez;56;147811
223146;Francisco;Rodríguez;47;150815
272569;Kevin;Rodríguez;57;152448
264527;Nextaly;Rodríguez;72;151716
255862;Santiago;Rodríguez;60;152392
216480;Rawy;Rodríguez;72;153533
275343;Baltasar;Rodríguez;52;153670
231264;Thomas;Rodríguez;52;151019
214291;Camilo;Rodríguez;55;150621
240379;Matías;Rodríguez;52;149916
229831;Osvaldo;Rodríguez;83;151177
239335;Óscar;Rodríguez;45;151833
214660;Lucas;Rodríguez;52;150098
229595;Lucas;Rodríguez;52;151406
205119;Sebastián;Rodríguez;60;149691
229755;Mario;Rodríguez;95;150325
237654;Luis;Rodríguez;56;150604
263659;Luis;Rodríguez;53;150427
196887;Edemir;Rodríguez;53;146835
186553;Matías;Rodríguez;52;147375
192906;Luis Miguel;Rodríguez;52;146907
192009;José Antonio;Rodríguez;83;149648
204024;Christoph;Kramer;21;149147
251260;Blaž;Kramer;44;151076
241812;Lars;Kramer;34;152211
228363;Joris;Kramer;34;151138
229998;Dominik;Schad;21;151352
237985;Kevin;Danso;4;151916
240128;Jonathan;Estrada;83;151729
240944;Michael;Estrada;57;151021
210441;Francisco;Sol Ortiz;45;149535
213571;Christie;Elliott;14;149243
238008;Jack;Elliott;14;150794
246174;Harvey;Elliott;14;153209
220654;James;Horsfield;14;150822
256397;Isak Dybvik;Määttä;36;153012
270578;Willum;Willumsson;24;151950
217007;Mame;Baba Thiam;136;149745
241266;Willem;Geubbels;18;152978
228408;Connor;Ronan;25;151719
246565;Bafodé;Diakité;18;152756
240229;Banfa;Diakité;18;151569
177643;Modibo;Diakité;18;147697
236590;Boubakar;Kouyaté;126;151394
186801;Cheikhou;Kouyaté;136;148722
188540;Rajiv;van La Parra;34;149252
268868;Tiago;Gouveia;38;152919
190765;Pascal;Groß;21;149263
204783;Felipe;Alfonso Criado;45;149932
213452;Unai;Albizua Urquijo;45;148377
253793;Jesús;Quintero;61;152782
210513;Juan Fernando;Quintero;56;149846
232841;Josimar;Quintero;57;151323
221220;Juan;Quintero;56;150640
254227;Joel;Quintero;57;151922
190607;Darwin;Quintero;56;147898
224524;Esteban;Burgos;52;149471
194964;Nathaniel;Mendez-Laing;78;149568
209332;Mirko;Salvi;47;150238
240959;Steven Nicanor;Prieto Morales;45;151500
233794;Simone;Edera;27;151298
206297;Saša;Balić;15;148761
237544;Luca;Vido;27;151323
235027;Luke;Southwood;35;151629
251804;Sergiño;Dest;95;152692
239651;Lautaro;Valenti;52;152033
227223;Alessio;Vita;27;149903
258468;Rémy;Vita;124;152841
245992;Billy;Gilmour;42;152912
246155;Sam;McCallum;14;152630
257877;Junior;Adamu;4;152907
204935;Jordan;Pickford;14;150259
216570;Dzon;Delarge;107;148907
210544;Willyan;Da Silva Barbosa;54;150241
222410;Keziah;Veendorp;34;151337
208597;Hjörtur;Hermannsson;24;150597
227866;Pål Alexander;Kirkevold;36;149046
229154;Jan;Kliment;12;150072
234096;Benjamin;Hvidt;13;152456
235822;Martin;Holm;13;151801
246656;Emil;Holm;46;152518
258710;Noah;Holm;36;152893
237930;Sebastian;Hausner;13;152486
172177;Drew;Talbot;14;147471
216381;Jean;Zimmer;21;150168
246297;Himad;Abdelli;18;152340
210423;Albert;Rusnák;43;150381
214000;Yordy;Reyna;59;150088
272734;Bryan;Reyna;59;151889
245541;Giovanni;Reyna;95;153432
203757;José Luís;Mendes Andrade;104;149121
207554;Viktor;Claesson;46;149464
219275;Mateusz;Kupczak;37;149513
232550;Artem;Putivtsev;49;148243
237537;Volodymyr;Kostevych;49;149759
188131;Nemanja;Rnić;51;146814
195065;Geoffry;Hairemans;7;149391
240925;Liam;Millar;70;152289
264191;Gustaf;Lagerbielke;46;152485
213930;Pylyp;Budkivskyi;49;149532
257507;Stève;Mvoué;103;153148
223929;Aaron;Leya Iseka;7;151608
229507;Thorsten;Mahrer;4;148754
210509;Thomas;Castella;47;150009
210625;Kevin;Mbabu;47;150667
232270;Timothy;Fosu-Mensah;34;151656
238896;Eduardo Gabriel;Aquino Cossa;54;151344
242263;Malte;Amundsen;13;151696
198034;Marius;Amundsen;36;149728
234066;Johan;Hove;36;152635
225872;Jamie;McGrath;25;151197
242327;Xola;Mlambo;140;149272
227148;Federico;Bonansea;52;151726
232697;Lautaro;Geminiani;52;149158
271115;Leonel;Nazareno;57;150410
271573;Mattia;Zanotti;27;153491
159370;Loukas;Vyntra;22;145481
261004;Amankwah;Forson;117;153480
232871;Zhunyi;Gao;155;150791
279258;Huaze;Gao;155;151582
278904;Jiarun;Gao;155;150672
279504;Tianyi;Gao;155;151836
278892;Haisheng;Gao;155;151295
158309;Lin;Gao;155;147316
191569;Di;Gao;155;148738
212047;Mihai;Pintilii;39;146854
244253;Uroš;Račić;51;151730
228731;Pedro;Requena;59;149121
273121;Ayoub;Kalantari;161;149058
226646;Felipe;Banguero;56;148367
214393;Danovis;Banguero;56;148667
214995;Walter;Kannemann;52;149170
241921;Sebastian;Bergier;37;152373
244363;Daniel;Fuzato;54;151474
199754;Clévid;Dikamona;107;148906
229404;Amro;Tarek;111;149600
211785;Ben;Garuccio;195;150724
240262;Jake;Brimmer;195;151747
231353;Emmanuel;Iyoha;21;151573
212380;Murad;Al Rashdi;183;149167
232111;Mohamed;Benyettou;97;148672
237722;Hassan;Algeed;183;151757
241016;Amedej;Vetrih;44;148991
223994;Stefan;Mugoša;15;149519
239702;Marvin;Kleihs;21;150271
215823;Dario;Župarić;10;149586
233047;Joel;Latibeaudiere;82;152390
212045;Casper;Højer Nielsen;13;150517
227629;Oliver;Finney;14;151638
240773;Bobby;Duncan;14;152775
210368;Jack;Duncan;195;149937
236038;Kyle;Duncan;95;151509
208535;Alfred;Duncan;117;149897
223167;Donovan;Wilson;14;151362
230890;Brandon;Wilson;195;151317
230162;Iain;Wilson;42;152003
220710;Harry;Wilson;50;151370
235618;Kane;Wilson;14;152455
272483;Roan;Wilson;72;153236
228573;Peter;Wilson;46;151206
204825;Ben;Wilson;14;149684
213642;James;Wilson;14;150893
196978;Callum;Wilson;14;149520
220715;Ezequiel;Ponce;52;151377
231484;Walter;Ponce;55;151717
214752;Camilo;Ponce;55;149290
221351;Dan-Patrick;Poggenberg;21;149550
236832;Marcel;Mehlem;21;150618
227978;Marvin;Mehlem;21;151543
229221;William;de Asevedo Furtado;54;150651
238666;Alexander;Nandzik;21;149718
240329;Berkan;Taz;21;152007
265520;Unai;Marrero;45;153032
227920;Ismail;Azzaoui;7;151660
246991;Liam;Scales;25;151874
219660;Eoghan;Stokes;25;151061
227880;Chris;Stokes;14;149164
243657;James;Garner;14;152822
204513;Maxime;Dupé;18;149891
255106;Loïc;Badé;18;152486
236461;Jean-Philippe;Mateta;18;151468
239690;Fridolin;Wagner;21;151555
238929;Martin;Wagner;21;147530
239704;Kai;Wagner;21;151335
263076;Robert;Wagner;21;153675
206222;Pedro;Bigas Rigo;45;148990
223197;Enes;Ünal;48;151419
221556;Omenuke;Mfulu;110;150272
242369;Arnau;Puigmal;45;152760
192495;Romaine;Sawyers;89;149403
277832;Chukwubuikem;Ikwuemesi;133;152967
235858;José;Perales Nájera;45;149973
238882;Daniel;Ojeda Saranova;45;150530
199383;Timm;Klose;47;148131
206161;Achraf;Lazaar;129;149484
240598;Alexis;Saelemaekers;7;152197
256115;Lazar;Samardžić;51;153170
211608;Michele;Rigione;27;149163
222775;Tobias;Pachonik;21;150562
257566;Pablo;Moreno Taboada;45;153238
237691;Fabio;Castellano;27;151727
223424;İlhan;Depe;48;149716
225555;Ahmet;Oğuz;48;149844
235580;Isaac;Sackey;117;150287
259797;Adalid;Terrazas;53;152622
257289;Hugo;Ekitike;18;153286
192156;Ruben Alexandre;Rocha Lima;38;148643
208722;Sadio;Mané;136;149563
215716;Aleksandar;Mitrović;51;150452
237209;Matej;Mitrović;10;150142
238942;Nemanja;Mitrović;44;149751
223108;Milan;Mitrović;51;148185
209547;Stefan;Mitrović;51;148874
201770;Nikola;Mitrović;51;147638
207863;Felipe Augusto;de Almeida Monteiro;54;148503
231039;Pius;Dorn;21;151191
212484;Wes;Burns;50;150520
211602;Charlie;Burns;14;150705
245628;Abdelkabir;Abqar;129;152088
201981;Akwasi;Asante;34;149712
236761;Naomichi;Ueda;163;150490
252162;Ayase;Ueda;163;151894
215818;Emerson;Hyndman;95;151023
200416;Jerrad;Tyson;195;148631
229079;Joe;McNerney;14;148756
252692;Shamar;Nicholson;82;151364
232002;Jordan;Nicholson;14;150479
219684;Sam;Nicholson;42;150578
271629;Werner;Schuler;59;148940
269639;Juan Carlos;Arana Gómez;45;152423
231983;Zach;Mathers;95;150297
237682;Adam;Najem;95;150577
238285;Juho;Pirttijoki;17;151135
240748;Wanderson;Cavalcante Melo;54;150401
210604;Andrey;Panyukov;40;150461
227150;Marko;Poletanović;51;150029
234539;Vladimir;Poluyakhtov;40;148559
192899;Sergei;Zenjov;208;148477
247351;Mateusz;Bogusz;37;152984
228733;Gustavo;Dulanto;59;150806
270825;Ahmed;Benbouali;97;152492
212015;Carlos;Treviño;83;149937
229575;Daniel;Mancini;52;151239
229582;Gianluca;Mancini;27;151031
273512;Matheus;Mancini;54;150450
215270;Lucas;Zelarayán;3;149634
239457;Alejandro;Zamudio;83;151710
240233;Joedrick;Pupe;7;151444
251810;Brian;Brobbey;34;153147
235996;Nicolas;Moumi Ngamaleu;103;150383
238011;Petar;Pusic;47;152034
224582;Darren;Lyon;42;150717
182160;Erling;Knudtzon;36;148351
240162;Herman Solberg;Nilsen;36;152139
210691;Lasse;Nilsen;36;150610
198604;Joakim Våge;Nilsen;36;149211
210688;Anders;Trondsen;36;150647
255886;Francisco;Gerometta;52;152263
236281;Franco;Negri;52;150609
227526;Gustavo;Canto;52;150249
207440;Franco;Fragapane;52;149865
263504;Bruno;Leyes;52;153053
250886;Gabriel;Leyes;60;148881
224542;Nery;Leyes;52;148615
225519;Leandro;Contin;52;150899
259713;Andres;Jasson;95;153132
269899;Novatus;Miroshi;143;153360
275344;Giannis;Stathis;22;147776
254909;Oscar;Dorley;122;151854
272907;Maksim;Shvetsov;6;151746
260807;Nika;Kvekveskiri;20;149612
278084;Qiang;Lu;155;146914
278089;Lin;Lu;155;146940
279527;Yao;Lu;155;150005
262513;Jon;Karrikaburu;45;153377
227706;Jakub;Hromada;43;151069
237481;Marc;Van Heerden;140;148077
238458;Eetu;Vertainen;17;152150
260801;Sergio;Unrein;52;149264
225783;Stephy;Mavididi;14;151805
251342;Benedikt;Pichler;4;151490
223155;Victor Luis;Zamblauskas;54;150002
270024;Artem;Bykov;6;149755
208228;Alexandros;Kouros;22;150061
221430;Uroš;Đurđević;51;150254
183409;Isaac;Vorsah;117;148174
240328;Ahmed;Ba Masoud;183;150884
216477;Todor;Nedelev;9;149866
167194;Jaba;Kankava;20;147348
211702;Marc;Endres;21;149150
238588;David;Buchholz;21;146758
238956;Dominik;Bock;21;150578
194432;Issam;Erraki;129;145566
227278;Gustav;Berggren;46;151539
216758;Alexis;Ribera;53;150785
230662;Oscar;Ribera;53;149503
209454;Mateusz;Lewandowski;37;149905
203605;Pavel;Kadeřábek;12;149578
248732;Karl;Hein;208;153218
234239;Gauthier;Hein;18;151143
208983;Oliver;Hein;21;148813
210583;Marc;Stendera;21;150902
205970;Jed;Wallace;14;150278
208024;Murray;Wallace;42;149838
200754;Tolga;Ciğerci;48;149545
228935;Marcel;Engelhardt;21;149923
262906;Yannik;Engelhardt;21;152788
233369;Lautaro;Montoya;52;150473
224461;Walter;Montoya;52;150030
213260;Santiago;Montoya;56;149355
238041;Tyrell;Malacia;34;152248
240680;Amir;Absalem;34;151459
257622;Lefteris;Lyratzis;22;152437
222515;Zinedine;Ferhat;97;149888
233729;Timothée;Taufflieb;18;149798
240067;David;Gomis;18;149818
234972;Arthur Yannick;Gomis;136;149496
271193;Antonio;Gomis;45;153620
159145;Bafétimbi;Gomis;18;147124
201976;Alfred;Gomis;136;150076
70134;Alejandro;Bran;72;152814
205114;Takashi;Inui;163;148157
210047;Fabian;Schär;47;149451
234039;Emerson; Royal;54;152033
210392;Ryan;McLaughlin;35;150466
215644;Jorge;Franco Alviz;45;150130
219709;Saúl;García Cabrero;45;150506
188996;Atdhe;Nuhiu;219;148577
225261;Sergio;Gil Latorre;45;151054
240195;Claudio;Medina Ricoy;45;150075
172233;Perparim;Hetemaj;17;147617
199169;Kamohelo;Mokotjo;140;149167
228735;Edder;Farias;61;148104
206058;Mattia;De Sciglio;27;149756
211320;Daniele;Rugani;27;150403
200309;Tendayi;Darikwa;148;149444
223524;Edoardo;Goldaniga;27;150134
236247;Herbie;Kane;14;151981
238208;El-Hadji Gana;Kane;136;150659
229206;Danny;Kane;25;151402
204282;Chris;Kane;42;150441
236845;Conor;Kane;25;151963
202126;Harry;Kane;14;150037
239045;Emre;Kilinç;48;150428
206054;Selim;Gündüz;21;150329
274439;Anthony;Baron;18;149826
234572;Úmaro;Embaló;38;152876
211014;Paulo Sérgio;Mota;38;149291
234147;Dany;Mota;38;150211
262858;Manfred;Ugalde;72;153260
239485;Junior;Pius;133;150912
212622;Joshua;Kimmich;21;150597
241006;Erick;de Arruda Serafim;54;151633
201958;Ethan;Ebanks-Landell;14;149813
219458;David;Wheeler;14;149009
260094;Lucas;Maia;54;149882
176071;Dax;McCarty;95;147756
203781;Donny;Toia;95;149611
167564;Alexandr;Krivoruchko;40;146807
263836;Jesús Gilberto;Orozco Chiquete;83;153165
233544;Kristiyan;Malinov;9;150282
225193;Mikel;Merino;45;151097
240267;Ayub;Batsuev;40;151329
219700;Patryk;Lipski;37;150356
220143;Samuel;Štefánik;43;149417
253306;Manuel;Ugarte;60;152851
229682;Dael;Fry;14;151531
220782;Marco;Ilaimaharitra;124;150765
222994;Marvelous;Nakamba;148;150212
229040;Aristote;Nkaka;7;151106
236313;Kingsley;Madu;133;150904
213901;Abdullah;Madu;183;150024
238052;Antonijo;Ježina;10;148523
241005;Joaquín;Ardaiz;60;152030
191148;Deivydas;Matulevičius;30;148465
277794;Alexis;Manyoma;56;153510
263663;José Vitor;Rodrigues da Silva dos Santos;54;151772
240763;Jamie;Sneddon;42;151538
190749;Willians;Domingos;54;147300
179695;Rinaldo;Cruzado;59;146805
207935;Matías;Dituro;52;147763
208473;Jorge Sammir;Cruz Campos;10;147749
251555;Josh;Eccles;14;152481
251363;Joao;Villamarín;59;149503
242398;Roberto;Villamarín;59;151192
271990;Madi;Zhakipbayev;165;152465
242759;Allan;Arigoni;47;151962
260601;Exequiel;Zeballos;52;153228
272375;Emilio;Zeballos;60;149680
150035;Vangelis;Moras;22;145683
212557;Madson Henrique;Nascimento Santos;54;149226
275271;Bruno;Chalkiadakis;22;149923
232373;Ryota;Moriwaki;163;147367
241133;Juan;Colina;61;147565
274010;Allan;Ottey;82;149815
214418;Sebastián;Ubilla;55;148953
238640;Christoph;Göbel;21;148449
211825;Patrick;Göbel;21;150017
238965;Orestis;Kiomourtzoglou;21;151781
271203;Tal;Kahila;26;149640
268027;Aylon;Tavella;54;149560
231402;Matt;Penney;14;151696
240696;Malachi;Napa;14;152165
223595;John-Patrick;Strauß;21;150951
206626;Mikael;Ishak;46;149918
229843;Ever;Valencia;56;151312
243386;Diego;Valencia;55;152398
214328;John;Valencia;56;145896
239965;Jader;Valencia;56;152338
241589;Gerson;Valencia;56;151873
227437;Hamilton;Valencia;56;151320
214345;David;Valencia;56;149248
233781;Juan;Valencia;56;151825
214429;Leonardo;Valencia;55;149212
220295;Enner;Valencia;57;148675
228744;Johan;Valencia;56;151132
207428;José;Valencia;56;149449
203982;Juan David;Valencia;56;147286
214432;Juan David;Valencia;56;149906
270203;Tito Johan;Valencia;57;149102
256199;Anthony Lenin;Valencia;57;153682
271071;Rubén;Lezcano;58;153885
215042;Gastón;Lezcano;52;147596
204226;Darío;Lezcano;58;148913
240687;Lucas;Lezcano;52;152209
213331;Jonathan;Tah;21;150965
241184;Junior;Firpo;45;151158
221885;Paul;Seguin;21;150646
228593;Vincent;Sierro;47;150839
234281;Mario;Kvesić;8;149474
235419;Nikola;Dovedan;4;150380
259834;Gabriel;Villamíl;53;152929
232823;Hayao;Kawabe;163;150809
231352;Tammy;Abraham;14;151564
256326;Paulos;Abraham;46;153312
221544;Henry;Cameron;198;151468
222411;Jérôme;Prior;18;150778
224069;Karl;Toko-Ekambi;103;149720
223572;Antoine;Batisse;18;150571
225951;Denis;Bouanga;115;150508
228898;Florent;Perradin;18;149594
229448;Florian;Ayé;18;151308
244625;Gonzalo;Ávila Gordón;45;151680
252488;Killian;Sardella;7;153237
229415;Alejandro;García Fernández;45;150231
271541;Vladyslav;Vanat;49;153119
231933;Rowllin;Borges;159;149619
207617;Marllon;Borges;54;149569
242181;Neto;Borges;54;151180
212614;Lucca;Borges;54;148777
268212;Pedro Augusto;Borges;54;151351
180955;Breno;Borges;54;148653
203236;Evanildo;Borges;54;148743
199935;Rômulo;Borges;54;148994
190799;Celso;Borges;72;148149
224293;Rúben; Neves;38;151361
207441;Luciano;Vietto;52;150167
219145;Guillermo;Maripán;55;150319
221397;Daniel;Molina Orta;45;150997
229270;Mauricio;Lemos;60;150920
205551;Álvaro;Lemos;45;149917
183614;Fagner;Lemos;54;148529
52095;Maximiliano;Lemos;60;150179
265526;Guillaume;Restes;18;154281
209459;Džengis;Čavušević;44;147966
235466;Joaquin;Araujo Delgado;45;148071
240596;Kyle;McClean;35;151930
228134;Patrick;McClean;25;151250
206160;Amato;Ciciretti;27;150193
199737;Wilson Bruno;Naval Costa Eduardo;38;148921
253396;Giuliano;Simeone;52;153467
216816;Giovanni;Simeone;52;150744
236791;Antonín;Barák;12;150530
263522;Jeremy;Sarmiento;57;153282
253715;Darío;Sarmiento;52;153568
224049;Néstor;Breitenbruch;52;150814
190594;Tanju;Kayhan;4;148570
271386;Abdulkerim;Çakar;21;152854
205447;Moritz;Kuhn;21;149310
207943;Ewerton;da Silva Pereira;54;149798
266616;Yira;Sor;133;152590
229354;Arianit;Ferati;219;151539
185200;Vasco Herculano;Cunha Fernandes;38;147587
271260;Floris;Smand;34;153500
208920;Nathan;Aké;34;150607
226061;Marley;Aké;18;152755
234369;Marcus;Mølvadgaard;13;152234
257320;Aimen;Moueffek;18;152849
204502;Matt;Ingram;14;150180
212228;Ivan;Toney;14;150999
240886;Rollin;Menayese;50;151627
216270;George;Honeyman;14;150444
156321;Adebayo;Akinfenwa;14;145940
209475;John;O'Sullivan;25;150089
221881;Mark;O'Sullivan;25;146207
235464;Jordan;Storey;14;151534
203442;Miles;Storey;14;150197
242180;Luis Carlos;Cabezas;56;147331
235873;Bryan;Cabezas;57;151368
233324;Víctor;Cabezas;56;151595
214018;Juan;Cabezas;56;149155
260678;Luis;Cabezas;56;147333
227689;Kerim;Mrabti;46;150333
246618;Adam;Hložek;12;153321
237269;Jake;McGuire;95;150438
205851;Guilherme;Dellatorre;54;149584
166990;Anri;Khagush;40;147537
187492;Dmitriy;Kombarov;40;147658
203625;Alyaksandr;Martynovich;6;147874
221422;Sverrir Ingi;Ingason;24;150045
239932;Alexandr;Dovbnya;40;147736
208614;Alan;Uryga;37;150243
241159;Marc;Guéhi;14;152579
224301;Karol;Świderski;37;151312
232708;Milton;Valenzuela;52;151879
226156;Carlos;Valenzuela;52;151401
214850;Kevin;Valenzuela;55;150039
214459;César;Valenzuela;55;149497
213826;Luis;Valenzuela;55;148054
253010;Aimar;Sher;46;153469
268724;Kyan;Vaesen;7;152853
216218;Lawrence;Shankland;42;150780
210947;Nikos;Karelis;22;149517
215089;Enzo;Kalinski;52;147705
228804;Alexis;De Sart;7;151240
217287;Julien;De Sart;7;150550
231969;Ruslan;Malinovskyi;49;149952
262081;Alejandro;Cantero Sánchez;45;152544
224821;Steve;Rouiller;47;148923
240532;Fabian;Rohner;47;151883
186508;Arild;Østbø;36;149206
255943;Lirim;Kastrati;219;152035
233425;Elhan;Kastrati;1;151322
190518;Flamur;Kastrati;219;149415
238449;Anthony;Ikedi;133;151917
226728;Lee;Desmond;25;150580
231258;Ramiro;Macagno;52;151366
246910;Agustín;Obando;52;152455
221909;Jindřich ;Staněk;12;151041
180823;Radim;Řezník;12;148387
181777;Dare;Vrsic;44;146810
185195;Odion;Ighalo;133;148534
223963;Cameron;Humphreys-Grant;14;151888
222016;Nikola;Leković;51;148720
273037;Bojan;Ostojić;51;146583
226270;Germán;Caffa;52;145275
251615;Francisco;Sampaio Moura;38;152247
187804;Bruno Rodrigo;Fenelon Palomo;54;147008
208254;Savvas;Tsabouris;22;147468
232364;Dimitrios;Chatziisaias;22;149727
220779;Matthew;Ridenton;198;150994
209565;Mohammed;Al Fehaid;183;148740
233961;Sami;Al Najai;183;151327
192259;Magno Damasceno;Santos da Cruz;54;148142
208957;Shafi;Al Dossari;183;148764
183064;Heinrich;Schmidtgal;165;147230
183682;Anel;Hadžić;8;148595
217482;Rodrick;Kabwe;147;149797
231832;Dario;Thürkauf;47;151346
236015;Morgan;Gibbs-White;14;152411
265465;Matej;Maglica;10;151922
272866;Anton;Maglica;10;149412
215817;Dino;Islamovic;46;150210
241676;Philipp-Kenan;Dunnwald;21;150876
229536;Horacio;Tijanovich;52;150982
242292;Rodrigo;Pollero;60;151181
222724;Benson;Manuel;7;151376
223710;Vedat;Muriqi;219;150307
200429;Benito;Raman;7;150504
208700;Danny;Blum;21;149104
267485;Lewin;Blum;47;152958
212096;Vincenzo;Grifo;27;149925
242562;Jasper;van der Werff;47;151997
223730;Tom;van Weert;34;148890
223813;Damian;van Bruggen;34;151001
260436;Syb;van Ottele;34;153148
236813;Quentin;Depehi;18;151446
241167;Youcef;Belaïli;97;149536
244428;Bogdan;Mykhaylichenko;49;151369
209618;Florian;Tardieu;18;149575
215410;Brendan;Chardonnet;18;150549
206493;Yunis;Abdelhamid;129;147907
219455;Jonathan;Calleri;52;150094
235943;Rafael;Navarro Mazuelos;45;150247
266039;Marc;Pubill;45;153651
211565;Higinio;Marín Escavy;45;150120
224911;Sergio;Marcos González;45;149496
257383;Francisco;Da Costa Aragão;54;150683
234856;Houboulang;Mendes;119;151778
263854;Joe;Mendes;46;153480
244559;Carlos;Mendes;45;151972
252145;Nuno;Mendes;38;153285
165547;Edílson;Mendes;54;147479
187763;Elias;Mendes;54;147042
243442;Emanuel;Aiwu;4;152744
244874;Filippo;Ranocchia;27;152884
208144;Daniel;Bessa;27;149842
235842;Andrea;Pinamonti;27;152158
235840;Michele;Di Gregorio;27;151497
233486;Robin;Le Normand;45;151239
236787;Dominik;Franke;21;151932
222486;Fabian;Franke;21;148433
240658;Sofian;Kiyine;129;151564
264510;Teddy;Alloh;18;153138
255255;Paulo Estrela;Moreira Alves;38;152070
226051;Carlos Reinaldo;Moreira Alves;38;151704
240135;Nuno Alberto;Macedo Pereira;38;152168
199831;Rouven;Sattelmaier;21;147855
275641;Fally;Mayulu;18;153311
218576;Will;Aimson;50;150347
250822;Bandiougou;Fadiga;18;152765
246415;Noah;Fadiga;103;152356
229895;Dion;Donohue;50;150066
216325;Angus;Gunn;42;150945
222872;Callum;Saunders;50;150827
241861;Nathaniel;Atkinson;195;152183
241824;Robert;Atkinson;14;151848
236623;Max;Smallcombe;50;152105
220149;Tom;Field;14;151362
233957;Sam;Field;14;151782
184489;Zavon;Hines;14;148363
187334;Linus;Hallenius;46;148458
194163;Jukka;Raitala;17;148260
201993;Alexander Ruud;Tveter;36;149163
206004;Juhani;Ojala;17;148537
221605;Alexander;Jeremejeff;46;150113
230977;Miguel;Almirón;58;150234
231498;Douglas;Bergqvist;46;149916
160593;Timofey;Kalachev;6;145566
253412;Tyreek;Magee;82;152319
233290;Rifat;Zhemaletdinov;40;151187
239870;Maxim;Karpov;40;150634
209453;Adam;Frączczak;37;147855
216746;Michał;Koj;37;150037
226805;Axel;Sjöberg;46;149164
248808;Aaron;Hickey;42;153276
203895;Alejandro;Pozuelo Melero;45;149360
239876;Charles;Boli;18;151896
206529;Franck;Boli;108;150108
257345;Amar;Dedić;8;153345
238370;Marin;Pongračić;10;151543
239308;Tyron;Ivanof;7;151487
239582;Patrick;Puchegger;4;150682
231485;Axel;Tuanzebe;14;151607
229845;Jonathan;Sabbatini;60;148092
230306;Míchel;Zabaco Tomé;45;148404
236369;Cédric;Zesiger;47;151829
237805;Eugeniu;Gliga;33;152882
243619;Delano;Burgzorg;34;151965
190981;Mushaga;Bakenga;36;149683
220584;Viljar;Myhra;36;151126
222215;Petter;Strand;36;150429
228178;Tobi;Adebayo-Rowling;14;151244
246608;Álvaro;Fidalgo Fernández;45;151388
226659;Joel;Amoroso;52;148009
222389;Nikita;Haikin;40;150750
251631;Chris;Gloster;95;152594
216348;Nick;Gillekens;7;150744
229833;Danilo;Pantić;51;151223
252165;Stan;Van Dessel;7;152955
270997;Samson;Baidoo;4;153936
272330;Mohamed;Al Aeldin;182;150213
273006;Oren;Biton;26;150360
271125;Michal;Šulla;43;149293
275673;Petar;Djuricković;51;149268
233565;Josh;Koroma;14;151967
272613;Manuel Alberto;Cunha Lopes;38;152534
275621;Jhemerson;Guimaraes;54;151316
159175;Alaixys;Romao;144;146558
275366;Konstantinos;Peristeridis;22;149283
231683;Mario;Shabow;195;151779
208992;Saleh Saad;Al Qumayzi;183;149400
210700;Mohammed;Abusabaan;183;148752
230765;Habib;Al Watyan;183;151144
241784;Mehdi;Torabi;161;150446
181106;Hajime;Hosogai;163;147432
234492;José Luis;Gamonal;55;148649
228225;Wes;Harding;82;151217
238658;Michael;Hohnstedt;21;148125
232315;Mihlali;Mayambela;140;151161
231682;Tom;Heward-Belle;195;151359
241970;Harrison;Delbridge;195;149523
239672;Harald Nilsen;Tangen;36;152753
238692;Klaus;Gjasula;1;148715
256899;Lorenzo;Colombo;27;153182
252036;Nazareno;Colombo;52;152098
214717;Lorenzo;Reyes;55;149261
240559;Diego;Reyes;81;148745
239948;Salvador;Reyes;83;151778
252008;Israel;Reyes;83;152528
240376;Yefri;Reyes;56;151066
224343;Guillermo;Reyes;60;147462
239623;Francisco;Reyes;83;151931
271452;José;Reyes;61;149725
255484;Sebastián;Reyes;53;151360
234578;Luis;Reyes;83;149190
260347;Luis;Reyes;83;153372
225653;Gyrano;Kerk;34;150894
212249;Sebastian;Kerk;21;150300
221201;Tim;Leibold;21;150162
271090;Nino;Žugelj;44;152528
228336;Florian;Grillitsch;4;150777
243715;William;Saliba;18;152833
239217;Eoin;McCormack;25;150714
204366;Jürgen;Locadia;34;150139
209372;Mustafa;Saymak;34;149870
224841;Kevin;Diks;34;151203
209798;Martin;Mimoun;18;149625
234102;Ionuţ Andrei;Radu;39;151437
240315;Roy;Gielen;34;151658
270068;Carlos Eduardo;Lopes Cruz;54;151509
239820;Bryan;Soumaré;18;152061
253121;Issa;Soumaré;136;152668
239817;Boubakary;Soumaré;18;152077
216037;Nahuel;Valentini;52;148264
267681;Nicolás;Valentini;52;152846
208730;Enrico;Valentini;21;148418
259681;Rodrigo;Sánchez Rodríguez;45;152521
219879;Matías;Pisano;52;149444
200145;Carlos Henrique;Venancio Casimiro;54;149516
254703;Néstor;Giménez;58;151494
227772;Gastón;Giménez;58;149305
272104;Oscar;Giménez;58;148848
245152;Santiago;Giménez;83;152858
216460;José María;Giménez;60;150578
241867;Aitor;Ruibal;45;151005
205496;David;Nícolas;54;148104
236260;Anderson;Santamaría;59;149472
246787;Hugo Claudio;Vallejo Avilés;45;152430
211001;Alejandro;Vallejo Mínguez;45;149488
242729;Kirill;Kolesnichenko;40;152415
203824;Remi;Matthews;14;150234
228144;Jorge Marcos;Pombo Escobar;45;150246
198140;Rogelio;Funes Mori;83;149161
199667;Ramiro;Funes Mori;52;149161
239010;Julián Javier;Delmás Germán;45;150668
198717;Wilfried;Zaha;108;149777
206165;Luca;Maniero;27;150721
210329;Filippo;Falco;27;149504
216137;Federico;Angiulli;27;149526
255380;Ismaila;Soro;108;151781
220534;Sebastiano;Luperto;27;151173
239440;Alessandro;Celli;27;150221
204082;John;Brooks;95;149856
220196;David;Brooks;50;151478
203241;Luccas;Claro dos Santos;54;149372
240483;Özgür Taylan;Ökke;48;150984
211237;Samir;Ramizi;219;149302
251891;Lucas;Soares de Almeida;54;151778
208230;Andreas;Samaris;22;148531
208919;Ryan;Gauld;42;150908
209997;Kevin;Wimmer;4;149782
254566;Patrick;Wimmer;4;152900
246099;Kenzo;Goudmijn;34;153102
268205;Romario;de Souza;54;150253
240131;Gabriel Airton;de Souza;54;151012
204040;Luiz Antônio;de Souza;54;149167
277537;Bernardo;de Souza;54;152787
209295;Jackson;de Souza;54;148853
275529;Jean;de Souza;54;150462
232208;Allan;de Souza;54;151351
209542;Vinícius;de Souza;54;149202
213097;Lucas;de Souza;54;148917
273505;Lucas;de Souza;54;151793
199302;Natanael;de Souza;54;147265
200346;Michał;Żyro;37;149726
219869;Casper;Olesen;13;151054
223861;Svenn;Crone;13;150698
247385;Lee;Buchanan;14;152816
246800;Tajon;Buchanan;70;152058
234753;Keagan;Buchanan;140;149190
212513;Hakeeb;Adelakun;14;151086
258788;Giuseppe;Caso;27;151997
211415;Matt;Rhead;14;146692
215403;Joshua;Yorwerth;50;150617
240274;Branislav;Pindroch;43;149400
184220;Mix;Diskerud;95;149007
187339;Jiloan;Hamad;46;149042
196983;Aslak;Falch;36;149608
209529;Muamer;Tanković;46;150611
227837;Henrik;Castegren;46;151011
227926;Travis;Worra;95;149927
232081;Richie;Laryea;70;150565
236245;Alberth;Elis;81;150966
236516;Julian;Kristoffersen;36;151299
211457;Aaron;Olanare;133;150348
213354;Timofey;Margasov;40;149626
241078;Reza;Shekari;161;151805
265777;Mason;Burstow;14;153696
205745;Krzysztof;Baran;37;148775
211626;Damian;Kądzior;37;149630
233222;Kamil;Jóźwiak;37;151766
240197;Szymon;Więckowicz;37;152293
268775;Mohammed;Waad;182;152280
270597;Antoine;Makoumbou;107;151853
234970;David;Terans;60;150416
219553;Claudio;Aquino;52;149302
236264;Pedro;Aquino;59;150661
215268;Víctor;Aquino;58;147236
234580;Mateus;Gonçalves Martins;54;150464
211365;Eirik;Hestad;36;150735
239955;Jens Berland;Husebø;36;152085
242166;Amor;Layouni;145;149739
259621;Yusuf;Barası;48;153540
278990;Zhang;Zhi;155;148416
194190;May;Mahlangu;140;148488
235560;Andreas;Makris;11;150889
260805;Henry;Plazas;61;149809
266517;Igor;Plastun;49;148964
253461;Luke;Cundle;14;153231
253149;Jeremie;Frimpong;34;152729
271528;Abraham;Frimpong;117;149924
272847;Magomed;Paragulgov;165;150278
272556;Martin;Šulek;43;148016
221506;Amine;Oudrhiri Idrissi;18;149771
232225;Janni;Serra;21;151726
271576;José Carlos;Natário Ferreira;38;153053
275217;Christos;Lisgaras;22;147314
275450;Giorgos;Mygas;22;150290
232162;Steven;Ugarković;195;150424
228624;Mohammed Abdu;Khubrani;183;150115
231171;Naif Abdullah;Hazzazi;183;149736
231170;Abdulrahman;Al Shahrani;183;150229
210603;Yasser;Al Shahrani;183;149608
233410;Han Jin;Kweon;167;148141
214839;Roberto;Saldías;55;149884
214863;Alejandro;Delfino;52;148628
218889;Ousman;Mannéh;116;151358
238595;Kevin;Pires-Rodrigues;38;149352
238938;Benjamin;Girth;21;149493
238981;Tobias;Schwede;21;150269
259075;Yan;Couto;54;153269
210249;Frans;Dhia Putros;162;150023
250816;Anis;Mehmeti;1;148691
227594;Jáder;Obrian;56;150696
230070;Jacob;Davenport;14;152016
239575;Gerzino;Nyamsi;18;151311
242333;Eneko;Jauregi Escobar;45;151118
241541;Matias;Tjellaug;36;152021
242270;Nikolas;Spalek;43;151332
211826;Rafael;Czichos;21;148866
256782;Sebastian;Nanasi;46;153251
234284;Cebio;Soukou;99;149738
256674;Julian;Justvan;21;151746
239661;Isaiah;Young;95;151743
253004;Anssumane;Fati;45;153419
192645;Dani;Schahin;21;148557
242138;Mazen;Ibrahim;183;150365
232559;Shuaibu Lalle;Ibrahim;133;151277
215888;Khalfan;Ibrahim;182;148050
190821;Abdisalam;Ibrahim;36;149221
271618;Alexis;Arias;59;150905
214195;Jorge;Arias;56;149810
263396;José Manuel;Arias;45;152302
227549;Ramón;Arias;60;149671
240168;Junior;Arias;60;149965
241009;Manuel;Arias;56;151635
204259;Santiago;Arias;56;149475
241602;Jhon;Arias;56;151553
223249;Gabriel;Arias;55;147892
214094;César;Arias;56;148094
235883;Ryan;Sessegnon;14;152523
239800;Steven;Sessegnon;14;152523
229753;Tsiy-William;Ndenge;21;151453
233866;Odsonne;Édouard;18;151655
239322;Christoph;Zimmermann;21;149840
267864;Bernhard;Zimmermann;4;153161
239508;Yoann;Martelat;18;151305
239034;William;Sery;18;148081
268683;Michael;Folorunsho;27;151692
243478;Enzo;Loiodice;18;152716
221564;Nahuel;Leiva;45;151250
222497;Yerko;Leiva;55;151819
239931;Brian;Leiva;55;151706
234587;Juan;Leiva;55;150143
272889;Gabriel;Leiva;72;150432
222464;Antonio;Sivera;45;151147
261680;Gregorio;Gracia Sánchez;45;153250
206651;Roberto;Torres Morales;45;148443
228209;Siphelele;Ntshangase;140;149959
216232;Gérald;Kilota;18;150195
198196;Pierre-Michel;Lasogga;21;149446
240997;Enrique;Gomez Hermoso;45;152241
272876;Dimitrije;Kamenović;51;152582
214333;Dilan;Zúñiga;55;151131
224230;José Raúl;Zúñiga;56;150387
229835;Víctor;Zúñiga;83;151004
224169;Sebastián;Zúñiga;55;148904
195238;Suhander;Zúñiga;72;151304
232064;Marco;Tumminello;27;151964
263711;Rodrigo;Huescas;83;153741
234893;Giuseppe;Mastinu;27;149379
255349;Joaquin;Sosa;60;153125
236432;Diego;Sosa;52;151498
255773;Nicolás;Sosa;60;151020
255718;Ramón;Sosa;58;152262
226386;Luca;Sosa;52;150355
246033;Santiago;Sosa;52;152142
205409;Sebastián;Sosa;60;147502
243388;Borna;Sosa;10;151675
260569;Eduardo;Sosa;61;151095
205163;Emyr;Huws;50;150101
205887;Cauley;Woodrow;14;150529
207788;Syam;Ben Youssef;145;148457
236300;Samuel;Eduok;133;150224
208166;Davide;Mariani;47;149236
243716;Silvester;van der Water;34;151197
274188;Laurindo Dilson;Maria Aurélio;98;152392
251954;Crysencio;Summerville;34;153053
223876;Hugo André;Rodrigues Seco;38;148170
209458;Denis;Simani;1;149383
212208;Leonel;Galeano;52;149311
240388;Nebiyou;Perry;46;152294
215449;Robert;Skov;13;151069
208302;Alex;Gilbey;14;150536
186172;Gavin;Gunning;25;149123
214971;Francisco;Pizzini;52;150090
230014;Ellis;Iandolo;14;151523
239208;Danny;Newton;14;149174
206635;Nick;DeLeon;95;148930
209039;David;Moberg Karlsson;46;150272
211119;Pedro Miguel;Martins Santos;38;148114
237220;Chris;Odoi-Atsem;95;150705
240552;José;Leitón;72;150046
233241;Saeid;Ezatolahi;161;151198
153244;André-Pierre;Gignac;18;147245
224403;Gabriel;Alanís;52;150268
211090;Dimitar;Evtimov;9;150078
216520;Javier;Güemez;83;149387
229247;Charilaos;Charisis;22;150570
239090;Philipp;Wiesinger;4;150336
239617;Alan;Cervantes;83;151671
240664;Antun;Palić;10;148178
263206;Yentl ;Genechten;7;152615
276813;Alexandr;Belousov;33;151788
210773;Kasper;Skaanes;36;150636
237889;Jack;Keaney;25;152037
258116;Federico;Andueza;60;151434
226811;Franco;Soldano;52;150450
277286;Kian;Best;14;154450
237809;Josh;Bowler;14;152083
258683;Ivan;Ilić;51;152826
265150;Luka;Ilić;51;152202
169996;Eliran;Atar;26;147684
247851;Bruno;Guimarães;54;151609
251003;Ricardo Martins;Guimarães;38;150876
175662;Mehdi ;Rajabzadeh;161;144521
181573;Odil;Akhmedov;191;147965
269470;Joshua;Eijgenraam;34;153164
278109;Ren;Cui;155;148386
279235;Yong Zhe;Cui;155;147644
181849;Peng;Cui;155;147787
227982;Yun Ho;Jang;167;151161
237104;Cheol Yong;Jang;167;150875
227825;Dae Hee;Jang;167;150362
211005;Hyun Soo;Jang;167;149368
226617;Hyun Soo;Jang;167;149829
233457;Ho Ik;Jang;167;150166
237099;Seong Jae;Jang;167;150813
50043;Gyeol-Hee;Jang;167;151748
243665;Christ;Tiéhi;108;151821
200271;Diogo;Ferreira Salomão;38;148259
271517;Aleksandr;Sachivko;6;147276
272570;Peter;Kleščík;43;148263
273113;Saeed;Aghaei;161;150598
235077;Brayan;Riascos;56;150476
204841;Duvier;Riascos;56;147448
204614;Mário;Rui;38;149244
253490;Darlin;Yongwa;103;152650
225051;Ben;Warland;195;151171
232507;Ryotaro;Hironaga;163;148741
180690;Ahmed Ibrahim;Ateef;183;146279
208995;Saeed;Al Dosari;183;149293
278898;Yinong;Tian;155;149146
239816;Nico;Mantl;21;152421
241091;Nico;Mantl;21;152421
245707;Boban;Nikolov;19;150402
241463;Daniel;Raba;45;150860
225120;Rachid;Aït-Atmane;97;149863
241928;Albert;Sambi Lokonga;7;152314
268055;Francisco;de Araújo;54;148024
245155;Mohammed;Kudus;117;152599
240097;Flynn;Downes;14;152039
232648;Liam;Gibson;14;151404
240496;Lewis;Gibson;14;152585
237278;Adonijah;Reid;70;152244
235605;Tyler;Reid;14;151534
179860;Reuben;Reid;14;148209
232693;Chidozie;Awaziem;133;151290
240312;Issouf;Paro;101;150482
236499;Douglas; Luiz;54;151783
242514;František;Plach;43;149530
222492;Leroy;Sané;21;150934
216387;Saliou;Sané;21;149663
171574;Sidi;Sané;21;153591
255233;Tomáš;Suslov;43;153273
252017;Flavius;Daniliuc;4;152867
233413;Diogo;Sousa Verdasca;38;151223
245637;Georginio;Rutter;18;153225
205934;Nicola;Murru;27;150543
220509;Lorenzo;Venuti;27;150660
229857;Stefano;Sensi;27;150775
235195;Titas;Krapikas;30;152022
235215;Giovanni;Crociata;27;151512
241103;Zinho;Vanheusden;7;152229
263021;Samet;Akaydin;48;150265
201908;Andre;Wisdom;14;149957
256675;Omar;Marmoush;111;152057
247229;Raoul;Bellanova;27;152522
252144;Eduardo;Quaresma;38;153176
265187;Felix;Afena-Gyan;117;153499
234254;Mehmet;Yeşil;48;151775
261616;Quentin;Merlin;18;153251
248060;Valentin;Mihăilă;39;152417
222598;Nélson;Macedo Monte;38;150769
213212;Vanja;Marković;51;150364
271038;Zarko;Marković;51;147664
229525;Saša;Marković;51;149169
240757;Luka;Marković;51;152434
212125;Lazar;Marković;51;150254
207815;John Jairo;Ruiz;72;150203
214331;Luis Carlos;Ruiz;56;147644
250881;Sergio;Ruiz;45;150543
244973;Marcel;Ruiz;83;152684
225419;Esteban;Ruiz;56;151485
234814;Jean;Ruiz;18;151750
213582;Alan;Ruiz;52;150059
275253;David;Ruiz;81;153884
239250;Abel;Ruiz;45;152412
220293;Yendrick;Ruiz;72;147738
241024;Matías;Ruiz;52;151176
236794;Jonas;Dakir;13;151397
190682;Yaser;Kasim;162;149227
241613;Kalle;Katz;17;152388
208669;Gino;van Kessel;85;149957
224887;Dom;Telford;14;151263
208812;Malvind;Benning;14;150134
50431;Angelos;Stamatopoulos;22;151402
213933;Linus;Wahlqvist;46;151239
233314;Russell;Canouse;95;150720
237056;Michel;Termanini;46;151782
237307;Henry;Wingo;95;150835
268673;Alessio;Iovine;27;149129
240845;Manvel;Agaronyan;3;151988
236406;Matthias;Hamrol;21;150193
259043;Matisse;Samoise;7;153075
244887;Robbe;Decostere;7;151782
210250;Diego;Riolfo;60;148740
234678;Joakim;Mæhle;13;151429
213106;Rúnar Már;Sigurjónsson;24;148901
246423;Luca;Orellano;52;152466
236657;Filip;Ugrinic;47;152024
237642;Raoul;Petretta;27;151372
217718;Sonni;Nattestad;16;150410
226025;Jakub;Serafin;37;151100
240192;Mathias Eriksen;Ranmark;36;150847
241542;Colin;McCabe;25;151295
205053;Rhys;McCabe;42;149668
260704;Brian;Salvareschi;52;152122
219536;Ignacio;Pussetto;52;150913
230749;Amin;Bukhari;183;151411
241394;Ayoko;Akinola;70;152404
237014;Simeon;Akinola;133;149681
220532;Nikita;Contini;49;151065
244743;Ronaldo;Prieto;83;151351
272322;Daniel;Prieto;59;150819
258137;Sebastián;Prieto;52;149927
217131;Carlos Emanuel;Soares Tavares;104;147019
240031;Eldar;Ćivić;8;151072
211619;Sheldon;Bateau;93;149126
260622;Freddy;Góndola;87;150819
271190;Edin;Sehic;8;150592
215056;Carlos;Carbonero;56;148938
242654;Johan;Carbonero;56;152220
229882;Eduardo Henrique; da Silva;54;150695
207698;Markos;Vellidis;22;147730
240493;Alexandros;Paschalakis;22;148576
275430;Antonis;Kokkalas;22;149509
213093;Jack;Clisby;195;149509
234867;Daniel;Arzani;195;152023
228627;Abdulrahman;Al Obaid;183;149948
235550;Mesfer Abdulah;Al Najrani;183;150326
234057;Hussain;Al Khulaif;183;150927
239564;Jannik;Bruhns;21;152150
242190;Willen;Mota Inácio;54;149472
209425;Abdel Malik;Hsissane;129;149125
241210;Yannis;Clementia;18;151475
242388;Harramiz;Ferreira Soares;135;148947
242139;Torbjørn;Kallevåg;36;149860
208589;Kolja;Pusch;21;149871
253003;Alessandro;Russo;27;152840
245156;Franco;Russo;52;150491
226168;Maximilian;Eggestein;21;151266
234399;Johannes;Eggestein;21;151782
250735;Ignacio;Pallas;60;146180
223960;Isaac;Buckley-Ricketts;14;151727
258946;Matteo;Lovato;27;152429
223293;Afonso;Rebeiro Figueiredo;38;149834
225139;Keagan;Dolly;140;149850
231307;Morgan;Poaty;18;151485
231361;Joris;Gnagnon;108;151302
222636;Grejohn;Kyei;18;150782
240069;Julien;Anziani;18;152193
232545;Nathan;Broadhead;50;151749
254404;Carlos;Roca;53;151420
235945;Marc;Roca;45;151254
234816;Nicolás;Gorosito;52;148231
235754;Borja;Herrera González;45;149836
189573;Iker;Guarrotxena Vallejo;45;149803
203528;Alhassane;Bangoura;118;149552
222466;José Carlos;Ramírez Suárez;45;151054
227990;Josep;Señé Escudero;45;149441
211300;Anthony;Martial;18;150897
267991;Máximo;Perrone;52;153487
215259;Emiliano;Rigoni;52;149863
232284;Mark;Travers;25;152157
215689;Andrea;Petagna;27;150739
226601;Vitor Hugo;Franchescoli Souza;54;149237
246716;Jan;Van den Bergh;7;150468
203654;Luigi;Castaldo;27;145932
206210;Simone Andrea;Ganz;27;150092
252716;Murat;Paluli;48;150414
240736;Xavier;Amaechi;14;152755
243545;José;Fajardo;87;150058
244810;Tobias;Lawal;4;152543
208609;Raheem;Lawal;133;148856
241082;Yusuf;Lawal;133;151736
269860;Eduart;Rroca;1;150037
267831;Bryan;Bentaberry;60;151310
236899;Alexandr;Sobolev;40;151355
240290;João Pedro;Pereira dos Santos;54;149940
255154;Bogdan;Milovanov;49;151763
252937;Yann-Alexandre;Gboho;18;152764
209444;Bruno Andrade;Toledo Nascimento;54;149247
268728;Anass;Salah-Eddine;34;153133
232433;Hichem;Belkaroui;97;148968
211818;Kevin;Möhwald;21;150012
235089;Sei;Muroya;163;150288
257179;Gonçalo;Inácio;38;152987
211299;Kelle;Roos;34;149614
224400;Alexander;Berntsson;46;151013
148210;Evgeniy;Lutsenko;40;147692
167603;Alexandr;Ryazantsev;40;147519
195839;Ammar;Jemal;145;147746
239721;Juan Eduardo;Lescano;52;149765
256373;Birsent;Karagaren;9;149803
223850;Luka;Zarandia;20;150971
233189;Devis;Vásquez;56;151786
214488;Jhonny;Vásquez;56;147840
213604;Iván;Vásquez;55;147131
212457;Omar;Vásquez;56;148594
244349;Johan;Vásquez;83;151949
220826;Larry;Vásquez;56;149359
164515;Jersson;Vásquez;59;147335
226536;Omar;Colley;116;149760
229450;Ebrima;Colley;116;152416
263135;Leonhard;Münst;21;153137
232004;José David;Moya;56;149682
232205;Camilo;Moya;55;151732
242226;Moussa;Kyabou;126;151762
189544;Simen Søraunet;Wangberg;36;149223
202204;Kristoffer;Haraldseid;36;150210
252789;Ruslan;Neshcheret;49;153137
221552;Sivert;Heltne Nilsen;36;149372
259790;Imanol;Machuca;52;152398
213314;Seok Min;Ham;167;150238
233825;Nicolás;Leguizamón;52;150584
251149;Aníbal;Leguizamón;52;149472
237510;José;Leguizamón;58;149332
237470;Dan;Casey;25;151591
241870;Matt;Casey;14;152336
235128;Nicolás;Maná;52;150308
272333;Fawzi;Fayez;190;147831
225073;Jonatan;Álvez;60;148153
244919;Martín;Pascual Castillo;45;152235
273017;Milad;Sarlak;161;150643
214014;Carlos;Lizarazo;56;149213
216015;Néstor;Moiraghi;52;147015
225645;Giorgian;De Arrascaeta;60;150345
210311;Srđan;Spiridonović;4;150114
228312;Robin;Lod;17;149935
209757;Vedran;Janjetović;195;147868
209895;Matt;Acton;195;149617
241201;Pierce;Waring;195;151976
238264;Sang Min;Ahn;167;150696
238265;Joong Geun;Ahn;167;150033
208073;Young Kyu;Ahn;167;148705
217141;Josimar José;Évora Dias;104;147333
223653;Claudio;Jopia;55;149418
223925;Alexander;Brunst;21;150746
256107;Alistair;Johnston;70;151935
258036;Max;Johnston;42;153840
238505;Michael;Johnston;25;152128
237865;Luca;Colville;14;152067
242247;Andrea;Repossi;27;151120
233885;Eray;Cömert;47;151689
239671;José Antonio;Morente;45;151262
212973;Marko;Marić;10;150926
258027;Mirko;Marić;10;150694
226107;Luka;Marić;51;147751
259678;Luka;Marić;4;153315
212958;Kofi;Opare;95;149017
203966;Dennis;Kempe;21;147446
254886;Jasir;Asani;1;150697
208679;Robin;Himmelmann;21;148403
264110;Javier;Llabrés;45;153130
210719;Marc-Oliver;Kempf;21;150586
239091;Lukas;Grgic;4;150787
235253;Patrick;Kammerbauer;21;151331
235790;Kai;Havertz;21;152181
205818;Ryan;Woods;14;150175
238850;Bart;Meijers;34;151299
277295;Oscar;Bobb;36;153673
210213;Giovanni;Korte;34;150041
224970;Jean-Luc;Dompé;18;150782
238743;Haji;Wright;95;151740
214899;Danny;Wright;14;146794
214682;Joe;Wright;50;150615
224915;Scott;Wright;42;151509
208999;Drey;Wright;14;150678
237224;Brian;Wright;70;150640
242423;Callum;Wright;14;152507
263041;Alexander;Prass;4;152896
268047;Luiz;Otávio;54;148259
257868;Santiago;Naveda;83;152856
231236;Mathieu;Cafaro;18;151373
234534;Serge;N'Guessan;108;150405
206585;Kepa;Arrizabalaga;45;150469
209981;Yassine;Bounou;129;149192
231640;Javier;Ontiveros;45;151541
237315;Esmiraldo;Sá Silva;38;151552
252293;Ismail;Jakobs;136;152248
264159;Iker;Benito;45;153337
193468;Loris;Benito;47;149469
225550;Gaspar;Panadero Zamora;45;151632
255580;Giacomo;Quagliata;27;152434
204250;Marcello;Trotta;27;149735
229444;Fernando;De Paul;55;149212
212616;Rodrigo;De Paul;52;150337
211067;Dario;Del Fabro;27;150641
211323;Pol;García Tena;45;150607
235030;Xavier;Quintillà Guasch;45;151570
210619;Jordi;Quintillà Guasch;45;150126
228413;Emil;Audero;27;151307
195096;Fransérgio;Rodrigues Barbosa;54;149023
205347;Massimo;Luongo;195;149731
193555;Michał;Miśkiewicz;37;148387
269420;Leonardo Filipe;Cruz Lelo;38;152474
242527;Stephan;Ambrosius;117;152006
204301;Marc;Rochester Sørensen;13;149810
231330;Roberto;Kakeeto;146;150697
239159;André;Riel;13;148661
217191;Oscar;Threlkeld;14;150239
228216;Oniel;Fisher;82;149423
231992;Kyle;Fisher;95;150363
234260;Andy;Fisher;14;151697
220071;Jerome;Binnom-Williams;14;150624
235664;Mark;McKee;35;151989
207580;Johan;Blomberg;46;147801
204394;Emmanuel;Gyasi;117;150204
216773;Raymond;Gyasi;34;150410
220787;Adnan;Kojić;46;150859
232230;Ronald;Matarrita;72;150383
235519;Ibrahim;Dresevic;219;151313
223457;Ivan;Novoseltsev;40;149334
230055;Niko;Hämäläinen;17;151353
225782;Ainsley;Maitland-Niles;14;151530
204071;Gerard;Badía Cortés;45;148658
226401;Kieran;Dowell;14;151572
220912;Filip;Jagiełło;37;151509
213157;Aleksander;Jagiełło;37;150591
213211;Kamil;Sylwestrzak;37;148199
227562;Lukáš;Haraslín;43;151070
239244;Adrian;Danek;37;150406
210313;Thomas;Murg;4;150511
233259;Diego;Pineda;83;150656
225433;Carlos;Pineda;81;151555
224574;Orbelín;Pineda;83;151007
214069;Jean Paul;Pineda;55;148422
224167;Luis;Pineda;83;149825
252929;Borja;Sainz;45;152782
263745;Christian;Witzig;47;152759
227155;Juan;Campo;56;149976
234688;Samuele;Campo;47;150745
256421;Alan;Forrest;42;151175
241085;Lino;Tempelmann;21;152052
224418;Samúel Kári;Friðjónsson;24;150976
220922;Hólmbert;Friðjónsson;24;149937
237814;Nikita;Baranov;208;149694
258289;Juan;Sforza;52;153160
237926;John;Mahon;25;152349
240211;Gaspar;Gentile;52;150605
250724;Nathan;N'Goumou;18;152458
182045;Hao;Rong;155;147733
247076;Christian;Oliva;60;151076
240092;Elvin;Oliva;81;151586
225145;Ramahlwe;Mphahlele;140;148764
256620;Liam;Gibbs;14;153465
273061;Marian;Pleaşcă;39;148769
273125;Masoud;Homami;161;146296
254225;Anderson;de Oliveira da Silva;54;151851
206429;Yevgen;Selin;49;148131
248821;Shaquil;Delos;18;152186
241736;Yann Aurel;Bisseck;21;152718
241925;Chris;Führich;21;151663
50024;Nikolaos;Tsoukalos;22;149545
50034;Manolis;Patralis;22;151326
211177;Arnór Ingvi;Traustason;24;149948
239272;Vasilis;Barkas;22;150314
221664;Wilder;Cartagena;59;150459
175425;Abdul;Mamah;144;147142
185378;Mihkel;Aksalu;208;146852
236956;Joe;Abrigo;55;150639
225075;Julian;Günther-Schmidt;21;150449
238489;Tim;Boss;21;150007
242197;Marokhy;Ndione;46;152327
230793;Álvaro;Traver Navarrete;45;149919
235972;Jannick;Buyla;118;151933
237850;Cristián;Echavarría;56;151450
225337;David;Sambissa;115;150934
189490;Mirko;Boland;21;147749
192559;Gerrit;Nauber;21;149566
205892;Borys;Tashchy;49;150035
211746;Rico;Benatelli;21;149539
266663;Julián;Romero;52;153751
272276;Ángel Elías;Romero;59;148953
241067;Aristóteles;Romero;61;150849
259606;Diego;Romero;59;152979
227528;Braian;Romero;52;149263
214185;Sergio;Romero;56;148328
259899;Juan Pablo;Romero;52;151807
220332;Ángel;Romero;58;149648
226376;Alejandro;Romero;58;150569
258467;Luka;Romero;52;154168
214781;Silvio;Romero;52;148205
227903;Maximiliano;Romero;52;152028
260918;Tomás;Romero;76;152738
239993;Abraham;Romero;83;151703
260814;Kenny;Romero;61;150712
260404;Zaid;Romero;52;152368
232488;Cristian;Romero;52;151771
218894;Santiago;Romero;60;148778
247081;Nazareno;Romero;52;152441
220334;Óscar;Romero;58;149648
215119;Lucas;Romero;52;150301
251773;Luis;Romero;61;149052
246183;Tomáš;Wiesner;12;151487
239481;Vincent;Michl;21;152088
258758;Theo;Corbeanu;70;153252
229379;Luca;de la Torre;95;151797
221919;Arber;Zeneli;219;150614
239347;Diego;Snepvangers;34;151808
251617;Armin;Gigović;46;153211
207709;Fernando;Marçal de Oliveira;54;148417
215908;Homam;Ahmed;182;152256
272302;Ismaeel;Ahmed;190;146363
272604;Ali;Ahmed;70;152668
235552;Ernest;Seka;118;147809
211358;Julien;Fabri;18;150229
258455;Alejandro;Cabrera;52;149736
224317;Javier;Cabrera;60;149540
221619;Víctor;Cabrera;52;149866
213113;Matías;Cabrera;60;147407
221480;Yesus;Cabrera;56;148990
213822;Luis;Cabrera;55;150200
265544;Théo;Le Bris;18;153389
235662;Abdul;Mumin;117;151811
279008;Luc;De Fougerolles;70;154496
216836;Álvaro;Peña Herrero;45;149394
242637;Cory;Galvin;25;150933
232289;José Antonio;Malagón Rubio;45;148150
264746;Harry;Leonard;14;153735
230817;José;Machín;112;151150
235328;Andrea;Beghetto;27;150477
191687;Maicon;Pereira Roque;54;148259
275512;Guilherme;dos Santos;54;150661
274600;Jaílson;dos Santos;54;145646
255475;Antony Matheus;dos Santos;54;152439
273522;Warian;dos Santos;54;151089
265602;Luiz;dos Santos;54;150080
268048;Andrevaldo;dos Santos;54;149503
268250;Alex;dos Santos;54;151235
268080;Lincoln;dos Santos;54;152735
266866;Éderson José;dos Santos;54;152207
265603;Rodrigo;dos Santos;54;150114
209026;Renê;dos Santos;54;148626
268052;Richardson;dos Santos;54;149326
273356;Gabriel Félix;dos Santos;54;150652
222709;Petros;dos Santos;54;148516
247187;José Francisco;dos Santos;54;152154
271191;Allyson;dos Santos;54;149028
268235;Felipe Rodrigues;dos Santos;54;150862
219164;Yago;dos Santos;54;150746
228552;Edison Luiz;dos Santos;54;147249
219480;Marinaldo;dos Santos;54;148865
224537;Iago Azevedo;dos Santos;54;149605
268207;Patrick;dos Santos;54;151958
273501;Matheus Alessandro;dos Santos;54;151115
233193;Lucas;dos Santos;54;151430
268204;Lucas;dos Santos;54;150221
268291;Hugo;dos Santos;54;150635
187789;Rubenilson;dos Santos;54;147902
188000;Sandro Manoel;dos Santos;54;148206
203477;Aderbar;dos Santos;54;148808
159295;Vinícius Pacheco;dos Santos;54;147156
180404;Fabrício;dos Santos;54;147647
212516;John;Souttar;42;151192
229901;Harry;Souttar;195;151949
191081;Osama;Akharraz;13;149062
239458;Bozhidar;Kraev;9;151463
254048;Facundo;Waller;60;151388
187782;Seámus;Conneely;25;148192
215700;Luke;O'Nien;14;150518
238991;Steven;Yawson;14;152262
256980;Matteo;Di Giusto;47;152615
208894;Filip;Bednarek;37;149732
220570;Jan;Bednarek;37;151026
192098;Nosakhare;Igiebor;133;149045
240578;Pavel;Ovchinnikov;40;151737
208630;Dominik;Furman;37;149650
230976;Aleksandar;Kovačević;51;149471
239568;Adnan;Kovačević;8;150080
239633;Florian;Schikowski;37;151815
208097;Mario;Tičinović;10;149329
219581;Samuel;Gigot;18;150113
219728;Edgar Antonio;Méndez Ortega;45;148734
223672;Philipp;Malicsek;4;151443
271530;Nemanja;Milić;51;148877
257945;Stefan;Milić;15;152572
226518;Antonio;Milić;10;150262
262621;Giorgi;Mamardashvili;20;152657
245632;Miguel Ángel;Morro Muñoz;45;152639
219522;Jeremías;Ledesma;52;149872
225858;Marcos;Ledesma;52;151182
248191;Juan Camilo;Portilla;56;151909
190441;Victor Demba;Bindia;136;148585
198702;Kristoffer;Barmen;36;150059
206530;Marius;Høibråten;36;150581
208297;Kent-Are;Antonsen;36;150601
209264;Bård;Finne;36;150602
215400;Håkon;Lorentzen;36;151503
239125;Erik;Botheim;36;152394
206420;Grant-Leon;Ranos;3;153681
262233;Drew;Skundrich;95;150818
264211;Sem;Westerveld;45;153314
181017;Carlos Roberto;da Cruz Júnior;54;147290
278505;Xin;Tang;155;149021
235221;Shi;Tang;155;150582
278900;Jiashu;Tang;155;148997
279145;Miao;Tang;155;149021
234701;Maycon;de Andrade;54;151485
275612;Alan Cardoso;de Andrade;54;151659
231943;Richarlison;de Andrade;54;151419
183452;Kayke;de Andrade;54;148093
236547;Jan;Sýkora;12;150191
277923;Volodymyr;Adamyuk;49;149295
278164;Hong;Gui;155;150576
214533;Juan;Villota;56;149511
241388;Dennis;Smarsch;21;152033
50086;Vasilios;Fasidis;22;151097
225759;Bruce;Kamau;195;150645
209041;Yahya;Al Musallam;183;147278
189357;Cristopher;Toselli;55;148168
228199;Holicharan;Narzary;159;150323
202091;Vander Luiz;Silva Souza;54;148839
240320;Gustavo;Gotti;52;150121
225654;Julius;Düker;21;150927
244634;Simon;Sohm;47;152851
238686;Pascal;Sohm;21;149403
239417;Marcel;Gebers;21;147427
211900;Alexander;Winkler;21;149488
240480;Furkan;Yiğit;48;150725
205214;Zlatko;Tripić;36;149799
241522;Jonas;Wind;13;152057
241695;Jonathan;Amon;95;152113
234497;Harry;Clifton;50;151817
235424;Diadie;Samassékou;126;150934
241924;Wilhelm;Vorsager;4;151469
230904;Carlos Eduardo;Ferreira de Souza;54;151207
204776;Toni;Leistner;21;148963
206003;Yvon;Mvogo;47;150350
211899;Florian;Niederlechner;21;149029
227375;Jonathan;Palacios;56;149381
254585;Julián;Palacios;52;152054
261015;Tiago;Palacios;60;152837
254449;Byron;Palacios;57;150609
240101;Erick;Palacios;56;151179
245065;Diego;Palacios;57;152212
241110;Jhon Jairo;Palacios;56;150695
214509;Nicolás;Palacios;56;149504
226737;Jeison;Palacios;56;150272
229872;Arnol;Palacios;56;149622
221582;Jair;Palacios;56;148913
214250;Manuel;Palacios;56;149872
236274;Cristian;Palacios;60;148977
231521;Exequiel;Palacios;52;151932
212715;Sebastián;Palacios;52;149482
218981;Helibelton;Palacios;56;149990
219852;Alex;Ferrari;27;150375
224808;Gian Marco;Ferrari;27;149598
245439;Gianluca;Ferrari;52;151470
236533;Robert;Glatzel;21;150201
239480;Sascha;Härtel;21;152087
240027;Albion;Vrenezi;219;150105
269136;Kobbie;Mainoo;14;154320
211373;Nasiru;Mohammed;117;150350
252868;Aziz Ouattara;Mohammed;108;152823
240381;Zehn;Mohammed;14;152443
224002;Naif Mousa;Mohammed;183;147596
236367;Kadiri;Mohammed;117;150990
213874;Thiago Henrique;Mendes Ribeiro;54;149537
236540;Samuel;Adrian;46;151715
230727;Gautier;Larsonneur;18;151343
237368;Bryan;Passi;18;151506
245751;Hassan;Al Tombakti;183;152059
240423;Álvaro;Giménez Candela;45;149236
193891;Borja;Viguera Manzanares;45;147721
220637;Moisés;Delgado López;45;150301
274722;Giorgi;Gocholeishvili;20;152795
260823;Nicolò;Fagioli;27;152793
243862;James;Igbekeme;133;150743
172418;İlhan;Parlak;48;147654
262480;Rareș;Ilie;39;153589
250961;Joshua;Zirkzee;34;152892
208461;Marten;de Roon;34;149185
219594;Andrea;Barberis;27;150173
233782;Jurgen;Ekkelenkamp;34;152480
210937;Davide;Luppi;27;148932
229041;Mehdi;Tahrat;97;148756
222391;Joseph;Minala;103;151160
254267;Bartosz;Białek;37;153065
239320;Rody;de Boer;34;151523
257162;Fabiano Josué;de Souza Silva;54;152458
234457;Oghenekaro;Etebo;133;150871
251570;Rayan;Cherki;18;153709
210644;Emiliano;Marcondes;13;150626
236353;William;Tchuameni;103;151283
272651;Tom;Cannon;25;153477
237000;Reggie;Cannon;95;151816
224361;Andy;Cannon;14;150997
226679;Ashley;Hunter;14;150830
230148;Willem;Tomlinson;14;151681
259240;Adam;Wharton;14;153882
231540;Scott;Wharton;14;151565
224244;Sebastián;Fassi;83;149967
217648;Genki;Haraguchi;163;149226
210158;Andy;Kellett;14;150142
174382;Sunday;Stephan Obayan;133;148262
203056;Jernade;Meade;14;149761
215487;Gustav;Engvall;46;151043
246951;Marvin;Loría;72;151403
223058;Daler;Kuzyaev;40;149843
251438;Nuno Miguel;Valente Santos;38;152080
197366;Bilel;Ifa;145;148800
274115;Ángel;Tejeda;81;149249
216810;Yeltsin;Tejeda;72;149539
204131;Kevin;Escamilla;83;150245
262942;Leon;Kreković;10;152512
230829;Alan;Mozo;83;151384
234650;Marcel;Holzmann;4;148978
239712;Masaya;Okugawa;163;151028
251464;Ignace;Van der Brempt;7;153206
216114;Ivan;Näsberg;36;151036
238227;Krépin;Diatta;136;152075
207995;Ger;Pender;25;150335
165932;Derek;Pender;25;146816
210388;Craig;Roddan;14;149940
263436;Guillermo;Balzi;52;152954
222542;Manolis;Saliakas;22;151179
211272;Claudio;Corvalán;52;148449
212214;Augusto;Solari;52;149465
273711;Santiago;Solari;52;151673
256509;Pablo;Solari;52;152831
215020;Juan Ignacio;Cavallaro;52;150372
254694;Francisco;Ginella;60;152040
185363;Egor;Filipenko;6;148102
194917;Maksim;Zhavnerchik;6;146946
203705;Mitja;Viler;44;147515
204835;Nikos;Englezou;11;150020
206124;Willard;Katsande;148;147286
215720;Marko;Vešović;15;149337
220544;Jaime;Arrascaita;53;150073
221833;Natanael;Batista Pimenta;54;149091
50228;Giorgos;Daviotis;22;151834
271970;Hernán;Novick;60;148349
250864;Marcel;Novick;60;146459
226210;Gustavo;Ferrareis;54;150925
265605;Gustavo;Ferrareis;54;150925
272088;Farshid;Esmaeili;161;150247
275093;Elvin;Jamalov;5;150593
220685;Leonardo B.;Lohner Maia;54;150280
236316;Yan;Valery;18;152072
261370;Jeremy;van Mullem;34;152096
175895;Vadis;Odjidja-Ofoe;7;148419
210323;Valentinos;Vlachos;22;149507
236342;Nikola;Mileusnic;195;150026
212385;Anthony;Syhre;21;150635
241048;Jasse;Tuominen;17;150874
217610;Mamadu;Candé;119;148973
241556;Diego;Zipa;56;151754
242040;Olaus Jair;Skarsem;36;151837
225545;Kianz;Froese;70;151030
256948;Christos;Tzolis;22;153145
251751;Saad;Agouzoul;129;151511
223750;Daniel;Steininger;21;150661
230984;Federico;Gino;60;149885
248073;Ștefan;Târnovanu;39;152514
238131;Henri;Weigelt;21;151671
205603;Mike;van Duinen;34;149407
210384;Ridgeciano;Haps;92;149991
228747;Oussama;Idrissi;129;150980
228352;Edmilson Junior;Da Silva;54;150424
270547;Clayson;Da Silva;54;150636
237396;Pierre;Da Silva;95;151863
262535;Bruno;Da Silva;54;152472
271060;Lucas Fernandes;Da Silva;54;151552
222414;José Welison;Da Silva;54;150628
204894;Leandro;Da Silva;54;148267
270534;Everton Felipe;Da Silva;54;151468
235688;Lucas Veríssimo;Da Silva;54;150741
259806;Florent;Da Silva;18;153572
275515;Thiago;Da Silva;54;151087
268290;Caique;Da Silva;54;151819
213527;Patrick;Da Silva;13;150489
152814;Deivson Rogério;Da Silva;54;146915
181412;Jonas Jessue;Da Silva;54;147677
204332;Jordan;Teze;34;152292
234333;Myziane;Maolida;18;152064
240802;Jan;Repas;44;151367
236927;Thomas;Basila;18;152139
236696;Anastasios;Chatzigiovannis;22;151440
224444;Haris;Belkebla;97;150221
234971;Mathieu;Chemin;18;147381
236852;Jonathan;Garay;56;149830
254702;Ricardo;Garay;58;151355
235998;Iker;Losada;45;152963
188271;Floyd;Ayité;144;148351
209960;Fernando;Pacheco;45;149601
255854;Jon;Pacheco;45;152758
229445;Guillermo;Pacheco;55;148467
224995;Walmer;Pacheco;56;150574
176955;Henrique;Pacheco;54;147042
221165;Carlos;Calderón López;45;150662
237086;Kim;Min-jae;167;151243
220604;Jaume;Doménech;45;149041
225009;Borja;Fernández Fernández;45;150786
252135;Daniel;Fernández Fernández;45;151409
254130;Luis;Mago;61;150451
190542;Pedro Antonio;Sánchez Moñino;45;147617
205187;Antonio;Sillero Cabrera;45;150065
216568;Mario;Barco Vilar;45;149820
223819;Juan del Carmen;Cámara Mesa;45;150237
255533;Youssouf;Ndayishimiye;102;151954
234291;Leo;Väisänen;17;151493
224436;Sauli;Väisänen;17;150349
205671;Ignacio;Lores Varela;60;149213
222488;Nicolò;Fazzi;27;150619
224123;Davide;Agazzi;27;149981
232106;Jordan;Lawrence-Gabriel;14;151922
266379;Patricio;Boolsen;52;151682
189105;Volkan;Şen;48;147824
216479;Armando;Sadiku;1;149244
207805;Loret;Sadiku;219;149306
270518;Enzo;Tchato;103;153442
207733;Filipe Augusto;Carvalho Souza;54;150052
209889;Raphaël;Guerreiro;38;150184
212830;Awer;Mabil;195;150816
256261;Malick;Thiaw;21;152970
228414;Matheus Fellipe;Costa Pereira;54;151049
251450;Henrique;Martins Gomes;38;150892
225153;John;Santander;55;150328
215668;Rasmus;Festersen;13;147509
242086;Matthew;Sutton;195;152451
225498;Levi;Sutton;14;151372
253153;Sam;Sutton;198;153094
215639;Robert;Kenedy;54;150962
238550;Rowan;Roache;25;152424
236702;Reagan;Ogle;195;152107
213975;Gustav;Jarl;46;150706
207669;Ethan;Finlay;95;148950
237407;Chris;Durkin;95;152423
199908;Felicio;Brown Forbes;72;149337
237611;Vladimir;Ilyin;40;150333
237826;Ilya;Zhigulev;40;150955
240852;Danila;Buranov;40;150965
223113;Krzysztof;Piątek;37;150740
235125;Joaquín;Esquivel;83;151661
254587;Matías;Esquivel;52;152100
259787;Lucas;Esquivel;52;153037
179811;Brecht;Capon;7;148114
184136;Orlando Carlos;Braga de Sá;38;148148
247249;Joël;Piroe;34;152233
266420;Sebastián Pérez;Bouquet;83;153653
239498;Bryan;Henning;21;150636
259036;Viktor;Kornienko;49;152064
262083;Agustín;Martegani;52;152525
259209;Mateo;Bajamich;52;152234
261011;Ignacio;Schor;52;152601
241530;Dylan;Glaby;52;151021
50009;Arash;Borhani;161;146432
257264;Oscar;Vilhelmsson;46;153755
206411;Denys;Garmash;49;148841
208387;Harlem-Eddy;Gnohéré;18;148053
220744;Valeriy;Fedorchuk;49;148280
271054;Léandre Gaël;Tawamba Kana;103;148721
271453;Milan;Kvocera;43;151655
271460;Erik;Prekop;43;151935
255505;Dimitar;Velkovski;9;150580
271652;Darko;Velkovski;19;150730
268866;Yahya;Attiat-Allah;129;150619
278110;Exmetjan;Ekber;155;149845
219555;Juan José;Mezú;56;148597
273503;Marcos;Calazans;54;151089
222781;Kyriakos;Savvidis;22;150729
275036;Eduardo;dos Santos Lima;54;148440
275437;Dimitrios;Kasotakis;22;151188
210492;Abdulaziz;Al Jebreen;183;148841
239126;Mohammed;Al Baqawi;183;150751
240531;Moataz;Al Baqawi;183;151658
245151;Felix;Crisanto;81;148984
219295;Wilmer;Crisanto;81;148542
229534;Eryin;Sanhueza;55;150952
231624;Fabian;Schleusener;21;149394
239567;Jan;Löhmannsröben;21;149208
239697;Sebastian;Gessl;4;151105
275123;Michael;Siroshten;26;148482
178614;Fernando Lopes;D. Santo Varela;104;147966
234261;Matthew;Platt;14;151565
239922;Rui Pedro;Silva Costa;38;150974
228847;Christopher;Lindquist;36;150861
206200;Dean;Clarke;25;149916
242908;Jack;Clarke;14;152712
245729;Harrison;Clarke;14;152811
231926;Trevor;Clarke;25;151739
221600;Matthew;Clarke;14;151189
219436;Josh;Clarke;14;150379
229126;James;Clarke;14;148688
193608;Ollie;Clarke;14;149643
169449;Kjartan;Finnbogason;24;147461
205085;Wilson;Kamavuaka;110;148820
209766;Mirco;Born;21;150372
210237;Thomas;Pledl;21;150336
214096;Tim;Kleindienst;21;150801
216408;Lukas;Spalvis;30;150401
237602;Moise;Ngwisani;21;151682
240709;Ridle;Baku;21;151752
239493;Makana;Baku;21;151752
243244;Hüseyin;Türkmen;48;151655
211327;Mauro;Goicoechea;60;148088
235799;Abdoulaye;Sissako;18;151800
240730;Kevin;Zohi;126;151277
258371;Josep María;Chavarría;45;151754
220876;Franck;Honorat;18;151147
236496;Mattéo;Guendouzi;18;152123
216267;Andrew;Robertson;42;150263
244938;Javier;Montero;45;152033
229541;Álvaro;Montero;56;150646
190919;Fredy;Montero;56;147843
225018;Florin;Andone;39;149929
277643;Lamine;Yamal;45;154770
241055;Diego;Pampín;45;152459
203399;Ouasim;Bouy;129;149990
206035;Eddy Silvestre;Pascual Israfilov;5;149677
247474;Chase;Gasper;95;151100
253054;Hayden;Hackney;14;153292
246236;Ezequiel;Centurión;52;151429
211267;Ricardo;Centurión;52;149847
251200;Víctor;Centurión;58;147326
211354;Marco;Benassi;27;150444
235835;Alessandro;Confente;27;151812
192853;Mirko;Carretta;27;149059
201883;Alejandro;Rodríguez de Miguel;45;149308
216078;Filip;Raičević;15;150011
239478;Ivan;Marconi;27;148665
268071;Lucas Marques;de Oliveira;54;150702
219847;Hyuri;de Oliveira;54;149366
220655;Wanderson;de Oliveira;54;150470
268012;Gabriel Dias;de Oliveira;54;150323
273601;Brenner;de Oliveira;54;150253
209950;José;de Oliveira;54;149090
206468;William;de Oliveira;54;150185
180228;David Braz;de Oliveira;54;147777
192165;Paulo José;de Oliveira;54;147370
258725;Atakan;Çankaya;48;151830
226442;Halil İbrahim;Pehlivan;48;150061
239950;Pedro Filipe;Rodrigues;38;151429
210212;Garry;Rodrigues;104;149063
268101;Marlon;Rodrigues;54;151429
238079;Bruno;Rodrigues;54;151355
246929;Gerson;Rodrigues;31;150729
209515;Renê;Rodrigues;54;149720
209289;Kevin;Rodrigues;38;150257
268013;Thiago;Rodrigues;54;148295
165804;Élton;Rodrigues;54;147119
180943;Ernando;Rodrigues;54;148109
138708;Jadson;Rodrigues;54;146453
244472;Jens-Lys;Cajuste;46;152241
240020;Ricardo Luís;Chaby Mangas;38;151732
252573;Aleksa;Terzić;51;152248
212722;DeAndre;Yedlin;95;150018
213815;Mikael;Uhre;13;150466
190031;Dane;Massey;25;148109
199498;Gavin;Massey;14;149740
226356;Mohamed;Farès;97;150969
208944;Nathaniel;Knight-Percival;14;147726
246873;Liam;Kitching;14;152287
222532;Mark;Kitching;14;150805
263672;Elias;Achouri;145;152060
204499;Ryan;Inniss;14;150714
229488;Fernando;Madrigal;83;149413
238610;Warren;Madrigal;72;154051
224097;Tyler;Denton;14;150807
221443;Samuel;Mensiro;117;148445
227418;Jesper;Manns;46;150775
258781;Illya;Zabarnyi;49;153359
271002;Saša;Ivković;51;149961
237305;Logan;Ketterer;95;150141
255409;Róbert;Boženík;43;152341
268859;Djordje;Ivanović;51;150882
190528;Janusz;Gol;37;147221
242954;Niko;Kirwan;198;150805
194059;Michał;Chrapek;37;149556
208631;Filip;Starzyński;37;149244
245461;Facundo;Colidio;52;152388
224510;Walter;Bou;52;150065
215103;Édson;Puch;55;147518
215892;Uroš;Spajić;51;149872
242318;Anwar;Elyounoussi;36;152107
208164;Jérémy;Manière;47;149304
232593;Musashi;Suzuki;163;150235
233055;Daisuke;Suzuki;163;148761
236717;Erik Tobias;Sandberg;36;152442
208111;Simon;Sandberg;46;150277
242958;Paul;Jaeckel;21;151857
205630;Luciano;Abecasis;52;148887
215155;Fernando;Zuqui;52;149428
213302;Ismael;Tajouri-Shradi;123;150280
266596;Jacopo;Fazzini;27;153555
263785;Ruan;Tressoldi Netto;54;152177
221610;Dénes;Dibusz;23;149052
233238;Stas;Pokatilov;165;149805
265458;Anton;Chichkan;6;150749
273330;Renato;Margaça;11;147104
247077;Amir;Saipi;47;152574
275550;Raphael;Veiga;54;150728
258729;Gabriel;Veiga;45;153262
208227;Thodoris;Vasilakakis;22;148203
275456;Dimitrios;Chandakias;22;150562
239845;Konstantinos;Galanopoulos;22;151651
203024;Isaías;Sánchez Cortes;45;147676
233168;Daisuke;Kikuchi;163;149199
219344;Abdo;Al Basisi;183;144329
221498;Hamad;Al Mansour;183;149967
210194;Abdulaziz;Al Mansour;183;148969
240485;Abdullatif;Al Enazi;183;150567
235655;Muhanna;Al Enazi;183;146497
231146;Waleed;Al Enazi;183;151111
272672;Besar;Iseni;19;151307
214404;Valber;Huerta;55;150066
246289;César;Huerta;83;152722
203817;Florian;Neuhold;4;150015
211974;Kevin;Freiberger;21;148322
216297;Ahmed Waseem;Razeek;185;150455
238786;Ole;Käuper;21;151298
231364;Jonathan;Mexique;18;150627
241818;Lucas;Buades;18;151651
230836;Erlend;Dahl Reitan;36;151543
212260;Hwang;Ui-Jo;167;149703
246186;Arthur; Cabral;54;151769
212158;Osayamen;Osawe;133;150074
222357;Breel;Embolo;47;151334
256780;Márton;Dárdai;23;153158
238271;Pál;Dárdai;23;152133
231167;Rodrigo;Saracho;52;150199
237892;Ralf;Seuntjens;34;148474
204684;Mats;Seuntjens;34;149570
211033;Luis Manuel;García;83;149828
257705;Uziel;García;83;152849
264229;Diego;García;45;152493
211022;Rubén;García;45;150023
227377;John;García;56;148522
214091;Gilberto;García;56;147663
260708;Martín;García;52;151891
260425;Ángel;García;83;152629
259664;Raziel;García;59;150239
228813;Aleix;García;45;151468
255092;Marco;García;83;152401
231668;Félix;García;56;146514
240109;Edson;García;83;151714
216302;Emmanuel;García;83;144686
259169;Ricardo;García;83;152414
259171;Felipe;García;83;152108
235675;Mateo;García;52;151177
239628;Andy;García;83;150771
235999;Luís;García;56;151733
240963;Juan Manuel;García;52;149781
217085;Víctor;García;61;150355
216194;Daniel;García;45;148853
221435;José Alberto;García;83;150611
246606;Francisco;García;45;152245
253416;Raúl;García;45;152692
240286;Joel;García;83;151756
228142;Santiago;García;56;150565
260721;Emiliano;García;83;153809
257511;Amaury;García;83;153103
252362;Matías;García;52;149392
229153;Levi;García;93;151613
259532;Joan;García;45;152874
245037;Eric;García;45;152759
240106;Epifanio;García;58;149646
244615;Brian Alberto;García;83;151563
216447;Álvaro;García;45;149763
230119;Luis;García;55;150963
196948;Boniek;García;81;146788
202824;Luis Arcadio;García;83;149912
194761;Borja;García;45;149038
240166;Nemanja;Mihajlović;51;150942
231207;Jhon;Lucumí;56;151831
242997;Linton;Maina;21;152193
229195;Lorenzo;Callegari;18;151712
219604;Moussa;Sao;18;148657
228759;Kenji-Van;Boto;124;150990
199416;Ibai;Gómez Pérez;45;148682
205705;Zouhair;Feddal;129;148724
215568;José Manuel;García Naranjo;45;150402
248165;Andrei;Rațiu;39;151825
220355;Alexander;Alegría Moreno;45;149746
257540;Ansgar;Knauff;21;153125
204234;Edgar;Badía;45;149505
255532;Isaac;Nuhu;117;153023
224294;Lewis;Cook;14;151323
225033;Malik;Sellouki;18;152465
219953;Adrián;Embarba;45;149590
251191;Jim;Allevinah;115;150616
215502;Bartłomiej;Drągowski;37;151520
229092;Aminu;Umar;133;150623
259848;Jon;Aramburu;61;153319
222959;Stefano;Moreo;27;150009
232059;Juan Muriel;Orlando;52;148444
235126;Francesco;Orlando;27;151198
236046;Ivan;Zlobin;40;151355
258210;Nicolás;Marichal;60;152826
231383;Yavuz;Aygün;48;151102
241391;Kadir Kaan;Özdemir;48;151714
234453;Cem;Özdemir;48;149671
223767;Özgür;Özdemir;48;150568
248854;Berat;Özdemir;48;151797
270565;Orkun;Özdemir;48;150671
264286;Yusuf;Özdemir;48;152760
206254;Miroslav;Stevanović;8;148942
275690;Nemanja;Stevanović;51;149591
197925;Alen;Stevanović;51;149104
212442;José Pedro;Malheiro de Sá;38;149845
233419;Raphael;Dias Belloli;54;151272
159096;Sölvi;Ottesen;24;146589
240019;Nikolai;Baden Frederiksen;13;152523
235642;Ryan;Yates;14;151614
226507;Jerry;Yates;14;151238
264309;Arda;Güler;48;154267
263020;Semih;Güler;48;150527
229676;Brandon;Haunstrup;14;151223
235496;Oliver;Rathbone;14;151207
213677;Ben;Killip;14;150886
253288;Hugo;Magallanes;60;151527
223282;Alliou;Dembele;18;148033
244277;Kelland;Watts;14;152326
222027;Jared;Watts;95;149495
236364;Dylan;Watts;25;151390
247361;Brenden;Aaronson;95;152680
260523;Paxten;Aaronson;95;153718
222368;Anton;Miranchuk;40;150848
214092;Alexey;Miranchuk;40;150848
152961;Mariusz;Pawelec;37;147375
234886;Milan;Dimun;43;151186
201438;Hannes;Van Der Bruggen;7;149919
203853;Maximilian;Sax;4;149789
210831;Birger;Verstraete;7;150299
237333;Louis;Verstraete;7;152143
215036;Fernando;Cornejo;55;150918
213591;Juan;Cornejo;55;149002
219285;Brayan;Beckeles;81;147238
224271;Thomas;Goiginger;4;149902
235222;Siebe;Horemans;7;151807
234912;Joël;Geissmann;47;149890
213509;Lucas;Alves de Araujo;54;149666
235575;Faissal;El Bakhtaoui;18;149775
214679;Henrik;Gjesdal;36;150028
235223;Justin;Shaibu;13;151590
210914;Federico;Rosso;52;147818
253262;Jean;Rosso;60;151386
261144;Ivan;Nevistić;10;151866
257920;Casper;Tengstedt;13;152537
193056;Rangelo;Janga;34;149569
195861;Yaroslav;Rakitskyi;49;148582
207753;Ban Suk;Oh;167;148142
248712;Hyeon-Gyu;Oh;167;152852
228130;Seung Hoon;Oh;167;148183
216406;Kwang Jin;Oh;167;147791
165908;Beom Seok;Oh;167;146751
279570;Zhengyu;Huang;155;151313
217157;Xiyang;Huang;155;147071
181971;Bowen;Huang;155;147830
205295;El Arbi Hillal;Soudani;97;147965
205857;Eric;Mathoho;140;148792
212094;Edward;Zenteno;53;146880
215092;Mauricio;Zenteno;55;146652
213420;Bauyrzhan;Islamkhan;165;149882
260734;Conrad;Wallem;36;152545
263227;Williot;Swedberg;46;153877
253147;Toni;Datković;10;150138
221985;Niko;Datković;10;149939
273027;Abdulrahman;Al Korbi;182;150423
273126;Shahin;Saghebi;161;150065
275822;Oleg;Chuvaev;49;147934
279483;Kakhi;Makharadze;20;147929
235095;Enrique;Serje;56;150933
189502;Maikon Fernando;Souza Leite;54;148217
244006;Lucas;Henrique da Silva;54;150594
218614;Clésio;Baúque;130;150477
222780;Vasilis;Aggelopoulos;22;151332
232382;Toshiyuki;Takagi;163;149242
191255;Sultan Khalef;Al Beshi;183;148760
210786;Sultan Ali;Al Sawadi;183;149811
206419;Hovhannes;Hambardzumyan;3;149009
265666;Matías;Ormazabal;55;151918
225636;Lukas;Boeder;21;151397
238975;Marius;Sowislo;21;146128
242079;Kristijan;Bistrovic;10;151753
242272;Marios;Ogboe;22;150476
242274;Matteo;Della Morte;27;152293
210822;Douglas;Justino de Melo;54;150274
239961;Juan Esteban;Moreno;56;152209
210113;Gerardo;Moreno;83;150161
227515;Diego;Moreno;56;150981
235467;Marcelino;Moreno;52;150734
205566;Alberto;Moreno;45;149649
245055;Aníbal;Moreno;52;152152
214343;Didier;Moreno;56;149355
243157;Iván;Moreno;83;151671
217036;Alexandre;Moreno;45;149987
208093;Gerard;Moreno;45;149560
260565;Marcelo;Moreno;61;150439
229491;Alan;Moreno;55;150861
245359;Carlos;Moreno;83;151683
260401;Carlos;Moreno;61;149216
242337;Daniel;Moreno;56;151051
212416;Amando;Moreno;95;150811
225435;José Luis;Moreno;56;151219
247933;Santiago;Moreno;56;152496
240982;Júnior;Moreno;61;150029
225811;Marlos;Moreno;56;151187
221737;Yairo;Moreno;56;150652
187075;Dayro;Moreno;56;147165
229071;Karim;Onisiwo;4;149539
231745;Landry;Dimata;7;151533
240218;Alexander;Weidinger;21;151458
223814;Damon;Mirani;34;151057
212040;Ulrik Yttergård;Jenssen;36;151122
219814;Sean;Klaiber;92;150405
225542;Charlie;Colkett;14;151171
213094;Storm;Roux;198;149841
208017;Ivan;Santini;10;148508
220245;Bongani;Zungu;140;149745
221284;Jonathan;Gradit;18;149791
275502;Nikola;Asceric;51;149206
224490;Zeki;Çelik;48;151337
187898;Mervan;Çelik;46;148878
234033;Borja;Lasso De La Vega;45;150194
212450;Yong Ji;Park;167;149745
212912;Ji Soo;Park;167;150358
231939;Jung Ho;Park;167;151338
212816;Joon Kang;Park;167;149254
234556;Yo Han;Park;167;150544
222698;Dae Han;Park;167;149218
237987;Dae Han;Park;167;151033
207544;Sun Yong;Park;167;148438
212430;Sun Ju;Park;167;149548
234182;Ha Ram;Park;167;150051
226652;Yong Woo;Park;167;150081
233279;Dong Jin;Park;167;150537
212319;Hee Seong;Park;167;148829
232356;Tae Hong;Park;167;149181
234368;Si Yun;Park;167;149950
258922;Marvin;Park;45;152451
233017;Han Bin;Park;167;151553
191911;Jun Tae;Park;167;148703
202952;Jin Po;Park;167;147861
202295;Gi Dong;Park;167;148307
191675;Jong Jin;Park;167;147811
202290;Yo Han;Park;167;148383
180293;Won Jae;Park;167;146689
165889;Chu Young;Park;167;147097
191566;Joo Ho;Park;167;147652
204387;Juan Carlos;Real Ruiz;45;149171
265761;Cristian;Volpato;27;153799
216425;Giorgi;Gvelesiani;20;149222
228962;Francisco José;Perdomo Borges;45;150242
264460;Petar;Zovko;8;153199
186153;Wojciech;Szczęsny;37;148840
222639;Roberto;Ramírez;52;151112
256161;Moisés;Ramírez;57;152637
244946;Ivan;Ramírez;58;150535
272325;Erinson;Ramírez;59;151728
253898;Jeizon;Ramírez;61;152833
235515;Benito;Ramírez;45;150750
232189;Nicolás;Ramírez;55;151410
252164;Jesús;Ramírez;61;151778
220765;Pedro;Ramírez;61;149699
212332;Robin;Ramírez;58;148682
217731;Sandro;Ramírez;45;150748
222116;David;Ramírez;83;150906
221378;Carlos;Ramírez;56;148123
214665;Juan;Ramírez;52;149973
205207;Cristian;Ramírez;57;150417
242372;Kevin;Ramírez;60;150284
237137;José;Ramírez;56;147929
261275;Matías;Ramírez;52;152092
242178;Juan David;Ramírez;56;151533
228211;Eric;Ramírez;52;151188
259252;Eric;Ramírez;61;151978
196433;Luis Alberto;Ramírez;59;146855
226754;Ismaël;Bennacer;97;151624
229456;Lorenzo;Dickmann;27;151191
237295;Emmanuel;Latte Lath;108;152021
244288;Adam;Idah;25;152792
240452;M'Bala;Nzola;98;151154
205351;Alex;Pritchard;14;149951
239819;Sincere;Seth;133;151772
242528;Thomas;Buitink;34;152550
212594;Mikey;Lopez;95;149879
238976;Mathias;Lopez;55;151145
240689;Jonathan;Sandoval;60;147812
233892;Tomás;Sandoval;52;152108
233307;Michael;Sandoval;55;150662
236265;Ray;Sandoval;59;150602
241979;Raúl;Sandoval;83;152402
217167;Gael;Sandoval;83;150867
214719;Gabriel;Sandoval;55;146613
194999;Gregg;Wylde;42;149179
222405;Liam;Kinsella;25;150977
215914;N'Golo;Kanté;18;149185
236244;Toby;Sibbick;14;152162
232187;Adam;Berry;195;151490
223085;Luke;Berry;14;149656
256018;Miguel;Berry;45;151548
223159;Robert;Dickie;14;150986
230149;Jack;Senior;14;151302
226724;Courtney;Senior;14;151470
260417;Jesús;Piñuelas;83;151740
213351;Sasa;Matic;46;150096
257437;Rubin;Colwill;50;153232
262859;Levi;Colwill;14;153537
223810;George;Maris;14;150989
254685;Nawaf;Boushal;183;152278
233218;Milad;Mohammadi;161;150100
233519;Rezo;Gavtadze;20;150750
258575;Emmanuel;Agbadou;108;151457
214006;Yerson;Candelo;56;149517
216176;Thomas;Zündel;4;147994
271833;Enis;Çokaj;1;152073
221944;Peter;Michorl;4;150687
221969;Filip;Mladenović;51;149324
214356;Jerson;Malagón;56;150005
232654;Luis;Malagón;83;151350
246667;Joaquín;Novillo;52;151704
210881;John;McGinn;42;150484
211707;Paul;McGinn;42;149027
186839;Niall;McGinn;35;147837
198024;Yann-Erik;de Lanlay;36;149597
209002;Mandé;Sayouba;108;149994
228044;Fredrik;Krogstad;36;150715
211264;Gaspar;Servio;52;149531
215061;Darío;Benedetto;52;148869
263287;Ivan;Schranz;43;150084
271482;Luca;D'Andrea;27;154095
278081;Yang;Yu;155;147014
224558;Rui;Yu;155;149686
202995;Jun Soo;Yu;167;148130
203237;Sang Hun;Yu;167;148512
202102;Hai;Yu;155;147791
183997;Dabao;Yu;155;148110
182411;Hanchao;Yu;155;147692
191532;Yang;Yu;155;148585
196434;Josepmir;Ballón;59;148082
206368;David;Goresh;26;145111
260811;Luciano;Guaycochea;61;149577
261884;Diego;Calcaterra;52;152957
271322;Horacio;Calcaterra;52;148420
271433;Omri;Glazer;26;150994
272551;Lukáš;Skovajsa;43;150279
274122;Morteza;Tabrizi;161;149103
264513;José;Guidino;59;151171
238408;Carlos;De las Salas;56;151770
236458;Achilleas;Poungouras;22;150905
232369;Daisuke;Nasu;163;145728
237452;Shinya;Yajima;163;150211
216514;Boris;Sagredo;55;148447
255798;Jesús;Sagredo;53;150262
238375;José;Sagredo;53;150262
172332;Rainford;Kalaba;147;147497
223285;Mohamed;Larbi;145;147881
240628;Dario;Šarić;8;151439
271113;Stefan;Spirovski;19;148967
268061;Alex;Amado;54;147755
241992;Gabriel;Cortez;57;150841
260478;Sorba;Thomas;50;152044
257253;Bobby;Thomas;14;152780
215950;Jack;Thomas;14;151078
225694;Terell;Thomas;14;150849
220894;George;Thomas;50;151372
220763;Ryan;Thomas;198;150547
212261;Brandon;Thomas;45;150593
235648;Josh;Thomas;14;152126
270345;Nigel;Thomas;34;153303
221355;Nathan;Thomas;14;150463
235059;Luke;Thomas;14;152069
254470;Luke;Thomas;14;152911
203423;Lawrence;Thomas;195;149592
234282;Louis;Samson;21;150742
238506;Orhan;Vojic;4;151309
231646;Przemysław;Płacheta;37;151736
244725;Evert;Linthorst;34;152447
235704;Sam;Todd;25;151768
262100;Radinio;Balker;34;151900
235663;Guus;Til;34;151645
208787;Adrien;Thomasson;18;150172
204442;Dimitri;Mohamed;18;148528
254247;Mostafa;Mohamed;111;151621
205334;Anthony;Koura;101;149954
223211;Gustavo;Furtado;54;150198
239453;Steeve;Furtado;18;150519
240502;Ozer;Ozdemir;18;151690
231433;Aitor;Cantalapiedra Fernández;45;150964
254507;Manuel;Nieto Sánchez;45;151742
242509;Dawid;Błanik;37;151394
274828;Alejandro;Calvo Mata;45;153877
233738;Igor;Zubeldia;45;151378
243016;Alberto;Soro Álvarez;45;152087
198062;Fco. Javier;Atienza Valverde;45;148750
233623;Bruno;Sávio da Silva;54;150406
230758;Matej;Pučko;44;150107
216352;Marcelo;Brozović;10;149783
229460;Andrea;Nalini;27;148903
201514;Elias;Kachunga;110;149575
193789;Elio;Calderini;27;148162
213375;Antonio;Vacca;27;148865
215363;Lorenzo;Montipó;27;150974
240688;Michele;Volpe;27;151548
256658;Jessic;Ngankam;21;152586
270465;Badredine;Bouanani;18;154188
223134;Zeki;Yavru;48;149345
271278;Tuncer Duhan;Aksu;48;151543
204731;João Carlos;Reis Graça;38;148550
207833;Leonardo;Navacchio;54;149825
239765;Milos;Vulic;51;151155
205215;Igor;Rossi Branco;54;148436
220090;Raphael;Rossi Branco;54;148938
278661;Yarek;Gasiorowski;45;154223
207559;Simon;Tibbling;46;150443
221953;Ben;Whitfield;14;150982
233840;Eboue;Kouassi;108;151636
227939;Jean Evrard;Kouassi;108;150461
212718;Dillon;Powers;95;149142
240506;Frank;Arhin;117;152066
224656;Ola;Aina;133;151205
238944;Žan;Majer;44;149669
244261;Lovro;Majer;10;151671
239581;Rade;Dugalić;51;149772
240422;Vasiliy;Lukichev;40;149462
207981;Oleksandr;Shevelyukhin;49;146049
210264;Thomas;Vollnhofer;4;146786
220968;Ahmed;El Messaoudi;129;150773
228562;Raphael;Sallinger;4;150900
263880;Julen;Agirrezabala;45;152745
237995;Diego;Lainez;83;152545
226697;Mauro;Lainez;83;151053
239806;Amine;Khammas;129;152115
269652;Viktor;Boone;7;151679
271838;Toma;Bašić;10;151253
225974;Scott;McKenna;42;151240
236013;Daniel;McKenna;25;152365
216730;Stian;Gregersen;36;150695
257338;Renzo;Tesuri;52;151082
235950;Facundo;Barceló;60;149918
269182;Antonio;Raimondo;27;153923
223344;Shihao;Wei;155;150656
279450;Zhen;Wei;155;151332
208123;Joeri;de Kamps;34;149503
211439;Thamsanqa;Gabuza;140;147844
221853;Haolun;Mi;155;149838
239438;Teenage;Hadebe;148;150818
273086;Omid;Noorafkan;161;151388
230684;Jesús;Marimón;56;151906
265776;Rui Pedro;Ribeiro Gomes;38;151536
242256;Eric;Calvillo;95;151656
203150;Agenor;Detofol;54;148712
207797;Yaya;Banana;103;149307
208925;Fahad;Al Reshedi;183;149256
203766;Ahmed;El-Shenawy;111;149231
203616;Anastasios;Kissas;11;148019
204175;Jeron;Al-Hazaimeh;21;149506
234387;Hendrik;Starostzik;21;149184
238947;Justin;Gerlach;21;148765
242130;Dionatan;Machado de Oliveira;54;149819
233119;Michael;Olunga Ogada;120;150278
237299;Tae Jeong;Kuk;167;150814
241497;Colin;Dagba;18;151906
242290;Michael;Antkowiak;37;152339
233463;Steffen Lie;Skålevik;36;149859
234229;Ross;McCrorie;42;151731
242260;Besim;Šerbečić;8;151775
242335;Camilo;Candido;60;150711
214419;Juan Ignacio;Duma;52;150170
227878;Callum;Guy;14;151253
217606;Emmanuel;Boateng;117;150210
224540;Emmanuel;Boateng;117;151067
212782;Hiram;Boateng;14;150931
238987;Kennedy;Boateng;144;151257
235261;Luka;Bogdan;10;151009
210950;Pablo;De Blasis;52;148036
230642;Maurice;Nugent;25;151865
204459;Ben;Nugent;14;150160
216981;Gervane;Kastaneer;34;151084
257439;Richard;Ofori;117;150133
247258;Lawrence;Ofori;117;151833
252438;Kelvin;Ofori;117;152958
222844;Walace;Souza Silva;54;150652
192091;Welinton;Souza Silva;54;148467
234278;Steve;Breitkreuz;21;149480
205330;Jeff;Louis;80;149683
202721;Abdul;Razak;108;149778
213823;Cristián;Rojas;55;147259
271395;Alexis;Rojas;59;151028
214168;Jorge;Rojas;58;149835
214919;Diego;Rojas;55;150604
251498;Javier;Rojas;53;150937
214390;Henry;Rojas;56;147844
233404;Iván;Rojas;56;151494
228212;Andy;Rojas;72;154550
246914;Robert;Rojas;58;151044
233424;Johan;Rojas;57;151517
237183;Matías;Rojas;58;150865
236668;Gabriel;Rojas;52;151462
229381;Pablo;Rojas;56;149363
174658;Royner;Rojas;72;153277
195031;Joao;Rojas;57;148532
208018;Thomas;Lam;17;150180
256358;Jake;Garrett;14;153549
211096;Marcus;Fraser;42;150367
207807;Ryan;Fraser;42;150248
217825;Gary;Fraser;42;150376
205145;Scott;Fraser;42;150647
225182;Jarlan;Barrera;56;150817
203969;Edson;Seidou;18;149376
218744;Jack;Byrne;25;151038
222092;Alex;Byrne;25;150625
225321;Alex;Byrne;14;151325
219667;Daniel;Byrne;25;149955
237345;Thomas;Byrne;25;152045
213700;Sam;Byrne;25;150581
208290;Luke;Byrne;25;150017
238219;Alec;Byrne;25;152191
180351;Conan;Byrne;25;147095
236629;Christopher;Opéri;108;151408
194879;Sergi;Enrich Ametller;45;148789
199157;Antonio Manuel;Luna Rodriguez;45;149173
241474;Jón Dagur;Þorsteinsson;24;151984
239782;Bryan;Acosta;81;150156
221634;Luciano;Acosta;52;150344
213209;Kellyn;Acosta;95;150763
220101;Marcos;Acosta;58;149290
215421;Deyverson;Acosta;54;149225
232692;Guillermo;Acosta;52;148305
206110;Joel;Acosta;52;149113
231973;Danilo;Acosta;81;151610
220624;Lucas;Acosta;52;150629
188268;Lautaro;Acosta;52;148075
223682;Àlex;Granell Nogué;45;148216
213516;Ricardo;Horta;38;150451
226370;André;Horta;38;151235
190424;Enock Kofi;Adu;117;148989
219848;David;Costas;45;150643
254263;Vicente;Esquerdo Santas;45;152021
198630;Alvaro;Arroyo Martínez;45;148205
215069;Rodrigo;Rey;52;149164
207555;Filip;Helander;46;149940
210736;Emerson;Palmieri dos Santos;27;150408
232340;Abdullahi;Nura;133;151518
251809;Sven;Botman;34;152396
203780;Frédéric;Veseli;1;149787
226249;Moses;Odjer;117;151153
226468;Andrea;Favilli;27;151426
155463;Valerică;Găman;39;148423
235239;Othman;El Kabir;34;149295
189849;Moestafa;El Kabir;129;148280
208169;Levent;Gülen;47;150248
239892;Yunus;Akgün;48;152573
209911;Chisamba;Lungu;147;149128
228650;Francisco;Geraldes;38;150666
220414;Diego;Rico;45;149882
240045;Ivan;Ljubić;4;151112
223530;Mads;Justesen;13;146175
254005;Íñigo;Sainz-Maza Serna;45;151821
211522;Alexander;Callens;59;149587
240547;Ivan;Ignatiev;40;152025
194656;Alexey;Nikitin;40;149489
200094;Magomed;Ozdoev;40;149772
224371;Jarrod;Bowen;14;151278
235135;Husein;Balic;8;150969
225715;Saša;Živec;44;149189
239240;Hubert;Maślanka;37;151804
232342;Maximiliano;Lugo;58;148705
201043;Brecht;Dejaegere;7;149246
224191;Alessandro;Ciranni;7;151103
214129;Stiven;Barreiro;56;150363
229509;Michael;Perlak;4;147266
214849;Agustín;Parra;55;148528
235534;Daniel;Parra;83;152220
227164;Deiver;Parra;56;149463
214238;Pablo;Parra;55;150367
239128;Tracy;Mpati;7;149604
240537;Lukas;Wackerle;4;150832
209006;Marcos;Riveros;58;148249
233476;Blás;Riveros;58;151688
240138;Williams;Riveros;58;149817
256887;Taylor;Booth;95;152901
201078;Callum;Booth;42;149247
235141;Phillip;Menzel;21;151884
207868;John;Mountney;25;149881
233275;Gary;Kinneen;25;151471
220851;Franco;Leys;52;150119
262402;Sergi;Cardona;45;152208
229537;Tomás;Cardona;52;150841
236393;Marc;Cardona;45;149047
222577;Jown;Cardona;56;150567
233367;Irvin;Cardona;18;151509
235888;Irvin;Cardona;18;151509
215165;Ciro;Rius;52;148302
226378;Ramón;Ábila;52;148654
211000;Yordan;Minev;9;145367
268558;Momcilo;Raspopović;15;150274
269507;Steve;Kapuadi;18;151774
260144;Charlie;Patino;14;153770
265898;Dmytro;Lytvyn;49;151249
241647;Joel;Qwiberg;46;149745
270018;Mirko;Ivanić;51;150084
271653;Juan Danilo;Santacruz;58;150721
272345;Ahmed;Barman;190;150229
272851;Anton;Saroka;6;149527
273355;Zeljko;Ljubenović;51;145635
204969;Thomás;Bedinelli;54;149883
236585;Ju An;You;167;151928
231567;Bikash;Jairu;159;145881
192294;Tanat;Nuserbayev;165;147637
271006;Donashano;Malama;147;147818
239078;Stefan;Schimmer;21;150311
234177;Niall;Ennis;14;152159
239746;Lukas;Watkowiak;21;150989
207651;Dolly Doningos;Menga;98;149950
239477;Abdulsamed;Damlu;48;152225
168435;Salvatore;Sirigu;27;147648
273034;Agustín;Sant'Anna;60;151497
231533;Richard;Jensen;17;151000
229723;Mathias;Jensen;13;150924
231237;Peter Vindahl;Jensen;13;151701
239379;Victor;Jensen;13;152423
238792;Leon;Jensen;21;151428
234889;Fredrik;Jensen;17;151541
198811;Fredrik Oldrup;Jensen;36;149966
208878;Mitchel;Paulissen;34;149939
259085;Fernando;Tapia;83;152918
220673;Renato;Tapia;59;150767
236677;Ignacio;Tapia;55;152072
229459;Iván;Tapia;52;151981
214534;Anthony;Tapia;56;147652
272338;Stanislav;Ivanov;9;152125
268522;Filipp;Ivanov;6;148934
258599;Robert;Ivanov;17;150455
227693;Nikola;Gjorgjev;19;151523
219948;Jason;Cummings;195;150771
217054;Harold;Cummings;87;149523
209886;Anthony;Caceres;195;149735
220833;Anthony;Mandrea;18;151283
233550;Samuel;Grandsir;18;151150
240725;Ismael;Aaneba;18;152168
253444;Arnaud;Kalimuendo;18;153135
203933;Hervé;Lybohy;18;146379
225853;Rayan;Raveloson;124;151305
229353;Mart;Ristl;21;151112
210214;Jozabed;Sánchez Ruiz;45;149164
211132;Andrés Tomás;Prieto Albert;45;150118
213937;Ager;Aketxe Barrutia;45;150192
239053;Federico;Valverde;60;151857
211340;Gabriel;Valverde;53;148907
250955;Josip;Stanišić;10;152477
252794;Adrián;Bernabé;45;152896
244728;Sem;Steijn;34;153066
224387;Alessandro;Semprini;27;151709
223137;Federico;Bonazzoli;27;151430
246267;Dominik;Kotarski;10;152425
192612;Mato;Jajalo;8;148147
253386;Josh;Flint;14;152671
202408;Aden;Flint;14;148559
235476;Ivan;Varone;27;149747
205678;Edin;Višća;8;148780
269840;Muammer;Sarıkaya;48;151694
240931;İbrahim;İşçi;48;151049
253354;Hernán;Galíndez;57;147725
211870;Dimitrij;Nazarov;5;148826
247668;Konan;N’Dri;108;152685
272505;Endrick Felipe;Moreira de Souza;54;154778
216322;Jordy;Hiwula;14;150457
225191;Ben;Richards-Everton;14;149387
214025;Cristian;Higuita;56;150205
216811;Kendall;Waston;72;148002
220970;Victor;Sköld;46;148579
221711;Chris;Duvall;95;149350
226440;Patrick;Doody;95;149575
232175;Dzenis;Kozica;46;149946
187659;Dmitriy;Tarasov;40;147713
226029;Anatoliy;Katrich;40;150383
213878;Welinton Júnior;Ferreira dos Santos;54;149987
238479;Renê;Ferreira dos Santos;54;149574
234355;Ravanelli;Ferreira dos Santos;54;151530
183228;Błażej;Augustyn;37;148027
205386;Guillaume;Hubert;7;150204
206269;Laurent;Jans;31;149680
242755;John;Yeboah;57;152559
229217;Yaw;Yeboah;117;151376
213369;Kwame;Yeboah;195;150346
210556;Lucas Eduardo;Santos João;38;150075
220908;Andy;Kawaya;7;151159
225533;Chris;Bedia;108;150988
226797;Víctor;Malcorra;52;147841
231423;Casper;De Norre;7;151327
251756;Randy;Nteka;18;151629
197837;Dedryck;Boyata;7;149064
215635;Ryan;Scully;42;149765
188917;Jørgen;Skjelvik;36;149283
207926;Andreas;Linde;46;150033
240285;Tobias;Børkeeiet;36;152127
240970;Martín;Payero;52;151908
263887;Jonas;Urbig;21;153700
262171;Edoardo;Bove;27;153251
168074;Giorgos;Merkis;11;146752
206065;Simon;Sluga;10;149904
211108;Fernando;Henrique Conceição;54;149903
243294;Tobe;Leyse;7;153183
50254;Grigoris;Fotopoulos;22;152502
271803;Aljaz;Cotman;44;150309
272002;Adam;Laczkó;43;151381
277915;Adis;Hodzic;44;152035
256954;Jonas;Sterner;21;153248
232005;Ezequiel;Palomeque;56;149743
214362;Cristian;Palomeque;56;150285
210144;Jufain;Al Bishi;183;147757
221772;Abdulaziz;Al Bishi;183;150263
208918;Mohammed Eid;Al Bishi;183;147759
210792;Ali Ahmed;Al Zaqan;183;149108
199182;Camaldine;Abraw;144;148959
218954;Joel;Kimwaki;110;147558
203164;Maik;Kegel;21;148709
220357;Jamal;Bajandouh;183;149697
241520;Waleed;Al Shangeati;183;150202
242273;Mateo;Bertosa;10;148224
204840;Daryl;van Mieghem;34;148706
223575;Rafael Eduardo;Costa;54;149116
261097;Ayrton;Costa;52;152212
275614;Guilherme;Costa;54;150283
255566;Samuel;Costa;38;152716
269874;Gonçalo Faria;Costa;38;152433
234577;Diogo;Costa;38;152281
213858;Alan Henrique;Costa;54;149035
216053;Ramiro;Costa;52;149696
243923;Logan;Costa;104;152841
259139;David;Costa;38;152755
275613;Caio;Costa;54;151330
223358;Gabriel;Costa;54;150631
271402;Gabriel;Costa;60;148824
210042;Johannes;Wurtz;21;149633
233040;Jonathan;Augustinsson;46;151013
212678;Ludwig;Augustinsson;46;150304
268065;Helerson;Soares;54;151590
268073;Gilsivan;Soares;54;146887
275607;Fabrício Bruno;Soares;54;150966
270060;Samuel;Soares;38;153281
216283;Danilo;Soares;54;149399
268070;Victor Hugo;Soares;54;151355
224103;Erick;Aguirre;83;151343
214493;Jorge;Aguirre;56;147805
259576;Braian;Aguirre;52;152594
232316;Gaddi;Aguirre;83;151014
215060;Nicolás;Aguirre;52;148940
224201;Rodrigo;Aguirre;60;150467
246755;Eduardo;Aguirre;83;151869
231664;James;Aguirre;56;149604
231580;Antony;Evans;14;151920
211595;George;Evans;14;150540
213105;Lee;Evans;50;150398
186135;Corry;Evans;35;148943
186127;Ched;Evans;50;148364
253465;Teden;Mengi;14;153235
229968;Thomas;Agyepong;117;150841
232639;Ritsu;Doan;163;151821
223441;Ousmane;Sidibé;118;147019
246549;Mahamé;Siby;126;151112
235042;Dimitri;Liénard;18;148045
226759;Ben Kantie;Karamoko;108;150695
256065;Mamoudou;Karamoko;18;152270
240050;Souleymane;Karamoko;18;149673
224969;Lamine;Ndao;136;150546
257821;Alassane;Ndao;136;151278
258262;Marko;Tolić;10;151110
263376;Ali;Al-Hamadi;162;153175
229991;Francisco José;Villalba Rodrigo;45;151785
236829;Andrew;Jung;18;151570
211003;Woo Young;Jung;167;148715
233160;Won Jin;Jung;167;150415
212960;Seon Ho;Jung;167;148451
223751;Gideon;Jung;21;150448
207897;Anthony;Jung;21;149404
212440;Seok Hwa;Jung;167;149234
176347;In Whan;Jung;167;147620
202970;Seung Yong;Jung;167;149181
191684;San;Jung;167;148408
260926;Kevin;Schade;21;153081
254492;Tayvon;Gray;95;153346
270208;Archie;Gray;14;154647
235766;Jamie;Gray;25;151757
220633;Demarai;Gray;82;151103
194137;Andre;Gray;82;149274
207653;Miler;Bolaños;57;148884
237410;Vasyl;Kravets;49;151521
251410;Gregore;de Magalhães da Silva;54;150254
241160;George;McEachran;14;152627
254229;Romario;Caicedo;57;148875
227398;Eduar;Caicedo;56;150671
256079;Moisés;Caicedo;57;153056
270577;Beder;Caicedo;57;149596
268508;Jordy;Caicedo;57;151611
218976;Marcos;Caicedo;57;149411
251835;José Luis;Caicedo;56;153258
214980;Juan;Caicedo;56;148561
240387;Jhon;Caicedo;56;150641
254932;Jefferson;Caicedo;57;150532
231587;Luis;Caicedo;56;151062
236271;Luis;Caicedo;57;149594
216655;Bartolomeu;Quissanga;98;149424
203393;Eddy;Gnahoré;18;150146
236723;Fodé;Ballo-Touré;136;151292
225034;Michele;Somma;27;150633
225521;Victor;De Lucia;27;151072
239764;Simone;Franchini;27;151743
255891;Boško;Šutalo;10;152385
256325;Josip;Šutalo;10;152443
226517;Haris;Hajradinović;8;150242
215594;Alexandru;Vlad;39;148707
268580;Andrei;Vlad;39;152124
228376;Aaron;Hayden;14;151305
206115;Isaac;Hayden;14;150639
206534;Patrick;Bamford;14;150076
240837;Mert Hakan;Yandaş;48;150424
264257;Tijjani;Noslin;34;152207
235706;Murilo;Oliveira de Freitas;54;151056
224964;Brandur;Hendriksson;16;150911
239529;Frank;Onyeka;133;151655
222007;Conor;O'Malley;25;150406
236033;Daniel;Cárdenas;45;151376
214609;Sherman;Cárdenas;56;148586
216245;Luis;Cárdenas;83;150086
254756;Blas;Armoa;58;152418
233013;Soo Hyun;Choi;167;150171
208455;Sung Keun;Choi;167;149306
204722;Jong Hoan;Choi;167;147860
202966;Bo Kyung;Choi;167;148104
202959;Hyun Tae;Choi;167;147894
202981;Jin Ho;Choi;167;148632
176346;Chul Soon;Choi;167;147675
165903;Hyo Jin;Choi;167;146405
217217;Darwin;Cerén;76;148732
231948;Brendan;Hines-Ike;95;150527
204675;Ghayas;Zahid;36;150515
167559;Alexandr;Salugin;40;148298
224883;Steve;Mounié;99;150465
229170;Mikhail;Merkulov;40;150219
203872;Gabriel;Hauche;52;147602
269271;Filip;Stanković;51;153171
275090;Vojislav;Stanković;51;147901
216175;Cican;Stanković;4;149771
223673;Markus;Wostry;4;149663
225505;John Steven;Mondragón;56;150481
232526;Elias;Cobbaut;7;151614
240073;Thomas;Demol;7;151785
199285;Stjepan;Kukuruzović;10;148525
183336;Pål André;Helland;36;148736
224391;Christophe;Psyché;18;148211
269402;Hrvoje;Smolčić;10;152614
214979;Juan;Musso;52;150319
215123;Alan;Aguerre;52;148967
243302;Danny;Musovski;95;150892
226405;Adrián;Arregui;52;149687
261659;Senne;Lynen;7;152069
232072;Vasyl;Pryyma;49;149258
222621;Jia;Du;155;149949
278666;Wenyang;Du;155;148760
182374;Zhenyu;Du;155;146207
50083;Jing;Feng;155;150054
278667;Gang;Feng;155;149893
279524;Zhuoyi;Feng;155;148536
175589;Xiaoting;Feng;155;147201
217522;Hen;Ezra;26;148386
241670;Filip;Bradarić;10;149473
252002;Domagoj;Bradarić;10;152363
171541;Maksym;Lunyov;49;151796
272265;Roberto;Siucho;59;151327
278506;Iminjan;Ilhamjan;155;147452
259896;Bohdan;Viunnyk;49;153256
214106;Jonathan;Lopera;56;147789
214515;Marlon;Piedrahita;56;147070
214473;Kevin;Piedrahita;95;149266
230584;Iury Lirio;Freitas de Castilho;54;150807
208329;Petros;Skapetis;195;150571
209893;Jacob;Pepper;195;149591
218662;Asdrúbal;Padrón Hernández;45;149169
208988;Hussain Abdoh;Shaian;183;148510
221370;Mohammed;Al Buraik;183;149721
192754;Mensur;Mujdža;8;146628
202904;Joonas;Tamm;208;149495
219296;Carlos;Discua;81;146804
50418;Nikos;Kousiadis;22;151429
235402;Ofir;Mizrahi;26;150166
238923;Robin;Scheu;21;150605
217525;Ofir;Davidzada;26;149222
235735;Ethan;Ampadu;50;152642
268022;João;Riedi;54;148251
230084;Lukas;Nmecha;21;152002
246863;Felix;Nmecha;14;152668
219591;Stefan;Simič;12;150578
251851;Bradley;Fink;47;153587
235891;Matic;Fink;44;148790
252316;Hjalmar;Ekdal;46;151948
155541;Kenneth Emil;Petersen;13;146921
258861;João;Victor;54;151852
208451;Robin;Quaison;46;150110
237625;Martin;Maloca;10;148812
216354;Andrej;Kramarić;10;149267
227235;Konstantin;Kerschbaumer;4;149645
233520;Barış;Atik;48;150567
234861;Robin;Ziegele;21;151361
240756;Patrick;Sussek;21;152423
209371;Bram;van Polen;34;147190
226506;Karol;Mets;208;149964
240889;Joe;van der Sar;34;151729
253908;Mauro;Luna;52;152135
255124;Israel;Luna;83;153197
217836;Uvaldo;Luna;83;150183
203902;Adrián;Luna;60;149565
221791;Rafał;Kurzawa;37;149857
235456;Jean-Ricner;Bellegarde;18;151832
210671;Anthony;Partipilo;27;150493
209521;Alison;Lopes;54;149888
231931;Hernán;Lopes;52;149184
212692;Marcos;Lopes;38;150920
217845;Andrew;Hjulsager;13;150573
238900;Ermedin;Demirović;8;151738
229667;José Antonio;Ferrández Pomares;45;148704
171772;Jesús María;Herrero Gómez;45;146581
253488;Diego;Medina;83;152821
261474;Diego;Medina;53;153128
261152;Alejandro;Medina;52;147622
242052;Jesús;Medina;58;151409
239629;Alan;Medina;83;151520
236804;Facundo;Medina;52;152167
261082;Cristian;Medina;52;153267
214601;Stefan;Medina;56;149628
224374;Maicol;Medina;56;151444
267392;Sebastián;Medina;52;152459
227161;Miguel;Medina;56;150622
195356;Matej;Delač;10;149695
240317;Žan;Celar;44;152092
212506;Mauro;Matos;52;146028
278288;Alex;Matos;14;154122
238317;Charles;Matos;54;151094
201363;Ryder;Matos;54;149886
241831;Mitch;Hildebrandt;95;148318
257368;Lorenzo;Pirola;27;153166
188599;Mirco;Antenucci;27;146792
205556;Luka;Krajnc;44;150455
213994;Niccoló;Belloni;27;150384
216789;Emanuele;Suagher;27;149793
240722;Andoni;Zubiaurre;45;150694
263006;Imanol García;de Albéniz Crecente;45;152605
228514;Samuele;Massolo;27;151048
246671;Arthur;Okonkwo;14;153002
240787;Hamed;Traorè;108;152431
242257;Jon;Bakero;45;151233
259322;Ramiro;Cristóbal;60;151024
235794;Eberechi;Eze;14;151834
240914;Emeka;Eze;133;151193
236252;Vedat;Karakuş;48;151713
220513;Federico;Ricci;27;150340
208424;Matteo;Ricci;27;150340
253473;Samuele;Ricci;27;152983
229248;Alan Eduardo;Schons;54;149972
256669;Faris;Moumbagna;103;152567
236924;Bruno Ricardo;Valdez Wilson;38;151285
238857;Wilson Miguéis;Manafá Jancó;38;150397
234677;Rasmus;Thellufsen;13;151298
206086;Harry;Toffolo;14;150789
220901;David;Raya;45;150816
238325;Tobias;Hayles-Docherty;14;152049
212175;Paul;Farman;14;148673
220139;Sammie;Szmodics;25;150825
216012;Andrés;Imperiale;52;147460
232346;Daniel;Imperiale;52;148114
227810;Stian Semb;Aasmundsen;36;148673
238222;Felix;Beijmo;46;151685
240417;Pontus;Silfwer;46;149323
187601;Soslan;Dzhanaev;40;147708
194083;Marco Filipe;Lopes Paixão;38;146803
194082;Flavio Emmanuel;Lopes Paixão;38;146803
211214;Fabrice;Olinga;103;151056
229179;Christian;Tabó;60;150155
237207;Samuel;Kalu;133;151527
271092;Moses;Usor;133;153151
235997;Francisco José;Beltrán;45;152053
239945;Fernando;Beltrán;83;151782
259682;Emanuel;Beltrán;60;151677
246258;Lucas;Beltrán;52;152838
239946;Jorge;Valadez;83;150978
204842;Yanick;Brecher;47;149973
258389;Vicente Andrés;Besuijen;34;152850
223967;Boris;Babic;47;151603
255105;Ilya;Shkurin;6;152248
244963;Ivanildo Jorge;Mendes Fernandes;38;151009
253579;Edson;Tortolero;61;151690
215332;Carlos;Auzqui;52;149172
219525;Ezequiel;Cerutti;52;149479
220429;Gastón;Campi;52;149193
222428;Juan;Komar;52;151149
268709;Jewison;Bennette;72;154012
269467;Nathan;Tjoe-A-On;34;153106
259714;Merlin;Röhl;21;153301
194355;Mohammad Reza;Khalatbari;161;146432
225445;Damjan;Bohar;44;149388
271099;Yuri;Kendysh;6;148893
273115;Farzad;Hatami;161;147274
273117;Khaled;Shafiei;161;148030
267799;Fernán;Faerron;72;152619
275820;Dino;Hotic;44;150765
262642;Zeki;Amdouni;47;152723
209738;Andrés;Cadavid;56;147268
221984;Fáber;Cañaveral;56;148245
238998;Diego;Pezoa;55;150134
50015;Christos;Koukolis;22;148848
208215;Dimos;Baxevanidis;22;148106
50072;Nikolaos;Karanikas;22;149526
238169;Cameron;McGilp;195;151693
237667;Abdullah;Al Joui;183;150619
198892;Nemanja;Mijušković;15;149526
52341;Benjamín;Mirelis;54;152101
239388;Franco;Bechtholdt;52;150055
219170;Raúl;Becerra;52;147910
263575;Clemens;Riedel;21;153680
238697;Hilal;El Helwe;171;150521
239500;Eric;Gründemann;21;151905
240155;Marco;Rosenzweig;21;150938
271117;Lukács;Bőle;23;148818
271161;Nikolai;Signevich;6;149513
273204;Yoel;Bárcenas;87;150124
212577;Guilherme;Bitencourt;54;150264
241903;Khalid;Al Qattam;183;150866
231463;Jorge;Obregón;56;151377
271503;Juan Carlos;Obregón;81;151591
239631;Danny;Loader;14;152625
242018;Dayle;Grubb;14;149302
242104;Amer;Ordagic;8;149953
262236;Amir;Richardson;18;153139
245491;Pietro;Beruatto;27;152009
183145;Shaleum;Logan;14;148030
161776;Conrad;Logan;25;147379
259249;Caden;Clark;95;153623
204269;Zander;Clark;42;149640
271450;Keston;Julien;93;151953
215886;Damir;Kreilach;10;148473
216282;Raphael;Framberger;21;150807
220971;Naby;Keïta;118;150599
262607;Kazımcan;Karataş;48;153496
252042;João;Pedro;54;153019
199254;João;Pedro;54;149531
271658;Xavier;Mbuyamba;34;153115
224242;Derrick;Luckassen;34;150742
222982;Alexis;Blin;18;151183
223509;Lucas;Mocio;18;150324
231119;Erin Jorge;Gomes Pinheiro;104;151485
219668;Souleymane;Sawadogo;101;149837
228290;Julien;Laporte;18;150136
212218;Aymeric;Laporte;45;150340
238504;Amine;Bassi;129;151620
239397;Braydon;Manu;117;151376
226221;Aritz;Elustondo;45;150280
204883;Brice;Samba;18;150308
204347;Bernardo Víctor;Cruz Torres;45;150026
200931;Francisco Pablo;Cruz Torres;45;145445
214930;José Antonio;Caro Martínez;45;149895
229359;Jorge;Miramón;45;148520
252060;Tommaso;Pobega;27;152215
255391;Eugenio;Pizzuto;83;153248
240289;Fernando;Calero;45;150815
253376;Tommy;St. Jago;34;152387
240915;Juan;Miranda González;45;152403
228251;Lorenzo;Pellegrini;27;151094
243237;Luca;Pellegrini;27;152085
244884;Matías;Pellegrini;52;152455
236311;Marko;Rog;10;150758
269953;Bojan;Miovski;19;152194
205724;Ivan;Lanni;27;148913
203487;Jamaal;Lascelles;14;150143
274315;Deniz;Çağlarca;48;149522
242381;Mees;Hoedemakers;34;151703
219753;Bruno Miguel;Semedo Varela;38;150501
210985;Ben;Osborn;14;150410
198436;Mads;Hvilsom;13;149698
213528;Jakob;Blåbjerg;13;150569
240231;Yassine;Benrahou;129;152043
200485;Jermaine;McGlashan;14;148106
233051;Luke;Bolton;14;152299
206554;James;Bolton;14;150418
215638;Liam;Lindsay;42;150843
227287;Jamie;Lindsay;42;150842
257512;Emanuel;Montejano;83;152943
274197;Francesco;Gelli;27;151212
206535;Paul;Digby;14;150591
212478;Gyasi;Zardes;95;149342
219180;Daniel;Calvo;45;150284
213064;Francisco;Calvo;72;149652
215083;Maximiliano;Urruti;52;149150
237586;Alberto;Dossena;27;151940
192155;Evgeniy;Makeev;40;148572
242709;Konstantin;Pliev;40;151223
199030;Zaurbek;Pliev;40;149367
228923;Alexandr;Scherbakov;40;151831
204920;Damian;Zbozień;37;148482
238005;Jakub;Żubrowski;37;149543
229377;Mattias;Kaït;208;151834
214421;Freddy;Hinestroza;56;148827
233043;Alexis;Hinestroza;56;148242
212335;Marino;Hinestroza;56;153304
214380;Yonni;Hinestroza;56;146773
219447;Jhoaho;Hinestroza;56;150923
239311;Medjon;Hoxha;7;152227
279925;Arbër;Hoxha;1;151933
232099;Marko;Grujić;51;151027
219561;Antonini;Čulina;10;149489
251223;Ricardo;Pepi;95;153489
236487;Davis;Keillor-Dunn;14;151595
216239;Bassel;Jradi;171;150015
244851;Germán;Guiffrey;52;151654
231754;Maecky;Ngombo;7;150648
212938;Brede;Mathias Moe;36;149446
240863;Conor;Coventry;35;152469
232658;Danilho;Doekhi;34;151835
181271;Bořek;Dočkal;12;148275
233282;Bo Sang;Yoon;167;150080
237965;Jong Gyu;Yoon;167;151733
222661;Seung Won;Yoon;167;150600
202984;Dong Min;Yoon;167;148203
200601;Bit Garam;Yoon;167;148859
206414;Sergiy;Kryvtsov;49;149171
240249;Dor;Micha;26;149503
264252;Kristijan;Tosevski;19;150319
257771;Josip;Juranović;10;150786
229367;Stephen;Humphrys;14;151547
244258;Danijel;Zagorac;10;147674
214355;Ricardo;Jérez;78;147306
208523;Stefano;Beltrame;27;149867
242102;Florian;Mayer;21;151717
242341;Ondřej;Mihálik;12;151381
50046;João Francisco;Fávaro Amaral;54;149575
275245;Kosmas;Tsilianidis;22;150322
212535;Aaron;Calver;195;150935
216107;Jonatas;Belusso;54;148281
192270;Johnathan;Aparecido Silva;54;148820
205619;Tebogo;Langerman;140;147397
219911;Thulani;Hlatshwayo;140;148719
184869;Pedro Roberto;Silva Botelho;54;148715
211721;Markus;Pazurek;21;148354
238936;Marius;Kleinsorge;21;150861
238970;Nils;Butzen;21;149920
239149;Bernard;Kyere;117;150740
272828;Philip;Azango;133;151430
220663;Mikkel;Kallesøe;13;151399
241944;Moussa;Guel;108;152193
242098;Pablo;Vranjicán;52;147251
229727;Jean-Pierre;Rhyner;59;150999
242002;Guido;Mainero;52;150640
235413;Radosław;Majecki;37;152339
245499;Abdulbasit;Hindi;183;151322
271440;Dominik;Steczyk;37;152143
191388;Takashi;Usami;163;149589
242725;Kristian;Thorstvedt;36;152091
199282;Amir;Abrashi;1;148818
258580;Kerem;Aktürkoğlu;48;151948
234831;Nico;Rieble;21;150792
221120;Rai;Vloet;34;150686
205161;Harry;Bunn;14;149788
225531;Dario;Van den Buijs;7;150813
262403;Philippe;Rommens;7;151521
238854;Nicolas;Rommens;7;150544
240384;Elias;Durmaz;46;152496
264377;Leandro;Morgalla;21;154102
230670;Lucas;Perri;54;151633
210534;Christian;Kouakou;108;149157
236987;Boubacar;Kamara;18;152346
207552;Alhassan;Kamara;138;149841
220421;Hassane;Kamara;108;150257
210798;Alhaji;Kamara;138;150299
213654;Glen;Kamara;17;150859
225541;Aboubakar;Kamara;127;150624
224442;Bingourou;Kamara;136;151218
176048;Kei;Kamara;138;146785
205641;Lenny;Nangis;18;150276
227558;Jordan;Siebatcheu;95;151040
236621;Pierre-Yves;Hamel;18;150227
239030;Romain;Hanquinquant;18;151986
246284;Óscar;Gil Regaño;45;151770
197891;Juan Miguel;Jimenez López;45;149968
271400;Igor;Paixão;54;152564
204876;Carlos;Clerc Martínez;45;149514
213559;Fausto Antonio;Tienza Nuñez;45;148740
224143;David;Querol Blanco;45;148423
180206;Miralem;Pjanić;8;148824
189342;Carlo;Pinsoglio;27;148807
213985;Édinson;Palomino;56;147301
260426;Henry;Palomino;61;146216
217196;José Luis;Palomino;52;148737
236836;Orji;Okwonkwo;133;151673
258812;Tim;Siersleben;21;152453
224319;Daniele;Altobelli;27;149905
226267;Enrico;Baldini;27;151241
203775;Loris;Karius;21;150001
248171;Davide;Bettella;27;152482
271333;Thimothée;Lo-Tutala;18;153524
227998;Dominique;Badji;136;149752
208015;Stéphane;Badji;136;148750
237563;Aliou;Badji;136;151572
254849;Youssouph;Badji;136;153104
206094;Marnick;Vermijl;7;149475
223958;Ali;Yaşar;21;150625
238482;Rhys;Norrington-Davies;50;152131
257584;Lucas;Bernadou;18;152652
224538;Pedro Nuno;Fernandes Ferreira;38;150571
234437;Diogo Miguel;Guedes Almeida;38;151743
224313;Mathias;Thrane;13;150075
253102;Adil;Aouchiche;18;153311
239199;Nikolaj;Lyngø;13;151688
213693;Joe;Rothwell;14;150569
190236;Aryan;Tajbakhsh;14;149032
257384;Martín;Rea;60;151606
218658;Dominic;Iorfa;14;150733
270670;Farès;Chaïbi;18;153447
271983;Kévin;Keben;103;154023
221197;Fred;Onyedinma;133;151252
202932;Shkodran;Maholli;46;149928
213307;Dillon;Serna;95;150277
213498;Serge-Junior;Martinsson Ngouali;115;149485
224330;Nicolás;Stefanelli;52;150215
238703;Arvid;Brorsson;46;152147
238423;Simon;Alexandersson;46;149790
186347;Maciej;Rybus;37;148598
226430;Sead;Hakšabanovič;15;152143
190276;Stoppila;Sunzu;147;148540
50093;Hristofor;Hubchev;9;150886
240577;Khetag;Khosonov;40;151823
260732;Ian;Fray;82;153358
240141;Wojciech;Hajda;37;152528
256459;Jesper;Daland;36;152390
212418;Markus;Lackner;4;149192
221274;Yannis;Mbombo;7;150291
229819;Martin;Rasner;4;150696
232156;Mathias;Honsak;4;151278
246947;Paul;Akouokou;108;151643
241945;Phetso;Maphanga;140;150176
158228;Elsad;Zverotić;15;147575
190058;Dejan;Sorgić;51;148625
240117;Maren;Haile-Selassie;47;152091
262595;Jaloliddin;Masharipov;191;150072
240439;Ryan;Porteous;42;152022
267774;Santiago;Trigos;83;153137
209335;Kristoffer;Haugen;36;150245
233707;Sigurd;Haugen;36;151487
222227;Patrick;Berg;36;151617
257151;Abel;Argañaraz;52;151856
219841;Nicolás;Figal;52;150286
242533;Julio;Cascante;72;150104
243585;Gavin;Bazunu;25;153166
243353;Bali;Mumba;14;153031
187650;Predrag;Sikimić;51;146050
201572;Mihály;Korhut;23;148337
237291;Gustavo;Blanco Leschuk;52;149406
260207;Domagoj;Pavičić;10;150261
271300;Anthony;Nwakaeme;133;148447
273001;Leandro;Padovani Celin;54;146530
208824;Jadson;Alves;54;150070
273527;Otacílio;Alves;54;150945
208108;Éderson;Alves;54;148439
253736;Ricardo;Alves;47;153086
270554;Leandro;Alves;54;151188
250851;Frederik;Alves;13;152331
209995;Luis;Alves;54;150204
188105;Réver;Alves;54;146910
187572;Thiago Carleto;Alves;54;148450
269155;Matheus;Salgueiro Pains;54;152258
263670;Bernardo Maria;Cardoso Vital;38;152748
234575;Diogo ;Leite;38;152042
208220;Marcelo;Leite;54;147809
241937;Abdou;Harroui;34;151667
270633;Ryan;Flamingo;34;153115
232743;Tetsuya;Enomoto;163;146297
186935;Claudemir;Domingues de Souza;54;148088
228795;Mazen Ali;Abu Shararah;183;149155
201707;Attila;Fiola;23;148780
221588;Arnab;Mondal;159;148635
160556;Sergey;Kornilenko;6;146340
210614;Sérgio;Monteiro Semedo;104;148055
210301;Santiago;Tréllez;56;148749
164495;Marc-André;Kruska;21;147816
239737;Antonino;Gallo;27;152389
276805;Vitalie;Damascan;33;152043
219835;Néstor;Camacho;58;147924
206485;Rudy;Camacho;18;149161
238046;David;Camacho;56;151452
193110;Ghilherme;Camacho;54;148793
233398;Will;Henry;14;151841
224494;Rico;Henry;14;151477
233366;Thomas;Henry;18;150456
201208;Doneil;Henry;70;149938
205431;Niclas;Füllkrug;21;149868
207472;Gōtoku;Sakai;163;149170
208520;Hiroki;Sakai;163;148834
208335;Lukas;Kübler;21;149705
212197;Daniel;Heuer Fernandes;38;149780
240401;Eros;Dacaj;21;151176
248113;Alexandru;Mățan;39;152260
252096;Nelson;Hernández;61;149652
207600;Eddie;Hernández;81;149155
238297;Diego;Hernández;83;151701
214198;John;Hernández;56;147444
214327;Vladimir;Hernández;56;148406
237034;Juan Camilo;Hernández;56;152131
239654;Jesús;Hernández;61;149834
231866;Rodrigo;Hernández;45;151097
244523;Javier;Hernández;45;151776
210762;Betsiel;Hernández;83;150549
261462;Pedro;Hernández;83;152689
240921;Ronald;Hernández;61;151566
217090;Evelio;Hernández;61;146710
205590;Luís;Hernández;45;148471
272485;Anthony;Hernández;72;153065
220522;Daniel;Hernández;56;149807
239621;Daniel;Hernández;83;152963
253895;Robert;Hernández;61;150085
232656;Théo;Hernández;18;151568
232101;José;Hernández;83;151410
241958;José;Hernández;61;151466
260561;Óscar;Hernández;61;149883
221463;Ernesto;Hernández;60;147113
220814;Lucas;Hernández;18;150968
254011;Lucas;Hernández;60;149680
234966;Sebastián;Hernández;56;147546
186302;Elías;Hernández;83;148121
224389;Jordan;Larsson;46;151460
209782;Sam;Larsson;46;149928
268896;Hugo;Larsson;46;154024
273004;Abdollah;Karami;161;146233
228666;Brandley;Kuwas;34;149725
209304;Jules;Iloki;18;149476
231691;Alban;Lafont;18;152042
266728;Daniel;Bîrligea;39;152494
220831;Mickaël;Malsa;18;150843
240753;Amine;Gouiri;97;152431
241130;Ignatius;Ganago;103;152066
273336;Marios;Dimitriou;11;149822
228906;Patrice;Dimitriou;18;146245
263268;Yoann;Cathline;18;153318
236790;Yassin;Fortuné;18;152049
240066;Damien;Dumont;18;152353
256858;Olivier;Dumont;7;153180
228357;Kévin;Soni;103;151761
258585;Ivor;Pandur;10;152469
189459;Jaime;Romero Gómez;45;148944
246836;Amos;Pieper;21;151671
198136;Antonino;Ragusa;27;148818
212381;Roberto;Insigne;27;150324
201454;Faouzi;Ghoulam;97;149129
211515;Pierluigi;Gollini;27;150635
213938;Davide;Biraschi;27;150376
231919;Alessandro;Murgia;27;151145
225189;Simone;Bastoni;27;151233
237383;Alessandro;Bastoni;27;152122
209253;Matty;Blair;14;148539
205663;Massimiliano;Busellato;27;149941
210835;Timothy;Nocchi;27;148920
230983;Marco;Firenze;27;150005
203746;Jon;Toral;45;150594
238474;Moutir;Chajia;7;151809
243816;Emanuel;Iñíguez;52;151184
236473;Landon;Donovan;95;145873
241964;Dior;Angus;14;150211
210722;Julio;Tavares;104;148325
251272;Fábio;Tavares;38;152772
210268;Luiz Gustavo;Tavares;54;150236
230654;Carlos;Tavares;54;151143
251530;Nuno;Tavares;38;152410
197199;Fredson;Tavares;104;146016
217140;Alex;Gilliead;14;150965
244448;Juan Sánchez;Purata;83;151663
190937;Quincy;Amarikwa;95;147938
214644;Alejandro;Fernández Portillo;45;149773
214656;Billy;Nordström;46;150819
237361;Ian;Sirelius;46;147937
154950;Yuriy;Zhirkov;40;146407
239715;Pavel;Karasev;40;149654
240263;Arsen;Adamov;40;152312
240214;Denis;Adamov;40;151705
207902;Patryk;Tuszyński;37;148714
263486;Tiago;Çukur;48;153449
240355;Konrad;Poprawa;37;151809
263655;Brayan;Velarde;59;152068
225703;Mario;Velarde;59;148916
212121;Jordi;Vanlerberghe;7;151102
223247;Nelson;Acevedo;52;148194
253256;Nicolás;Acevedo;60;152123
235183;Carlos;Acevedo;83;151033
237171;Humberto;Acevedo;56;151432
237993;Jonás;Acevedo;52;151326
222889;Lucas;Acevedo;52;149409
239546;Clément;Libertiaux;7;151706
263549;Edgaras;Utkus;30;152558
213566;Chris;Erskine;42;147675
264026;Nathan;Bitumazala;18;153459
242183;David;Otto;21;152081
190457;Kristoffer;Tokstad;36;149283
225251;Joachim;Soltvedt;36;150810
238307;Declan;Sharkey;25;151772
201485;Seamus;Sharkey;25;148863
260908;Milos;Kerkez;23;153791
193197;Diogo;Silvestre Bittencourt;54;148731
194351;Hadi;Aghily;161;145460
242265;Michael;Obafemi;25;152572
278129;Youzhi;Xu;155;147983
279395;Yougang;Xu;155;150963
231954;Xin;Xu;155;150302
246349;Dilan;Markanday;14;152982
206362;Dmitri;Shomko;165;148810
268853;Ahmad;Noorollahi;161;149860
229627;Adnan;Mohammad;13;151107
278142;Bochao;Liao;155;147833
221801;Lisheng;Liao;155;149947
219909;Joseph;Molangoane;140;148078
228269;Jair;Céspedes;59;146683
272912;Aleksandar;Vasilev;9;150675
251198;Ellis;Simms;14;152755
261081;Gastón;Benavídez;52;150854
244948;Carlos;Benavídez;60;151743
272279;Emanuel;Páucar;59;151145
271683;Marko;Milovanović;51;153696
265838;Baktiyor;Zaynutdinov;165;151746
276511;Jonathan;Betancourt;57;150603
227289;Harrison;Canchimbo;56;148989
275282;Nikolaos;Kaltsas;22;148546
229432;Nikos;Kaltsas;22;148855
275455;Andreas;Kolovouris;22;149559
191996;Fahad Hamad;Al Yamani;183;150337
182026;Gert;Kams;208;147051
189175;Frédéric;Bulot;115;149002
215053;Matías;Zaldivia;55;149119
242047;Saad;Al Selouli;183;151799
237378;Alex;Dobre;39;151896
238396;Brandon;Ganley;14;152203
238971;Michel;Niemeyer;21;150873
240008;Antonios;Papadopoulos;21;152272
202281;Nikolaos;Papadopoulos;22;148833
150106;Avraam;Papadopoulos;22;146878
238517;Anders Johan;Johansen;36;152120
206217;Henrik Kjelsrud;Johansen;36;149909
190822;Eirik Holmen;Johansen;36;149656
234252;Corey;Jordan;14;152082
241785;Vahid;Amiri;161;148094
225309;Nadiem;Amiri;21;151224
244204;Nikola;Katić;10;151207
229284;Dominik;Widemann;21;151135
206467;Alassane;Plea;18;149897
268031;João;Fernandes;54;151298
212198;Bruno;Fernandes;38;150444
215556;Edimilson;Fernandes;47;151029
209449;Gerso;Fernandes;119;149151
232805;Bernardo;Fernandes;54;150692
204985;Lukas;Fernandes;13;149888
234568;Gedson;Fernandes;38;152028
275635;Jean;Fernandes;54;150857
263828;Roger;Fernandes;38;154536
262061;Kaiky;Fernandes;54;153857
260128;Yago;Fernandes;54;149704
209827;Júnior;Fernandes;55;148279
230732;Rashaan;Fernandes;34;151895
268214;Rony;Fernandes;54;151488
275571;Matheus;Fernandes;54;151835
265610;Lucas;Fernandes;54;150307
239921;Jorge Samuel;Fernandes;38;150953
216380;Daley;Sinkgraven;34;150743
231400;Mark;Bruintjes;34;151101
210021;Hany;Mukhtar;21;150638
276736;Tjaš;Begić;44;153661
232360;Gaëtan;Perrin;18;151082
243449;Lucas;Perrin;18;151977
224322;Kjetil;Haug;36;151817
216534;Roberto;Rodriguez;47;148941
226220;Memo;Rodriguez;95;150919
220905;Jean-Eudes;Aholou;108;150272
226515;Andrei;Girotto;54;149510
208911;Gabriel;Girotto;54;149654
240481;Vesel;Demaku;4;152420
229971;Fabien;Centonze;18;150939
240227;Yacine;Bourhane;18;151927
271019;Giovanni;Fabbian;27;153494
230807;Hayden;Coulson;14;151822
258777;Adil;Demirbağ;48;151633
236221;Darko;Brašanac;51;149505
244416;João Mendes;Neto Saraiva;38;150487
190555;José María;Angresola Jiménez;45;148391
202551;Pål Erik;Ulvestad;36;148983
198642;Dan Peter;Ulvestad;36;148461
211263;Lisandro;Magallán;52;150098
228790;Aitor;Buñuel Redrado;45;151695
234151;David;Carmona Sierra;45;151300
239098;Chima;Okoroji;14;151398
240575;Alejandro;Prendes Reina;45;151391
251829;Ramon;Hendriks;34;152949
242612;Edward;Chilufya;147;152279
193336;Vid;Belec;44;148889
220515;Duilio;Evangelista;27;150590
245797;Jozef;Pukaj;219;152428
142532;Jozef;Pukaj;47;152428
248204;Omar;Kamal;111;150100
256029;Cameron;Dunbar;95;153410
270046;Lukáš;Sadílek;12;151067
271900;Michal;Sadílek;12;152170
239872;Pablo;Renan dos Santos;54;149540
252483;Alfie;Doughty;14;152374
233383;Paul;Kalambayi;14;152209
235703;Alfie;Beestin;14;151563
205015;Jack;Grimmer;42;150218
224965;Christian;Doidge;50;149700
227183;Mekhi;Leacock-McLeod;14;151186
212831;Alisson;Becker;54;149738
245097;Finn Ole;Becker;21;152544
229610;Robin;Becker;21;151307
254245;Timo;Becker;21;151373
223790;Sheraldo;Becker;34;150598
206603;Connor;Lade;95;148687
222060;Nathan;Allan de Souza;54;150996
237051;Mohamed Buya;Turay;138;150568
240332;Brenner;Souza da Silva;54;152400
180826;Luiz Adriano;Souza da Silva;54;143440
228097;Evgeniy;Goshev;40;151457
237007;Nikita;Glushkov;40;150367
255369;Mohammed;Maran;183;152796
259184;Rodrigo;Vilca;59;152090
262221;Luciano;Valente;27;153757
269357;Nicola;Valente;27;149376
246751;Anthony;Uribe;61;149029
214047;Matheus;Uribe;56;149177
255400;Anton;Tanghe;7;152047
204549;Davy;Roef;7;150230
222263;Nordin;Jackers;7;151537
223596;Smail;Prevljak;8;150688
223724;Stefan;Lainer;4;149702
226705;David;Atanga;117;151283
229513;Julius;Ertlthaler;4;151404
240309;Yevhen;Makarenko;49;149238
241202;Patson;Daka;147;151936
257208;Michel;Balikwisha;7;152880
244843;William;Balikwisha;107;152151
259586;Hugo;Siquet;7;153305
206598;Daniel;Berntsen;36;149922
233445;Jeppe;Arctander Moe;36;150773
258081;Luca;Martínez Dupuy;83;152906
267995;Jackson;Ragen;95;151921
233777;Pedro;Silva Torrejón;52;151314
194837;Ohad;Levita;26;147319
209073;Rubert;Quijada;61;148408
260686;Iván;Huayhuata;53;149571
216033;Jorge;Broun;52;147417
244385;Georgi;Bushchan;49;150344
273500;Wesley;Frazan;54;151080
225131;Patrick;Bezerra;54;149673
216145;Armando;Izzo;27;149524
204424;Paul;Izzo;195;150564
226408;Fernando;Brandán;52;148818
232357;Joe;Caletti;195;151911
232376;Takuya;Aoki;163;148626
217696;Azzeddine;Doukha;97;147488
176348;Ki Hun;Yeom;167;146264
242603;Harisson;Marcelin;18;152427
266567;Ángelo;Pizzorno;60;149391
278517;Anwar;Memet-Ali;155;151542
271810;Sintayehu;Sallalich;26;149098
238682;Daniel;Hägele;21;148421
238960;Alexander;Piller;21;150021
268210;Guilherme;Bissoli;54;151663
242053;Alexey;Skvortsov;40;149475
242360;Niels;Verburgh;7;151685
247026;András;Schäfer;23;152122
239752;Steffen;Schäfer;21;150314
208001;Paulo Otávio;Rosa da Silva;54;150520
264698;Luiz Henrique;Rosa da Silva;54;152752
273502;Mateus Norton;Gomes;54;151124
273463;João;Gomes;54;152793
245035;Claudio;Gomes;18;152589
240507;Angel;Gomes;14;152628
259170;Rodrigo;Gomes;38;153668
240173;Asier;Gomes;45;151655
224075;André Luís;Gomes;38;148717
275914;Leonardo;Gomes;54;151105
258607;Tote;Gomes;38;152035
221794;Wescley;Gomes;54;149381
211575;André;Gomes;38;150039
201238;Gilson;Gomes;54;147405
211368;Armindo;Tué Na Bangna;38;150490
211920;Marco;Grüttner;21;147196
213777;Iver;Fossum;36;151120
240697;Shandon;Baptiste;77;151752
225476;Cheick;Keita;126;151244
231489;Aly;Keita;46;147613
262137;Habib;Keita;126;153151
232127;Aboubakar;Keita;108;151598
261539;Mandela;Keita;7;153245
221491;Nico;Elvedi;47;151197
234877;Fabijan;Buntić;10;151344
211625;Rodrigo;Dourado;54;150361
239627;Adam;Zrelak;43;150318
202916;Muhammed;Mert;21;150598
223115;Paul;Gladon;34;149540
225114;Mimoun;Mahi;129;150265
214621;Ciarán;O'Connor;25;151109
228104;Michael;O'Connor;25;151866
204297;Anthony;O'Connor;25;149761
228658;Kevin;O'Connor;25;150685
236319;Thomas;O'Connor;25;152130
246762;Sékou;Koïta;126;152351
239254;Berke;Özer;48;152530
228591;Carlens;Arcus;80;151103
239211;Bevic;Moussiti-oko;107;150586
240057;Cyril;Mandouki;18;149330
231856;Álvaro;Tejero;45;151125
258648;Carlos;Augusto;54;152026
251675;Douglas;Augusto;54;151302
271143;Kyle;Hiebert;70;151500
228094;Nahuel Alberto;Omiliani González;45;151015
275663;Marijan;Čabraja;10;151345
245894;Roberto;González Bayón;45;152756
240190;Kunde;Malong;103;150765
245079;Alfio;Oviedo;58;150910
218164;Fidencio;Oviedo;58;147786
208268;Bryan;Cristante;27;150620
230966;Aleksandr;Filin;49;150734
225440;Carlos;Embalo;119;150522
229868;Daniele;Mignanelli;27;149958
262344;Julien;Le Cardinal;18;151504
270894;Lamine;Diack;136;152704
263448;Gor;Manvelyan;18;153214
237232;Batuhan;Ahmet Şen;48;152053
263583;Onur;Ergün;48;149782
182736;Ricardo Jorge;Novo Nunes;38;145997
203704;Ibrahim;Salah;111;147727
270828;Ibrahim;Salah;129;152992
209331;Mohamed;Salah;111;149629
210743;Leandro;de Lima Silva;54;150096
210110;Derik;Osede Prieto;45;149880
218464;Eliser;Quiñones;56;148313
237246;Yosimar;Quiñones;56;148218
234579;Julian;Quiñones;83;151372
214491;Luis;Quiñones;56;149274
251287;Fabian;Nürnberger;21;152228
270834;Abderrahman;Rebbach;97;151877
216485;Aaron;Tshibola;110;150560
222951;Marek;Rodák;43;151271
237975;Barry;Cotter;25;151992
269569;Jan;Gorenc;44;152226
244368;Artem;Besedin;49;151014
209241;Gregor;Balažic;44;148044
230697;Ethan;Robson;14;151130
237973;Konstantin;Kuchaev;40;151731
209452;Sebastian;Rudol;37;150610
214882;Jakub;Czerwiński;37;149315
239768;Alan;Czerwiński;37;149861
262024;Nayel;Mehssatou;55;153335
210482;Simon;Piesinger;4;149596
234905;Dante;Vanzeir;7;151760
240702;Roman;Yaremchuk;49;150889
215636;Stuart;Bannigan;42;149723
215266;Lucas;Melano;52;149888
256934;Josh;Atencio;95;153146
235824;Tomás;Alarcón;55;152294
240956;Matías;Melluso;52;151814
237010;Hanwen;Deng;155;150566
278051;Xiaofei;Deng;155;146326
228310;Thomas;Deng;195;151368
256167;Ezequiel;Cañete;52;152187
219413;Edwin;Velasco;56;149406
236268;Pedro;Velasco;57;150008
252238;Alan;Velasco;52;153323
244772;Kevin;Velasco;56;151409
255398;Julen;Lobete Cienfuegos;45;152646
273005;Hossein;Papi;161;146964
278884;Oleksandr;Svatok;49;150463
272560;Abolfazl;Jalali;161;151831
214274;José;Chunga;56;149289
190227;Cássio;Rissardo;54;145658
209040;Majed;Hazazi;183;148111
230801;Ali;Hazazi;183;150242
202404;Daniel Lopes;Amora;54;147929
213377;Hazaa;Al Hazaa;183;149317
204060;Tjaronn;Chery;34;148157
204727;Hamdi;Dahmani;21;147956
216287;Joshua;Putze;21;150529
238937;Patrick;Posipal;21;148064
244789;Aleš;Čermák;12;150467
232243;Farouk;Miya;146;151619
236667;Javier;Iritier;52;150547
208120;Kacper;Przybyłko;37;149912
213699;Ashley;Fletcher;14;144497
221896;Donis;Avdijaj;219;151161
222148;Ondrej;Duda;43;150532
222553;Sebastian;Griesbeck;21;149008
233260;Alexis;Vega;83;151618
218433;Federico;Vega;52;149863
271141;Édison;Vega;57;148799
263515;Román;Vega;52;153846
224663;Jesús;Vega;83;152462
228057;Leandro;Vega;52;151071
251213;Cristian;Vega;52;150088
233467;Deyver;Vega;72;149725
184204;Renny;Vega;61;144899
255241;Antoine;Colassin;7;152807
225532;Ibrahim;Cissé;18;151046
231869;Ibou;Cissé;18;151230
228386;Pape Abou;Cissé;136;150815
177765;Papiss Demba;Cissé;136;147060
240742;Zeki;Erkilinc;34;151676
258685;Jackson;Muleka;110;152296
240808;Fraser;Murray;42;152146
227758;Simon;Murray;42;149537
220798;Gianmarco;Gambetta;59;149219
230602;Martin;Francois;18;151281
255462;Tiago;Banega;52;152201
275559;Ygor;Nogueira;54;150644
246604;Charlie;Kelman;95;153056
237424;Paik;Seung-ho;167;151365
208790;Zakaria;Bakkali;7;150949
216189;Ander;Capa Rodríguez;45;149597
226272;José Carlos;Lazo Romer;45;150970
240992;Nahuel;Estévez;52;150876
212523;Anderson;Talisca;54;150225
237574;Samuel;Tetteh;117;151133
190193;Abdul Aziz;Tetteh;117;148408
223607;Luis;Ruiz Sayago;45;149644
236405;Daniel;Lasure Briz;45;150251
239884;Borislav;Tsonev;9;150677
187038;Benjamin Tembe;Mokulu;110;148651
266668;Layan;Loor;57;152893
193333;Nicolò;Brighenti;27;148580
232350;Josip;Posavec;10;150993
224982;Gregorio;Sierra Pérez;45;149892
246242;Boulaye;Dia;136;151244
168253;Issiar;Dia;136;147795
224489;Ertuğrul;Ersoy;48;151333
240479;Furkan;Pekşen;48;151039
262227;Daniel;Jebbison;70;153672
263469;Mohamed;Kaba;18;153050
163418;Sory;Kaba;118;150658
213439;Jonathan;Osorio;70;149626
237297;Yordan;Osorio;61;150323
278012;Dario;Osorio;55;153869
214957;Humberto;Osorio;56;148177
219090;Raúl;Osorio;55;150738
230906;Kelvin;Osorio;56;150130
212267;Ivan Ricardo;Cavaleiro;38;150119
242156;Muhannad;Al Shanqeeti;183;152090
259358;Awad;Al Nashri;183;153189
225793;Ben;Godfrey;14;151669
238185;Joe;Rowley;14;152173
228328;Shaun;Rowley;14;151229
233375;Darragh;Leahy;25;151759
239119;Luke;Leahy;14;149786
213635;Tom;Lapslie;14;150836
243336;José;Gurrola;83;151759
224318;Omari;Sterling-James;89;150086
215982;Matteo;Mancosu;27;146897
217714;Paul;Arriola;95;150594
196935;Ignasi;Miquel;45;149734
253077;Dávid;Sigér;23;149066
211308;Denis;Terentyev;40;149688
215959;Nikolay;Safronidi;40;146428
219702;Kamil;Dankowski;37;151127
223307;Jarosław;Kubicki;37;150777
244601;Sydney;van Hooijdonk;34;152421
258687;Boris;Popović;51;152441
228353;Gaëtan;Hendrickx;7;150647
233487;Riley;McGree;195;151960
211742;Marc;Lorenz;21;148201
242383;Simon;Lorenz;21;151378
239718;Hassane;Bandé;101;151957
235401;Vladimir;Golemić;51;149276
233727;Connor;McLennan;42;152297
253400;Vitor Eduardo;da Silva Matos;54;152417
253475;Merveille;Papela;21;152768
208158;Federico;Andrada;52;150255
205849;Esteban;Andrada;52;149123
233034;Juan;Andrada;52;150562
213581;Martín;Nervo;52;149103
227900;Nicolás;Tripichio;52;150928
261281;Caleb;Okoli;27;152944
168007;Nektarios;Alexandrou;11;146528
184943;Ramires;Santos do Nascimen.;54;147719
221553;Viðar Örn;Kjartansson;24;148802
273087;Mohammad;Khorsandnia;161;148037
259633;Giannis;Konstantelias;22;153610
218936;Luís Rafael;Soares Alves;38;150687
230659;Moisés;Wolschick;54;150460
273524;Guilherme;Mantuan;54;151307
245689;Erick;Ferigra;57;152057
224365;Andrija;Kaluđerović;51;147822
238913;Mohammed Mohsen;Harzan;183;148379
207546;Dong Woon;Shim;167;148794
232269;Yong Joon;Heo;167;149836
206355;Mark;Gurman;165;148407
241673;Borna;Barisić;10;149777
275024;Javid;Tagiev;5;149666
238674;Kevin;Broll;21;150793
238779;Jesper;Verlaat;34;151079
273202;Ikechukwu;Ezenwa;133;148291
179984;Frédéric;Frans;7;148370
225496;Ben;Tilney;14;151348
235573;Marcus;Godinho;70;151468
246065;Luis;Haquin;53;151608
208493;Taleb;Tawatha;26;149635
275438;Mirlind;Daku;1;151655
228827;Jeando;Fuchs;18;151573
239351;Alexander;Fuchs;21;151294
243953;Antoine;Bernier;7;151542
262056;Theo;Sander;13;154219
243354;Philipp;Sander;21;151706
253349;Alejandro;Cabeza;57;151359
216833;Jeroen;Houwen;34;150972
275028;Arthur Augusto;de Matos Soares;54;153540
234195;Django;Warmerdam;34;150803
235966;Gonzalo;Goñi;52;151882
215233;Ernesto;Goñi;60;146919
246147;Mason;Greenwood;14;153024
253407;Sam;Greenwood;14;153141
208862;Jimmy;Giraudon;18;149478
223581;Jonathan;Iglesias;60;148353
224179;Borja;Iglesias;45;149845
260178;Juan;Iglesias;45;151838
231563;Feiver;Mercado;56;148884
228069;Kevin;Mercado;57;150586
192715;Juan Pedro;Ramírez López;45;149217
199986;Anaitz;Arbilla Zabala;45;147771
221697;Ollie;Watkins;14;150922
189776;Marley;Watkins;50;149022
207537;Jordan;Lukaku;7;150399
192505;Romelu;Lukaku;7;149961
220122;Joan;Campins Vidal;45;150733
238461;Luis;Perea Hernández;45;151526
268804;Mario;Gila;45;152626
242553;Mark;Segbers;95;151032
180930;Edin;Džeko;8;147347
209839;Timo;Letschert;34;149973
235805;Federico;Chiesa;27;151587
271578;Mattia;Chiesa;27;152582
238095;Nikola;Milenković;51;151574
262333;Yayah;Kallon;138;152931
188871;Libor;Kozák;12;148517
259962;Gustavo;Del Prete;52;151087
221987;Pierluigi;Cappelluzzo;27;151084
216815;Flávio;da Silva Ramos;54;150325
212454;Callum;O'Dowda;25;150671
212491;Arthur;Masuaku;110;150139
213967;Christoffer;Mafoumbi;18;150255
214876;Jack;Marriott;14;150445
215374;Scott;Hogan;25;149566
246233;José Antonio;Cobián;83;151911
223918;Brandon;Comley;84;150880
138699;Blerim;Džemaili;47;147373
210970;Bismark;Adjei-Boateng;117;150323
211053;Lucas;Hägg-Johansson;46;150385
232170;Sebastian;Starke Hedlund;46;150653
225071;Benjamin;Whiteman;14;151092
240083;Vasiliy;Aleynikov;40;150693
225467;Tom;Beadling;14;150939
275846;Igor;Kogut;49;150990
276528;Claudio;Echeverri;52;154578
210490;Kristijan;Dobras;4;149745
235513;Silvère;Ganvoula;107;151097
236510;Barnabás;Varga;23;150218
258590;Kevin;Varga;23;151013
237155;Silas;Gnaka;108;152006
269922;Denis;Huseinbašić;21;152934
223252;Ole Martin;Rindarøy;36;150694
233400;Jakob;Glesnes;36;150277
259271;Ignacio;Gariglio;52;151769
242253;Mason;Toye;95;151943
222693;Héctor;Fertoli;52;150530
180514;Meshaal;Barsham;182;151699
241064;Mateo;Carabajal;52;151341
232514;Gabriel;Carabajal;52;149440
237248;Germán;Berterame;52;151971
268885;Taras;Kacharaba;49;150565
264032;Abbas;Huseynov;5;150722
254262;Zeno;Debast;7;153777
216765;Leandro;Maygua;53;149718
225360;Gabriel;Enache;39;148962
255206;Jay;Stansfield;14;153443
232105;Roni;Peiponen;17;151388
254502;Stefano;Turati;27;152998
256458;Martín;Amuz;60;151400
50001;Nikolay;Mihaylov;9;148181
272320;José;Cotrina;59;150330
275071;Nikita;Korzun;6;150623
237177;Freddy;Flórez;56;149873
219861;Cristian;Flórez;56;150557
237655;Brayner;De Alba;56;149854
240358;Sylwester;Lusiusz;37;152280
50044;Giorgos;Vakrakos;22;151579
200268;Jordão;Tackey Diogo;38;147222
223164;Zisis;Karachalios;22;150933
223276;Jorge Luis;Díaz Gutiérrez;60;148546
243767;Gavin;Kilkenny;25;152416
240463;Mohammed;Al Majhad;183;151851
200236;Gordan;Bunoza;8;148037
220380;Ramy;Rabia;111;149968
271010;Hamza;Mathlouthi;145;149669
229983;Alan Henrique;Ferreira B. Soares;54;149267
204044;Martin;Kobylański;37;150260
212243;Vladimir;Ranković;21;150006
235207;Sören;Reddemann;21;151060
238647;Morris;Schröter;21;150790
238784;Björn;Rother;21;151134
235076;Layton;Ndukwu;14;151904
218189;Erick;Chipeta;148;148911
219951;Anton;Salétros;46;151026
239023;Ben;Wiles;14;152126
237592;Michael;Blauensteiner;4;150600
221622;Christian;Dean;95;149901
191079;Harlee;Dean;14;149304
206134;Devante;Cole;14;150688
260145;Omari;Hutchinson;82;153782
134744;Atiba;Hutchinson;70;146214
208620;Omar;Mascarell;45;149861
209485;Alexander;Mühling;21;149711
225875;Niklas;Kreuzer;21;149879
233514;Joël;Abu Hanna;21;151676
214350;Michael;Rangel;56;149164
261463;Juan;Rangel;83;152405
222665;Martin;Ødegaard;36;152005
202259;Magnar;Ødegaard;36;149959
269940;Xander;Blomme;7;153287
240856;Bilal;Bayazit;48;152117
259233;Ilaix;Moriba;118;153499
225780;Kiril;Despodov;9;151239
215245;Adrien;Hunou;18;150212
230038;Anthony;Maisonnial;18;151736
239363;Kouadio-Yves;Dabila;108;151290
275499;Aleksandar;Gojkovic;51;148224
200201;Giliano;Wijnaldum;34;149706
269227;Álex;Pastor Carayol;45;152293
240243;Matheus; Cunha;54;152166
254123;Miguel Ángel;Leal Díaz;45;151321
205600;Samuel;Umtiti;18;150146
235781;Santiago;Comesaña;45;151202
278895;Ali;Shirmemet;155;151471
241049;Andoni;Gorosabel;45;151140
244987;Milton;Álvarez;52;148393
246191;Julián;Álvarez;52;152415
216500;Jorge;Álvarez;81;151682
258846;Agustín;Álvarez;60;152889
266797;Gastón;Álvarez;60;152468
235844;Edson;Álvarez;83;151586
274101;Johnny;Álvarez;72;152461
214364;Felipe;Álvarez;56;149868
271615;Patricio;Álvarez;59;150217
227227;Daniel;Álvarez;83;150396
227602;Favio;Álvarez;52;149851
239491;Juan;Álvarez;52;150964
242569;Francisco;Álvarez;52;152432
247511;Kevin;Álvarez;81;151139
253008;Kevin;Álvarez;83;152034
265875;Emiliano;Álvarez;60;151017
240370;Juan Ignacio;Álvarez;52;151589
240670;Lucas;Álvarez;52;150261
216390;Oswal;Álvarez;56;150720
227950;Yeray;Álvarez;45;150582
264538;Mauricio;Álvarez;53;153579
225436;Mario;Álvarez;56;150347
196910;Gilbert;Álvarez;53;149560
221144;Alain;Oyarzun Aguilar;45;150098
247394;Dejan;Kulusevski;46;152490
239337;Robert;Herrmann;21;150050
217931;Hakim;Ouro-Sama;144;151651
212156;Sebastián;Rincón;56;150207
194359;Yuto;Nagatomo;163;147526
220671;Federico;Melchiorri;27;147642
201313;Camillo;Ciano;27;148785
223917;Samir;Nabi;14;151274
204291;Adil;Nabi;14;150252
253108;Muhammed-Cham;Saračević;4;152654
243544;Adalberto;Carrasquilla;87;151986
212474;Tiago Rafael;Maia Silva;38;149981
226216;Bruno Edgar;Silva Almeida;54;150270
212046;Adrian;Popa;39;148207
268902;Daniel;Popa;39;150388
253688;Mihai;Popa;39;152670
235871;Tiago André;Araújo Rodrigues;38;151307
237692;Phil;Foden;14;152533
219957;Jacob Barrett;Laursen;13;150514
201527;Ryan Johnson;Laursen;13;149567
204987;Bror;Blume;13;149484
224356;Yann;Del Pino Rolim;54;150632
235140;Jacob;Buus;13;151355
193739;Ivo;Pękalski;46;149039
226416;Rodrigo;Noya;52;148763
207783;Raymon;Gaddis;95;148745
214658;Jesper;Karlström;46;150730
222156;James;Bree;14;151634
237219;Eric;Klenofsky;95;150456
224127;Dmitriy;Sysuev;40;148014
233791;Alexandr;Maksimenko;40;151732
240844;Alexandr;Maksimenko;40;150986
212573;Vitalijs;Maksimenko;28;149074
239294;Mikhail;Oparin;40;149970
264880;Loum;Tchaouna;18;153731
263343;Naatan;Skyttä;17;153242
234903;Gaëtan;Coucke;7;151991
267980;Oscar;Villa;83;152805
233959;Sebastián;Villa;56;151063
254951;Lautaro;Ríos;52;152667
262881;Ríchard;Ríos;56;152538
214914;Michael;Ríos;55;146711
235184;Daniel;Ríos;83;150611
260142;Aleksey;Ríos;6;147770
231336;Gabriel;Ríos;53;147350
232195;Juan David;Ríos;56;149377
210484;Andreas;Kuen;4;150641
213221;Diawandou;Diagné;136;150402
215302;François;Marquet;7;150665
229670;David;Faupala;18;151331
234044;Damien;Mouchamps;7;150933
241093;Samuel;Oum Gouet;103;151637
203366;Eirik Bergum;Skaasheim;36;149850
245396;Vladyslav;Supriaha;49;152430
222606;Richie;Purdy;25;151456
225068;Jamie;McDonagh;35;151052
230711;Eddie;Dsane;14;151325
198354;Jhonathan;Ramis;60;148677
215309;Lucas;Albertengo;52;149127
268782;Bassam;Al Rawi;182;151639
256935;Ethan;Dobbelaere;95;153433
270390;Marcus Vincius;Oliveira Alencar;54;153577
237221;Juan;Foyth;52;151666
257956;Juergen;Elitim;56;151848
205894;Plamen;Iliev;9;149431
234746;Dimitar;Iliev;9;148270
251647;Bruno;Langa;130;151563
206336;Afran;İsmayılov;5;148283
210136;Tomasz;Kędziora;37;150355
227895;Kris;Twardek;70;151356
271438;Jan;Mikula;12;149467
251990;Lucas;Queiroz Canteiro;54;152661
213961;Matheus;Ferraz;54;146949
269562;Sayfallah;Ltaief;145;152497
234286;Neider;Barona;56;151481
239681;Omar;Bertel;56;151176
260965;Fábio Roberto;Gomes Netto;54;151434
50013;Vangelis;Pitkas;22;146386
210405;Nikos;Marinakis;22;150083
275213;Kostas;Fliskas;22;145443
226132;Nick;Cowburn;195;150624
184292;Eli;Sabiá Filho;54;148245
191269;Salman;Al Faraj;183;148580
196823;Given;Singuluma;147;147164
213645;Ejike;Uzoenyi;133;149545
271003;Conlyde;Luchanga;147;151359
223665;Flavio;Ciampichetti;52;148068
229713;José;Bizama;55;150369
238560;Lennart;Stoll;21;151047
228642;James;Tilley;14;151818
210462;Menno;Heerkes;34;150031
239492;Sebastian;Bösel;21;150490
272973;Mirzad;Mehanović;8;149833
190474;Björn Daniel;Sverrisson;24;148881
238498;Hussain;Halawani;183;150929
239441;Jordi;Mboula Queralt;45;152094
241960;Timo;Stavitski;17;152217
242085;Matthew;Virtue-Thick;14;151411
257020;Morgan;Guilavogui;118;151723
232049;Brandon;Vincent;95;150314
222773;Luca;Zander;21;150779
224980;Marnon;Busch;21;150535
229923;Sebastian;Stolze;21;150587
236624;Aymen;Barkok;129;151795
239096;Atakan;Karazor;21;151210
235152;Ferdi;Kadıoğlu;48;152299
269274;Ibrahim;El Kadiri;129;153138
240139;Delano;Ladan;34;152424
204105;Kenny;Lala;18;149373
240777;Luca;Ranieri;27;152132
208174;Mayoro;Ndoye-Baye;136;149449
230568;Nathaël;Julan;18;151124
254928;Bartol;Franjic;10;152398
240132;Redouane;Kerrouche;18;150309
189250;Salomón;Rondón;61;148626
236045;Reinildo;Mandava;130;150214
191202;Nemanja;Matić;51;148215
208462;Robin;Pröpper;34;150094
229416;David;Morillas Jiménez;45;147542
212602;Diego;Llorente;45;150056
226161;Marcos;Llorente;45;150588
250858;Pathé;Ciss;136;150268
223009;Edoardo;Lancini;27;150293
232838;Isaac David;Christie-Davies;50;151580
251959;Jacky;Donkor;7;151970
232203;Anton;Donkor;21;151604
212445;Isaac;Donkor;117;150785
236213;Davide Djily;Diaw;136;149468
220820;Mory;Diaw;136;150001
205685;Davide;Diaw;27;149468
254195;Jesús;Careaga;53;151418
205540;Jordon;Ibe;14;150900
207745;Mehdi;Zeffane;97;149602
246053;Joe;Gelhardt;14;153239
222832;João Rafael;Brito Teixeira;38;150230
227536;Moussa;Marega;126;149201
211506;John;Swift;14;150732
223694;Erik;Marxen;13;149068
232711;Jens;Stage;13;151236
205210;Oscar;Lewicki;46;149658
259849;Gabriel;Veron;54;153361
237959;Jordy;Delem;18;149905
210591;Vladimir;Khozin;40;148551
229330;Jamal;Dibirgadzhiev;40;151138
240088;Ivan;Melnikov;40;151298
211087;Krystian;Nowak;37;150284
239246;Wiktor;Nowak;37;151918
211283;Konrad;Nowak;37;150504
235066;Piotr;Nowak;37;151719
237075;Christian;Ramirez;95;149191
229662;Martin;Polaček;43;148824
239356;Azor;Matusiwa;34;151772
257278;Arthur;Theate;7;152530
204308;Hendrik;Van Crombrugge;7;149948
214408;Igor;Lichnovsky;55;150259
239005;Lorenz;Grabovac;4;151495
234683;Andi;Zeqiri;47;152192
190979;Etzaz;Hussain;36;149855
244373;Vitaliy;Buyalskyi;49;149834
222853;John;Hou Sæter;36;151667
227616;Amund;Wichne;36;151421
231686;Martin;Ramsland;36;149920
269889;Ulises;Ortegoza;52;151398
215050;Diego;Braghieri;52;147643
226409;Leandro;De Bórtoli;52;148217
247448;Greg;Ranjitsingh;93;150027
248855;Japhet;Sery Larsen;13;152485
262579;David;Čolina;10;152585
228777;Geovanni;Banguera;56;150907
245863;Valentin;Gendrey;18;152557
251176;Samuel;Silvera;195;152683
267406;Maximiliano;Silvera;60;151537
218341;Josip;Elez;10;150308
240872;Mthokozisi;Dube;140;149716
258308;Oleksandr;Tymchyk;49;151309
275803;Idan;Vered;26;148368
278075;Jiajie;Zhuang;155;150076
278152;Ya;Ou;155;147316
279478;Abror;Karimov;191;150403
207627;Hernán;Pertuz;56;148457
260616;Adam;Saldaña;95;153153
226723;Leonardo;Saldaña;56;148709
240124;José;Jaimes;56;151754
266608;Nicolás;Fonseca;60;151946
269977;Théo Luis;Fonseca;38;152577
209337;Lucas;Fonseca;54;147120
213748;Antonio;Gonzaga;54;150291
221660;Victor;Lindelöf;46;150391
258451;Enzo;Cornelisse;34;153295
275215;Panagiotis;Triadis;22;149715
218353;Aaron;Appindangoye;115;149522
227921;Morteza;Pouraliganji;161;149572
238955;Davud;Tuma;21;151060
238968;León;Heynke;21;152350
271131;Dragos;Nedelcu;39;151336
242062;Hampus;Finndell;46;152542
211011;Christopher;Dilo;18;150198
215696;Javier;Forján Gutiérrez;45;150683
242144;Darragh;Gibbons;25;151789
235329;James;Gibbons;14;151729
242036;Matija;Ljujić;51;150129
242577;Romain;Faivre;18;151849
204690;Philipp;Hosiner;4;148502
205869;Jairo;Samperio Bustara;45;150020
234156;Nicolaj;Jørgensen;13;151684
202263;Joackim;Jørgensen;36;148265
193318;Daniel Segev;Jørgensen;13;149132
224440;Julian;Pollersbeck;21;150421
229019;Ahmet;Engin;21;151145
260942;David;Datro Fofana;108;153471
236554;Justin;Möbius;21;151400
204370;Sander;van de Streek;34;149911
210832;Mattijs;Branderhorst;34;150193
240505;Dario;Melnjak;10;149767
225953;Steven;Bergwijn;34;151570
253574;Carlos;Melgar;53;150501
235036;Wout;Faes;7;151747
260076;Peer;Koopmeiners;34;152509
240679;Teun;Koopmeiners;34;151713
150657;Sékou;Baradji;18;146655
235397;Nick;Freeman;14;150869
200807;Kieron;Freeman;50;149543
216393;Youri;Tielemans;7;151416
230896;Aaron;Barnes;14;151211
234742;Harvey;Barnes;14;151632
173444;Giles;Barnes;82;148219
230686;Jean-Victor;Makengo;18;151817
231278;Erwan;Maury;18;151091
205747;Martin;Sourzac;18;149547
242995;Joseph;Mora;72;149843
213620;Felipe;Mora;55;150042
237643;Anyelo;Mora;56;152008
235164;Luca;Mora;27;148132
213718;Carlos;Mora;72;152827
242427;Adrián;Mora;83;151516
218729;Elosman Euller;Silva Cavalcante;54;150562
213846;Cristián;Suárez;55;147673
213201;Luis Javier;Suárez;56;151625
251337;Alejandro;Suárez;45;149897
237143;Harlin;Suárez;56;150372
203843;Damián;Suárez;60;148119
205192;Denis;Suárez;45;150199
225591;Leonardo;Suárez;52;151013
222378;Lucas;Suárez;52;150634
211342;Miguel;Suárez;53;149873
276580;Luis;Suárez;60;147660
188042;Matías;Suárez;52;148131
156820;Aarón;Suárez;72;153293
190156;Rubén Salvador;Pérez del Mármol;45;148483
208421;Saúl;Ñíguez;45;150518
183853;Aarón;Ñíguez;45;148483
247649;Jarrad;Branthwaite;14;153293
190456;Nathaniel;Clyne;14;149192
220348;Isaac;Carcelén;45;149941
192883;Henrikh;Mkhitaryan;3;148388
251537;Gary;Magnée;7;152304
250917;Juriën;Gaari;85;150185
219617;Joaquín;Arzura;52;149966
221281;Dominic;Hyam;42;150912
236350;Ignacio;Lara;55;151082
265438;Emilio;Lara;83;153253
222045;Craig;Halkett;42;150707
220489;Filippo;Scaglia;27;149493
178215;Luigi Alberto;Scaglia;27;147598
256630;Florian;Wirtz;21;153603
205911;Marco;Chiosa;27;150151
206053;Davide;Marsura;27;150244
220061;Norbert;Gyömbér;43;149647
240731;Matteo;Capitani;27;151078
237043;Roberto;Alvarado;83;151904
234732;Ever;Alvarado;81;149492
244933;José Alfonso;Alvarado;83;152459
209758;Ventura;Alvarado;95;149691
271321;Victor Gabriel;Moura de Oliveira;54;152388
213666;Ruben;Loftus-Cheek;14;150946
239170;Vito;Hammershøj-Mistrati;13;149629
213570;Stephen;O'Donnell;42;149594
219785;Tareiq;Holmes-Dennis;14;150862
228676;Jack;Dyche;14;151573
166855;Karleigh;Osborne;14;148080
269186;Orri Steinn;Óskarsson;24;154087
243520;Ali;McCann;35;152357
220198;Bersant;Celina;219;151176
190720;Tosaint;Ricketts;70;147854
207858;Dom;Dwyer;95;148943
237047;Aaron;Zahui Bazoukou;46;151090
234760;Arkadiusz;Reca;37;150726
239731;Maciej;Ambrosiewicz;37;151798
251479;Maxim;De Cuyper;7;152741
260592;Benjamin;Šeško;44;153631
224258;Kristoffer;Ajer;36;151761
266637;Christos;Kourfalidis;22;153430
191730;Simen;Rafn;36;149509
222162;Mathias;Berg Gjerstrøm;36;151470
256501;Enzo;Roldán;52;152727
226395;Michael;Covea;61;150061
235938;Sebastián;Gorga;60;150289
268230;Bruno;dos Anjos;54;151081
273521;Matheus;dos Anjos;54;152009
237570;Tin;Plavotic;10;151470
265455;Nikola;Vasiljević;51;149278
196876;Grenddy;Perozo;61;147330
207929;Pedro;K. Medina da Silva;54;148899
212095;Alejandro;Meleán;53;147803
217376;Ghasem ;Haddadifar;161;146368
220407;Martin;Dúbravka;43;148382
242453;Sepp;Van den Berg;34;153104
234660;Jaílson;Marques;54;150808
207522;Romário;Marques;54;149763
268040;Éverson;Marques;54;148935
220617;Rafael Thyere;Marques;54;149965
273516;Giovanny;Marques;54;151551
271673;Lázaro Vinicius;Marques;54;153186
270201;Gabriel;Marques;54;148065
268019;Luis;Marques;54;151439
181392;Carlos Eduardo;Marques;54;147835
216405;Djordje;Despotovic;51;149526
239956;Myron;Boadu;34;152764
236525;Ryan;Lowry;195;150112
232509;Kazuyuki;Morisaki;163;145574
203618;Valentinos;Sielis;11;148812
228887;Tomislav;Mrčela;195;149006
204165;Sebastian;Schiek;21;148811
239563;Marco;Kaffenberger;21;151114
239703;Merveille;Biankadi;21;150687
210714;Jannik;Skov Hansen;13;149833
242113;Mohamed El Hadi;Boulaouidet;97;148854
212991;Daniel;Gremsl;4;149677
239547;José;Monroy;83;150993
241276;Finlay;Sinclair-Smith;14;152586
240841;Stepan;Safronov;40;151594
192617;Timo;Perthel;21;148409
271186;Gustavo;Rosa;27;149526
272406;Gabriele;Rosa;61;150024
211068;Kenan;Kodro;8;150059
211907;Jérôme;Gondorf;21;148179
232432;Luka;Jović;51;151646
227898;Boban;Jović;44;149273
234891;Nils;Seufert;21;151323
222266;Jakub;Bartosz;37;151149
234692;Zak;Mills;14;149611
205861;Andrew;Mills;14;150174
262790;Mats;Deijl;34;151485
216823;Vincent;Vermeij;34;150414
223117;Jeffry;Fortes;104;148448
219582;Steven;Fortes;104;149570
239669;Jonathan;Levi;46;150946
234666;Gor;Agbaljan;3;151403
263656;Jonathan;Cerdán;59;151880
263657;Edison;Realpe;57;151027
203736;Stéphane;Bahoken;18;149611
214949;Harrison;Manzala;110;150258
258393;Yanis;Cimignani;18;153137
230144;Assane;Dioussé;136;151552
193427;Florin;Bérenguer;18;148458
234511;Gauthier;Banaziak;18;151434
212518;Badra Ali;Sangaré;108;147421
238660;Nazim;Sangaré;48;150343
235173;Ibrahim;Sangaré;108;151625
240371;Adam;Jakubech;43;151291
229956;Lawrence Ati;Zigi;117;151257
232439;Luca;Vignali;27;150934
193059;Hans;Mulder;34;147753
200773;Alhassan;Wakaso;117;149469
239548;Joél;Pérez;83;152384
221312;Alexis;Pérez;56;150277
242099;Jhonatan;Pérez;61;148463
240654;Carles;Pérez;45;151701
239620;Julio;Pérez;83;153152
245351;Walter;Pérez;52;151950
274103;Juan Luis;Pérez;72;152199
241555;Esteban;Pérez;56;151739
215049;Damián;Pérez;52;148358
212079;Michael;Pérez;83;149873
231711;Carlos;Pérez;56;150724
260080;Daniel;Pérez;61;153132
256894;Ángel Baena;Pérez;45;152671
253030;Facundo;Pérez;52;152231
271373;Francisco;Pérez;45;153367
229108;Jhon;Pérez;56;148205
244206;Nehuén;Pérez;52;152560
215590;Ayoze;Pérez;45;150038
255333;Matías;Pérez;52;152286
215079;Pablo;Pérez;52;147128
214606;Sebastián;Pérez;56;149916
234717;Sebastián;Pérez;55;148977
219864;Enrique;Pérez;45;151334
267931;César;Pérez;55;153448
235088;Luis;Pérez;45;150593
189008;Luis Ernesto;Pérez;83;148441
237891;Gareth;Doherty;25;151885
222931;Josh;Doherty;35;150998
235650;Ben;Doherty;25;151372
240500;Luke;Woolfenden;14;151948
236039;Dapo;Kayode;14;149736
277869;Michael;Kayode;27;154037
211048;Olarenwaju;Kayode;133;149956
213991;Jefferson;Lerma;56;150491
171315;Alejandro;Alfaro Ligero;45;147598
205469;Solomon;Kvirkvelia;20;149499
243200;Samuele;Mulattieri;27;152665
220638;Luis Miguel;Sánchez Benítez;45;149588
225341;David;García Zubiria;45;150238
256942;Eric;Martel;21;153234
236304;José Manuel;Sánchez Guillén;45;151081
241120;Nicolás;Demartini;52;152327
203871;Valentín;Viola;52;149337
239550;Andreaw;Gravillon;18;151693
241854;Perr;Schuurs;34;152349
191068;Gianmarco;Zigoni;27;149227
219725;Stefano;Minelli;27;150257
220054;Luca;Nizzetto;27;147338
264284;Rayyan;Baniya;27;152068
223114;Eren;Tozlu;48;149093
211607;Florian;Loshaj;1;151149
178684;Nuno André;da Silva Coelho;38;147278
277068;Lucas;Pires;54;152833
238830;Alexandre;Garcia Guedes;38;150235
212419;Tyrone;Mings;14;149900
251517;Joško;Gvardiol;10;153138
183847;Mandla;Masango;140;148566
240017;Andreas;Skov Olsen;13;152382
212910;Armand;Gnanduillet;108;149506
225146;Sessi;D'Almeida;99;150882
229720;Wesley;Fonguck;14;151486
260427;Jahaziel;Marchand;83;153021
205834;Simon;Lundevall;46;148268
208300;Gabriel;Somi;46;149333
241475;Pyry;Soiri;17;150458
237511;Alfons;Sampsted;24;151750
211542;Egor;Baburin;40;150049
225479;Astemir;Gordyushenko;40;151378
237804;Jemal;Tabidze;20;151001
228385;Harry;Burgoyne;14;151286
250835;Marius;Noubissi;103;151195
200532;Kristof;D'Haene;7;148889
248772;Jannes;Van Hecke;7;153130
226289;Uche;Agbo;133;150896
229984;Ben;Chilwell;14;151279
236954;Florian;Prohart;4;152031
272926;Lucas;Bergvall;46;154609
258037;Alejandro;Blesa Pina;45;153130
206584;Jon Helge;Tveita;36;149489
229891;Julian;Ryerson;36;151610
261648;Maurice;Cova;61;149686
222830;Fausto;Grillo;52;149879
244470;Vladimír;Coufal;12;149697
248147;Mateusz;Praszelik;37;152654
192120;Xiaofeng;Geng;155;147924
212944;José;Cevallos;57;150576
255446;Eric;Bocat;18;152216
217651;Oleg;Zoteev;191;148553
228234;Osbaldo;Lastra;57;147069
263689;Agustín;Lastra;52;152752
271553;Nikita;Kaplenko;6;150819
241211;Kirill;Kaplenko;40;152185
273032;Tomas;Poznar;12;148272
271123;Tomas;Malinsky;12;149334
256970;Adam;Karabec;12;153663
259068;Ibrahim;Kébé;126;152598
258713;Zié Mohamed;Ouattara;108;152393
265552;Dango;Ouattara;101;153157
219162;Raphael;Guimarães de Paula;54;150441
270061;Diego Jardel;Koester;54;148424
182091;Kosta;Barbarouses;198;148782
240665;Gonzalo;Verdú;45;148296
234097;Renato;Tarifeño;55;151173
232206;Matías;Parada;55;151746
210238;Liridon;Vocaj;21;150102
211911;Royal-Dominique;Fennell;95;148523
183224;Luís;Aguiar;60;147227
265558;Andreas;Christodoulou;11;151374
239647;Melvin;Krol;21;151662
236236;Omer;Atzili;26;150036
271223;Jakov;Puljic;10;150044
232446;Kaan;Kairinen;17;152010
237139;Tashan;Oakley-Boothe;14;152429
238839;Lewis;Wing;14;151098
241904;Luca;Steinfeldt;21;151195
256196;William;Pacho;57;153039
229707;Jonathan;Lewis;95;151444
204504;Fernando;Lewis;34;149859
231063;Clayton;Lewis;198;151332
231292;Jamal;Lewis;35;151679
237208;Paul;Lewis;14;150544
271574;Rico;Lewis;14;154171
233793;Aaron;Lewis;50;151831
192629;Iago;Aspas;45;147849
216820;Moses;Simon;133;150751
210263;Michael;Duffy;35;150402
229806;Eric;Verstappen;34;150332
192561;Lennart;Thy;21;149518
242708;Mohammed;Adams;14;151190
226093;Ché;Adams;42;151118
232999;Tyler;Adams;95;152064
241185;Kai;Huisman;34;150644
219793;Thomas;Didillon;18;150890
235558;Thibault;Campanini;18;151862
271302;Álvaro; Djaló;45;152247
208330;Adnan;Januzaj;7;150594
252964;Gabriele;Zappa;27;152375
241832;Yagoub;Mustafa;195;152078
239664;Valdrin;Mustafa;1;151724
243559;Jorge;De Frutos;45;151340
18115;Rúben Miguel;Marques dos Santos Fernandes;38;147397
240134;Jonathan; Álamo;45;153018
211556;Carlos;Hernández Alarcón;45;148990
209729;Barrie;McKay;42;150557
275324;Assane;Diao;45;154461
222585;Francisco;Fydriszewski;52;149931
235149;Jerdy;Schouten;34;151301
197953;Eunan;O'Kane;25;148923
234073;Ross;Cunningham;42;151797
226016;Padraic;Cunningham;25;151241
275241;Patrik;Vydra;12;153651
198331;Matěj;Vydra;12;149584
205553;Luca;Ceppitelli;27;148590
220466;Federico;Mattiello;27;150753
204042;Marco;Perrotta;27;150238
211301;Alessandro;Favalli;27;149782
223330;Marco;Moscati;27;149768
213601;Marco;Medel;55;148524
229722;Kevin;Medel;55;151068
213414;William;Troost-Ekong;133;150072
263661;Diego;Campos;59;151072
272319;Angelo;Campos;59;149945
214446;Felipe;Campos;55;150140
260591;Omar;Campos;83;153316
206656;Matías;Campos;55;149327
268068;Lucas;Campos;54;151592
196913;Jhasmani;Campos;53;148132
156272;Éderson;Campos;54;147284
272964;Luis;Pavia;53;152183
205965;Stefan;Ristovski;19;149505
262863;Antonio;Nusa;36;154318
246113;Adrià;Pedrosa;45;151787
239920;Bruno;da Silva Fonseca;54;149720
239923;Inácio;Carneiro dos Santos;54;150952
208564;Peter;Ankersen;13;148997
216459;Alex;Bray;14;150764
216794;Courtney;Duffus;25;150855
228685;Elliott;List;14;151421
255240;Alexis;Doldán;58;151347
202223;Justin;Meram;162;148340
226583;Sotirios;Papagiannopoulos;46;148980
247641;Mateus Cardoso;Lemos Martins;54;152430
241604;Yeison;Arboleda;56;151843
214462;Iván;Arboleda;56;151035
214084;Andrés;Arboleda;56;147739
214483;Carlos;Arboleda;56;147430
214371;Juan;Arboleda;56;148576
228233;Robert;Arboleda;57;149392
226750;Yustin;Arboleda;56;149358
227740;Danilo;Arboleda;56;150694
231597;Carlos;Cermeño;61;150778
231113;Zelimkhan;Bakaev;40;151106
258376;Jorge;Benguche;81;151065
210574;Alexey;Evseev;40;150282
229909;Andrey;Lunev;40;149414
237417;Cătălin;Carp;33;150121
205975;Jakub;Bartkowski;37;149408
266272;Martin;Adeline;18;153816
279451;Gong;Zhang;155;149563
278588;Yuan;Zhang;155;151317
279207;Li;Zhang;155;148585
224685;Xiaobin;Zhang;155;150124
278086;Ye;Zhang;155;147752
205331;Jiaqi;Zhang;155;149440
278145;Ke;Zhang;155;146985
278127;Sipeng;Zhang;155;147770
278044;Yi;Zhang;155;150057
222118;Chenglin;Zhang;155;147656
279230;Lei;Zhang;155;147002
278095;Chenlong;Zhang;155;149945
279686;Cheng;Zhang;155;148576
278453;Huachen;Zhang;155;151729
221820;Xizhe;Zhang;155;149120
278515;Mengqi;Zhang;155;148650
279692;Xiuwei;Zhang;155;150996
279269;Xinlin;Zhang;155;149618
224731;Lu;Zhang;155;147871
279382;Zhenqiang;Zhang;155;149856
278043;Wei;Zhang;155;149915
279680;Wei;Zhang;155;148092
228017;Yuning;Zhang;155;151294
182422;Lu;Zhang;155;147885
200672;Linpeng;Zhang;155;148496
192008;Chi;Zhang;155;147825
186229;Chiming;Zhang;155;148374
183007;Wenzhao;Zhang;155;147784
182409;Chengdong;Zhang;155;148407
182387;Xiaofei;Zhang;155;146002
182069;Xiaobin;Zhang;155;146951
178135;Seth;De Witte;7;147927
204652;Alonso;Escoboza;83;149850
204688;Stefan;Schwab;4;149002
245338;Thomas;van den Belt;34;152919
233735;Jonathan;Okita;110;151202
180548;Saad;Al Sheeb;182;148782
262800;Mahir;Emreli;5;151471
235055;Filip;Stojković;15;149850
201714;Dániel;Böde;23;147568
209737;Éverton Luiz;Guimarães Bilher;54;148146
228736;Wuilker;Faríñez;61;151700
270119;Rashed;Essa;190;148968
271170;Nelut;Rosu;39;150014
214196;Daniel;Bocanegra;56;147749
263059;Tomás Romano;dos Santos Händel;38;152716
214692;Christian;Cueva;59;149424
271066;Richard;Coelho;54;150242
275280;Giorgos;Manousos;22;147973
275492;Adnan;Aganović;10;147912
213525;Armin;Aganović;46;150289
259426;Ahmed;Al Ghamdi;183;153013
241963;Hamed;Al Ghamdi;183;152111
228379;Sultan;Al Ghamdi;183;149542
221264;Raid;Al Ghamdi;183;150319
208917;Khalid Ahmed;Al Ghamdi;183;148089
210028;Waleed;Bakhashwain;183;148683
232674;Fahad;Ghazi;183;150253
204127;Grégory;Tadé;18;147516
50341;Giorgos;Nikas;22;152340
200989;Maximilian;Schulze Niehues;21;148317
211691;Richard;Weil;21;148038
224349;Mario;Seidel;21;150577
228203;Ayman;Ashraf;111;149196
232607;Fabricio;Formiliano;60;149842
244263;Amir;Rrahmani;219;150248
268217;Edilson;Borba;54;150702
206430;Joe;Pigott;14;150156
225344;Vakoun;Bayo;108;151299
241821;Mohamed;Bayo;118;151809
241628;Nicholas;Pierini;27;151872
227529;Mathew;Hudson;14;151864
215370;Maximilian;Hofmann;4;150047
206606;Philipp;Hofmann;21;149917
208731;Andreas;Hofmann;21;147374
210324;Jonas;Hofmann;21;149658
226782;Romario;Williams;82;150420
216201;Iñaki;Williams;117;150359
208813;George;Williams;50;150808
237415;Jordan;Williams;14;152314
239177;Jordan;Williams;14;149810
216272;Danny;Williams;14;148026
243414;Brandon;Williams;14;152631
224265;Joe;Williams;14;151266
237160;Ro-Shaun;Williams;14;151900
213615;Ronwen;Williams;140;149483
256516;Nicholas;Williams;45;153308
224017;Micheal Jordan;Williams;50;150868
231951;Randell;Williams;14;151288
240607;Lewis;Williams;14;152016
247601;Rhys;Williams;14;152784
209400;Mekeil;Williams;93;148937
243057;Neco;Williams;50;152853
190585;Sheanon;Williams;95;148808
253378;Tomás Aresta;Branco Machado Ribeiro;38;152139
222572;Iván;Villar;45;151479
244393;Gonzalo;Villar;45;151736
229184;Tom;Baack;21;152091
229261;Denis;Zakaria;47;151248
236536;Jan-Ole;Sievers;21;150605
256556;Benjamin;Chrisene;14;153857
242436;Jon;Russell;82;152667
204102;Yassin;Ayoub;129;150258
224186;Jordy;de Wijs;34;150566
228279;Joël;Drommel;34;151244
229931;Krzysztof;Kiklaisz;37;151757
232223;Konstantinos;Tsimikas;22;151056
237615;Salvatore;Esposito;27;152665
247888;Sebastiano;Esposito;27;153298
236355;Luiz; Felipe;54;151370
237384;Hennos;Asmelash;34;152201
237732;Odysseus;Velanas;34;151810
265987;Santiago;Rebagliati;59;151137
209519;Gaëtan;Laborde;18;150316
215476;Filip;Kasalica;15;148353
240553;Alex;Kapp;95;150484
243702;Djed;Spence;14;152606
240701;Lewis;Spence;42;150951
189576;Jonás;Ramalho Chimeno;98;149989
252807;Soner;Dikmen;48;150072
201143;Aïssa;Mandi;97;149392
243787;Ylber;Ramadani;1;151026
223271;Dennis;Jastrzembski;21;152435
208616;Isaac;Becerra Alguacil;45;148171
218880;Sulayman;Marreh;116;150938
190544;Adem;Ljajić;51;149369
228651;Gian Filippo;Felicioli;27;151562
254529;Cody;Drameh;14;153092
205691;Raffaele;Pucino;27;149220
246672;Ander;Barrenetxea;45;153111
259754;Eren;Elmali;48;152573
229631;José Carlos;Lazo Romero;45;150970
200065;Atınç;Nukan;48;150029
251449;Brian;Rocha Araújo;38;152504
165769;Cássio;Albuquerque Anjos;54;145304
224148;Robert;Murić;10;150995
229522;Francisco;Neto Ramos;38;150658
232296;Fahd;Moufi;129;151049
213655;Alex;Iwobi;133;151047
226232;Jannik;Pohl;13;151020
234631;Sebastian;Grønning;13;151323
197932;Kwesi;Appiah;117;148956
213797;Joe;Bunney;14;150097
231445;Josh;Dasilva;14;151950
232755;Jay;Dasilva;50;151766
247288;Ibrahima;Camará;118;152044
240331;Panutche;Camará;119;151348
246704;Elías Rafn;Ólafsson;24;152455
272125;Ofir;Kriaf;26;149173
237513;Omar;Eddahri;46;148974
231225;Dmitriy;Bogaev;40;150217
242648;Alex;Roldan;76;151133
226807;Cristian;Roldan;95;150712
203886;Adrien;Trebel;18;149159
205427;Jorge Djaniny;Tavares Semedo;104;149177
206018;Igor;Vetokele;98;149545
209307;Tiago Luis;Volpi;54;149085
219244;David;von Ballmoos;47;150557
224358;Daniel;Ramírez Fernández;45;149632
223663;Blair;Spittal;42;150911
237566;Kristoffer;Zachariassen;36;150493
240150;Tomas;Totland;36;151925
251127;Fernando;Torrent;52;149372
255111;Jeremy;Márquez;83;152557
224134;Alejandro;Márquez;55;149401
263756;Rodrigo;Márquez;52;153161
241906;Luis;Márquez;83;150599
256028;Ifunanyachi;Achara;133;151560
268438;Alejandro;Garnacho;52;154028
270213;Roosevelt;Oyola;57;149193
200394;Iain;Ramsay;195;148059
262565;Todor;Todoroski;19;152076
268860;Strahinja;Bosnjak;51;152068
213535;Kyle;Zobeck;95;148772
276130;Colin;Kleine-Bekel;21;153504
212458;Wilberto;Cosme;56;146744
214144;Diego;Chica;56;145487
214338;Édison;Toloza;56;146707
213951;Helton;Brant Aleixo Leite;54;149038
205878;Stefanos;Kapino;22;150270
211103;Lévy;Madinda;115;149636
233600;Amr;Warda;111;150088
275037;Athanasios;Panteliadis;22;147885
208974;Hattan;Bahebri;183;149660
225198;Ahmad;Al Hbeab;183;149981
234507;Mohammed;Rafique;159;149726
157427;Ashkan;Dejagah;161;147457
50309;Theodoros;Katsaras;22;151880
204957;Dejan;Janjatović;51;149518
235939;Furkan;Zorba;48;151710
238957;Florian;Dietz;21;151869
241995;Lars;Dietz;21;151296
239395;Pascal;Pannier;21;151959
238846;Theo;Archibald;42;151718
222255;Ryan;Huddart;14;151354
222576;Julio José;Pleguezuelo Selva;45;151315
238360;Lachlan;Wales;195;151581
233876;William;Douglas Amorim;54;149446
213135;Divock;Origi;7;150666
264085;David;Brekalo;44;151991
234711;Josip;Brekalo;10;151828
234728;László;Bénes;43;151541
269249;Brian;Plat;34;152480
194996;Borja;Bastón;45;149700
231150;Jamiro;Monteiro;104;150160
268218;Yuri Alberto;Monteiro;54;152827
240829;Etienne;Amenyido;144;151714
204992;Mamadou;Kone;108;149456
205654;Moussa;Kone;108;148775
223874;Valentin;Rongier;18;150534
245391;Sanasi;Sy;18;152113
216463;Hamza;Sakhi;129;151082
243573;Anthony;Racioppi;47;152019
240797;Mattéo;Tramoni;18;152404
255174;Lisandru;Tramoni;18;153588
258498;Bart;Verbruggen;34;153345
242275;Arbey;Mosquera;56;148021
214038;Sergio;Mosquera;56;150225
214495;Elvis;Mosquera;56;149119
256666;Yerson;Mosquera;56;152872
236861;Fabián;Mosquera;56;150620
248555;Edwin;Mosquera;56;152928
219787;Andrés;Mosquera;56;148783
221235;Andrés;Mosquera;56;149350
221675;Carlos;Mosquera;56;149260
236860;Carlos;Mosquera;56;150485
228771;Juan;Mosquera;56;151199
271457;Yuber;Mosquera;56;146784
214193;Dairon;Mosquera;56;149637
232278;Santiago;Mosquera;56;150596
235316;Jhon;Mosquera;56;148889
235317;Jhon;Mosquera;56;148860
264846;Cristhian;Mosquera;45;154024
258919;Moises;Mosquera;56;152894
227371;Wilder;Mosquera;56;146927
255894;Juan David;Mosquera;56;153363
263976;Orlando;Mosquera;87;150552
214046;Jonny;Mosquera;56;149145
219158;Miller;Mosquera;56;149660
214510;Luis;Mosquera;56;148512
197817;Hanyer;Mosquera;56;147651
204639;Stefan;Savić;15;149105
200357;Vujadin;Savić;51;148914
229668;Mario;Hermoso;45;150727
271519;Nikola;Lukic;51;148866
241976;Tiago; Sá;38;150569
204135;Alejandro;Menéndez Díaz;45;149295
256688;Cameron;Puertas;47;151867
224144;Diego;Aguirre Parra;45;149022
235983;Alejandro;Pozo Pozo;45;152072
139068;Luís Carlos;Almeida da Cunha;38;147592
261204;Myrto;Uzuni;1;150709
201955;Massadio;Haïdara;126;149799
236528;Sam;Dalby;14;152360
234874;Maximilian;Jansen;21;149974
225403;İrfan Can;Kahveci;48;150754
237591;Adi;Mehremić;8;149579
228782;João Pedro;da Costa Gamboa;38;151167
195148;Mate;Vatsadze;20;148353
213418;Chuba;Akpom;14;150840
233932;Connor;O'Toole;195;151558
186590;John-Joe;O'Toole;25;148275
202426;Abdelhakim;Omrani;97;149146
230700;George;Newell;14;151316
211166;Jack;Whatmough;14;151099
221251;Gboly;Ariyibi;95;150576
223180;Nick;Anderton;14;151036
238002;Kealan;McDermott;35;151402
232920;Conor;McDermott;25;151550
189686;Donal;McDermott;25;148659
205660;Johnny;Goddard;14;149981
236818;Arthur;Read;14;152326
233689;Julius;Lindgren;46;151487
222471;Jonathan;Rasheed;36;149422
243647;Altay;Bayındır;48;151758
226783;Fatai;Alashe;95;150122
237223;Julian;Gressel;21;150178
211592;Andrey;Semenov;40;148450
239964;Eldor;Shomurodov;191;150738
240264;Imran;Alsultanov;40;152042
219293;Michał;Helik;37;150810
268594;Tsvetomir;Panov;9;148474
234933;Aleksandar;Sedlar;51;149444
236838;Youssef;Maleh;129;151888
263965;Pavel Uriel;Perez Hernandez;83;151831
240686;Daniel;Iversen;13;151489
240867;Ajibola;Alese;14;152767
213323;Saulo;Decarli;47;149497
223426;Benedikt;Zech;4;149039
239707;Bruno Felipe;Souza Da Silva;54;150339
239711;Bruno Felipe;Souza Da Silva;54;150339
271995;Noha;Ndombasi;18;152868
246729;Ilyas;Chouaref;18;152731
231108;Silvan;Hefti;47;151587
233934;Aaron;Ramsdale;14;151788
244318;Loïc;Lapoussin;124;151010
220156;Adrián;Balboa;60;150212
223734;Rolando;García Guerreño;58;148773
232657;Mauro;Guevgeozián;3;147401
25798;Roque;Santa Cruz;58;145673
160642;Sergey;Veremko;6;146099
168213;Stathis;Aloneftis;11;146263
255319;Jhonatan;Candia;60;150632
235505;Willian;Candia;58;149914
235444;Gonzalo;Candia;55;150392
221828;Azer;Busuladzic;13;149413
229526;Maksym;Malyshev;49;149821
260140;Evgeni;Yablonski;6;150839
260684;Alex;Arancibia;53;148760
221473;Francisco;Arancibia;55;151269
271036;Timur;Rudoselskiy;165;150548
271448;Hamza;Catakovic;43;151304
242458;Artem;Dovbyk;49;151461
214575;Luis;Payares;56;148746
233078;Pablo;Sabbag;56;151451
241737;Birk;Risa;36;151698
232614;Yusuke;Minagawa;163;149379
225062;Faisal Ahmed;Al Kharaa;183;150167
239324;Madih;Talal;18;151518
236548;Jaromir;Zmrhal;12;150042
217486;Aaron;Katebe;147;149486
204393;Renze;Fij;34;149732
240548;Staniša;Mandić;15;150585
271671;Markus;Jürgenson;208;147949
203813;Jens;Möckel;21;148053
206208;Florian;Brügmann;21;149120
213922;Dennis;Erdmann;21;149058
215422;Fabian;Holthaus;21;150575
238924;Daniel;Keita-Ruel;21;148631
265757;Marcelo;Suarez;53;153104
221592;Diego;Basto;56;148105
233378;Jordan;Shipley;14;151558
235250;Pedro;Goulart;83;151530
241814;Sulley;Muniru;117;149761
241978;Carlos;Higuera;83;152707
241605;Francisco;Grahl;52;149354
245902;Troy;Parrott;25;153150
265503;Fabián;Franco;52;151938
251827;Iván;Franco;58;152491
237604;Alan;Franco;52;151208
246058;Alan;Franco;57;151887
226855;Daniel;Franco;52;149293
262414;André;Franco;38;151756
272280;Antonio;Franco;60;149288
220172;Saidy;Janko;116;150853
218534;Sargis;Adamyan;3;149971
231527;Ismaël Chester;Diallo;108;151318
237196;Babacar;Diallo;18;148451
225711;Abdou;Diallo;136;151048
230081;Sadou;Diallo;14;152180
230015;Ibrahim;Diallo;126;151148
229169;Moussa;Diallo;18;151316
225293;Habib;Diallo;136;150724
254088;Amad;Diallo;108;153307
204171;Sadio;Diallo;118;149094
203975;Jomar;Herculano;54;149734
233216;Phillip;Tietz;21;151479
271916;Bryan;Zaragoza;45;153002
241114;Oliver;Drost;13;150866
222475;Morten;Thorsby;36;151049
205321;Jason;Naismith;42;150369
205054;Kal;Naismith;42;149511
229435;Michel;Vlap;34;151442
237494;Ognjen;Gnjatić;8;149386
240148;Jeffrey;Rijkers;34;151971
240593;Mike;van de Meulenhof;34;152150
210394;Jordan;Ikoko;110;150227
226656;Edvinas;Gertmonas;30;151076
228592;Alois;Confais;18;151174
275771;Igor; Thiago;54;152927
236786;Martin;Terrier;18;151352
219680;Cédric;Hountondji;99;150212
266500;Jonathan;Rowe;14;153600
206631;Kelyn;Rowe;95;149433
210711;Brian;Rowe;95;148322
221360;Carlos;Espinosa;55;146136
186521;Bernardo;Espinosa;56;148559
235548;Manuel;Cabit;18;149982
73562;Bento;Matheus Krepski;54;152180
247827;Michael;Olise;18;153096
197781;Francisco Román;Alarcón Suárez;45;149574
203890;Šime;Vrsaljko;10;149472
233815;Darragh;Noone;25;151407
220640;Joaquín;Muñoz Benavides;45;152088
234078;Orel;Mangala;7;151731
190531;Eliaquim;Mangala;18;149141
242602;Josha;Vagnoman;21;152730
208638;Roberto Antonio;Correa Silva;45;149735
245276;Mohammed;Al Rubaie;183;151515
257534;Cole;Palmer;14;153241
223909;Alex;Palmer;14;151146
225441;Kasey;Palmer;82;151237
211228;Matthew;Palmer;14;150616
219550;Ollie;Palmer;14;149483
237233;Oscar;Brennan;25;151000
204766;Gavin;Brennan;25;148024
201474;Seán;Brennan;25;147272
70195;Anzor;Mekvabishvili;20;152906
221331;Luca;Mazzitelli;27;150877
229910;Svante;Ingelsson;46;151819
235332;Gabriele;Marchegiani;27;151078
202052;Benik;Afobe;110;149871
219900;Jacopo;Dall'Oglio;27;149555
240629;Lex;van Dijk;34;151074
203376;Virgil;van Dijk;34;149286
236577;Elia;Benedettini;41;150731
205670;Dwight;Gayle;14;149022
206089;Cameron;McGeehan;35;150654
233545;Anton;Nedyalkov;9;149948
242530;Noah;Okafor;47;152529
270586;Lucas;Barros da Cunha;54;152252
199626;André Filipe;Brás André;38;148605
203863;Luis;Fariña;52;149207
134154;Edgardo;Fariña;87;153042
275152;Samuel Xavier;Brito;54;148889
176934;Renan;Brito;54;146930
243241;Alessandro;Buongiorno;27;152176
216549;Alexander;Sørloth;36;150897
239086;Daniel;Thøgersen;13;152392
225458;Bayron;Saavedra;55;151476
231301;Erwin;Saavedra;53;150976
224099;Lewie;Coyle;14;150846
209240;Callum;Howe;14;150292
223953;Cole;Kpekawa;14;151064
218337;Khalid;Eisa;190;148625
242133;Moussa;Eisa;183;150422
239611;Mohamed;Eisa;141;150386
239957;Sebastian;Jakubiak;21;150000
233763;Pontus;Dahlberg;46;152040
201452;Dmitriy;Poloz;40;149290
240082;Mikhail;Lysov;40;151683
212014;Ricardo;Nuno dos Santos;140;147440
229245;Pablo;Corral;55;149478
224270;Bernd;Gschweidl;4;150809
279481;Stjepan;Radeljic;8;151537
269994;Marcel;Wenig;21;153970
219870;Adam;Wixted;25;150593
256406;Tomás;Lecanda;52;153144
240447;Lucas;Destéfano;52;150583
262394;Sam;Beukema;34;151975
200206;Alan Patrick;Lourenço;54;149230
225054;Anthony;Kalik;195;151598
240283;Vojtěch;Vorel;12;151093
238031;Ángel;Bonilla;56;151530
226645;Arley;Bonilla;56;150140
214582;Cristian;Bonilla;56;149981
257068;Pablo;Bonilla;61;152355
215338;Kevin;Rendón;56;149836
229469;Jean;Meneses;55;149903
238493;Matías;Meneses;55;152106
232196;Carlos;Sinisterra;56;149313
233500;Luis;Sinisterra;56;152187
235304;Bartosz;Mrozek;37;152438
238788;Camilo;Trejos;55;151655
215208;Eugenio;Isnaldo;52;150200
220811;Mohamed;Ali Yakoubi;145;149010
238043;Abdulrahman;Al Obud;183;150710
228188;Pritam;Kotal;159;150049
175506;Gevorg;Kasparov;3;145286
192282;Dmitriy;Verkhovtsov;6;147554
204550;Víctor;Ibarbo;56;148871
241079;Charalampos;Kyriakou;11;150598
218653;Charalambos;Kyriakou;11;148655
218656;Sascha;Mockenhaupt;21;149350
239687;Christian;Mauersberger;21;150668
176693;Jean-Sylvain;Babin;18;147558
237825;Nya;Kirby;14;152415
268208;Roger;Ibañez;54;151981
253384;Cesar;Ibañez;52;152250
227835;Tesfaldet;Tekie;46;151444
236919;Nick;Suman;195;152443
241933;Ramón;Rodríguez Jiménez;45;152275
237802;Christoph;Haas;4;149667
225117;Nicolas;Haas;47;150946
243630;Jonathan;David;70;152398
235147;Trevor;David;34;151317
244859;Jonas;David;21;152452
261420;Harry;Vaughan;25;153942
157960;Manuel H.;Tavares Fernandes;38;147307
208014;Matty;Pearson;14;150043
213689;Ben;Pearson;14;150562
207920;Erik;Durm;21;149595
210303;Denis;Linsmayer;21;149359
211239;Corentin;Jean;18;150754
271258;Dany;Jean;80;153447
238476;Dan-Axel;Zagadou;18;152173
239559;Jeffrey;de Lange;34;151745
279549;Anqi;Chen;155;149983
207789;Zhizhao;Chen;155;148075
222348;Zhongliu;Chen;155;150101
278076;Xiao;Chen;155;148589
279349;Zhechao;Chen;155;150667
279344;Hao;Chen;155;149856
278456;Zijie;Chen;155;148725
182398;Lei;Chen;155;147195
245336;Max;Kilman;14;151432
212273;Clinton;Njie;103;150055
242419;Bilal;Njie;36;151818
220786;Moussa;Njie;36;150833
239303;Yusupha;Njie;116;150196
220029;Saîf-Eddine;Khaoui;145;150675
221701;Gabriel;Boschilia;54;150988
265889;Luís;Ibérico;59;151691
235582;Loïc;Badiashile;18;151690
242578;Benoît;Badiashile;18;152835
215434;Alexis;Busin;18;150808
226861;Sada;Thioub;136;150710
234536;Guillaume;Heinry;18;148704
235916;Valerio;Mantovani;27;151032
232008;Antonio;Latorre Grueso;45;151614
234035;Álvaro;Odriozola;45;150906
255611;Daniel;Maldini;27;152669
163907;Gianni;Zuiverloon;92;147635
204194;Saber;Khalifa;145;147558
252960;Isak;Jansson;46;153146
269923;Jacen;Russell-Rowe;70;153371
192119;Thibaut;Courtois;7;149594
242143;Ricardo;Ryller;54;150251
224986;Jesús Miguel;Valentín Rodríguez;45;149385
203751;Conor;Townsend;14;149891
212560;Nick;Townsend;14;150498
194932;Andros;Townsend;14;149294
229966;Fernando;García Puchades;45;150357
239231;Marc;Cucurella Saseta;45;151857
239975;Brian;Martín Pagés;45;151023
252567;Sotiris;Alexandropoulos;22;153080
233288;Ethan;Boyle;25;151293
211221;Martin;Boyle;195;149943
222906;Nathan;Boyle;25;150297
224238;William;Boyle;42;150802
268232;Pedro;Perotti;54;151615
206601;Mario;Sampirisi;27;149767
216799;Gianluca;Di Chiara;27;150021
255933;Roman Arturo;Martínez Canales;83;153345
238071;Dujon;Sterling;14;152316
235736;Kazaiah;Sterling;14;151967
202652;Raheem;Sterling;14;150535
251800;Ufuk;Akyol;21;151528
277607;Renaldo;Cephas;82;152371
205186;Paulo;Gazzaniga;52;149464
274297;Ünsal;Bakaran;48;149522
223041;Erten;Ersu;48;150304
206489;Ezekiel;Fryers;14;149715
234570;João Pedro;Neves Filipe;38;152108
240477;Ferhat;Canlı;48;151420
266299;Frank;Magri;103;152266
270632;Jakub;Kadak;43;152733
234618;Jeferson;Fernandes Macedo;54;149295
234837;Bernardo;Oliveira Dias;38;151293
248870;Braian;Ojeda;58;152563
240744;Martín;Ojeda;52;151985
214940;Sergio;Ojeda;52;149466
234107;Emmanuel;Ojeda;52;151598
213274;Luis;Ojeda;52;148812
240129;Mathias;Haarup;13;150964
237036;Ryan;Barnett;14;152285
200312;Tyrone;Barnett;14;147207
215420;Robbie;Muirhead;42;150991
259341;Isaías;Violante;83;153773
208556;Josh;Lelan;120;150548
190558;Ike;Opara;95;148419
253181;Aiyegun;Tosin;99;151831
220886;Bill;Tuiloma;198;150644
231886;Alex;Muyl;95;150831
233062;Tom;Siwe;46;147697
253727;Lukas;Provod;12;151220
253052;Issa;Kaboré;101;152882
195011;Rizvan;Utsiev;40;148039
225604;Alexandr;Zuev;40;151101
210610;Ilya;Zuev;40;150218
230029;Evgeniy;Zharikov;40;151830
259159;Justin;Che;95;153802
205701;Spas;Delev;9;148632
223339;José Manuel;da Silva Oliveira;38;149028
243726;Liam;Kerrigan;25;152514
275638;Matthias;Seidl;4;152774
210381;Charalampos;Lykogiannis;22;150123
272978;Jorrel;Hato;34;154642
236785;Tristan;Abrahams;14;152017
239709;Dominik;Reiter;4;151658
268005;Charles;Reiter;54;148118
257980;Dan;Ndoye;47;152683
236750;Sondre;Sørli;36;150861
237961;Tobias;Gran;36;151983
238508;Ulrik;Fredriksen;36;152187
221661;Guido;Vadalá;52;151328
225702;Hansell;Riojas;59;149385
260020;Yorbe;Vertessen;7;152758
273128;Rafiu;Durosinmi;133;153481
252494;Filip;Szymczak;37;153241
197597;Fozil;Musaev;191;148369
261520;Jay-Dee;Geusens;7;153179
225359;Constantin;Budescu;39;148417
246406;Xavier;Arreaga;57;150464
271015;Amir;Dervisevic;44;149648
272120;David;Keltjens;26;150720
275023;Elvin;Yunuszade;5;149697
236504;Diego;Agamez;56;151981
203279;Wellington;S. Sanchez Aguiar;54;149499
232511;Sho;Sasaki;163;148642
237318;Devis;Epassy;103;149861
237788;Kenta;Mukuhara;163;148554
210924;Abdulrahman;Al Barakah;183;148996
240600;Ali;Al Asmari;183;151301
224791;Mailson;Francisco de Farias;54;149089
210126;Hiroshi;Kiyotake;163;148683
218229;Ali;Maâloul;145;148733
239389;Alfredo;Ábalos;52;147347
212822;Kevin;Harbottle;55;148891
213027;Matt;Preston;14;150633
242418;Tariq;Lamptey;117;152658
177152;Piet;Velthuizen;34;147578
278027;Meritan;Shabani;21;152093
241577;Laorent;Shabani;46;152250
186567;Khaled;Adénon;99;147115
234087;Callum;Styles;23;152471
241440;Rahmat;Akbari;195;152556
235989;Norberto;Briasco;3;150983
240764;Tao;Hongliang;155;151337
211736;Robert;Leipertz;21;149860
212997;Eroll;Zejnullahu;219;150485
223537;Emil;Berggreen;13;149958
227796;Christian;Pulisic;95;151915
243282;Dwight;McNeil;14;152345
254819;Kacper;Urbański;37;154096
239656;Bartłomiej;Urbański;37;151789
224756;Arnaud;Lusamba;18;151293
204242;Michaël;Barreto;18;149115
239852;Diego;Barreto;58;149979
241872;Sergio;Barreto;52;152133
222358;Óscar;Barreto;56;149946
268421;Mathys;Tel;18;154328
261336;Jaden;Philogene;14;153154
240063;Maxime;Cassara;18;149330
222256;Teddy;Bishop;14;151120
237188;Nathan;Bishop;14;152307
240926;Nathaniel;Phillips;14;151369
233925;Harry;Phillips;14;151551
224225;Adam;Phillips;14;151669
264731;Ashley;Phillips;14;154388
220058;Dillon;Phillips;14;150720
205502;Aaron;Phillips;50;150152
224081;Kalvin;Phillips;14;150894
185249;Demar;Phillips;82;146441
212352;Evans;Nyarko;117;149650
234032;Lluis;López Marmol;45;151353
259883;Mauro;Méndez;60;152036
252285;Alex;Méndez;95;152634
246386;Bruno;Méndez;60;152272
253294;Armando;Méndez;60;150986
235944;Brais;Méndez;45;151296
240252;Víctor;Méndez;55;152285
215995;Emiliano;Méndez;52;148413
241927;Juan Ignacio;Méndez;52;151407
246057;Sebastián;Méndez;57;151405
190756;Alexandre Luiz;Reame;54;148055
214929;Francisco;Varela Martín;45;150492
239403;Miguel;Loureiro Ameijenda;45;151249
245715;Jamie;Shackleton;14;152300
199286;Brice;Dja Djédjé;108;149089
210533;João Felipe;Schmidt Urbano;54;149967
244280;Adrian;Fein;21;152096
213400;Diego;Laxalt;60;149866
226108;Filippo;Romagna;27;151435
204080;Adriano;Montalto;27;148098
220915;Gabriele;Moncini;27;151040
225041;Francesco;Nicastro;27;149396
230768;Luca;Clemenza;27;151479
235295;Claudio;Morra;27;150580
243014;Bryan;Mbeumo;103;152238
237317;Roman;Macek;12;151397
200713;Soner;Aydoğdu;48;149102
212287;Andreas;Maxsø;13;150270
241073;Oleg;Reabciuk;33;151670
207702;Anastasios;Karamanos;22;148996
209852;Brendan;Galloway;148;151000
212923;Scott;Galloway;195;150673
234791;Luan;Peres;54;150393
223297;Rui Filipe;Caetano Moura;38;149888
199201;Streli;Mamba;21;150361
212933;Laurent;Depoitre;7;148343
213648;Pierre-Emile;Højbjerg;13;150775
256548;Marco;Grüll;4;151841
236029;Callum;Cockerill-Mollett;25;152034
186198;Jacob;Mellis;14;149105
254992;Omar;Panuco;83;152958
220700;Micheal;Azira;146;147870
222400;Harry;Winks;14;150956
237140;Ludvig;Fritzson;46;150795
237469;Nouhou;Tolo;103;151463
208008;Victor Vinícius;Coelho dos Santos;54;150110
233157;Nikita;Medvedev;40;150544
195509;Maksim;Medvedev;5;148639
263693;Vicente;Taborda;52;152915
240078;Lorenzo;Matarrese;7;151321
257121;Théo;Matam;18;152495
187831;Randy;Wolters;34;148828
239959;Šime;Gregov;10;148556
268436;Isak;Hansen-Aarøen;36;154080
209885;Mitchell;Duke;195;149115
217805;Alexis;Martín Arias;52;149648
223097;Franco;Cristaldo;52;151151
7647;Jonatan;Cristaldo;52;148431
222022;Leonel;Di Plácido;52;150221
225516;Sebastián;Martelli;52;150996
263725;Alberto;Rodríguez Martín;45;149828
216578;Constantin;Nica;39;149905
218013;Amadou;Moutari;132;150212
182996;Zhi;Xiao;155;147054
227561;Sergiu;Buş;39;149769
229129;Luvuyo;Memela;140;147897
260808;Daniel;Rivillo;61;151279
271383;Andrej;Prskalo;10;147757
258309;Diego;Urtiaga;83;151936
278151;Senwen;Luo;155;149844
178069;Jing;Luo;155;150136
214334;Santiago;Rodas;56;148857
222319;Jeison;Ángulo;56;151102
225812;Brayan;Rovira;56;151260
263574;Ricardo Jorge;Oliveira António;38;151872
241539;Sam;van Huffel;34;151829
242184;Alfons;Amade;21;152335
181821;Mladen;Božović;15;146754
239106;Leonardo;Koutris;22;150762
212298;Meshari;Al Thmali;183;149503
225733;Cesar Fernando;Silva Melo;54;148700
247182;Lucas;Silva Melo;54;152204
211345;Pedro;Azogue;53;150533
238780;Dominic;Volkmer;21;151041
239282;Alexander;Arvidsson;46;151756
182264;Paulo Sérgio;Luiz de Souza;54;148529
238491;Aramide;Oteh;14;151907
242212;Luke;Hannant;14;150136
242380;Stephen;Eustáquio;70;151279
229624;Sergio;Guardiola;45;149246
229171;Kenny Prince;Redondo;21;150434
228664;Hasan Huseyin;Duman;36;152121
259868;Pape;Matar Sarr;136;153372
208437;Magnus;Eriksson;46;148830
205045;Nils;Röseler;21;149503
242965;Fraser ;Hornby;42;152275
209316;Thom;Haye;34;150598
224163;Arno;Verschueren;7;151387
242444;João;Félix;38;152333
207834;Antoine;Gounet;18;148291
233061;Mathias;Pereira Lage;38;151258
252541;Joris;Chotard;18;153017
220834;Marco;Asensio;45;150944
240311;Luca;Zidane;18;151787
190815;Daley;Blind;34;148800
190435;Tomeu;Nadal Mesquida;45;148406
206207;Wilfried;Zahibo;18;150061
225395;Jokin;Ezkieta Mendiburu;45;151153
229586;Pablo;Cacharrón Blanco;45;151452
235224;Alejandro;Zalaya Galardón;45;151773
236695;José Luis;Muñoz León;45;151343
179605;Adel;Taarabt;129;148511
259551;Tommaso;Milanese;27;153327
193839;Rômulo Souza;Orestes Caldeira;27;147778
222501;Timothy;Castagne;7;150897
235702;Lorenzo;Del Pinto;27;148900
275826;Uroš;Nikolić;51;150176
50212;Nemanja;Nikolić;15;148002
210429;Bright;Addae;117;149816
225333;Saber;Hraiech;27;150769
271037;Malcom Adu;Ares Djaló;45;153035
206517;Jack;Grealish;14;150811
233884;Charles;Pickel;47;151424
196899;Héldon Augusto;Almeida Ramos;104;148320
205846;David;Dias Resende Bruno;38;149507
222461;Diogo Filipe;Rocha Costa;38;150681
262264;Jasin;Assehnoun;17;152014
260184;Masaki;Watai;163;152218
205153;Adama;Guira;101;148116
204458;Adedeji;Oshilaja;14;149885
213798;Alex;Mowatt;14;150602
213526;Lilian;Brassier;18;152325
251380;Lilian;Brassier;18;152325
228888;George;Edmundson;14;151516
216190;Jak;McCourt;14;150745
182691;Medy;Elito;14;148811
243530;Mujaid Sadick;Aliu;45;152458
229349;Jordan;Thorniley;14;151252
219803;Dimitri;Cavaré;18;150594
168317;Henok;Goitom;113;146806
207629;Jose;Villarreal;95;150081
232176;Adam;Fägerhag;46;151746
242635;Igoh;Ogbu;133;152423
232177;Moses;Ogbu;133;149135
221551;Emanuel;Mammana;52;150964
235462;Evans;Kangwa;147;149745
240213;Alexey;Gritsaenko;40;150703
209435;Maksymilian;Rogalski;37;146350
216105;Gilles;Dewaele;7;150967
247112;Sieben;Dewaele;7;152052
272470;Naif;Al Hadhrami;182;152949
198751;José Antonio;Madueña;83;148881
278069;Luis;Palma;81;152401
272596;Benjamin;Tahirović;8;153548
238463;Amadou;Haidara;126;151685
247150;Alex;Vigo;52;152137
256502;Aaron;Molinas;52;152599
225420;Deimantas;Petravičius;30;150803
208573;Mathias;Dyngeland;36;150838
241056;Ghislain;Guessan;108;149721
207688;Packie;Mailey;25;148110
261172;Franco;Baldassarra;52;151926
266554;Matías;Di Benedetto;52;149786
242048;Frantz;Pangop;103;149966
236248;Ben;Woodburn;50;152307
267611;Malcolm;Ebiowei;14;153727
240976;Marcelo;Saracchi;60;151767
222620;Rentian;Hu;155;149118
240472;Ruibao;Hu;155;151214
279224;Yanqiang;Hu;155;149907
214611;Jhon Freddy;Pajoy;56;148316
237542;Gustavo;Páez;61;148838
274559;Kendry;Páez;57;154700
268905;Marko;Jovicić;51;150591
216968;Aqil;Mammadov;5;148853
275097;Asif;Mammadov;5;147488
195507;Elvin;Mammadov;5;148201
275167;Eli;Dasa;26;149800
258356;Pedro Henrique;de Oliveira Correia;54;151412
262552;Clarence;Bitang;103;149708
229851;Ali;Al Bulaihi;183;148692
271371;Bruno Filipe;Pereira Almeida;38;151176
234421;João;Figueiredo;54;151071
203242;Luiz Eduardo;Figueiredo;54;149229
209772;Didac;Devesa;45;149096
233931;Kye;Rowles;195;151829
223764;Narayan;Das;159;150096
192274;Abdelaziz;Barrada;129;148537
190835;Annyong;Quan;155;147123
225798;Burak;Camoglu;21;151202
239135;Massih;Wassey;70;148171
207411;Dzmitry;Baga;6;148736
241502;Kenny;Athiu;218;149680
229398;Harry;McKirdy;42;151377
237442;Eric;Curbelo de la Fe;45;150207
241827;Martín;Aguirregaribia;45;151054
241905;Sami;Ben Amar;129;151715
248820;Mateu;Morey;45;152446
235948;Gary;Martin;14;149015
215760;Florian;Martin;18;148810
216563;Collin;Martin;95;150506
274008;Josh;Martin;14;153002
240822;Scott;Martin;42;151380
220588;Kevin;Martin;47;150722
234538;Quentin;Martin;18;150990
204247;Kerim;Frei;48;150151
203633;Massimo;Bruno;7;150088
184176;Gianni;Bruno;7;149328
212281;Famoussa;Koné;126;150300
242893;Ibrahima;Koné;126;152186
250723;Emmanuel;Koné;18;152887
264207;Ismaël;Koné;70;153272
222160;Youssouf;Koné;126;150744
231344;Moussa;Koné;136;151288
263922;Mohamed;Koné;108;153181
205455;André;Weis;21;148640
209658;Leon;Goretzka;21;150595
219683;Corentin;Tolisso;18;150408
229477;Mike Steven;Bähre;21;150780
221431;Elye;Wahi;18;153482
260407;Elye;Wahi;18;153482
234380;Giuliano;Modica;52;149168
235956;Jonas;Behounek;21;151791
239330;Yousef;Emghames;21;151673
240833;Youssoufa;Moukoko;21;154170
242114;Ibrahim;Mahnashi;183;152341
236498;Sam;Lammers;34;151409
229495;Chidiebere;Nwakali;133;151284
241187;Lutsharel;Geertruida;34;152584
240737;Dejan;Tetek;51;153382
241494;Moritz;Jenz;21;152139
225855;Antonin;Bobichon;18;150815
239043;Umut;Bozok;48;151186
268433;Kobe;Franklin;70;153610
247328;Unai;Vencedor;45;152704
236524;Anel;Ahmedhodžić;8;152104
223576;Samuel;Delgado Serna;45;149866
240273;Emile;Smith Rowe;14;152594
228618;Ferland;Mendy;18;150717
240151;Jules;Mendy;136;150511
234642;Édouard;Mendy;136;149523
244187;Arial;Mendy;136;150504
223510;Alexandre;Mendy;18;150272
271139;Jacob;Mendy;147;151285
259215;Formose;Mendy;136;152752
244114;Batista;Mendy;18;152396
237633;Budu;Zivzivadze;20;150323
203464;Tommie;Hoban;25;150217
240051;Thibault;Vlietinck;7;151520
220177;Gheorghe;Grozav;39;149004
268028;Christian Sávio;Machado;54;150900
234372;Christian;Machado;53;148903
220837;Deiver;Machado;56;150073
266302;William;Machado;60;150344
254001;Lorik;Emini;47;152253
213089;Godsway;Donyoh;117;150480
231132;Martin;Spelmann;13;147716
239153;Andreas;Holm Jensen;13;148343
213536;Maxime;Crépeau;70;150324
259361;Fernando;Román;58;151978
221704;Sergio;Román;56;150699
237242;Felipe;Román;56;150836
258466;Leonardo;Román;45;152567
226793;Matt;Polster;95;149987
256197;Piero;Hincapié;57;153124
167563;Alexandr;Budakov;40;146947
170923;Andrey;Eschenko;40;146580
258165;Anthony;Musaba;34;152725
201327;Fegor;Ogude;133;147846
205954;Roman;Emelyanov;40;149591
239716;Igor;Chaykovskyi;49;149377
165258;Krzysztof;Sobieraj;37;145682
205903;Szymon;Drewniak;37;150020
237571;Jaroslav;Mihalík;43;150401
258510;Tobias;Anselm;4;152439
260874;Stipe;Radić;10;152546
204510;Joey;Sleegers;34;150394
205369;Rob;Schoofs;7;150275
230933;Lucas;Schoofs;7;151292
230978;Taiwo;Awoniyi;133;151513
234653;Michael;Ambichl;4;149213
234787;Bernard;Tekpetey;117;151535
231281;Trent;Alexander-Arnold;14;151934
243898;Baltazar Costa;Rodrigues de Oliveira;54;152511
256314;Mahmoud;Alaa;111;149125
182905;Vegard;Skjerve;36;148144
240549;Jan-Lennart;Urke;36;149266
261438;Siro;Rosane;52;152543
237324;Vlad;Dragomir;39;152133
254069;Djorkaeff;Reasco;57;152037
247057;Noble;Okello;70;152586
260910;Shola;Shoretire;14;153878
268681;Alessandro;Cortinovis;27;152775
189362;Givanildo;Vieira de Souza;54;147477
195477;Rahid;Amirquliyev;5;148611
265459;Tyler;Morton;14;153419
217526;Shiran;Yeini;26;147613
260730;Edison;Azcona;207;153805
232130;Vladyslav;Kulach;49;149955
271399;Jorge;Cazulo;60;145858
271449;Giorgi;Beridze;20;151421
260205;Antonio;Vutov;9;151081
272850;Yaroslav;Yarotskiy;6;151011
252996;Rafael;Arace;61;150700
268256;Cédric;Gogoua;108;150384
278586;Yuanije;Su;155;150662
278530;Boyang;Su;155;148387
214608;Alejandro;Bernal;56;148156
205855;Marko;Livaja;10;150066
212060;Luciano;da Rocha Neves;54;149966
275380;Javier;Umbides;52;145850
210785;Basim;Al Baqi;183;148678
227688;Khalid;Al Muqaytib;183;149496
212065;Dong Ho;Jeong;167;148798
222798;Woo Jae;Jeong;167;149642
213170;Jae Yong;Jeong;167;148989
233011;Chee In;Jeong;167;151522
233281;Dong Yun;Jeong;167;150286
211635;Woon;Jeong;167;148548
228503;Yeong Chong;Jeong;167;149638
234264;Seung Won;Jeong;167;151347
191979;Jun Yeon;Jeong;167;148487
191669;Hyuk;Jeong;167;147412
208485;Lalrindika;Ralte;159;149713
199479;Boné;Uaferro;21;149466
225813;David;Castañeda;56;150584
214124;Éder;Castañeda;56;149758
244932;Kevin;Castañeda;83;152320
238378;Magnus;Kaastrup;13;152747
180755;Tando;Velaphi;195;147743
242294;Jeronimo;Cacciabue;52;151678
229487;Lukas;Klünter;21;151070
232144;Felix;Uduokhai;21;151541
246419;Yari;Verschaeren;7;152943
237518;Marco;Drawz;37;152049
237608;Lukas;Gerlspeck;21;151924
237678;Ibrahima;Konaté;18;152164
211321;Moussa;Konaté;136;149921
253039;Mory;Konaté;112;150147
274445;Karim;Konaté;108;153926
252045;Fodé;Konaté;126;152721
229043;Daouda;Konaté;108;149445
220651;José Ángel;Esmoris Tasende;45;151293
258905;Timo;Zaal;34;153885
229636;Gastón;Pereiro;60;150720
220600;Adam;Lundqvist;46;150272
235670;Ramon Pascal;Lundqvist;46;151419
221990;Yonathan;Cabral;52;149593
260826;Rodrigo;Cabral;52;152605
246450;Kevin;Cabral;18;152210
272291;Luis Alberto;Cabral;58;146441
199639;Jerson;Cabral;104;149100
183897;Ariel;Cabral;52;147890
241193;Shaquille;Woudstra;34;151346
217082;Wilker;Ángel;61;149905
205655;Angus;MacDonald;14;149751
214991;Jessy;Pi;18;150095
228544;Sofiane;Daham;97;150938
230571;Adil;Azbague;129;150563
165174;Manolo;Portanova;27;152538
225200;Enrique;Barja;45;151383
243588;Tom;McGill;70;152469
213303;Brayan;Perea;56;149884
219860;Geisson;Perea;56;149315
253173;Juan José;Perea;56;152438
264100;Daniel;Köstl;12;151797
211037;César;De La Hoz;45;149552
212035;Jérémie;Bela;98;149926
221601;Carlos;Abad Hernández;45;150737
262937;Jackson;Tchatchoua;7;152924
223573;Munir;Mohand Mohamedi;129;148497
228635;Borja;Mayoral;45;151384
242081;Agustín;Almendra;52;152426
257711;Riccardo;Calafiori;27;153254
235518;Roberto Jesús;Melián Bolaños;45;150576
218743;Alexis;Zapata;56;150688
257927;Ángel;Zapata;83;152784
222080;Hansel;Zapata;56;150600
215333;Duván;Zapata;56;149188
218468;Juan;Zapata;56;149616
214507;Ánderson;Zapata;56;146878
211408;Karol;Linetty;37;150591
202231;Hector;Jimenez;95;148309
224996;Francesco;Belli;27;150268
260638;Bartuğ;Elmaz;48;153530
190748;Yasin;Öztekin;48;147714
202148;Abdul;Khalili;46;149621
202934;Ogenyi;Onazi;133;149822
204372;Emrah;Başsan;48;149570
228704;Sai;van Wermeskerken;163;150372
210029;Joe;Rafferty;25;150107
215665;Filipe Miguel;Neves Ferreira;38;148984
271930;Živko;Živković;51;148471
212210;Richairo;Živković;85;151172
220746;Andrija;Živković;51;151116
231545;João Miguel;Macedo da Silva;38;150655
212130;Mario;Maloča;10;148491
244250;Prince;Osei Owusu;21;151296
247148;Juan Pablo;Segovia;52;148447
260056;Telasco;Segovia;61;153694
227817;Carlos;Rosel;83;150801
235865;Kevin;Agudelo;56;151972
250779;Michael;Svoboda;4;151942
210630;Vitaliy;Gudiev;40;150670
225669;Kingsley;Ehizibue;133;150703
262534;Patrick;De Oliveira;54;151443
192598;Elkeson;De Oliveira;54;148561
149975;Dekel;Keinan;26;146799
215604;Cédric;Brunner;47;150241
263765;Tom;Bischof;21;154390
227746;Emam;Ashour;111;151705
222469;Christian;Rubio Sivodedov;46;151600
230111;Philip;Gannon;25;151208
261973;Vuk;Latinovich;51;151546
268898;Kenan;Bajrić;44;150547
50081;Xinli;Peng;155;149300
204230;Florian;Taulemesse;18;147302
224057;Agustín;Farías;52;147995
256287;Facundo;Farías;52;153355
247131;Alfonso;Espino;60;149467
272916;Milan;Kerbr;12;148620
206433;Giorgos;Katsikas;22;148897
155420;Edno Roberto;Cunha;54;146326
225252;Jhon;Duque;56;149618
219527;Christian;Mafla;56;149843
265515;Danilo;das Neves;54;149705
51004;Savvas;Siatravanis;22;149791
200962;André Renato;Soares Martins;38;148753
275262;Nikolaos;Katharios;22;150473
212989;Steven;Luštica;195;149199
228432;Abdulrahman;Bin Khayrallah;183;150977
229922;Osama Yousef;Al Khalaf;183;151284
232335;Mansour;Najjar;183;150549
239116;Cristian;Ganea;39;149607
214740;Gino;Alucema;55;149732
214698;Luis;Casanova;55;149645
50311;Aleksandro;Zaimaj;1;151673
279420;Yifei;Sang;155;148416
238695;Max;Barnofsky;21;150622
222090;Navid;Nasseri;14;151131
229207;Alejandro;Corredera Alardi;45;151002
235489;Magomed;Elmurzaev;40;151456
209973;Jean-Pierre;Nsame;103;149949
241096;Sandro;Tonali;27;152513
231588;Joan;Sastre;45;151409
252454;Haret;Ortega;83;152524
243021;Edyairth;Ortega;83;151312
232180;Franco;Ortega;55;151100
242287;Francisco;Ortega;52;152097
259572;Kevin;Ortega;83;153119
256616;Thomas;Ortega;52;152725
237695;Miguel;Ortega;83;150661
204176;Tuğrul;Erat;5;149631
209194;Sebastian;Nachreiner;21;148329
229286;Tim;Skarke;21;151174
232671;Leandro;Putaro;21;151296
234943;Florian;Neuhaus;21;151364
239981;Jann-Fiete;Arp;21;152390
269272;Achraf;Douiri;34;152350
247658;Rami;Al Hajj;46;152798
269256;Walid;Ould-Chikh;34;152329
221907;Bilal;Ould-Chikh;129;151498
237894;Sem;Custers;34;152514
271080;Moisés;Barbosa;54;150628
223543;Jonathan Renato;Barbosa;54;149288
237497;Diego;Barbosa;83;151192
268029;José;Barbosa;54;150992
223517;Danilo;Barbosa;54;150982
212823;Gabriel;Barbosa;54;151166
201846;Diogo;Barbosa;54;149692
234948;Lazare;Amani;108;151720
270064;Ilario;Monterisi;27;153103
252095;Riccieli Eduardo;da Silva Júnior;54;151914
259565;Ange-Yoan;Bonny;18;153778
227290;Marko;Dmitrović;51;149486
235410;Youssef;En-Nesyri;129;151441
255461;Iván;Martínez Gonzálvez;45;151883
223243;Emanuel;Aguilera;52;148529
268719;Brandon;Aguilera;72;153659
205674;Francisco;Carbia Barrera;45;149553
208251;Samuele;Longo;27;149474
209703;Sven;Nieuwpoort;34;149931
243615;Lars;Nieuwpoort;34;150495
215183;Ezequiel;Rescaldani;52;149625
220383;Aarón;Escandell;45;150828
228456;Juan Manuel;Pérez Ruiz;45;151120
236288;Ifeanyi;Mathew;133;151309
190931;Ervin;Zukanović;8;147678
224378;Mattia;Bani;27;150172
251892;Norberto Bercique;Gomes Betuncal;38;151685
240669;Lennard;Maloney;95;152300
252773;Josh;Griffiths;14;152998
224262;Russell;Griffiths;14;151027
202539;Leigh;Griffiths;42;148964
212459;Michele;Cavion;27;150535
233114;Joe;Riley;14;151264
231428;Filippo;Bandinelli;27;150646
236390;Pol;Valentín;45;151341
243558;Óscar;Valentín;45;150425
204444;Yanic;Wildschut;34;149402
252753;Arda;Kızıldağ;48;151942
210404;Souleymane;Doukara;136;149369
235315;Valentin;Gheorghe;39;151334
274259;Robson Matheus;Tomé de Araújo Benegas;53;153253
258178;Mike;van Beijnen;34;152085
231391;João António;Antunes Carvalho;38;151357
252021;Thijs;Dallinga;34;152600
237632;Gregor;Sikošek;44;150237
264877;Moritz;Oswald;4;153120
221538;Will;Nightingale;14;150772
235742;Sam;Nombe;14;151949
257178;Christopher;Engelhart;83;152369
224770;Scott;Kashket;14;150980
245235;Alexander;Bah;13;151632
267465;Amine;Salama;18;152584
208122;Viktor;Agardius;46;148663
216540;William;Eskelinen;46;151170
221620;Marlon;Hairston;95;150275
235881;Mahmoud;Eid;180;150005
252018;Kamil;Piątkowski;37;152557
225915;Agustín;Fontana;52;151086
240026;Anthony;Fontana;95;152306
239260;Kacper;Tomasik;37;152207
213419;Bartłomiej;Kasprzak;37;149840
239243;Kacper;Smoleń;37;151700
228295;Rob;Holding;14;150821
268785;Salem;Al Hajri;182;151024
204316;Kwang Ryong;Pak;166;149733
204908;Dieumerci;Ndongala;110;149262
210956;Frank;Bagnack;103;150716
216295;Tuur;Dierckx;7;150687
225722;Pablo;Jaquez;83;150830
229703;Dimitrios;Goutas;22;150287
232843;Dominik;Prokop;4;151442
271160;Ognjen;Ozegovic;51;150353
235421;Benjamin;Ozegovic;4;152240
242006;Daiki;Hashioka;163;152156
202801;Elton;Monteiro Almada;38;150246
257170;Oleksandr;Syrota;49;152547
214772;Nicolás;Pasquini;52;149099
255335;Jahkeele;Marshall-Rutty;70;154013
231479;Leonel;Mosevich;52;151324
152826;Edcarlos;Conceição Santos;54;147036
256158;Agustín;Oliveros;60;151883
264436;Mikael;Ellertsson;24;153185
224484;Thabo;Qalinge;140;149337
271681;Emiliano;Ghan;60;150714
272260;Horacio;Benincasa;59;150294
186793;Nemanja;Tubić;51;146639
244605;Christos;Albanis;22;150502
203877;Darren;Maatsen;34;148762
248465;Ian;Maatsen;34;153184
212112;Clarck;Nsikulu;110;149654
232374;Tomoya;Ugajin;163;148084
210990;Eslam;Sarraj;183;148551
232325;Muteb;Al Mutlaq;183;151633
234070;Majed;Kanabah;183;149886
202143;Borja;Ekiza Imaz;45;148067
219941;Gabriel;Castellón;55;150079
204380;Johannes;Brinkies;21;149999
212979;Michael;Netolitzky;21;150205
271209;George;Paulino;54;149181
227918;Nicola;Dalmonte;27;151545
242105;Matvei;Igonen;208;151199
211093;Callum;McGregor;42;149993
188133;Wellington;Aparecido;54;149125
205086;Philipp;Klement;21;149715
209061;Simon;Hedlund;46;149898
241413;Lucas;Hedlund;46;151884
209957;Jakob;Busk;13;150083
212269;Riechedly;Bazoer;34;151209
238274;Florinel;Coman;39;151754
213345;Kingsley;Coman;18;151088
239632;Craig;Ross;14;148761
245849;Mathias;Ross;13;152765
223142;Aytaç;Sulu;48;147251
251616;David; Carmo;38;152219
223885;Alexander;Nübel;21;151197
238731;Vincent-Louis;Stenzel;21;151210
229584;Pascal;Stenzel;21;151003
232244;Santiago;Ascacibar;52;151345
232610;Takuma;Asano;163;150507
234901;Nicklas;Shipnoski;21;151655
238067;Nicolò;Zaniolo;27;152202
241030;Johannes;Stingl;21;151316
278819;Ross;McCausland;35;153612
236858;Jorge;Lozano;56;149111
235121;Bryan;Lozano;83;151368
221992;Hirving;Lozano;83;150769
244407;Pol;Lozano;45;152298
257407;Raúl Alberto;Lozano;52;151534
243944;Neyder;Lozano;56;150256
205495;Anthony;Lozano;81;149943
230967;Brian;Lozano;60;150247
257423;José;Lozano;83;151932
252052;Adrián;Lozano;83;152147
236920;Justin;Kluivert;34;152144
262102;Ruben;Kluivert;34;152891
227234;Lucas;Tousart;18;151408
193048;Orlando;Galo;72;152608
236480;Yves;Bissouma;126;151166
209851;Kamel;Chergui;18;149934
236588;Quentin;Bena;18;151785
262289;Ben;Old;198;153340
241671;Dominik;Livaković;10;150567
241172;Diego;Hernández Barriuso;45;150820
210814;Julián;Velázquez;52;149028
246696;Gustavo;Velázquez;58;149204
214964;Leandro;Velázquez;52;148497
225299;Emiliano;Velázquez;60;150313
216530;Pablo;Velázquez;58;147707
239189;Davor;Lovren;10;151930
195086;Dejan;Lovren;10;148553
241119;Daniel;Martín Fernández;45;151843
223080;Harrison;Dunk;14;149030
213629;Erick;Pulgar;55;150208
219712;Sebastián;Cristóforo;60;150063
200478;Jeff;Hendrick;25;149493
244238;Jaka;Bijol;44;152055
50040;Matic;Kotnik;44;148936
240778;Gabriele;Gori;27;152063
209417;Radosław;Murawski;37;150305
242162;Håkon;Evjen;36;152429
271754;Arif;Kocaman;48;153737
189423;Josef;de Souza Dias;54;148409
202778;Ertaç;Özbir;48;148665
201939;Cristiano;Piccini;27;149732
246420;Jérémy;Doku;7;153262
218050;Mohamed;Abarhoun;129;148490
235570;Gaïus;Makouta;107;151495
175962;Marius;Bülter;21;149916
230012;Gustavo;Hebling de Aguiar;54;151019
212030;Albert;Rafetraniaina;18;151176
239486;José Pedro;Costa Leite;38;151301
214634;Jake;Hessenthaler;14;150303
234708;Charlie;Rowan;14;151637
230919;Alex;Iacovitti;42;151534
198257;Seth;Sinovic;95;147664
232148;Dániel;Sallói;23;151124
257256;Bendegúz;Bolla;23;152345
211864;Daniel;Dziwniel;37;149694
234997;Radosław;Kanach;37;152112
233630;Hugo;Cuypers;7;151327
228368;Jamie;Sterry;14;150883
257482;Alán;Montes;83;152684
263694;Rodrigo;Montes;52;152478
257211;Gonzalo;Montes;60;150549
258227;Clemente;Montes;55;152865
229980;César;Montes;83;151344
228637;Cian;Harries;50;151380
252168;Miguel;Brizuela;52;151294
190653;Isaac;Brizuela;83;148972
204030;Stelios;Kitsiou;22;150099
235416;Maximilian;Entrup;4;151495
255360;Matthew;Garbett;198;153218
205291;Herman;Stengel;36;150796
235611;Kristoffer;Gunnarshaug;36;152150
261443;Ramiro;Sordo;52;152565
251139;Jesús;Soraire;52;148339
189551;Dylan;Gissi;47;149214
219670;Gonzalo;Piovi;52;150444
234037;Robert;Piris Da Motta;58;150400
259634;Jordan;Zemura;148;152337
237122;Tomás;Guidara;52;150996
50214;Christos;Mandas;22;153010
168600;Itay;Shechter;26;147689
258976;Fabiano;Parisi;27;152698
223489;Aleksandar;Pešić;51;149604
271189;Ivan;Pešić;10;149559
271722;Konstantinos;Mintikkis;22;148562
210239;Marin;Tomasov;10;147879
176630;Marco André;Rocha Pereira;38;147648
271184;Aleksandar;Lyubenov;9;150600
275816;Jakub;Paur;43;149648
213685;Nikolas;Ioannou;11;150872
50054;Giannis;Ioannou;22;146646
214209;Ayron;del Valle;56;148394
170828;Mahmoud Abdel;Razek Fadlallah;111;147335
209169;Hussain;Al Shuwaysh;183;148313
220269;Junior;Oto'o;115;150336
50305;Vasilis;Tsekos;22;152405
211917;Sandrino;Braun;21;148187
188959;Christer;Gustafsson;46;147726
225390;Hampus;Strömgren;46;151113
240237;Lewis;Leigh-Gilchrist;14;152073
238941;Jure;Balkovec;44;150445
259866;Luis;Olivas;83;152425
247519;Felix;Mambimbi;47;152768
239665;Mattis;Daube;21;151743
240639;Rogier;Benschop;34;151855
219771;Gabriel Augusto;Xavier;54;150024
211872;Philip;Heise;21;149268
210259;Ahmed;Hassan;111;149892
215915;Abdelkarim;Hassan;182;150068
199750;Rilwan;Hassan;133;149137
220925;Alessandro;Schöpf;4;150231
230564;Mijat;Gaćinović;51;150597
244399;Timothé;Cognat;18;151679
242075;Josh;Sargent;95;152435
213030;Jordan;Marié;18;149369
225584;Quentin;Cornette;18;150210
258608;Osman;Bukari;117;152001
231263;Jérémy;Gélin;18;151403
219619;Kevin;Itabel;52;150060
242787;Elijah;Dixon-Bonner;14;152751
187818;Ariel;Borysiuk;37;149307
222943;Jonathan;Rodríguez Menéndez;45;149287
229037;Borja;Valle Balonga;45;149653
268889;Álvaro;Carreras;45;153562
216376;Marco;Sangalli Fuentes;45;149500
245520;Luca;Sangalli Fuentes;45;150599
268333;Pavlo;Ksyonz;49;147638
223610;David;Concha Salas;45;151248
230037;Rajko;Brežančić;51;148600
248385;Roberto;Piccoli;27;152777
233556;Riccardo;Orsolini;27;151313
209637;Marco;Modolo;27;148449
220943;Kyle;Vassell;14;149866
223402;Emre;Taşdemir;48;150778
238301;Taha Cengiz;Demirtaş;48;150328
246666;Noah;Katterbach;21;152853
220810;Aymen;Dahmen;145;151317
242818;Finn;Dahmen;21;151740
193864;Bruno André;Freitas Monteiro;38;146819
211009;Darragh;Lenihan;25;150268
258966;Andrea;Cambiaso;27;152435
232862;Shoya;Nakajima;163;150428
239332;Jannik;Dehm;21;151046
207491;Rory;Gaffney;25;148663
217699;Islam;Slimani;97;148171
234249;Sam;Surridge;14;151863
262411;Miguel;Crespo;38;151178
215195;Sander;Svendsen;36;151507
231241;Tobias;Svendsen;36;152262
231655;Fredric;Fendrich;46;148028
232083;Joshua;Yaro;117;150259
263286;Ales;Mandous;12;149574
187456;Evgeniy;Balyaykin;40;148141
223479;Sergey;Sukharev;40;147665
239754;Martin;Košťál;43;150977
239848;Oleksiy;Dytyatev;49;148313
274266;Agustín;García Basso;52;149548
254638;Sebastian;Sebulonsen;36;152411
208696;Mihret;Topčagić;4;148174
240102;Jhan;Cuero;56;152219
214434;Mauricio;Cuero;56;149856
215162;Alejandro;Donatti;52;147568
224739;Peter;Olayinka;133;150878
228979;Olivier;Myny;7;150507
211107;Frederico André;Ferrão Venâncio;38;149863
236712;Dimitri;Lavalée;7;151302
246263;Marcelo;Weigandt;52;152395
199890;Numa;Lavanchy;47;150065
229788;Rubén;Alcaraz;45;149218
256402;Carlos;Alcaraz;52;153449
204622;Josh;Meekings;14;149708
252317;David;Nemeth;4;152827
242554;Brandon;Bye;95;150891
238210;Bendik;Bye;36;148800
208312;Pascal;Millien;80;147394
214911;Alfonso;Parot;55;148655
220883;Rafael Santos;Borré;56;150816
243606;Keane;Lewis-Potter;14;152803
235947;Juan;Brunetta;52;151421
141001;Tal;Ben Haim;26;145900
265774;Koni;De Winter;7;153278
192454;Demetris;Christofi;11;148273
264763;Fabio;Chiarodia;27;154367
265000;Federico;Cristófaro;60;148629
275918;Nenad;Cvetkovic;51;150929
271663;Milos;Cvetkovic;51;148738
214158;Yeison;Gordillo;56;149639
214367;Daniel;Briceño;56;147155
229658;Cristian;Dajome;56;150255
223952;David;Soria;45;149922
240278;Serafin;Szota;37;152082
264290;Pablo Felipe;Pereira de Jesus;54;153999
271017;Matheus;Pereira de Souza;54;152740
257827;Matouš;Trmal;12;151929
226237;Marcelo;Hermes;54;150560
270824;Arthur;de Oliveira Sales;54;153299
208250;Anastasios;Bakasetas;22;150007
240271;Dimitrios;Limnios;22;151801
232193;Tae Won;Ko;167;149958
232595;Seung Beom;Ko;167;150307
187455;Seul Ki;Ko;167;147382
238097;Sang Ho;Na;167;151148
278522;Zhiquan;Pang;155;148960
211946;Markus;Kolke;21;148962
224593;Yannick;Zummack;21;151009
271206;Sean;Goldberg;26;150722
238717;Ethan;Pinnock;82;149977
230811;João Neto;Morelli;54;151231
235406;Jasko;Keranovic;195;151715
207898;Elia;Soriano;21;148544
224423;Maximilian;Wittek;21;150791
239699;Julian;Knoll;21;152211
213694;Kenji;Gorré;85;150465
230779;Andrew;Fox;14;149843
231342;Dylan;Fox;195;150298
208806;Morgan;Fox;50;150092
223759;Vladlen;Yurchenko;49;150215
257185;Lautaro;Blanco;52;152069
224065;Domingo;Blanco;52;150670
268085;Gustavo;Blanco;54;150469
211101;Rubén;Blanco;45;150764
214545;Elkin;Blanco;56;148615
262530;Ricardo;Blanco;52;148903
240369;Jonatan;Blanco;52;147755
261987;Antonio;Blanco;45;152589
227932;Lukas;Fröde;21;150581
217585;Bas;Kuipers;34;150422
226767;Nick;Kuipers;34;149744
223978;Manuel;García Alonso;45;151656
246045;Pedro;De la Vega;52;152788
265887;Joaquín;Salvatto;60;151719
243632;Charles;Abi;18;152487
214972;Federico;Bravo;52;150106
232646;Claudio;Bravo;52;151361
219104;Christian;Bravo;55;150102
265400;Román;Bravo;52;152939
214285;Manuel;Bravo;55;149874
265194;Iker;Bravo;45;154224
261264;David;Affengruber;4;152828
245058;Otar;Kiteishvili;20;151009
210739;Casper;Nielsen;13;150312
172743;Nicki Bille;Nielsen;13;148039
237132;Gaëtan;Weissbeck;18;151306
238475;Olivier;Verdon;99;150836
252936;Alexis;Flips;18;152402
227977;Yann;Mabella;18;150976
224411;Gonçalo; Guedes;38;151257
217710;Martín;Barragán;83;149292
238374;Felipe;Barragán;56;152062
202493;Aleix;Vidal Parreu;45;148600
251793;Jean Pierre;Fuentes;59;149388
219091;Juan;Fuentes;55;150638
214590;Johan;Fuentes;55;146573
271630;Aldair;Fuentes;59;151679
218208;César;Fuentes;55;149930
264858;Paolo;Fuentes;59;151420
238329;Luciano;Pizarro;52;151484
207939;Guido;Pizarro;52;148789
210761;Rodolfo;Pizarro;83;150239
205157;Iñigo Ruiz; de Galarreta;45;150046
219571;Víctor;Camarasa Ferrando;45;150341
256695;Nikola;Boranijašević;51;149602
272853;Mileta;Rajović;13;152217
211557;Federico;Barba;27;150072
270011;Kevin;Felida;85;152334
229517;Antonio;Villa Suárez;45;150565
238344;Pablo;Fernández Blanco;45;151184
204304;Daniel;Redmond;14;149158
272379;Samuel;Iling-Junior;14;153757
199504;Taulant;Xhaka;1;149184
199503;Granit;Xhaka;47;149733
234174;Diamond;Thopola;140;148814
226006;Colm;Horgan;25;150376
217870;Giovanni;Di Lorenzo;27;150044
223007;Mauro;Coppolaro;27;151358
224202;Ivaylo;Chochev;9;149877
258911;Toluwalase;Arokodare;133;152712
251369;Ouparine;Djoco;18;151766
274306;Vural;Bozkapan;48;149522
209984;Mikel;Agu;133;149975
243350;Felix;Agu;21;152289
277954;Kenan;Yıldız;48;154366
242244;Berk;Yıldız;48;150932
208522;Hörður;Magnússon;24;149870
204422;Dylan;McGowan;195;149315
213127;Aaron;McGowan;14;151129
219780;Joaquim Claude;Gonçalves Araújo;38;150292
240095;Leo;Štulac;44;150462
230988;Filip;Krovinović;10;150799
266250;Anderson;de Jesus Santos;54;150619
241070;Nikola;Maraš;51;151642
205091;Nicholas;Gotfredsen;13;148403
211511;Luke;McCullough;35;150239
256854;Warmed;Omari;18;152498
236611;Ryan;Loft;14;151546
177473;Doug;Loft;14;147630
222229;Hyung Mo;Yang;167;149294
50080;Ke;Yang;155;148476
279172;Boyu;Yang;155;148542
274300;Liyu;Yang;155;151333
278050;Shiyuan;Yang;155;150263
279273;Xiaotian;Yang;155;148817
278130;Jiawei;Yang;155;149466
278150;Cheng;Yang;155;147190
279690;Jun;Yang;155;145241
278457;Changpeng;Yang;155;148411
278503;Ting;Yang;155;149983
278131;Qipeng;Yang;155;147770
50084;Fan;Yang;155;151011
278905;Wanshun;Yang;155;150939
278143;Kuo;Yang;155;149836
203004;Han Been;Yang;167;149339
199165;Jun A;Yang;167;148531
165880;Sang Min;Yang;167;146655
182427;Xu;Yang;155;147679
182423;Shanping;Yang;155;147937
181976;Zhi;Yang;155;146190
228267;Alex;De John;95;149227
203929;Jón Guðni;Fjóluson;24;148467
207610;Ryan;Meara;25;149051
229773;Georgiy;Dzhikiya;40;150153
189208;Cillian;Sheridan;25;148421
229973;Jakub;Piotrowski;37;151566
231966;Ken;Kallaste;208;148245
234704;Michał;Marcjanik;37;150542
264427;Juan;Boselli;60;152332
273850;Sebastián;Boselli;60;153515
212501;Leander;Dendoncker;7;150663
215064;Julio;Furch;52;148577
222930;Tarkan;Serbest;4;150315
223792;Tobias;Knoflach;4;150192
229107;Nathan;De Medina;7;151570
231105;Alexandre;Olliero;18;150969
240177;Benjamín;Galindo;83;152088
257516;José;Galindo;83;151667
209833;Sebastián;Galindo;53;152595
248405;Mark;McGuinness;25;152755
212763;Stephen;McGuinness;25;150627
226602;Matthew;McInally;42;151503
236748;Erlend;Sivertsen;36;149125
213502;Robert;Cornwall;25;150482
268781;Pedro Miguel;Carvalho Deus Correia;182;148950
247679;Victor;Boniface;133;152742
242194;Christian;Almeida;60;148726
275568;Márcio;Almeida;54;151060
247729;André;Almeida;38;152535
192081;Henrique;Almeida;54;149244
206427;Bogdan;Butko;49;149110
222912;Moshtagh;Yaghoubi;17;150505
233529;Fernando;Gaibor;57;149378
234054;Carlos;Cáceda;59;149367
234180;Alejandro;Hohberg;59;149329
272335;Dimitar;Sheytanov;9;152093
273085;Vahid;Talebloo;161;145956
277025;Sampson;Dweh;122;153033
232849;Ryoya;Ogawa;163;151252
240221;Carlos;Cisternas;55;147176
220191;Marcelo Amado;Djaló Taritolay;45;150109
241563;José;Lártiga;55;151810
252470;Matchoi;Bobó Djaló;38;153580
235782;Lucas;Mineiro;54;150978
50289;Nikos;Golias;22;150038
210849;Alexandros;Nikolias;22;150397
235499;Djamel Eddine;Benlamri;97;148726
231944;Chan Yang;Woo;167;151406
235423;Sang Ho;Woo;167;149804
210432;Jérémy;Malherbe;18;149171
167600;Yuriy;Zhevnov;6;145552
229571;Nemanja;Antonov;51;150684
271674;Ilja;Antonov;208;149802
208240;Tomás;de Vincenti;52;148407
234519;Joaquin;Aros;55;150946
240990;Benjamín;Berríos;55;151722
216017;Héctor;Berríos;55;147562
212714;Tiago;Casasola;52;150781
238558;Tobias;Warschewski;21;151691
238700;Kevin;Tittel;21;150228
239087;Timo;Mauer;21;151435
239668;Jannes;Vollert;21;151675
272972;Lukáš;Železník;12;148901
238062;Beni;Baningime;110;151906
240666;Sebastian;Friman;46;151993
241588;Antonio;Moya Vega;45;151733
242320;Fabian;Schnabel;21;150180
242349;Kevin;Aladesanmi;46;151970
234573;Aurélio;Buta;38;151330
267778;Leonardo;Buta;38;153271
258147;Mario;Mitaj;1;153698
261072;Ramiro;Enrique;52;152874
265609;Guillermo;Enrique;52;152439
229175;Niko;Kijewski;21;151011
233178;Mats;Köhlert;21;151776
239181;Marcel;Seegert;21;150312
268030;Matheus;Sales;54;151696
233101;Roy;Kortsmit;34;149701
235324;Reuven;Niemeijer;34;150644
241071;Moreto;Cassamá;119;151701
276949;Carlos;Dotor;45;152824
223597;Rubén;Aguilar;18;149944
242737;Elías;Aguilar;72;149408
255100;Jorge Luis;Aguilar;58;149863
214384;Felipe;Aguilar;56;149848
248548;Daniel;Aguilar;83;151691
228231;Alfredo;Aguilar;58;148201
272294;Juan José;Aguilar;58;148542
204338;Christophe;Kerbrat;18;147485
222715;Otávio Henrique;Passos Santos;54;150317
242655;Julien;Ponceau;18;152717
218298;Saturnin;Allagbé;99;150154
222208;Alexandre;Marfaing;18;150964
218286;Siarhei;Chernik;6;148066
234898;Syarhey;Chernik;6;148066
237718;Steve;Ambri;18;151513
204849;Marco;Bueno;83;150283
239040;Pedro Henrique;Bueno;54;149993
265604;Vitor;Bueno;54;150441
212224;Gonzalo;Bueno;60;150056
237658;Santiago;Bueno;60;151967
261224;Hugo;Bueno;45;153376
257978;Sambou;Soumano;136;152763
225926;Pere;Milla;45;149729
242201;Luis;Milla;45;150473
213114;Diego;Rolán;60;149911
237032;Javier;Jiménez García;45;151359
272665;Shon;Weissman;26;150968
277581;Samuel;Omorodion;45;153971
252593;Patrick;Vroegh;34;152352
228321;Sergi;Palencia;45;151006
228546;José Omar;Perdomo Machado;45;150012
229039;Diego;Johannesson;24;150104
234994;Álvaro;López Ratón;45;149907
226677;Juninho;Bacuna;85;151508
229412;Waldo;Rubio Martín;45;150787
204337;Gervasio;Núñez;52;148030
230696;Jonathan;Núñez;81;153080
256051;Marcelino;Núñez;55;152445
264516;Javier;Núñez;59;151312
214449;Felipe;Núñez;55;144770
215335;Maximiliano;Núñez;52;147531
240900;Unai;Núñez;45;151319
227838;Carlos;Núñez;60;149666
235205;Maylor;Núñez;81;151110
222480;Juan;Núñez;56;147355
258174;Cristian;Núñez;58;152558
253072;Darwin;Núñez;60;152194
225439;Rolando;Mandragora;27;151469
239807;Davide;Frattesi;27;152284
231877;Ulysses;Llanez Jr.;95;152841
223010;Leonardo;Morosini;27;150844
206551;Tommaso;Arrigoni;27;150226
233708;Luca;Germoni;27;151533
204193;Tom;Trybull;21;149896
240938;Junior;Messias;54;149230
192427;Uílson de Souza;Paula Júnior;54;148484
199417;Harun;Tekin;48;148535
206126;Tokelo;Rantie;140;148953
210439;Khalid;Boutaïb;129;147750
216289;Mark;Diemers;34;150112
268026;Jhonatan;Paz;81;150727
277846;Nicolás;Paz;52;154097
225389;Gonzalo;Paz;52;149985
219451;Nehuén;Paz;52;149581
214177;Luis;Paz;56;148253
221705;Kyle;Dempsey;14;150818
236743;Eoghan;Dempsey;25;151394
239984;Alex;Penny;50;151336
230846;Regan;Charles-Cook;14;151334
203090;Reice;Charles-Cook;14;150291
229347;Tyrhys;Dolan;14;153112
257063;Tyrhys;Dolan;14;153112
204222;Matthew;Dolan;14;149870
208544;Luke;Conlan;35;150497
216226;Alex;Kenyon;14;149661
237943;Dan;Scarr;14;150551
215111;Gonzalo;Verón;52;148725
223638;Deian;Boldor;39;150592
230717;Tino;Kadewere;148;150928
250753;Anatoliy;Trubin;49;152963
237496;Djordje;Mihailovic;95;151968
231493;László;Kleinheisler;23;150291
210599;Miroslav;Lobantsev;40;150705
239938;Konstantin;Savichev;40;150347
263383;Stjepan;Lončar;8;151238
209816;Jonathan;Buatu Mananga;98;150098
225530;Obbi;Oularé;7;150931
228505;Patrick;Pentz;4;151291
243661;Albert;Vallçi;4;150741
238409;Marlon;Fossey;95;151906
262148;Nicolás;Garayalde;52;152221
206431;Roman;Buess;47;149727
235458;Cédric;Kipré;108;151267
224297;Alex;Gersbach;195;151417
235369;Stefan;Mladenovic;36;150286
50087;Nemanja;Mladenovic;51;149890
240206;Torgil Øwre;Gjertsen;36;149534
274172;Kevin;Chamorro;72;152483
219167;Sergio;Vittor;52;148527
203759;Raúl;Olivares;55;148106
180568;Yusuf;Abdurisag;182;152237
232670;Fernando;Zampedri;52;148046
236437;Joe;Sbarra;14;152009
242160;Marius;Lode;36;149898
240444;Elías;Alderete;52;150769
240359;Omar;Alderete;58;151284
262842;Martin;Baturina;10;153527
222197;Jiajun;Bai;155;149176
278132;Yuefeng;Bai;155;147723
278055;Wangsong;Tan;155;147259
224462;Tiancheng;Tan;155;149232
279223;Long;Tan;155;148093
195369;Yang;Tan;155;148376
222521;Oliver;Hüsing;21;149876
202056;Jaime;Ayoví;57;148053
226499;Thamsanqa;Sangweni;140;148513
273009;Niv;Zrihen;26;150337
224252;Patrick;Pflücke;21;151258
214739;Marcos;Velásquez;55;148176
231464;Jhon;Velásquez;56;150680
237652;Camilo;Velásquez;56;151619
212109;Jonathan;Bijimine;110;150383
234985;Giorgos;Manthatis;22;151420
221589;Jai;Ingham;198;150054
237714;Dane;Ingham;198;152178
232621;Soya;Takahashi;163;150983
218971;Sylvain;Gbohouo;108;148304
195184;Karlen;Mkrtchyan;3;148331
197175;Kervens;Belfort;80;149599
206403;Artak;Yedigaryan;3;148809
216341;Dossa Momade;Hassamo Júnior;11;147510
213618;Diego;Vallejos;55;148807
214302;Claudio;Baeza;55;150185
214458;Diego;Rosende;55;147313
205429;Tobias;Duffner;21;146514
238963;Christoph;Greger;21;151303
208127;Kévin;Koubemba;107;149910
232623;Yosuke;Ideguchi;163;151159
241595;Santy;Ngom;18;149894
242067;Amur;Kalmykov;40;150342
238494;Denis;Gojko;37;151701
230747;Lucas Taylor;Maia Reis;54;150658
220039;Dion;Charles;35;150838
276695;Shea;Charles;35;153789
166853;Darius;Charles;14;147980
204638;Willi;Orban;23;149770
273564;Gift;Orban;133;153313
206553;Simon;Falette;118;149512
241173;Lyle;Foster;140;152632
239015;Emmanuel;Dennis;133;151608
243048;Will;Dennis;14;152576
187796;Kristian;Dennis;14;148803
251217;Jean;Lucas;54;151827
273602;Lucas;Lucas;54;150942
227370;Michael;Zetterer;21;150751
258549;Jamal;Amofa;34;151983
205557;Brahim;Darri;34;150450
215592;Wout;Droste;34;148507
236270;Jefferson;Orejuela;57;149873
222535;Luis;Orejuela;56;150790
265508;Facundo;Milán;60;152784
237895;Vito;van Crooij;34;150952
238018;Delano;van Crooij;34;149253
212106;Dylan;Connolly;25;150700
229605;Callum;Connolly;14;151555
237286;Aaron;Connolly;25;152412
213767;Liam;Nolan;35;150456
223004;Jon;Nolan;14;149575
238211;Steven;Nolan;25;152370
169481;Eddie;Nolan;25;148219
210434;Fouad;Chafik;129;147560
235981;Patrick;Burner;18;151025
205378;Baptiste;Valette;18;149707
242003;Daam;Foulon;7;152101
192448;Marc-André;ter Stegen;21;149583
232883;Gaku;Shibasaki;163;149611
232619;Kosei;Shibasaki;163;146781
237239;Enis;Bardhi;19;150741
230786;José Luis;García Vayá;45;151877
214747;Diego;Orellana;55;149964
214318;Nicolás;Orellana;55;150804
213709;Isaac;Gómez Sánchez;45;150859
207553;Marcus;Rohdén;46;149228
212151;Thomas;Strakosha;1;150636
215433;Francesco;Vicari;27;150408
235352;Lennart;Czyborra;21;152142
245999;Víctor;Mollejo Carpintero;45;152771
213355;Olmes;Garcia;56;149757
251831;Diego;Garcia;60;151287
215569;Unai;Garcia;45;149709
228098;Kevin;Garcia;95;148965
223143;Ulisses;Garcia;47;150934
231273;Jhon;Garcia;53;152488
243135;Jhon;Garcia;53;152488
225827;José;Garcia;81;151918
199848;Pedro Manuel;da Silva Moreira;38;148441
244778;Francisco;Trincão;38;152382
235949;Gabriel;Strefezza;54;151397
239174;Jean-Manuel;Mbom;21;152439
240943;Bilel;Aouacheria;18;150285
179855;Jermaine;Beckford;82;146518
225557;Regan;Poole;50;151823
205650;Gozie;Ugwu;14;149940
227224;Matthew;Foy;14;151960
253282;Juan Manuel;Izquierdo;60;151474
219411;José;Izquierdo;56;149651
229930;Kyle;Knoyle;14;151181
222078;Bradford;Jamieson IV;95;151246
231985;Keegan;Rosenberry;95;150173
154954;Alexandr;Belenov;40;147527
181778;Miral;Samardžič;44;147684
234161;Georgiy;Makhatadze;40;151739
208099;Ivan;Runje;10;149014
224506;Mario;Šitum;10;149557
235860;Michael;Woud;198;152035
235127;Jakub;Freitag;37;150622
260061;Jesús;Orozco;61;152793
234968;Esteban;Orozco;56;151923
259570;Franco;Orozco;52;153124
202559;Yohandry;Orozco;61;149175
199654;Bernhard;Janeczek;4;149532
212253;Alexander;Scholz;13;149760
236976;Ahmet;Muhamedbegovic;4;151957
269292;Gianluca;Prestianni;52;154607
268982;Jassem;Gaber;182;153166
212783;Omar;Gaber;111;149492
271153;Ignacio;Don;52;145869
229196;Julen;Etxabeguren;45;149163
238836;Daniel;Jardine;42;151671
254255;Mohanad;Mostafa;111;151073
201876;Ohi;Omoijuanfo;36;150203
256345;Vitor Hugo;Naum dos Santos;54;152110
228873;Ludcinio;Marengo;34;149354
241582;William;Fitzgerald;25;152158
208676;Nick;Fitzgerald;195;149506
255047;Pablo;Adorno;58;150960
251790;Hamza;Rafia;145;152131
222429;Andrés;Cubas;58;151055
233057;Franco;Troyansky;52;151443
268560;João;Escoval;38;151417
233602;George;Hirst;14;152065
192469;Nemanja;Supić;8;145822
208880;Wellington;do Nascimento Silva;54;148067
193869;Carlos Gilberto;do Nascimento Silva;54;147799
235233;Thabiso;Kutumela;140;150012
250551;Nemanja;Milunović;51;148518
260400;José;Torín;61;152245
271319;Joarlem;Batista Santos;54;150679
272364;Neta;Lavi;26;151161
279479;Khurshidbek;Mukhtorov;191;150233
214057;Juan;Suescún;56;149119
258786;José Carlos;Teixeira Lopes Reis Gonçalves;38;151866
233479;Blaz;Vrhovec;44;149513
224975;Tiago;Pagnussat;54;148900
191688;Alberto Tomás;Botía Rabasco;45;148394
205098;Alexandros;Apostolopoulos;22;149408
275369;Iraklis;Garoufalias;22;149949
213488;Daniel;De Silva;195;151354
231914;Daniel;Margush;195;151621
209166;Mustafa;Malaeka;183;147412
218216;Farouk;Ben Mustapha;145;148549
220422;Mansour Ibrahim;Hamzi;183;149479
224039;Ismail Mohammed;Al Maghrabi;183;149295
224324;Oskar;Zawada;37;150955
234414;Franko;Uzelac;10;150502
237635;Florian;Pick;21;150809
239296;Evgeniy;Markov;40;150381
271608;Fernando;Gorriarán;60;150524
236778;Momodou;Touray;50;152230
238230;Jaminton;Campaz;56;152529
241923;Vagner;Dias Goncalves;104;150933
241265;Vladislav;Pavlyuchenko;40;150968
242321;Matthew;Henvey;42;152388
236557;Omari;Patrick;14;151068
214906;Andrew;Hughes;50;149619
238367;George;Hughes;50;152101
206516;Will;Hughes;14;150665
231928;Ronan;Hughes;42;152003
239506;Sam;Hughes;14;151394
238072;Eduard;Löwen;21;151317
208422;Ryan;Sanusi;7;149467
251528;Zaidu;Sanusi;133;151453
227622;Stijn;Spierings;34;150995
251633;Michał;Skóraś;37;152430
212613;Wesley;Saïd;18;150667
215703;Marlon;da Silva Barbosa;54;150808
192685;Isael;da Silva Barbosa;54;148135
236279;Ibrahima;Conté;118;151017
257719;Jaume;Cuéllar;53;152985
214009;Gustavo;Cuéllar;56;149750
242728;Oliver;Shannon;14;150813
229150;Pantelis;Chatzidiakos;22;151307
207616;Adam;Webster;14;150562
214639;Sergio;Postigo Redondo;45;148310
224010;José Aurelio;Suárez García;45;150910
223633;Leart;Paçarada;219;150474
247832;Thierry; Correia;38;152087
250807;Halil;Dervişoğlu;48;152361
227976;Jairo;Izquierdo González;45;150123
253002;Giacomo;Raspadori;27;152433
244602;Othmane;Boussaid;7;152451
224323;Zech;Medley;14;152573
230621;Gianluigi;Donnarumma;27;152075
203668;Alfredo;Donnarumma;27;149066
206159;Stefano;Sabelli;27;149841
257489;Jordan;Carrillo;83;153084
215334;Guido;Carrillo;52;149242
227145;César;Carrillo;56;149683
189303;Nélson Miguel;Castro Oliveira;38;149317
235546;Anton;Krešić;10;150952
238724;Richard;Walton;14;151439
206561;Christian;Walton;14;150871
228369;Jack;Walton;14;151767
229890;Emmanuel;Hackman;117;150692
234522;Jeppe;Okkels;13;152227
238051;Rasmus;Vinderslev;13;151513
239293;Frederik;Roepstorff;13;151814
221457;Leo;Fasan;27;150197
230971;Nikola;Tzanev;198;151281
219732;Georges-Kévin;Nkoudou;103;150602
212469;Aly;Ghazal;111;149494
212687;Luis;Solignac;52;149144
221621;Steve;Birnbaum;95;149120
221662;Simon;Skrabb;17;150577
208737;Eric;Bicfalvi;39;148037
229218;Pedro;Rocha Neves;54;150467
239734;Bartłomiej;Olszewski;37;150952
216182;Mario;Leitgeb;4;148183
193234;Andile;Jali;140;148832
211437;Leonardo;Bertone;47;150266
245370;Ersin;Destanoğlu;48;152751
228390;Marius;Østvold;36;151597
240339;Jesper;Granlund;36;152254
236047;Albin;Granlund;17;148611
241025;Leonardo;Heredia;52;151208
263953;Samuel;Edozie;14;153508
264515;Marko;Divković;10;152181
225983;Siyabonga;Mpontshane;140;147378
50079;Gevorg;Najaryan;165;151660
272277;César;Huamantica;59;151207
273361;Artem;Gordienko;49;149160
214076;Nicolás;Vikonis;60;146637
224460;Nilson;Castrillón;56;150951
211561;Cassiano;Dias Moreira;54;148534
251434;Pedro Miguel;Costa Álvaro;38;152446
215108;Julio;Buffarini;52;148232
230671;João Paulo;Queiroz;54;151256
262527;Ricardo;Queiroz;54;151336
273358;Gustavo;Cascardo;54;151372
232366;Nao;Iwadate;163;148231
218996;Saad Abdulameer;Luaibi;162;149481
231950;Vedran;Jugović;10;148579
197885;Cedrick;Mabwati;110;149530
218647;Marios;Antoniades;11;148837
214412;Paulo Cezar;Magalhães;55;148715
232580;Gabriel;Magalhães;54;151642
208104;Matheus;Magalhães;54;149663
246189;Paul;Arano;53;150612
260691;Paul;Arano;53;150612
205864;Adam;Morgan;14;150304
237955;Eoghan;Morgan;25;151683
221908;Lewis;Morgan;42;151197
203338;Ashtone;Morgan;70;149137
187035;Jared;Jeffrey;95;148897
214902;Johnny;Hunt;14;148967
215562;Rob;Hunt;14;150746
263063;James;Trafford;14;153398
252495;Jakub;Kamiński;37;153271
241571;Dariusz;Kamiński;37;151983
226803;Tim;Parker;95;149882
204427;Shawn;Parker;21;149894
224253;Devante;Parker;21;150999
190471;Bernard;Parker;140;147346
206463;Jeremy;Dudziak;145;150798
263193;El Chadaille;Bitshiabu;18;154347
206591;Mitchell;Weiser;21;150304
248805;Sergio;Camello;45;152791
234480;Andreas;Larsen;13;148874
183768;Peter Orry;Larsen;36;148423
202534;Kristoffer;Larsen;36;149481
233608;Daniel;Zeaiter;171;150647
236831;Aaron;Seydel;21;150961
205966;Amin;Younes;21;150046
220650;Melvyn;Lorenzen;146;150523
220051;Mato;Miloš;10;150009
207599;Michael;Keane;14;149839
163762;Keith;Keane;25;147595
211099;Opa;Nguette;136;150382
211690;Gaël;Andonian;3;150596
214097;Benjamin;Bourigeaud;18;150207
246683;Lucien;Agoumé;18;152790
240429;Rayan;Souici;18;151713
241495;Azzedine;Toufiqui;18;152110
240474;Sabri;Toufiqui;18;151378
240528;Mattéo;Ahlinvi;99;152202
208865;Jimmy;Roye;18;148253
240209;Goduine;Koyalipou;18;152430
232132;Joaquín;Fernández Moreno;45;151075
243154;Adrian;Benedyczak;37;152713
247495;Jon;Moncayola Tollar;45;151787
237438;Erik;Expósito Hernández;45;151098
238160;Merih;Demiral;48;151718
221095;Daniel;Romera Andújar;45;150793
233824;Christian;Oxlade-Chamberlain;14;151829
259478;Mathias;Kjølø;36;152928
244364;Gabriel;Brazão;54;152663
220639;Marcelo;Machado dos Santos;54;150342
224805;Aniello;Salzano;27;149298
247028;Alex;Král;12;151793
206218;Paul;Nardi;18;150331
240770;Filippo;Nardi;27;151716
274353;Mehmet Yiğit;Uğur;48;153562
216750;Patrik;Carlgren;46;149470
223690;Sergio;Rochet;60;149910
229065;Branislav;Ninaj;43;150330
214997;Ángel;Correa;52;150626
215016;Nicolás;Correa;60;146534
223593;Javier;Correa;52;149759
209162;Erik;Correa;56;149664
214194;Andrés;Correa;56;150222
214477;Andrés;Correa;56;146724
270572;David;Correa;54;150848
215330;Joaquín;Correa;52;150418
246179;Daniël;van Kaam;34;152559
212462;Alex;Telles;54;149812
239315;Rafael;Furlan Soares;54;150456
239641;Alfa;Semedo Esteves;119;151531
180174;Björn;Kopplin;21;148374
226387;Andreas;Bengtsson;46;150976
236793;Nicolai;Dohn;13;151884
239156;Mikkel;Fossum Basse;13;151167
210523;Blake;Powell;195;149205
216346;Alvas;Powell;82;150392
209503;Queensy;Menig;34;150789
255394;Fidel;Ambríz;83;153560
240349;Christos;Shelis;11;152417
257901;Héctor;Holguín;95;152864
221282;Jack;Stacey;14;151020
221486;Daniel;O'Shaughnessy;17;150450
220862;Jordan;Hugill;14;149618
206549;Evan;Bush;95;147336
221503;Harry;Shipp;95;149408
238214;Marcus;Degerlund;46;151729
233065;Giorgi;Shelia;40;148347
225072;Zak;Vyner;14;151423
185038;Michał;Gliwa;37;148100
243838;Nishan;Burkart;47;152415
202455;Deniss;Rakels;28;149695
228332;Hamza;Choudhury;14;151563
229266;Joe;Rodon;50;151584
227911;Randall;Leal;72;151303
215228;Cristian;Lema;52;148987
269859;Arthur;Vermeeren;7;154249
232759;Josh;Tymon;14;152161
274114;Alexis;Gamboa;72;152098
221874;Edmund;Addo;117;152522
254143;Nando;Pijnaker;198;152075
218431;Amr;Al Sulaya;111;148459
234114;Kenneth;Yao;14;151902
198444;Devann;Yao;95;148827
238165;Stefan;Antonijevic;95;148391
258746;Malcom;Braida;52;151441
231303;Lee;Grace;25;149798
189228;Maximiliano;Caire;52;148195
241436;Calvin;Bassey;133;152354
240875;Mathías;Villasanti;58;151313
260100;Fredrik;Oppegård;36;153334
256427;Mayckel;Lahdo;46;153479
265195;Elias;Jelert;13;153643
247635;Khvicha;Kvaratskhelia;20;152793
269312;Tommaso;Baldanzi;27;153562
50220;Stefanos;Stroungis;22;151571
211050;Franck;Ohandza;103;149368
271444;Michal;Obročník;43;149252
271166;Junior;Mapuku;110;148739
272441;Giovanni;Zarfino;60;149378
260843;Anass;Zaroury;129;152696
276167;Marko;Ivezić;51;145246
241822;Justin;Ogenia;85;152055
225079;Faress;Al Aiyaf;183;149523
229026;Abdullahi;Shehu;133;149899
271236;Max;Hilaire;80;147246
204762;Tobias;Schilk;21;149546
216494;Amir;Falahen;180;149902
229066;Marco;Hober;21;150810
234817;Stefan;Knežević;47;151227
226544;José Daniel;Olave;56;150196
226669;Dénis;Paulo Duarte;38;150317
232091;Edin;Øy;36;151429
244669;Morten;Hjulmand;13;152195
204451;Koray;Günter;21;150421
209846;Christian;Günter;21;149887
211147;Valentino;Lazaro;4;151007
216269;Sebastian;Hertner;21;149219
235266;Christian;Früchtl;21;152412
206566;Maxime;Crocombe;198;150052
215297;Daryl;Werker;34;150371
204350;Aleksandar;Trajkovski;19;149711
238391;Gédéon;Kalulu;18;151530
255654;Pierre;Kalulu;18;152541
230079;Aldo;Kalulu;18;150944
230969;Faiz;Selemani;214;150149
214217;Benjamín;Vidal;55;149174
238305;Ignacio;Vidal;45;150582
231842;Clément;Vidal;18;152554
275480;Higor Felipe;Vidal;54;151193
237300;Nicolas;Vidal;56;151271
209356;Hernane;Vidal;54;147369
240898;Francisco;Guerrero Martín;45;150994
211688;José;Gayà;45;150703
236214;Jan;Žambůrek;12;151997
208566;Antonio;Martínez Felipe;45;148798
234350;Víctor;Álvarez Rozada;45;151548
244456;Martin;Erlić;10;151678
215651;Samir Caetano;de Souza Santos;54;150532
215401;Matteo;Fedele;47;149664
225381;Jacopo;Petriccione;27;150611
239414;Francesco;Deli;27;150391
228236;Simon;Deli;108;149397
204412;George;Saville;35;149980
254333;Ajdin;Hasić;8;153030
193945;Necip;Uysal;48;149121
205990;Harrison;Reed;14;150585
222477;Louis;Reed;14;151495
211513;Tom;Lawrence;50;150206
274106;Ian;Lawrence;72;153263
220209;Kemar;Lawrence;82;149723
239048;Halil;Akbunar;48;150141
200798;José Carlos;Coentrão Marafona;38;147764
224309;Joan;Jordán;45;150380
230150;Luís Miguel;Vieira Machado;38;149771
237419;Amir;Abedzadeh;161;149944
194063;Ján;Greguš;43;149126
229647;Christian;Køhler;13;151024
239154;Martin;Fisch;13;149854
241931;Franco;Moyano;52;151545
215132;Sebastián;Moyano;52;148970
237606;Dean;Dillon;25;152178
233646;Aaron;Dillon;25;151263
234383;Markus;Schubert;21;151817
229816;Fabian;Schubert;4;150434
215649;Terry;Hawkridge;14;148786
202162;Jalil;Anibaba;95;148294
198429;Stanislav;Tecl;12;149037
238049;Paxton;Pomykal;95;152370
253714;Samuel;Ballet;47;152821
262985;Nuno Gonçalo;Rocha Moreira;38;152186
269564;Granit;Lekaj;219;148786
262925;Adem;Zorgane;97;152390
224189;Yoann;Barbet;18;149958
212054;Brian;Idowu;133;149601
255001;Nicolò;Rovella;27;153088
231392;João Aniceto;Grandela Nunes;38;150881
261182;Julián;Malatini;52;152901
204237;Alfonso;Tamay;83;149961
214986;Fernando;Meza;52;148812
222380;Juan Pablo;Meza;83;150053
216700;Maximiliano;Meza;52;149477
214136;Francisco;Meza;56;149338
258180;Sebastián;Meza;52;152458
258090;Eric;Meza;52;152117
260237;Daouda;Guindo;126;153402
232207;Ivan;Šaponjić;51;151503
235995;Alexandar;Borkovic;4;152181
237554;Merveille;Bokadi;110;149604
239394;Florian;Flecker;4;150860
238820;Quentin;Maceiras;47;150841
221329;Ashley;Smith-Brown;14;151014
222446;Luan;Vieira;54;149914
268202;Renato;Vieira;54;149493
233943;Ronaldo;Vieira;14;151854
256958;Fábio;Vieira;38;152535
189949;Jael;Vieira;54;148305
184777;Moisés;Vieira;54;151169
237952;Cathal;Farren;35;151837
242863;Ali;Al Hassan;183;151352
251352;Jacob;Shaffelburg;70;152349
230787;Julian;Faye Lund;36;152159
260779;Simon;Adingra;108;153116
235008;Lucas;Robertone;52;151366
236947;Jordan;Torunarigha;133;151508
242641;Rayan;Aït Nouri;97;152907
198726;Richmond;Boakye;117;149856
246402;Mads;Bidstrup;13;152806
258949;Jofre;Carreras Pagès;45;152918
271642;Jorge;Recalde;58;149591
242362;Luciano;Recalde;52;150782
275805;Marcel;Heister;21;149673
264697;Mohamed;Amoura;97;152514
275628;Raul;Prata;54;147831
275472;Panagiotis;Linardos;22;149286
175409;Komlan;Amewou;144;146524
202612;Alejandro;Martinuccio;52;147986
213602;Osvaldo;Bosso;55;150115
209252;Ronny;Garbuschewski;21;147325
222838;Bashkim;Renneke;21;149807
241162;Joseph;Paintsil;117;151686
271112;Joseph;Paintsil;117;151686
272601;Tigran;Barseghyan;3;150093
189476;Arghus Soares;Bordignon;54;148112
263573;Ameen;Al-Dakhil;7;153180
270608;Yehor;Yarmoliuk;49;153906
210537;Renato;Steffen;47;149404
234777;Zack;Steffen;95;150650
243045;Abdullah;Al Khatib;183;150629
216508;Florian;Kath;21;150487
217787;Stipe;Vučur;4;149605
228508;Fabian;Kalig;21;149915
228861;Stanislav;Iljutcenko;40;148957
207910;Douglas; Grolli;54;148372
238980;Lukas;Daschner;21;151928
234202;Ché;Nunnely;34;152054
208782;Mickey;van der Hart;34;150357
213614;Samuel;Gustafson;46;150578
233603;Sofien;Moussa;145;148038
240630;Emre;Bostancı;34;150999
224129;Tafari;Moore;14;151475
227941;Brendan;Moore;95;149569
216627;Kieffer;Moore;50;149683
232120;Shaquell;Moore;95;151230
226791;Taylor;Moore;14;151421
218593;Stuart;Moore;14;150444
244389;Fernando;dos Santos Pedro;54;152079
231235;Kelvin;Amian;18;151693
236846;Kenny;Rocha Santos;104;152387
204773;Mehdi;Jeannin;97;149207
242794;Imran;Louza;129;144135
239206;Vernon;De Marco;43;149785
257090;Ismaël;Doukouré;18;153685
236610;Moise;Kean;27;152443
237841;Michael Amir;Murillo;87;150965
214114;Luis Carlos;Murillo;56;149021
213979;Yonatan;Murillo;56;149649
214080;Steven;Murillo;56;150057
219546;Jesús;Murillo;56;150057
214081;David;Murillo;56;150057
228738;Jhon;Murillo;61;150883
214029;Miguel;Murillo;56;150120
214013;Jefferson;Murillo;56;149480
201377;Jeison;Murillo;56;149610
20801;Cristiano; Ronaldo;38;146942
220564;Maxim;Rudakov;40;150945
238171;Josh;Hope;195;151661
200714;Hallam;Hope;14;150269
198964;Tyronne Gustavo;Del Pino Ramos;45;149124
210171;Filip;Malbašić;51;149785
229516;David;Mayoral Lastras;45;151384
233074;Borja;Domínguez Domínguez;45;149613
235522;Aleix;Febas;45;150976
223030;Aytaç;Kara;48;149910
205531;Valerio;Verre;27;150204
189928;Gennaro;Scognamiglio;27;147750
209594;Carlo;Mammarella;27;145990
236757;Patryk;Klimala;37;151871
217877;Théo;Bongonda;7;150882
223635;Mehmet;Taş;48;149176
218343;Ryan;Hedges;50;150747
206662;Matt;Hedges;95;148823
208508;Frédéric;Gounongbe;99;148123
243806;Oussama;Darfalou;97;150100
268273;Thibault;Klidje;144;152941
257159;Luís Miguel;Castelo Santos;38;152404
254548;Melvin;Bard;18;152695
202164;Perry;Kitchen;95;149522
234502;Kasper;Enghardt;13;149610
237019;Lucas;Haren;13;151575
239175;Julius;Eskesen;13;152094
222396;Dominic;Ball;14;150772
221531;Marko;Maroši;43;150124
232174;Oliver;Hawkins;14;149561
244904;Miguel;Tapias;83;151298
151376;Kari;Arkivuo;17;146349
202073;Eriq;Zavaleta;95;149677
229268;Filip;Tägtström;46;151804
231500;Dennis;Widgren;46;150280
237226;Jesper;Nyholm;46;150081
219346;Alejandro;Barbaro;52;149484
263759;Tibo;Persyn;7;153187
208454;Dion;De Neve;7;152913
204538;Raúl;Ruidíaz;59;148938
239095;Jur;Schryvers;7;151359
179971;Ridge;Munsy;110;148557
265518;Oscar;Fraulo;13;153820
226060;Roger;Assalé;108;150145
234890;Francesco;Margiotta;27;150024
232126;David;Craddock;25;151684
198731;Elba;Rashani;219;149957
225748;Todd;Cantwell;14;151712
239540;Eoin;Toal;35;152065
215052;Lucas;Kruspzky;52;149559
215018;Brahian;Alemán;60;148724
215143;Juan Ignacio;Sills;52;147760
199739;Josué Filipe;Soares Pesqueira;38;148992
269183;Wisdom;Amey;27;154434
179822;Happy;Jele;140;147637
272906;Gaëtan;Varenne;26;148907
264210;Muhammed;Gümüşkaya;48;152751
133249;Þórir Jóhann;Helgason;24;152656
195482;Cavid;Hüseynov;5;148117
234963;Horacio;Salaberry;60;147729
260680;Juan;Aponte;53;149601
272026;Jeremy;de Nooijer;85;149537
273350;Artem;Sukhotskiy;49;149803
277755;Josimar;Alcócer;72;154034
208504;Juan;Cazares;57;149556
210118;Hélder Filipe;Oliveira Lopes;38;148371
235054;Ivan;Vujica;195;151399
194361;Tomoaki;Makino;163;147767
207716;Abdullah;Al Hafith;183;149822
239118;Bogdan;Tiru;39;150267
168808;Samat;Smakov;165;144691
220294;Gor;Manukyan;3;150098
241782;Hossein;Kanaani;161;150275
271661;Giorgios;Economides;11;149009
214722;Felipe;Reynero;55;148440
215131;Misael;Cubillos;55;150960
213578;Daniel;Frahn;21;147790
238593;Moritz;Heyer;21;150652
240156;Luca;Marseiler;21;151338
204627;Kenneth;Otigba;133;149704
241988;Alexander;Baun;13;150880
241284;Simon;Ternynck;18;152091
228572;Arent Emil;Hauge;36;151571
233848;Jens Petter;Hauge;36;152304
228145;Fabián;Hormazábal;55;151040
235018;Moritz;Nicolas;21;151583
237721;Abdullah;Al khaibari;183;151152
238486;Cauly;Oliveira Souza;54;150816
225478;Sérgio;Soler;54;150285
234153;Carlos;Soler;45;151291
205311;Lee;Erwin;42;150271
229135;Mike;Hauptmeijer;34;151366
243593;Armand;Laurienté;18;151992
244134;Burak;Kapacak;48;152361
187988;Frédéric;Sammaritano;18;147353
206506;Tristan;Dingomé;18;149145
222737;Malcom Filipe;Silva de Oliveira;54;151346
224071;Romain;Habran;18;150358
239136;Nicolas;Cozza;18;152027
258432;Chrislain;Matsima;18;153250
235563;Mounir;Chouiar;18;152042
239502;William;Bianda;18;152505
270502;Anthony;Oyono;115;152852
228326;Brian;Oliván;45;150284
219652;Roberto;Ibáñez Castro;45;149909
235970;Mario;González Gutiérrez;45;150979
240782;Víctor;López Ibañez;45;151421
259623;Franz;Gonzáles;53;152562
264517;Christofer;Gonzáles;59;149748
173053;Osmar;Gonzáles;81;152635
241183;Sergio;Tienza Valverde;45;151115
223818;João Ricardo;da Silva Afonso;38;148880
221695;Godfred;Donsah;117;151092
239744;Jordan;Beyer;21;152524
240657;Federico;Ravaglia;27;152334
236403;Evan;Ndicka;108;152251
219938;Lorenzo;Rosseti;27;150410
274321;Hasan Alp;Kitapçı;48;152444
214955;Emmanuel;Mas;52;148382
251170;Lassine;Sinayoko;126;152361
223198;Ali;Adnan;162;150181
210411;Otávio Edmilson;da Silva Monteiro;38;150598
222183;Aidi;Fulang Xisi;155;149083
233712;Gustavo;Ermel;54;150646
265802;Jawad;El Yamiq;129;149522
204348;Joel;Allansson;46;149770
217937;Loïc;Bessilé;144;152069
241508;Mikkel;Damsgaard;13;152414
215871;Alireza;Jahanbakhsh;161;150109
218657;Will;De Havilland;14;150505
243491;César;Gelabert;45;152689
226817;Kire;Ristevski;19;149027
237498;Tony;Figueroa;83;152183
254677;Richard;Figueroa;61;151140
237187;Anier;Figueroa;56;147844
215267;Tobías;Figueroa;52;149497
239454;Brian;Figueroa;83;152167
224583;Leonardo;Figueroa;55;148839
175092;Maynor;Figueroa;81;146297
222122;George;Fochive;95;149546
261579;Andrey;Mostovoy;40;151598
187533;Alexey;Ionov;40;148416
211184;Dominik;Budzyński;37;149616
266400;Trai;Hume;35;153192
268595;Svetoslav;Kovachev;9;151727
228174;Cameron;Carter-Vickers;95;151654
274200;Mohamed;Hamdi;111;150632
228509;Jeff;Reine-Adelaïde;18;151671
209673;Dorian;Dessoleil;7;149682
223868;Tobias;Schützenauer;4;151428
228971;Alejandro;Velasco Fariñas;45;147628
239684;Edward;Montaño;56;148902
268107;Andrés;Montaño;83;153257
232188;Kevyn;Montaño;83;150654
232116;Sébastien;Salles-Lamonge;18;150951
210538;Luca;Zuffi;47;148818
271009;Joel;Kiassumbua;110;149559
237477;Marcus;Tavernier;14;152100
172568;Matti;Lund Nielsen;13;148130
207513;Gavan;Holohan;25;149446
219737;Caolan;McAleer;35;150059
225873;Rory;Feely;25;151292
234825;Nick;Feely;195;149592
231005;Chiedozie;Ogbene;25;151410
253497;Pépé;Bonet;110;153524
213433;Fernando;Tobio;52;148658
214998;Mauro;Bogado;52;147057
234108;Gonzalo;Maroni;52;152096
219774;Francisco Sebastián;Moyano Jiménez;45;151371
221482;Kevin;Hidalgo;55;150768
270996;Adán;Stejskal;12;153196
270069;Rodrigo;Moura Nascimento;54;150948
270702;Matisse;Didden;7;153031
238919;James;Pantemis;70;151341
177389;Filipe;Morais;38;147231
270618;Osman;de Menezes;54;149826
184855;Vilson;de Menezes;54;148095
264473;Leonardo;Natel Viera;54;151362
220664;Fernando Miguel;Kaufmann;54;146939
216260;Fabio;Kaufmann;21;149714
245264;Mikkel;Kaufmann;13;152753
273339;Jandrei;Carniel;54;149888
170978;Theodoros;Tripotseris;22;147334
231603;Jake;Adelson;195;150934
217646;Shusaku;Nishikawa;163;147440
240426;Bader Badi;Al Nakhli;183;148337
209071;Yasyn Hamza;Al Nakhli;183;149002
228163;Hussain;Al Nakhli;183;150588
241389;Yusuf;Sari;18;151978
204062;Darren;Keet;140;148584
200265;Bilel;Mohsni;145;147838
201004;Odaïr Junior;Lopes Fortes;104;147726
206145;Benjamin;Uphoff;21;150048
209964;Björn;Kluft;21;148743
239129;Jakob;Gesien;21;151665
204682;Rafael;Guimarães Lopes;38;149306
264507;Guzmán;Corujo;60;151138
223691;Mathías;Corujo;60;147399
234200;Aschraf;El Mahdioui;34;151068
238626;Abdulaziz;Al Jamaan;183;151283
241126;Matheus;Leiria Dos Santos;54;150580
193911;Subrata;Paul;159;147629
204892;Daniel;Schütz;4;149267
229267;Philipp;Hercher;21;151004
227557;Mateo;Cassierra;56;151392
223381;Mickey;Demetriou;14;148803
230653;Jojo;Wollacott;117;151175
239818;Rúben;Dias;38;151423
208896;Ricardo;Dias;54;147620
236867;Lucas;Dias;18;152161
239854;Wesley;Dias;54;150731
209979;Georges;Gope-Fenepej;215;148298
219792;Baptiste;Santamaria;18;150626
260820;Júnior;Marcano;61;149380
234514;Oualid;El Hajjam;129;149147
208260;Dimitris;Kourbelis;22;150134
200797;Loris;Néry;18;149133
212187;Philipp;Max;21;150101
256281;Kilian;Fischer;21;152670
213203;Gonçalo Filipe;Oliveira Silva;38;149252
250818;Anderson;Oliveira Silva;54;151614
242448;André;Oliveira Silva;54;151443
258168;Jayden;Oosterwolde;34;152866
236960;Alessio;Riccardi;27;152843
222509;Daniel;Ceballos;45;151143
198504;Josip;Drmić;47;149683
178518;Radja;Nainggolan;7;148126
189125;Giacomo;Bonaventura;27;148601
203864;Bruno;Zuculini;52;149920
210917;Marco;Fossati;27;149741
230740;Leandro;Henrique Nascimento;54;151968
240660;Mehdi;Léris;97;151797
270348;Jovan;Manev;19;152775
229699;Nicolás;Benedetti;56;151404
267602;Gastón;Benedetti;52;152838
234989;Amedeo;Benedetti;27;149395
246203;Stiven;Plaza;57;152089
239479;Stefano;Scappini;27;148034
240215;Christian;Capone;27;152137
204277;Roque;Mesa Quevedo;45;148525
204289;Saido;Berahino;14;150044
235932;Ataberk;Dadakdeniz;48;152236
208892;Sam;Byram;14;150087
259094;Ali;Alipour;161;150873
169538;Jeppe;Brandrup;13;147060
227881;Shaun;McWilliams;14;151880
189233;Tommi;Vaiho;46;148258
197839;Jose Leonardo;Ribeiro da Silva;54;148040
204136;Michael;de Leeuw;34;147551
213204;Sam;Lundholm;46;150375
260679;Aimé;Mabika;147;151882
230152;Jhondly;van der Meer;80;153196
206136;Vladimir;Rykov;40;147953
212736;Bartosz;Kwiecień;37;150320
239733;Sandi;Arčon;44;148738
200696;Hobie;Verhulst;34;149920
138026;Davino;Verhulst;7;147965
269752;Tom;Vandenberghe;7;149692
227964;Lucas Henrique;Ferreira Venuto;54;150572
235202;Ivan;Tomečak;10;148708
232729;Cristian;Tarragona;52;149196
222387;Vykintas;Slivka;30;150677
192688;Athanasios;Papazoglou;22;148091
258095;Julián;Aude;52;153563
207455;Micheál;Schlingermann;25;149271
240441;Gregory;Moorhouse;25;150384
245249;Manuel;Insaurralde;52;152050
205631;Cristian;Insaurralde;52;149298
215993;Dardo;Miloc;52;149021
255434;Julio César;Enciso;58;153868
189451;Ariel;Nahuelpan;52;147924
236943;Aníbal;Chalá;57;151053
253364;Jeison;Chalá;57;150535
270307;Fábio Pereira;Baptista;38;152818
270571;Gabriel;Sara;54;152196
275100;Arif;Dashdemirov;5;147677
209992;André;Fomitschow;21;148982
214497;Andrés;Ricaurte;56;149373
248788;Abdul-Aziz;Yakubu;117;151968
233299;Felipe;Vizeu;54;151360
223518;Rafael;da Silva Souza;54;149013
271063;Ronaldo;da Silva Souza;54;151220
241095;Nikola;Vlašić;10;151566
228692;Hassan Essa;Jafry;183;149305
235556;Abdulaziz;Al Shehry;183;150766
221789;Wan Gyu;Gwon;167;149421
206469;Taxiarchis;Fountas;22;150805
221518;Tim;Väyrynen;17;149917
200957;Charis;Mavrias;22;150245
236344;Jayson;Molumby;25;152237
242137;Hassan;Abu Sharara;183;151412
181021;Dino;Djulbic;195;146222
241576;Colm;Walsh-O'Loghlen;25;152121
226129;Jon;Gorenc Stanković;44;150937
212018;Ja Ryong;Koo;167;149559
211250;Uroš;Radaković;51;150253
228291;Paul;Rooney;25;151370
204497;Kevin;Stöger;4;150067
219449;Mirnes;Pepić;15;150911
223095;Federico;Palacios Martínez;45;150657
225784;Kaylen;Hinds;14;151675
234858;Marius;Funk;21;150924
205481;Mason;Bennett;14;151120
204554;Rhys;Bennett;14;149341
240208;Richie;Bennett;14;149159
190240;Scot;Bennett;14;149066
243275;Lars;Lukas;21;152475
204095;Ryan;Jackson;14;148944
242766;Niki;Jackson;95;150795
204219;Adam;Jackson;14;150331
259197;Nicolas;Jackson;136;152921
228210;Lachlan;Jackson;195;150629
216227;Kayden;Jackson;14;150246
152875;Johnnie;Jackson;14;146037
163774;Simeon;Jackson;70;147723
192230;Marlon;Jackson;14;149072
243401;André; Vidigal;38;151883
228687;Kasper;Dolberg;13;151568
227995;Liam;Walsh;14;151547
239178;Liam;Walsh;25;152222
205618;Sandy;Walsh;34;150631
238015;Johnatan;Opoku;34;148840
274359;Nathan;Opoku;117;152953
241710;Jerome;Opoku;14;151941
259288;Kwadwo;Opoku;117;152944
242344;Aaron;Opoku;21;152106
209493;Donervon;Daniels;84;150156
187047;Wilfried;Moimbé;18;148293
208527;Andrea;Sala;27;150087
252704;Marco;Sala;27;152174
197777;Jacopo;Sala;27;149436
209499;Fábio;Henrique Tavares;54;150124
239460;Nassim;Boujellab;129;152190
236468;Aksel;Aktas;18;152215
182112;Vince;Lia;195;146983
216778;Rúben Afonso;Borges Semedo;38;150287
216796;Federico;Cartabia;52;149848
230132;Dejan;Dražić;51;150827
239612;Stefan;Dražić;51;149689
195371;Lucien;Owona;103;148953
222108;Ally;Gilchrist;42;150620
246431;Riccardo;Sottil;27;152173
257502;Gijs;Smal;34;151502
259163;Mees;Hilgers;34;152883
238516;Leo;Østigård;36;152351
178007;Miguel Luís;Pinto Veloso;38;147402
269350;Alessio;Buttaro;27;153368
192774;Kostas;Manolas;22;149262
202002;Loïck;Landre;18;149588
271222;Mamadou;Mbaye;136;151833
210320;Ibrahima;Mbaye;136;150516
237704;João;Virgínia;38;152302
248564;Zakaria;Aboukhlal;129;152433
263969;Francis;Momoh;133;152834
223154;Ozan;Tufan;48;150640
233053;Amir;Hadžiahmetović;8;151356
210409;Lewis;MacLeod;42;150360
213301;Sascha;Horvath;4;151158
219736;Ethan;Horvath;95;150718
213835;Jens-Martin;Gammelby;13;150594
228799;Mikkel;Mejlstrup Pedersen;13;150930
228711;Brian;Mansilla;52;151395
263434;Facundo;Mansilla;52;152077
263204;Matías;Mansilla;52;150969
225583;Dale;Gorman;35;151103
225831;Rhys;Gorman;25;150217
227573;Duckens;Nazon;80;150290
232436;Moussa;Sanoh;34;150759
189514;Harrison;Afful;117;147446
211017;Víctor;Rodríguez Romero;45;148571
236587;Marco;Farfan;95;151970
240989;Julián;Lucero;52;150687
223248;Juan Martín;Lucero;52;149431
262991;Rufino;Lucero;52;153147
275223;Oscar;Lucero;52;147134
253218;Alberto;Espínola;58;149136
254714;Juan;Espínola;58;150499
209369;Blair;Turgott;82;150335
240084;Denis;Vambolt;40;150641
233214;Vladislavs;Gutkovskis;28;150650
199865;Pietro;Perdichizzi;7;150178
229091;Bailey;Peacock-Farrell;35;151226
222545;Jorge;Sartiaguin;83;150064
258447;Brandon;Sartiaguin;83;152436
226380;Hwang;Hee-Chan;167;150949
271538;Osher;Davida;26;152799
218745;Olivier;Ntcham;103;150963
238050;Chidera;Ejuke;133;151656
231674;Ciarán;Coll;25;149328
256035;Kamaldeen;Sulemana;117;153161
271577;Ibrahim;Sulemana;117;153622
247497;Armel;Bella Kotchap;21;153095
277887;Max;Finkgräfe;21;153932
266333;Luca;Gemello;27;152569
188916;Hólmar Örn;Eyjólfsson;24;148950
279383;Fa;Wang;155;149845
279162;Xiaolong;Wang;155;147341
279255;Guoming;Wang;155;148765
279561;Liang;Wang;155;148571
221846;Tong;Wang;155;149871
278583;Jianan;Wang;155;149979
224604;Shenchao;Wang;155;148406
279168;Weicheng;Wang;155;149342
278074;Chang;Wang;155;149851
279388;Qiuming;Wang;155;149837
216736;Shangyuan;Wang;155;149981
279684;Jie;Wang;155;148381
278019;Jiong;Wang;155;150198
278891;Junhui;Wang;155;150696
279562;Qiao;Wang;155;150643
278041;Jiajie;Wang;155;148321
279526;Fei;Wang;155;149836
278087;Hao;Wang;155;149858
278510;Fan;Wang;155;147703
50076;Jun;Wang;155;148976
182802;Yun;Wang;155;146262
191859;Lin;Wang;155;147898
182949;Shouting;Wang;155;147152
182224;Dalei;Wang;155;148377
181846;Yongpo;Wang;155;147655
183043;Yang;Wang;155;148574
217660;Egor;Krimets;191;149489
276001;Jianrong;Zhu;155;149290
226041;Cristhian;Coimbra;53;148367
271040;Ermek;Kuantaev;165;149018
271535;Igor;Kharatin;49;150591
214368;Jesús;Arrieta;56;149107
227513;Cristian;Arrieta;56;150926
272408;Fredys;Arrieta;56;147138
244001;Timon;Weiner;21;152037
279513;Xin;Yue;155;150872
221381;Luis;Tipton;56;149672
271132;Gabriel;Silva Vieira;54;153194
205953;João Paulo;Mior;54;149164
241511;Jeremy;Mayele Munkana;7;150618
263793;Leonardo;dos Santos Pereira;54;152562
215080;Martín;Tonso;52;148659
275386;Spyros;Natsos;22;151814
236006;Jordan;O'Doherty;195;151576
191770;Tarek;Salman;182;151628
237076;Ernest;Mabouka;103;148169
201259;Michal;Ďuriš;43;148154
70628;Dávid;Ďuriš;43;152100
225986;Dylan;Mottley-Henry;14;151503
229446;Daniel;Vicencio;55;149679
239777;Luis;Klante;21;152086
236825;Dan;Vann;14;152178
240890;Cameron;Hargreaves;14;151992
242034;Jorge;Díaz Price;83;151862
236387;Daniel;Jefferies;50;152049
242222;Lindon;Selahi;1;152076
212978;Patrick;Banggaard;13;150287
241117;Borja;Sánchez;45;150980
248872;Richard;Sánchez;58;151012
264511;Richard;Sánchez;52;151012
235537;Erick;Sánchez;83;152289
233493;Jorge;Sánchez;83;151633
214703;Diego;Sánchez;55;147764
262479;Rubén;Sánchez;45;152785
261537;Braian;Sánchez;52;149990
234772;Salvador;Sánchez;45;149186
267573;Luciano;Sánchez;52;150218
226636;Nicolás;Sánchez;52;149514
213588;Alejandro;Sánchez;52;147569
220793;Davinson;Sánchez;56;151087
226492;Iván;Sánchez;45;149729
214131;Ramiro;Sánchez;56;146453
234499;Pedro;Sánchez;55;151692
262965;Andrés;Sánchez;83;151565
272416;Andrés;Sánchez;61;147982
252327;Manuel;Sánchez;45;152621
205510;Carlos;Sánchez;60;146877
218621;Facundo;Sánchez;52;148798
228789;Robert;Sánchez;45;151611
255781;Ricard;Sánchez;45;152437
259398;Luis Gustavo;Sánchez;83;152508
224231;Emilio;Sánchez;83;150360
246747;Emilio;Sánchez;83;150360
252909;Antonio;Sánchez;45;151401
260429;Antonio;Sánchez;83;152406
224325;James;Sánchez;56;148126
199562;Ilie;Sánchez;45;149057
183894;Matías;Sánchez;52;147866
252870;Emre;Demir;48;153860
233083;Hakan;Demir;48;151782
251873;Yusuf;Demir;4;153633
202040;Erdin;Demir;46;148818
143809;Muhammet;Demir;48;149472
220185;Brandon;Barker;14;151201
209244;Michael;Barker;25;150056
223737;Peter;Leeuwenburgh;34;150275
231284;Ryan;Delaney;25;151173
222161;Mounir;El Allouchi;129;150432
228645;Lukas;Görtler;21;150359
235072;Kevin;Lynch;25;149543
253122;Amadou;Dante;126;152665
239378;Kaj;Sierhuis;34;151771
239400;Kaj;Sierhuis;34;151771
239025;Ibrahima;Niane;136;152089
229542;Arthur;Desmas;18;150290
237550;Gaby;Kiki;103;150604
229543;David;Kiki;99;150157
270672;Alp;Arda;48;150716
211504;Lewis;Baker;14;150673
222043;Norberto;Neto;54;145280
238616;Pedro;Neto;38;152453
204341;Luís;Neto;38;148148
216580;Cláudio;Neto;54;150298
198806;Hélio;Neto;54;147134
194404;Norberto;Neto;54;148567
208088;Sergi;Samper Montañá;45;150578
214028;César;Amaya;56;149017
259694;Óscar;Mingueza;45;152152
191222;Unai;Medina Pérez;45;148779
207950;Adebayo;Azeez;14;150201
215752;Karolis;Chvedukas;30;149208
237942;Pervis;Estupiñán;57;151675
228761;Óscar;Estupiñán;56;151287
239066;Víctor;Mena Coto;45;150613
271682;Juan Miguel;Latasa Fernández;45;152832
252961;Tanguy;Nianzou;18;153273
221702;Ewandro Felipe;de Lima Costa;54;150998
201153;Álvaro Borja;Morata;45;149759
271688;Zuriko;Davitashvili;20;152796
230912;Paolo;Ghiglione;27;151322
240314;Johad;Ferretti;27;150343
269871;Antonio;Mršić;10;147792
222997;Marcus;Maier;4;150910
237629;Arne;Maier;21;152027
232675;Muteb;Al Mufarrij;183;151154
213746;Arsénio Martins;Lafuente Nunes;38;148609
215559;Lucas E.;Santana de Oliveira;54;150684
240784;Josef;Bursik;14;152578
235225;Luís Pedro;Pinto Trabulo;38;150427
239670;Jefferson;De Jesus Santos;54;149932
224311;Frederik;Børsting;13;150602
239835;Victor;Ekani;103;151347
214206;Germán;Cano;52;148034
222393;Jhon;Cano;56;146164
244870;Josh;Key;14;152342
188421;Joren;Dom;7;148639
233421;James;Barrigan;14;151679
243894;Basil;Stillhart;47;150276
246159;Ethan;Laird;14;152967
264467;Marvin;Çuni;1;152941
233780;Alexis;Maldonado;52;151534
260566;Javier;Maldonado;61;150287
250419;Axel;Maldonado;81;152955
225799;Edwin;Maldonado;81;150256
271200;Luís;Maldonado;60;146991
220019;Marcus;Harness;14;150978
261346;Luis Carlos;Villegas;83;152938
227040;Sam;Cosgrove;14;151260
182130;Krisztián;Németh;23;148372
222338;Tommy;Redding;95;151313
225336;Egzon;Binaku;46;150797
244380;Vitaliy;Mykolenko;49;152168
236989;Spencer;Richey;95;149613
224526;Jordan;Lyden;195;150953
254289;Tiberiu;Căpușă;39;151750
240848;Yaroslav;Ivakin;40;151857
225663;Alexandr;Golovin;40;151074
259054;Tiago Fontoura;Fonseca Morais;38;153726
185109;Maciej;Sadlok;37;148547
228526;Byeong Geun;Hwang;167;150358
222660;Hyun Soo;Hwang;167;150761
228010;In-Beom;Hwang;167;151187
207836;Soon Min;Hwang;167;148989
165911;Jin Sung;Hwang;167;146666
155340;Jae Won;Hwang;167;145548
239930;Damian;Rasak;37;150962
253073;Joseph;Okumu;120;151435
227813;Oleksandr;Zinchenko;49;151273
251189;Thibo;Somers;7;152094
246885;Nicolás;Capaldo;52;151911
258489;Casper;Terho;17;153655
243476;Matías;Borgogno;52;151887
257919;Rocco;Reitz;21;153264
246919;Tomáš;Čvančara;12;152610
193965;Tarjei Aase;Omenås;36;149495
261016;Juan;Infante;52;150930
257549;Lucas;Brochero;52;152042
240308;Enzo;Maidana;52;148014
268091;Iago;Maidana;54;150960
260574;Lorenz;Assignon;18;152558
262138;Castello;Lukeba;18;153466
214040;Frank;Fabra;56;149150
215404;Bruno Batista;Pereira Pires;54;149595
200099;Magomed;Mirzabekov;5;149052
220521;Mihai;Bălaşa;39;150572
230157;Erik;Sabo;43;149789
241412;Ayrton;Preciado;57;150391
246055;Ángelo;Preciado;57;151703
226591;Harold;Preciado;56;150345
239614;Jesús;Areso;45;152202
234178;Luis;Abram;59;150981
271686;Gonzalo;Maulella;60;146728
262218;Kian;Fitz-Jim;34;153666
273333;Arnaldo;de Almeida;54;149568
212091;Rodinei;de Almeida;54;149491
203684;Rodrigo;Rodriguinho;54;148088
210257;Ederson;Moraes;54;150057
271660;Luiz Fernando;Moraes;54;151213
213752;Agnaldo;Moraes;54;150263
190095;Stefanos;Siontis;22;147883
275494;Nikola;Mirkovic;51;149304
235610;Jamal Mohammad;Al Dhafeeri;183;149714
235598;Naif Essa;Al Dhafeeri;183;145835
230532;Ahmed Yousef;Zain;183;149280
228192;Eugeneson;Lyngdoh;159;147524
208242;Fotis;Georgiou;22;147106
238390;Andronicos;Georgiou;11;152320
233426;Anthony;Georgiou;11;151344
191578;Pejman;Montazeri;161;146424
218501;Kamo;Hovhannisyan;3;149741
241790;Alireza;Beiranvand;161;149728
224853;José;Eulogio;83;151121
232477;Sultan;Al Ghannam;183;150319
241961;Alex;Whittle;14;149902
242348;Lorenzo;Morón García;45;150192
223501;Adrían;Spörle;52;150752
229848;Andreas;Vaikla;208;151339
241392;Erdon;Daci;19;151839
266609;Tim;Iroegbunam;14;153661
234902;Kwadwo;Duah;47;151344
204939;Ondřej;Petrák;12;149533
260673;Carlos;Añez;53;150745
216036;Rafael;Delgado;52;148745
219942;Didier;Delgado;56;149669
214313;Juan;Delgado;55;149892
268985;Juan;Delgado;81;149665
208592;Marky;Delgado;95;150694
208818;José;Delgado;45;149917
238701;Jan;Koch;21;150866
236532;Robin;Koch;21;151122
204816;Menno;Koch;34;150376
251626;Milan;van Ewijk;34;152636
223982;Rory;Watson;14;150959
242285;Niall;Watson;14;152551
224307;Tennai;Watson;14;151352
197012;Je-Vaughn;Watson;82;146470
185226;Keith;Watson;42;148685
234679;Philippe;Sandler;34;151330
223912;Charlie;Oliver;14;151610
201457;Vadaine;Oliver;14;149391
230143;Kastriot;Dermaku;1;149477
257889;Kristijan;Jakić;10;151423
261663;Ismaël;Kandouss;129;151605
219733;Ludovic;Ajorque;18;150249
241955;Simon;Amin;46;151606
235955;Rafik;Guitane;18;152168
204248;Corey;Gameiro;195;149866
184469;Harry;Arter;25;148729
223207;Ádám;Lang;23;149845
263464;Christoph;Lang;4;153122
240673;Callum;Lang;14;151905
230883;Noa;Lang;34;152187
181962;Zheng;Lang;155;147474
204757;Antonio;García Aranda;45;148678
239433;Nemanja;Maksimović;51;150584
215466;Nikola;Maksimović;51;149426
271089;Muhammet;Tepe;48;152751
240964;Nicolás;Linares;52;151076
245368;Güven;Yalçın;48;152037
239810;Nicolas;Raskin;7;152804
239710;Gorka;Giralt Amotxategi;45;150819
258464;Luka;Lochoshvili;20;151803
240385;Niccolò;Zanellato;27;151829
245762;Ahmed;Kutucu;48;152445
255562;Filip;Stojilković;47;152388
256530;Alexander;Aravena;55;153364
228681;Francisco;Sierralta;55;151415
240343;Luca;Fiordilino;27;151130
259188;Václav;Jemelka;12;150732
216764;Miguel;Terceros;53;153961
232226;Denys;Boyko;49;148030
242920;Tobias;Schättin;47;151445
234993;Dele;Alampasu;133;151282
239447;Francisco;Simões Rodrigues;38;151347
237871;Jordan;Holsgrove;42;152272
234521;Sammy;Skytte;13;151340
265576;Leopold;Querfeld;4;153834
228318;Harry;Chapman;14;151598
240535;Ellis;Chapman;14;152758
215408;Aaron;Chapman;14;148881
210217;Connor;Chapman;195;150497
237158;Ben;Chapman;14;152019
244578;Guillermo;Pozos;83;149651
217332;Emmanuel;Monthe;103;150584
238450;Sean;Raggett;14;150218
255410;Egzon;Bejtulai;19;150200
258103;Mateo;Tanlongo;52;153704
183122;Birkir Már;Sævarsson;24;146856
238764;Blair;Malcolm;42;151323
202659;Måns;Söderqvist;46;149867
231858;Drew;Conner;95;150242
232082;Andrew;Tarbell;95;150108
235516;Rami;Kaib;145;151417
237116;Kortne;Ford;95;150949
241467;Francisco;Feuillassier;52;151786
240386;Gustav;Nyberg;46;151775
168444;Ariclenes;Da Silva Ferreira;54;147251
180714;Guilherme Alvim;Marinato;40;147252
193632;Arvydas;Novikovas;30;149084
251547;David;Schnegg;4;151926
268679;Bruno;Amione;52;153118
264592;Pablo;Bennevendo;83;152387
220064;Clifford;Aboagye;117;150600
221323;Jérôme;Onguéné;103;151645
237581;Dever;Orgill;82;148799
257288;Maduka;Okoye;133;152259
239425;Chris;Kablan;47;150527
228181;Mohamed;Abougabal;111;148396
246340;Mykhailo;Mudryk;49;152755
199590;Kaj;Ramsteijn;34;148749
207500;Michael Enge;Haukås;36;147596
224936;Adam;Örn Arnarson;24;150797
250931;Patrick;Osterhage;21;152416
239085; Erling Braut;Haaland;36;152587
240492;Lima;Erikson;104;150744
232150;Jonny;Bonner;25;149287
243551;Ali;Gholizadeh;161;150993
264010;Joel;Mvuka;36;153431
271384;Dion;Beljo;10;153175
271837;Dante;Stipica;10;149247
263283;Marián;Tvrdon;43;150423
216813;Bruno Henrique;Corsini;54;148661
223121;Angelos;Karatasios;22;151462
225976;Sultan Ahmed;Mandash;183;150483
213055;Jong Hyeon;Je;167;149437
226077;Ali;Gabr;111;148377
215118;Fernando;Manríquez;55;146572
255116;Salvador;Manríquez;83;152512
212543; José Juan;Manríquez;83;150980
230597;Matías;Manríquez;55;150992
229856;Javier;Parraguez;55;148732
203129;Fillipe;Soutto;54;149167
204101;Christian;Bickel;21;149124
218873;Tim;Paterok;21;149680
240002;Felix;Herzenbruch;21;149683
185083;Luan;de Louzã;54;148266
242038;Muaid;Ellafi;123;150990
242106;Mohammad;Alsharimi;183;150610
236301;Jorge;Ruiz Ojeda;45;150828
236551;Harry;Darling;14;152239
232938;Takehiro;Tomiyasu;163;151963
219688;Marcos;Mauro;52;149106
189383;Mads;Albæk;13;148746
204637;Julian;Derstroff;21;149467
205995;Jetro;Willems;34;150282
213136;Steeven;Willems;18;148975
208448;Emil;Forsberg;46;149393
230730;Canice;Carroll;25;152045
211720;Manuel;Stiefler;21;148208
268763;Ernest;Nuamah;117;153785
213296;Nabil;Bentaleb;97;150521
138355;Nadjim;Abdou;214;146735
240056;Dominic;Minz;21;152085
236649;Yanick;van Osch;34;151372
254789;Sven;Mijnans;34;152453
215699;Youssouf;Sabaly;136;149892
214272;Saidt;Mustafá;53;148697
193321;Selim;Ben Djemia;145;148396
208835;Youssouf;M'Changama;214;148973
228774;Vincent;Marchetti;18;151474
231416;Dodi;Lukébakio;7;151556
270622;Emerson;Santos;54;150653
268066;Ezequiel;Santos;54;151722
275705;Caíque;Santos;54;151501
211564;Romário;Santos;54;149535
221548;Wanderson;Santos;54;149135
240114;José Cleylton;Santos;54;149906
260676;Thomaz;Santos;54;147393
208026;Marcelo;Santos;81;149677
230964;Michael;Santos;60;149900
222707;Marcos Guilherme;Santos;54;150775
209735;Geuvânio;Santos;54;149558
227890;Nuno;Santos;38;150602
268224;Luis Fernando;Santos;54;151081
271062;Thiago;Santos;54;148946
268007;Ozealison;Santos;54;149483
213374;Aderllan;Santos;54;148466
273018;Andrey;Santos;54;153969
190907;Rhayner;Santos;54;148980
198831;Vinícius;Santos;54;150043
152819;Fábio;Santos;54;147165
250842;Joel;Graterol;61;151424
210640;Søren;Henriksen;13;149497
255253;Vítor;Machado Ferreira;38;152428
229178;Sylvain;Deslandes;18;151404
210358;Alberto;Brignoli;27;149328
201927;Callum;Harriott;79;150256
202541;Jose Ignacio;Peleteiro Ramallo;45;149264
221505;David;Okereke;133;151530
230624;Mehmet;Umut Nayir;48;150007
267894;Jhon;Solis;56;154122
247248;Moustapha;Mbow;136;152452
243390;Ian;Poveda;56;152424
239663;Darío;Poveda;45;151361
256612;Francisco Evanilson;de Lima Barbosa;54;152298
215151;João Filipe;Couto Patrão;38;148754
255780;Lucas;Paes Souza;54;151630
238856;Pedro Miguel;Cunha Sá;38;150163
224093;Marco;Komenda;21;151254
168621;José Carlos;Gonçalves Rodrigues;22;148245
239150;Mikkel;Bruhn;13;149021
216407;Andreas;Bruhn;13;150241
234659;Jeppe;Gertsen;13;151329
262601;Guus;Gertsen;34;153586
212118;Matt;Grimes;14;150754
213793;Eric;Grimes;25;150593
240567;Theo;Widdrington;14;152115
195427;Jayden;Stockley;14;150086
237974;Tyler;Brownsword;14;152384
220785;Antonio;Čolak;10;150088
247278;Andrew;Gutman;95;151199
221618;Lys;Mousset;18;150962
208372;Gbenga;Arokoyo;133;149768
235884;Oscar;Krusnell;46;152067
213927;Mykyta;Shevchenko;49;149854
244584;Oleksiy;Shevchenko;49;149517
199035;Magomed;Mitrishev;40;149716
205713;Petrus;Boumal;103;149938
208277;Olivier;Boumal;103;148627
240225;Matvey;Safonov;40;152075
215581;Jakub;Łukowski;37;151069
240348;Daniel;Łuczak;37;151117
209892;Bryan;Rabello;55;150329
263773;Thomas;Beelen;34;152912
223214;Kevin;Friesenbichler;4;150319
231855;Roberto;Núñez Mañas;45;150926
235629;Ortwin;De Wolf;7;151402
251477;Mathias;De Wolf;7;153167
231027;Antonio;Marchesano;47;149115
212277;Craig;Thomson;42;150627
202544;Christer;Reppesgård;36;149916
236749;Joakim;Skomsøy Bjerkås;36;149843
263296;Luciano;Gondou;52;152923
238407;Fernei;Ibargüen;56;150039
225356;Andrés;Ibargüen;56;149590
231070;Bruno;Pittón;52;149870
253969;Leo;Hjelde;36;153718
237283;Nicolás;Reniero;52;150635
252066;Finn;Azaz;25;152635
210804;Mohammed;Salem;183;147124
272300;Saeed Mosabah;Salem;190;150228
270103;Waleed;Salem;190;145381
197592;Mohanad;Salem;190;146966
201119;Ismaily;Gonçalves dos S.;54;148743
221793;Patrick;Twumasi;117;150322
224449;Hendrick;Ekstein;140;149098
272962;Stanislav;Dostal;12;149268
274906;Mojmír;Chytil;12;152138
267502;Ante;Erceg;10;148713
271098;Artur;Pikk;208;149892
266183;Justin;Njinmah;21;152704
242614;Ionuţ;Nedelcearu;39;151039
272342;Taher;Zakariya;182;148234
236329;Nemanja;Miletić;51;149113
275672;Nemanja;Miletić;51;149304
264523;Kevin;Quevedo;59;151342
232399;Antony;Otero;56;151020
224428;Juan Ferney;Otero;56;150704
214314;Alejandro;Otero;56;146581
217097;Rómulo;Otero;61;149776
240408;Franco;Boló;52;150228
232053;Trent;Buhagiar;195;151712
232367;Haruki;Fukushima;163;149926
237426;Hirotsugu;Nakabayashi;163;147389
208934;Musab;Al Otaibi;183;149586
212800;Joon Hyeop;Jwa;167;149224
233531;Yeferson;Soteldo;61;151470
214695;Jorge;Ampuero;55;147743
225396;Branco;Ampuero;55;150028
225758;Tugay;Uzan;48;150251
238321;Severin;Buchta;21;151334
247972;Darius;Olaru;39;151716
208488;Roberto;Punčec;10;149397
205693;Sébastien;Haller;108;150486
210475;Manuel;Prietl;4;149312
214622;Jeremy;Toljan;21;150413
226711;Nik;Omladič;44;148600
237982;Yeison;Guzmán;56;151735
229034;Víctor;Guzmán;83;150592
255218;Víctor;Guzmán;83;153181
176919;Nahuel;Guzmán;52;147312
211384;Jamal;Lowe;82;150395
212100;Max;Lowe;14;151420
221626;Damion;Lowe;82;149953
223099;Diego;Churín;52;148702
243780;Lee;Kang-In;167;152800
239342;Hervé;Koffi;101;151213
266624;Tadeo;Allende;52;152070
215798;Maxwel;Cornet;108;151194
256127;William;Bøving;13;153540
209430;Renaud;Ripart;18;149901
214680;Gauthier;Gallon;18;149941
263943;Javier;Serrano Martínez;45;153496
221499;Dan;Gardner;14;148827
229646;Samuel;Yohou;108;149315
219795;Joel;Coleman;14;150827
231006;Cian;Coleman;25;151290
234535;Sébastien;Chéré;18;147628
239046;Hakan;Furuncu;18;151962
241007;Enzo;Ebosse;103;152089
229494;Luís Miguel;Vieira da Silva;38;149013
234512;Heliardo;Vieira da Silva;54;149445
245018;Aiham;Ousou;186;152393
189156;Daniel Filipe;Martins Carriço;38;148218
221386;Jordan;Allen;95;150673
213147;Jamie;Allen;14;150587
228656;RJ;Allen;95;148839
255303;Elia;Caprile;27;152987
237619;Scott;Twine;14;152214
238299;Andrew;McCarthy;42;151947
215758;Jason;McCarthy;14;150869
227909;John;McCarthy;95;149648
229771;Conor;McCarthy;25;151755
227819;Samuel;Portugal;54;150281
232437;Federico;Ricca;60;150528
211581;Shane;O'Neill;95;150073
209359;Brandon;O'Neill;195;150295
230888;Aiden;O'Neill;195;151839
253177;Yunus;Musah;95;153448
212183;José Ignacio;Martínez García;45;148433
242768;Giorgi;Kharaishvili;20;151134
228788;Jérémie;Broh;27;151369
235507;Ibán;Salvador Edú;112;150903
236902;Esteve;Monterde Torrents;45;150860
238877;Ángel;Bastos Teijeira;45;149586
240876;Matías;Nani;52;151739
225984;Denis;Drăguș;39;152206
216486;Armando;Vajushi;1;149434
232770;Santiago;Colombatto;52;151306
272349;Yousef;Ahmad;190;150310
254273;Alexis;Beka Beka;18;152838
274323;Barkan;Diyar;48;149522
231424;Ahmet;Arslan;21;150282
223313;Hakan;Arslan;48;148201
190761;Tolgay;Arslan;21;148960
244960;Bruno Xavier;Almeida Costa;38;151398
221926;Musa;Araz;47;150210
247412;Andy;Pelmard;18;152456
272540;Jerome;Ngom Mbekeli;103;151927
224077;Luís Miguel;Coimbra Aurélio;38;148231
189221;João Miguel;Coimbra Aurélio;38;148231
242686;Michael;Breij;34;151304
230764;Saviour;Godwin;133;151158
239770;Nicolò;Casale;27;151699
275333;Alberto;Marí;45;152942
206654;Pablo;Marí;45;150071
257713;Gianluca;Frabotta;27;152194
227520;Tobias;Salquist;13;150696
232185;Callum;Brittain;14;151725
244952;Vladimir;Loroña;83;151913
205382;Enzio;Boldewijn;34;149784
224525;Jerell;Sellars;14;150903
228356;Jordan;Maguire-Drew;14;151551
240953;Nahuel;Tenaglia;52;150975
227884;Bright;Osayi-Samuel;133;151654
188277;Edimar;Fraga;54;147412
177126;Mbaye;Leye;136;146145
193277;Jörg;Siebenhandl;4;148750
209828;Carlos Vinícius;Santos de Jesús;54;150366
234649;Danijel;Petrovic;51;149794
236953;Alexander;Hofer;4;151193
238785;Mohamed;Aidara;136;148725
262426;Mohamed;Aidara;108;151234
226268;Federico;Dimarco;27;151603
234648;Michael;Huber;4;148746
272612;Brajan;Gruda;21;153997
279693;Zihao;Yan;155;150576
224599;Junling;Yan;155;149125
278462;Zhiyu;Yan;155;149867
240699;Nicolás;De la Cruz;60;151441
272290;Luís;De la Cruz;58;149179
264530;Paulo;De la Cruz;59;152314
222134;Tarek;Hamed;111;148299
204349;Ibrahim;Šehić;8;148247
217126;Wilde-Donald;Guerrier;80;148457
273059;Andrei;Pitian;39;150878
221409;Hyoran;Dalmoro;54;149973
50022;Wanderson;Costa Viana;54;150231
252707;Romaric;Yapi;18;152579
231661;Moataz;Tombakti;183;150326
235746;Nicolás;Milesi;60;149777
208056;Hyeon Chul;Jeon;167;148916
175893;Per Egil;Flo;36;148385
269495;Facundo;Buonanotte;52;154203
201251;Myroslav;Slavov;49;148983
222644;Yamil;Asad;52;150401
212812;Kosuke;Kinoshita;163;150469
199538;Ricky;van Haaren;34;149269
239120;Francis;Uzoho;133;151955
238715;Edvin;Crona;46;152409
239152;Frederik;Rej-Rosenqvist;13;152352
231446;Marcus;McGuane;14;152052
241720;André Filipe;Coelho Pereira;38;150683
261307;Veljko;Birmančević;51;151718
223033;Jorge;Meré;45;151396
234576;Diogo Lucas;Queirós;38;152024
223962;Rodney;Kongolo;34;151663
235866;Christian;Kouamé;108;151629
208009;Wesley;Jobello;18;150216
229942;Axel;Disasi;18;151724
250765;Boris;Cespedes;53;150728
229038;Christian;Rivera Hernández;45;151479
278013;Saba;Sazonov;20;153147
245367;Xavier; Simons;34;153591
198579;Cayetano;Bonnin Vásquez;207;148913
277031;Abdukodir;Khusanov;191;153905
228828;Rodrigo;Tarín Higón;45;151110
253071;Frank;Tsadjout;27;152228
234731;Jair;Amador Silos;38;148600
236534;Ahmed;Touba;97;151726
209613;Pietro;Iemmello;27;149528
212483;Johann;Obiang;115;150014
216409;Matteo;Politano;27;150074
222077;Manuel;Locatelli;27;151662
235374;Manuel;Lazzari;27;150161
235242;Daan;Heymans;7;152185
177340;Pierluigi;Frattali;27;147241
205530;Mirko;Pigliacelli;27;150009
205726;Gaston;Brugman;60;149713
242429;Liberato;Cacace;198;152655
271294;Otabek;Shukurov;191;151097
256883;Felício Mendes;João Milson;98;152304
254965;Sofyan;Chader;18;152517
205194;Ewerton José;Almeida Santos;54;148449
183475;Sten Michael;Grytebust;36;148665
220569;Edgar;Babayan;13;150859
267458;Yomar;Rocha;53;153652
212941;Mayke;Rocha;54;149777
229380;David;Rocha;45;146944
213711;Aldo;Rocha;83;149773
235607;Antonio;Rocha;95;150061
209462;Rakish;Bingham;14;150126
226180;Josh;Bingham;195;150554
205159;Charlie;Raglan;14;149946
223599;Callum;Cooke;14;151341
237379;Matt;Worthington;14;151641
238718;Shamir;Mullings;14;150131
153048;Magnus Wolff;Eikrem;36;148952
158795;Claes Phillip;Kronberg;13;147745
202078;Darlington;Nagbe;95;148932
227050;Tim;Erlandsson;46;151283
273964;Valentín;Depietri;52;152689
236821;Rebin;Asaad;46;150497
271167;Stanislav;Kostov;9;149372
237153;Latif;Blessing;117;151288
225482;Timur;Zhamaletdinov;40;151430
241129;Nikola;Trujic;51;149567
207905;Mateusz;Mak;37;149415
207904;Michał;Mak;37;149415
198193;Róbert;Mak;43;149164
207444;Jürgen;Damm;83;149774
263718;Federico;Paradela;52;152198
245354;José;Paradela;52;152003
252555;Matthew;Sorinola;14;152800
239905;Radomir;Milosavljević;51;149672
186842;Dougie;Imrie;42;146390
202809;Roarie;Deacon;14;149382
233201;Chris;Mepham;50;151598
259205;Naouirou;Ahamada;18;153203
257190;Dickson;Abiama;133;151961
236645;Carlton;Ubaezuonu;25;151766
258574;Nahuel;Banegas;52;151203
254192;Luis;Banegas;53;150870
246770;Francisco;González Metilli;52;151377
226170;Emiliano;Amor;52;150694
226246;Lucio;Compagnucci;52;150977
178766;Bozhidar;Mitrev;9;147698
182094;Sheng;Qin;155;147577
264692;David;Strelec;43;152844
206435;Apostolos;Giannou;195;148757
278513;Xueming;Liang;155;150772
279600;Zhao;Ke;155;148451
241089;Cyrille;Bayala;101;151068
271802;Valon;Ahmedi;1;150473
272845;Sergiy;Maly;165;148888
221570;José David;Lloreda;56;150417
270684;Afonso Manuel;Abreu Freitas;38;152482
180432;A. Hernanes;de Carvalho A. Lima;54;147055
217728;Ezequiel;de Biasi;54;149881
240241;Bastien;Toma;47;152194
177553;Adelino André;Vieira de Freitas;38;147295
204520;Toni Brito;Silva Sá;119;150086
229246;Nikos;Korovesis;22;149319
275047;Anastasios;Tsokanis;22;149219
221831;Chang Moo;Shin;167;149723
187447;Hyung Min;Shin;167;147470
184901;Kwang Hoon;Shin;167;147713
155344;Hwa Yong;Shin;167;146278
210701;Maan;Al Khodary;183;149444
216465;Mohamed;Fatau;117;149821
240028;Rakan Saleh;Al Hafizi;183;150812
214587;Jorge;Deschamps;55;146674
214987;Germán;Voboril;52;147761
219636;Fabián;Manzano;55;150206
212340;Stefan;Wannenwetsch;21;149481
238561;Michele;Rizzi;21;148105
238961;Max;Dombrowka;21;149546
232625;Shaun;Tuton;14;149176
231504;Sebastian;Lundbäck;46;151129
241977;Junior;Ogedi-Uzokwe;14;150272
242056;Callum;Timmins;195;152235
241242;Savva;Knyazev;40;151541
241659;Stephen;Odey;133;151670
199347;Timo;Beermann;21;149076
219952;Liam;Henderson;42;151039
233306;Dean;Henderson;14;151360
207660;Dominik;Wydra;4;150273
208574;Filip;Kostić;51;149768
212321;Jonas;Meffert;21;150440
223993;Manfred;Osei Kwadwo;117;150708
237595;Marco;Friedl;4;151729
221365;Thanasis;Karagounis;22;149365
237647;Ajdin;Hrustic;195;151110
212366;Josh;Sheehan;50;150647
252975;Boubacar;Traoré;126;152982
213956;Adama;Traoré;45;150948
225151;Adama;Traoré;126;150737
245694;Adama;Traoré;126;150714
240257;Cheick;Traoré;126;150648
260651;Bénie;Traoré;108;153449
245850;Ibrahim;Traoré;108;148261
207948;Bertrand;Traoré;101;150807
219789;Hamari;Traoré;126;149489
257136;Omar;Traoré;21;151689
246728;Lassina;Traoré;101;152762
212161;Baba;Traoré;18;150002
229044;Amadou;Traoré;18;153181
231098;Charles;Traoré;126;149463
193177;Adama;Traoré;108;148766
229549;Alistair;Roy;42;151435
237548;Oussama;Haddadi;145;149490
205377;Donovan;Léon;18;149770
244316;Luís;Maximiano;38;152024
242534;Cristian;Cásseres Jr.;61;152404
247599;Léo;Leroy;18;152429
235255;Alberto;López Jiménez;45;150705
259173;Víctor;Chust;45;152449
205419;Samuel;de los Reyes;45;149508
259608;Evan;Ferguson;25;154138
242752;Nathan;Ferguson;14;152664
242280;Lewis;Ferguson;42;152255
208505;Roman;Zozulya;49;148688
204336;Marko;Jovanović;51;148087
277913;Djordje;Jovanović;51;152065
213327;Aleksandar;Jovanović;195;148583
234735;Aleksandar;Jovanović;51;149803
241011;Saša;Jovanović;51;149446
233219;Vukašin;Jovanović;51;151061
193697;Vlastimir;Jovanović;8;146999
228309;Adrián;Hernández Montoro;45;150562
247636;Perez;Adrien;95;150844
234779;José Antonio;Caro Díaz;45;150316
226085;Leonardo;César Jardim;54;150637
219998;José;Mauri;27;151060
243392;Rabbi;Matondo;50;152637
215751;Gaetano;Monachello;27;150255
219584;Luca;Lezzerini;27;150641
222952;Andrea;Paroni;27;148654
236330;Valentin;Cojocaru;39;150832
246875;Odilon;Kossounou;108;152754
223231;Florin;Tănase;39;150557
194079;Alper;Potuk;48;149195
240035;Néstor;Albiach Roger;45;149693
205594;Dener;Gomes Clemente;54;149535
272981;Silvano;Vos;34;154286
267780;Dennis;Vos;34;153082
212194;Julian;Brandt;21;151046
212382;Paul;Onuachu;133;150341
234574;Diogo;Dalot;38;152096
233128;Maziar;Kouhyar;149;151561
236788;Matthew;Gillam;14;151931
238326;Mitch;Candlin;14;152544
221625;Patrick;Mullins;95;149498
224487;Eamonn;Brophy;42;150989
238729;Dan;Wishart;14;149611
220774;Joshua;Debayo;133;151214
197716;Teal;Bunbury;95;148780
204180;Smajl;Suljevic;46;150389
224798;Romain;Gall;95;150589
264165;Djenahro;Nunumete;34;153143
262501;Aritz;Aldasoro Sarriegi;45;152175
237350;Karl;Larson;46;149356
189795;Éder;Macedo Lopes;38;147992
231718;Anton;Terekhov;40;151684
194954;Vitaliy;Ustinov;40;149220
198654;Alexandr;Kolomeytsev;40;148419
240759;Said;Aliev;40;151991
236582;Martin;Raynov;9;149578
240194;Krzysztof;Kurek;37;151695
264008;Wajdi;Kechrida;145;150867
199909;Pavao;Pervan;4;147953
239545;Jesús;Godínez;83;151309
212468;Rodrigo;Godínez;83;149727
225263;Duje;Ćaleta-Car;10;151184
202716;Abdón;Prats;45;149814
208480;Tim;Chow;213;150211
233669;Alex;Samizadeh;161;151968
262473;Souffian;El Karouani;129;152677
201885;Eirik;Birkelund;36;150206
237342;Slobodan;Vuk;44;148625
236807;Dominic;Peppard;25;152432
201992;Juan Martin;Imbert;52;148822
245940;Silas;Katompa Mvumpa;110;151933
215196;Martín;Galmarini;52;145869
228893;Manuel;Guanini;52;150968
256384;Isak;Helstad;36;152306
232713;Daniel;Sappa;52;150598
269436;Redouan;El Yaakoubi;34;150948
242214;James;Sands;95;152572
270351;Kjell;Peersman;7;153987
263678;Taylor;Gardner-Hickman;14;153114
222198;Fei;Xiong;155;147930
225921;Ramil;Şeydayev;5;150998
239808;Michal;Sáček;12;151186
267503;Zvonimir;Kozulj;8;150147
271018;Martin;Kramaric;44;151607
271446;Desley;Ubbink;34;149994
275845;Vladyslav;Kochergin;49;151044
217664;Erick;Cabalceta;76;149837
240882;Miguel Ângelo;Ferreira Magalhães;38;153435
275569;Marcelo;da Conceição;54;150930
275558;Leonardo;da Conceição;54;150989
240170;Karol;Niemczycki;37;152205
232388;Vítor;Costa de Brito;54;150375
206154;Héctor;Canteros;52;148441
232512;Yoshifumi;Kashiwa;163;147845
235514;Saeed;Al Yami;183;150348
245268;Hamad;Al Yami;183;152156
234988;Mohammed;Al Saeed;183;151242
244391;Fashion;Sakala;147;151362
240546;Saith;Sakala;147;151122
239182;Moritz;Fritz;21;150024
228680;Felipe;Fritz;55;150679
204814;Niclas;Erlbeck;21;149838
238801;Jamil;Dem;21;149896
215273;Gabriel;Rybar;54;148426
239698;Nathaniel;Amamoo;21;151524
239909;Dominik;Pelivan;21;151083
240123;Luca;Plogmann;21;152454
239317;Max;Melbourne;14;151951
199824;Raffaele;Alcibiade;27;148875
241939;Will;Dawes;14;152633
240735;Andrea;Dini;27;150974
242204;Christian;Kouan;108;152373
247882;Rubén;Cordano;53;151943
225572;Omar;Albornoz;56;150829
212232;Jamie;Maclaren;195;150038
231366;Philipp;Lienhart;4;151116
232643;Leon;Guwara;21;151103
233305;Patrik;Dzalto;10;151339
205341;Huanderson;da Silva;54;146390
275606;Nádson;da Silva;54;148570
212029;Johnath;da Silva;54;149555
213771;Pablo Dyego;da Silva;54;150260
262531;Guilherme;da Silva;54;151847
265856;Evander;da Silva;54;151814
208979;Reinaldo;da Silva;54;148638
268010;Igor;da Silva;54;149949
207676;Rafael;da Silva;54;149557
268089;João Paulo;da Silva;54;148856
212173;Clayton;da Silva;54;150854
220581;Rafael Rogério;da Silva;54;150892
216610;Alex;da Silva;54;150328
268201;Yuri;da Silva;54;150931
225903;Bruno;da Silva;54;150791
275610;Luiz Otávio;da Silva;54;149745
204344;Elber;da Silva;54;149610
255472;Pedro;da Silva;54;151757
255753;Pedro;da Silva;54;151233
231124;Marlon Matheus;da Silva;54;150276
276804;Cristiano;da Silva;54;150069
226388;Marcos;da Silva;54;148620
273354;Mateus;da Silva;54;151697
268082;Thaciano;da Silva;54;150690
273518;Yago;da Silva;54;151435
268227;Marcio;da Silva;54;150694
275636;Anderson;da Silva;54;146499
215553;José;da Silva;54;148625
226218;Judivan;da Silva;54;150699
237164;Ronielson;da Silva;54;150689
251847;Paulo Victor;da Silva;54;150561
240464;Luis Paulo;da Silva;54;148705
268025;Messias;da Silva;54;150500
203213;Rodrigo Modesto;da Silva;54;147936
198934;Bérgson;da Silva;54;149137
198870;Paulo Roberto;da Silva;54;147701
198213;Leandro Damião;da Silva;54;148570
192305;Jucilei;da Silva;54;148098
187846;Vanderlei;da Silva;54;146572
164149;Róger;da Silva;54;146913
198635;Wellington;da Silva;54;149834
172076;João Paulo;da Silva;54;148155
177969;Nathanael;da Silva;54;151415
178264;Anderson Miguel;da Silva;54;146384
199304;Danilo Luiz;da Silva;54;149293
198242;Deivid;da Silva;54;148385
195093;Willian José;da Silva;54;149424
266815;Ben;Doak;42;154526
241051;Ahmet;Canbaz;21;151771
242324;Gaëtan;Robail;18;150202
239340;Jeff;Chabot;21;151697
203884;Koffi;Djidji;108;149797
212564;Dan;Delaunay;18;150656
255293;Umut;Güneş;48;152460
264219;Ernest;Poku;34;153873
226721;Gil;Alcalá;83;149673
250825;Ryan;Longman;14;152695
210930;Carles;Gil Pareja;45;149769
219777;José Manuel;Rodríguez Benito;45;149525
233730;Yakou;Méïté;108;150965
224869;Unai;Bustinza Martinez;45;149495
229654;Gerard;Valentín Sancho;45;150037
231530;José Manuel;Arnáiz;45;150663
244797;Petar;Musa;10;151717
235880;Mert;Müldür;48;152112
239212;Carlos Daniel;López Huesca;45;148895
240796;Manuel;Roffo;52;152479
262113;Nicola;Zalewski;37;153138
210406;Piotr;Zieliński;37;150333
210413;Alessio;Romagnoli;27;150570
238290;Suk Yong;Son;167;151901
221875;Jun Ho;Son;167;149595
237382;Filippo;Melegoni;27;152068
251979;Leonardo;Marchi;52;151184
252544;Münir Levent;Mercan;21;152729
274299;Berkcan;Öztopalcı;48;149522
205874;Ferhat;Kaplan;48;148374
264728;Ahmetcan;Kaplan;48;153496
241166;Sergiy;Rybalka;49;148823
190807;Yazalde;Gomes Pinto;38;148255
252114;Benjamín;Rollheiser;52;152468
240111;Noel;Knothe;21;152144
231590;Daniel;Butterworth;14;152266
209440;Romário;Ricardo da Silva;54;149078
172630;Dwight;Tiendalli;34;147200
215855;Ben;Purrington;14;151064
227948;Fiacre;Kelleher;25;150993
240913;Caoimhín;Kelleher;25;151981
228382;Dan;Agyei;14;151441
231044;Joe;Aribo;133;151126
244592;Julian;von Moos;47;152841
212329;Jordan;Cranston;50;150143
197240;Nahir;Besara;46;149153
221219;Germán;Conti;52;150377
223329;Andrea;Conti;27;150254
221269;Jaïro;Riedewald;34;151176
217597;Evgeniy;Kobozev;40;148743
228839;Maxim;Kuzmin;40;151076
220181;Zhivko;Milanov;9;146737
211042;Georgi;Milanov;9;149512
209413;Mateusz;Matras;37;149120
229666;Uroš;Korun;44;147781
229378;Adetayo;Edun;14;151788
224267;Fabio;Strauss;4;150411
235103;Nana;Ampomah;117;150925
239739;Alberto;Ocejo;83;151821
239878;Assim;Madibo;182;151219
237525;Arnaud;Bodart;7;151724
268561;Brahim;Ghalidi;7;153511
190425;Mostafa;Abdellaoue;36;148215
257075;Paul;Nebel;21;153398
232088;Kristian;Rutlin;36;152184
218585;Shane;Griffin;25;150444
259273;Tomás;Marchiori;52;150729
235325;Tim;van de Berg;34;151616
242134;Gaute;Vetti;36;151899
236694;Marc;Carbó Bellapart;45;150334
250854;Rasmus;Carstensen;13;152699
222622;Jiakang;Hui;155;148382
272910;Tellur;Mutallimov;5;150656
272096;William Douglas;de Amorim;54;149461
272552;Milan;Rundić;51;149551
244369;Viktor;Tsygankov;49;151608
273365;Mykyta;Kamenyuka;49;147060
214208;Leonardo;Pico;56;149374
236298;Eduard;Atuesta;56;151458
251294;Gonçalo Rosa;Pereira Rodrigues;38;151488
210555;Miguel Fernando;Pereira Rodrigues;38;149903
208053;Dimitrios;Pelkas;22;150127
209667;Konstantinos;Triantafyllopoulos;22;149921
213090;Talal;Al Absi;183;149881
220075;Mohamed;Kanno;183;150458
238385;Chan Wool;Lim;167;150388
233560;Min Hyuk;Lim;167;151353
238083;Min Hyeok;Lim;167;150257
212439;Chai Min;Lim;167;149054
191657;Sang Hyub;Lim;167;148191
199394;Diego Maurício;Machado de Brito;54;149273
205545;Flávio;Nunes Ferreira;38;149389
253568;Leonardo;Campana;57;152560
227876;Lucas;Campana;52;149898
224916;Nicolás;Royón;60;149125
230718;Endre;Botka;23;150308
273200;Ahmed;Tagnaouti;129;151019
231863;Yan;Dhanda;14;152002
233442;Jordi;Osei-Tutu;14;151929
241042;Oliver;Skipp;14;152644
225136;Thomas;Hadler;14;151135
229166;Givanilton;Martins Ferreira;54;149200
241934;Daniel;Leck;195;152066
247377;Marcos;Antonio;54;152549
190717;Michail;Antonio;82;148819
241410;Eddie;Salcedo;27;153024
228730;Saúl;Salcedo;58;151530
212888;Carlos;Salcedo;83;150100
203797;Matheo;Zoch;53;151817
224251;Robin;Zentner;21;150494
203324;Rodrigo Caio;Coquette;54;150057
238669;Sven;Kopp;21;150606
253012;Lautaro;Morales;52;152369
235980;Iván;Morales;55;152229
240640;Leonardo;Morales;52;149198
209818;Joshua;Brenet;34;150272
206577;Stef;Peeters;7;149502
229155;Thomas;Ouwejan;34;151099
233483;Tarik;Tissoudali;129;149920
235134;Pablo;Rosario;34;151296
237519;Nicholas;Marfelt;13;150451
241585;Igor; Julio;54;151692
188387;Frédéric;Duplus;18;148829
221244;Jorge;Ramos;56;149738
241973;Christopher;Ramos;45;151307
275900;Sydney;Ramos;54;146168
256903;Gonçalo;Ramos;38;152921
204534;Juan Manuel;Ramos;60;151269
253607;Carlos;Ramos;61;152165
223879;Leonardo;Ramos;52;148600
252072;Santiago;Ramos;52;153075
271068;Andrey;Ramos;54;151700
214922;Álvaro;Ramos;55;149567
198513;Cláudio;Ramos;38;149417
167958;Cássio;Ramos;54;147793
246732;Aké;Loba;108;151745
224828;Louis;Souchaud;18;150811
229705;Jean-Kévin;Duverne;18;151482
204874;Aleksandar;Katai;51;149134
209989;Thomas;Partey;117;149992
252000;John;Narváez;57;149260
220815;Juan José;Narváez;56;150601
214315;Luis;Narváez;56;146733
240847;Leonardo;Miramar Rocha;38;151524
241179;Cristian;Rivero Sabater;45;151734
230834;Alexis;Peña;83;150936
211241;Rubén;Peña;45;149296
236259;Sergio;Peña;59;150829
236447;Ronaldo;Peña;61;151358
250799;Agustín;Peña;60;148434
246139;Ignacio;Peña;45;152080
246070;Iván;Jaime;45;152654
214684;Sebastián;Jaime;52;147666
211057;Pablo;Valcarce Vidal;45;149862
266820;Njegoš;Petrović;51;152218
269626;Đorđe;Petrović;51;152300
195087;Radosav;Petrović;51;148434
246674;Bruno Lourenço;Almeida Paz;38;151767
214110;José;Cuadrado;56;147058
208165;Berat;Djimsiti;1;149878
220084;César;Falletti;60;149799
220709;Ivan;Vargić;10;147710
227535;Rodrigo;Bentancur;60;151445
229148;Dalbert;Chagas Estevão;54;150079
233411;Claud;Adjapong;27;151780
238356;Dejan;Joveljić;51;152238
262091;Ebrima;Darboe;116;152907
213993;Francesco;Forte;27;149949
221339;Michele;Rocca;27;150955
231073;Boris;Radunović;51;151070
241489;Peru;Nolaskoain Esnal;45;151952
274301;Ilgar;Çabuk;48;152444
240754;Youcef;Atal;97;151061
247771;Olivier;Deman;7;152481
232344;Emanuel;Dening;52;148187
207725;Mike;van der Hoorn;34;149751
212231;Tobias;Pereira Figueiredo;38;150226
193143;Roderick J.;Gonçalves Miranda;38;149186
229797;Hamdou;Elhouni;123;150236
228835;Fabian;Kunze;21;151819
224067;Jeppe;Tverskov;13;149899
246158;Mads;Hermansen;13;152577
211597;George;Glendon;50;150681
213408;Ryan;Boot;14;150506
181307;Philip;Haglund;46;147717
207860;Aaron;Maund;95;148994
212591;Walker;Zimmerman;95;149967
224891;Rafael António;Figueiredo Ramos;38;150567
261529;Daniil;Fomin;40;151350
237252;Jakob;Nerwinski;95;150482
213337;Ismael;Silva Lima;54;150528
216313;Aleksandar;Miljković;51;148789
220531;Igor;Łasicki;37;150735
240350;Felipe;Barrientos;55;151354
212377;Mario;Osuna;83;148234
223223;Kévin;Vandendriessche;18;148586
226729;Anthony;Swolfs;7;151618
228261;Valtteri;Moren;17;149263
228349;Mërgim;Vojvoda;219;150590
231436;Grady;Diangana;110;151732
248169;Tomáš;Vlček;12;152809
193344;Pascal;Schürpf;47;148563
223550;Jonas;Omlin;47;150203
262212;Henning;Matriciani;21;152458
234242;Corey;O'Keeffe;25;151810
222404;Mathias;Normann;36;151072
235907;Thomas;Elsebutangen;36;151742
208453;Kevin;Farragher;25;150006
244757;Augusto;Schott;52;152401
239538;Tom;McIntyre;42;151964
214784;Jorge;Pereyra Díaz;52;148949
242482;Emanuel;Coronel;52;151321
259537;Mateo;Coronel;52;151951
193602;Maximiliano;Coronel;52;148485
241001;Fran;Brener;52;151800
169972;Yuval;Shpungin;26;147729
271980;William;Clem;13;154017
262710;Mathieu;Cachbach;7;152893
270889;Jonathan;Arriba Monroy;45;153055
236242;Diego;Wayar;53;150116
239572;Bhongolwethu;Jayiya;140;148812
258784;Carlo;Boukhalfa;21;152142
271812;Marwan;Kabha;26;149151
242377;David;Loaiza;56;150104
214226;Raúl;Loaiza;56;150352
225964;Jorge;Carrascal;56;151799
214366;Rafael;Carrascal;56;149793
273509;Marcio;de Sousa;54;150717
258093;Million;Manhoef;34;153118
208977;Fahad;Al Muwallad;183;150450
212039;Saeed;Al Muwallad;183;149165
239840;Khaled Yaslam;Al Muwallad;183;150738
209218;Jehad;Al Hussien;186;146021
242552;Yerkebulan;Seydakhmet;165;152419
231351;Yerko;Urra;55;151114
272650;Shlomi;Azulai;26;148821
211887;Luka;Odak;10;148693
224128;Dimitrios;Ferfelis;21;149923
238657;Marc;Heider;21;147409
239566;Justin;Schau;21;151918
240113;Leon;Demaj;21;151621
271201;Ofer;Verta;26;148875
230968;Matej;Jelić;10;149041
196037;Hichem;Essifi;145;147694
242352;Abdulquddus;Attiah;183;151349
215243;Fernando;Elizari;52;149192
254551;Georges;Mikautadze;20;152689
221447;Jalen;Robinson;95;150321
206518;Callum;Robinson;25;150591
225778;Tyrell;Robinson;14;151548
255031;Robbie;Robinson;95;152005
229348;Antonee;Robinson;95;151509
237255;Miles;Robinson;95;151362
245865;Stefan;Bajic;18;153107
217050;Roderick;Miller;87;149556
231929;George;Miller;14;151877
247648;Kamal;Miller;70;151425
223580;Ricky;Miller;14;148439
225364;Will;Miller;14;151083
221656;Eric;Miller;95;149843
242322;Mickel;Miller;14;150894
231878;Tyler;Miller;95;149899
193780;Izet;Hajrović;8;149313
202849;Jannik;Vestergaard;13;149678
209958;Dustin;Bomheuer;21;149204
193107;Paulo Victor;Vidotti;54;147648
222825;Chadrac;Akolo;110;150649
234986;Panagiotis;Retsos;22;151875
235167;Vitaly;Janelt;21;151784
214877;Henrik;Bjørdal;36;151324
242835;Leonardo;Balerdi;52;152045
225955;Marko;Kvasina;4;151278
227633;Bart;Ramselaar;34;151104
204354;Jak;Alnwick;14;149996
228860;Hidde;Jurjus;34;150233
238816;Cameron;Peters;14;152069
240762;Jayden;Cotterill;14;152086
213388;Flavien;Tait;18;149861
221740;Enzo;Crivelli;18;150595
226403;Federico;Crivelli;52;145838
225126;Ellyes;Skhiri;145;150688
203841;Nick;Pope;14;149572
208834;Baptiste;Aloé;18;150373
220621;Saïd;Benrahma;97;150780
225150;Alexis;Araujo;38;151265
253163;Ronald;Araujo;60;152085
208844;Marcos Vinícius;Araujo;54;150553
226002;Miguel;Araujo;59;150490
247678;Julian;Araujo;83;152975
203276;Héber;Araujo;54;149319
192041;Néstor;Araujo;83;149338
236477;Alexis;Claude-Maurice;18;151811
210140;Abdullah;Al Mayouf;183;147659
250764;Alexis;Antunes;47;152597
247458;Álex;Sola;45;152179
243976;Alejandro;Catena Marugán;45;150494
278910;Jinzhao;Chu;155;149839
260044;Lautaro;de León Billar;60;152790
224967;Mamadou;Sylla;136;150272
256743;Abdoulaye;Sylla;112;152485
212282;Issiaga;Sylla;118;150194
270072;Morlaye;Sylla;118;151862
224464;Salimo;Sylla;18;150218
269003;Abakar;Sylla;108;153474
237708;Moussa;Sylla;18;152348
270071;Habib;Sylla;108;152062
266339;Sekou;Sylla;126;152028
212846;Reece;Flanagan;14;150485
228520;Ezequiel;Ávila;52;150230
214341;Jonathan;Ávila;56;149402
218846;Edwin;Ávila;56;147538
236850;Felipe;Ávila;56;150223
239942;Andrés;Ávila;83;151775
196848;Írven;Ávila;59;148915
241262;Vincenzo;Millico;27;152609
234231;Mohamed;Djetei;103;150423
252027;Aster;Vranckx;7;153392
233835;Patryk;Szysz;37;151745
219715;Raffaele;Di Gennaro;27;150104
202024;Remo;Freuler;47;149568
225652;George;Puşcaş;39;151022
228882;Simone;Pontisso;27;151368
240175;Bruno André;Cavaco Jordão;38;151939
220065;Ettore;Gliozzi;27;150824
240360;Alessandro;Polidori;27;149517
264869;Félix;Lemaréchal;18;153699
244889;Charles;Vanhoutte;7;151913
274349;Bahadır;Gölgeli;48;153662
258485;Filip;Jörgensen;13;153221
269862;Valon;Ethemi;1;151565
194022;André Gomes;Magalhães Almeida;38;148985
203774;Welthon;Fiel Sampaio;54;149635
209532;Daniel;Bachmann;4;150383
224094;Janik;Bachmann;21;151050
260745;Jeremy;Antonisse;85;153203
204298;Frederik;Due;13;149662
228419;Mads;Juel Andersen;13;151650
205533;Alexander;Juel Andersen;13;149126
225931;Mikkel;Duelund;13;151469
179616;Lenell;John-Lewis;14;148504
200779;Jonson;Clarke-Harris;82;150395
206263;Tom;Hopper;14;150176
215211;Baily;Cargill;14;150744
220994;Jack;Bridge;14;150822
222916;Josh;Ginnelly;14;151372
216271;Joost;van Aken;34;150326
240455;Billy;Sass-Davies;50;152432
208432;Tom;Pettersson;46;148816
236823;Isak;Pettersson;46;151446
243133;Joe;Scally;95;153480
220575;Victor;Pagliari Giro;54;150262
231509;Anton;Cajtoft;46;150237
211086;Khalid;Kadyrov;40;150302
240268;Abubakar;Kadyrov;40;151162
204043;Emir;Dilaver;4;149224
239536;Łukasz;Kosakiewicz;37;148994
255634;Georgios;Vagiannidis;22;153005
214817;Ángelo;Sagal;55;149936
234651;David;Stec;4;150323
250800;Marvin;Tshibuabua;18;153274
209890;Yroundu;Musavu-King;115;149470
210962;Tony;Dingwall;42;150399
248203;Ahmed;Fatouh;111;151735
207558;Martin;Broberg;46;148999
238091;Christian Dahle;Borchgrevink;36;152150
211978;Sean;Hoare;25;150267
237969;Shane;Blaney;25;152039
238331;Lucas;Blondel;52;151181
272781;Eliesse;Ben Seghir;18;154258
263604;Salim;Ben Seghir;18;153535
257084;Lesley;Ugochukwu;18;153931
216050;Alejandro;Gagliardi;52;148585
227785;Cristian;Guanca;52;149913
239837;Alexis;Mac Allister;52;152012
233230;Kevin;Mac Allister;52;151600
232826;Francis;Mac Allister;52;150861
259461;Fedde;De Jong;34;153644
186648;Tamás;Kádár;23;148805
258484;Gabriele;Ferrarini;27;152484
211328;Alexis;Rolin;60;148405
216972;Rasim;Ramaldanov;5;147446
263646;Álvaro;Bastida Moya;45;153978
237055;Oleksandr;Zubkov;49;151139
273122;Ali;Hamoudi;161;147351
279156;Shuai;Pei;155;149842
278099;Yuwen;Pei;155;147091
268014;Vitor;Feijão;54;151137
208284;Giorgos;Bantis;22;147026
172063;Jade;North;195;145817
200107;Roly;Bonevacia;85;149378
211395;Abdullah;Al Salem;183;149816
234059;Jhon;Chancellor;61;149464
235814;Romario;Benzar;39;149548
239077;Thomas;Hagn;21;150617
213124;Tomislav;Gomelt;10;150565
205463;Marco;Thiede;21;149603
237254;Kévin;Denkey;144;152719
241473;Gonzalo;Guijarro Rodríguez;45;150924
231186;Igor;Leontyev;40;150270
233517;Alexey;Tataev;40;151935
242231;Inih;Effiong;14;149158
235405;Dara;O'Shea;25;152082
239495;Shinta;Appelkamp;163;152690
209196;Philipp;Ziereis;21;149901
210723;Niko;Gießelmann;21;149366
255699;Erik;Jirka;43;151551
229558;Dayot;Upamecano;18;151954
233097;Rick;van Drongelen;34;152008
246316;Yuki;Soma;163;151345
251238;Julio César;Irrazabal;58;145409
236037;Pelle;Clement;34;151063
234740;Mohamed;El Hankouri;129;151471
253551;Jorge;Morel;58;151676
223624;Jaílton Alves;Miranda;104;148581
214988;Leonel;Miranda;52;150200
233508;Bruno;Miranda;53;151695
254131;Matías;Miranda;52;152510
273367;Rafael;Forster;54;148936
213318;Jordon;Forster;42;150094
246329;Mounaïm;El Idrissy;18;152060
208885;Alassane;N'Diaye;18;149262
205692;Ousmane;N'Diaye;136;149328
190635;Mamoutou;N'Diaye;126;148806
188879;Alfred;N'Diaye;136;148797
255352;Francesco;Lo Celso;52;152449
226226;Giovani;Lo Celso;52;151023
228616;Dimitry;Bertaud;18;151811
229011;Kévin;N'Doram;18;150945
258374;Brahima;Diarra;126;153666
233373;Stéphane;Diarra;108;151997
241032;Souleymane;Diarra;126;150588
250725;Moussa;Diarra;126;152699
264293;Habib;Diarra;18;153848
244438;Youba;Diarra;126;151737
148403;Luíz Carlos;Martins Moreira;54;147092
261446;Mehmet-Can; Aydin;21;153155
210749;César;Blackman;87;151746
193023;Andre;Blackman;14;149046
221923;Carlos;Martín Vigaray;45;150443
207942;Stéfano;Souza;54;149109
221410;Odair;Souza;54;145845
275611;Yago;Souza;54;149619
262929;Vinícius;Souza;54;152187
181114;Elicarlos;Souza;54;147065
241140;Francisco;López Manzanera;45;151179
277636;Rareş;Burnete;39;153876
214317;Daniel;Malhue;55;150602
188931;Alejandro;Bergantiños García;45;147064
200727;Carlos Javier;Delgado Rodríguez;45;148844
272357;Lucas; Rosa;54;152478
264044;Mattia;Viti;27;153139
137373;Massimiliano;Mangraviti;27;151678
235004;Gastón;Suso;52;149168
233037;Óscar;Camilo;56;150647
240626;Matteo;Solini;27;149896
256781;Luca;Netz;21;153615
240573;Matteo;Procopio;27;151109
242688;Gustavo;Carvajal;56;152553
214435;Esteban;Carvajal;55;148323
204963;Daniel;Carvajal;45;149473
256832;Onurhan;Babuscu;4;153728
225305;Sinan;Gümüş;21;150208
246118;Umut;Meraş;48;150912
255371;Marcos Paulo;Costa do Nascimento;38;152782
241991;Fernando;Ruíz;83;151238
226271;Fabián;Ruíz;45;151017
231868;Leonardo;Ruíz;56;151032
265505;Óscar;Ruíz;58;149231
260817;Luis;Ruíz;61;151504
176844;Gerado;Ruíz;83;150806
50006;Mahlon;Romeo;63;150820
239657;Ricardo José;da Silva Fernandes;38;150494
212643;Paweł;Cibicki;46;150202
204163;Jores;Okore;13;149686
255223;Amine;Adli;129;152515
243627;Yacine;Adli;18;152595
234482;Jesper;Christjansen;13;147999
234488;Mikkel;Rygaard;13;149091
225001;Kyle;Wootton;14;151208
234412;Ashley;Nadesan;14;150445
237175;Lewis;Freestone;14;152318
223902;Tom;Pett;14;149434
240708;Tom;Knowles;14;151924
231684;Joe;Knowles;14;151115
223857;Oscar;Salinas;55;148179
214065;Hans;Salinas;55;148845
186715;Shea;Salinas;95;147446
274000;Elias;Saad;145;152380
212807;Kekuta;Manneh;116;150557
221206;Daniel;Björnquist;46;148375
252508;Kacper;Kozłowski;37;153769
244799;Pol;Moreno Sánchez;45;150322
206273;Oleg;Shatov;40;148942
262740;Marco;Pašalić;10;152642
223273;Mario;Pašalić;10;150598
228674;Georgiy;Tigiev;40;150704
234974;Dávid;Guba;43;149277
243571;Bambo;Diaby;136;151640
269565;Souleymane;Diaby;108;152300
241852;Moussa;Diaby;18;152207
248831;Mohamed;Diaby;18;151170
229167;Milot;Rashica;219;151103
210374;Juan Pablo;Vigón;83;149298
217242;Yuya;Kubo;163;150186
237681;Takefusa;Kubo;163;152540
230690;Maxime;Dominguez;47;150955
213687;Liam;Grimshaw;14;150591
224947;Daniel;Grimshaw;14;151670
172232;Joona;Toivio;17;148071
225998;Aaron;McEneff;25;150748
254859;Alex;Mighten;14;153216
215076;Lorenzo;Faravelli;52;149916
238545;Firas;Al Birekan;183;152519
224876;Marcos;Curado;52;150687
247121;Luis;Barraza;95;151236
233924;Maximiliano;Lovera;52;152087
235176;Christian;Bernardi;52;148801
241121;Fernando;Asmar;52;152214
279502;Peng;Lü;155;148668
278039;Wenjun;Lü;155;148437
279278;Wei;Lü;155;148385
191570;Zheng;Lü;155;146962
238232;Kwang Song;Han;166;151908
232245;Ji Won;Han;167;150292
211004;Kook Young;Han;167;148841
221845;Rongze;Han;155;149843
278102;Guanghui;Han;155;148025
278464;Zilong;Han;155;150289
231942;Chan Hee;Han;167;151365
278147;Feng;Han;155;146514
232338;Hee Hoon;Han;167;148954
222697;Seok Jong;Han;167;149663
279681;Qingsong;Han;155;147975
237098;Seung Gyu;Han;167;151193
232256;Pengfei;Han;155;149946
202994;Kyo Won;Han;167;148898
191921;Sang Wun;Han;167;147394
228116;Arquímedes;Figuera;61;148646
234171;Roland;Sallai;23;151431
239437;Philani;Zulu;140;149722
214916;Fernando;Cordero;55;147874
232194;Salvador;Cordero;55;150994
235991;Nicolás;Cordero;52;152120
260405;Pedro;Cordero;61;147207
272411;Daniel;Linárez;61;149545
273014;Mohammad;Roshandel;161;150741
264820;Facundo;Batista;60;152035
241564;Matías;Rosas;55;151686
255594;Koki;Saito;163;152972
199412;Sebastião;de Freitas Couto;54;149622
204782;Samed;Yesil;21;150338
209490;Nikos;Melissas;22;149883
272015;Moisse;Adilehou;99;150863
240409;Dimitrios;Kolovetsios;22;149752
213333;Osama;Ashoor;183;148739
236452;Daniel;Lalhlimpuia;159;151544
222987;Hotaru;Yamaguchi;163;149011
209660;Stefano;Magnasco;55;149734
209844;Mounir;Bouziane;18;149133
234382;Niklas;Landgraf;21;150984
242389;Rafael Avelino;Pinto Barbosa;38;151012
207499;Tom;Boere;34;149791
243914;Efkan;Bekiroglu;21;150815
259101;Jusuf;Gazibegović;8;152455
231874;Jannes;Horn;21;151326
175941;Jørgen;Horn;36;147794
200316;Timo;Horn;21;149960
234722;Zinédine;Ould Khaled;18;152398
251912;Zinédine;Ould Khaled;18;152398
270017;Tomi;Horvat;44;152102
213868;Jean-Charles;Castelletto;103;150584
223011;Francois-Joseph;Sollacaro;18;150273
243876;Mads;Frøkjær-Jensen;13;152229
226879;Léiner;Escalante;56;149449
219391;Gonzalo;Escalante;52;149914
239683;Omer;Escalante;56;149206
199369;Dionicio;Escalante;83;148864
223498;Emanuel;Cecchini;52;151282
259377;Yéremy;Pino;45;153408
265800;Ferran;Jutglà;45;152051
269089;José;Martínez Marsà;45;153178
244629;Filip;Uremović;10;151331
202079;Davor;Blazevic;46;149866
193550;Beram;Kayal;26;148124
229083;Christian;Jakobsen;13;149914
225735;Dominic;Baumann;21;150672
230849;Ignacio Agustín;Sánchez Romo;45;149870
187324;Maurício;Santos Nascimento;54;148265
205554;Lukáš;Zima;12;150202
255687;David;Zima;12;152697
236368;Giulio;Maggiore;27;151725
259204;Endri;Çekiçi;1;151251
255693;Anthony;Uzodimma;133;152126
223045;Uğur;Çiftçi;48;149587
223289;Muhammed Enes;Durmuş;48;151297
234049;Babacar;Niasse;136;151278
208339;Oumar;Niasse;136;148840
248661;Cheikh;Niasse;136;152403
194916;António Filipe;Norinho de Carvalho;38;147010
258407;Brandon;Soppy;18;153167
209621;Mattheus A.;Gama de Oliveira;54;150381
212230;Iuri José;Picanço Medeiros;38;150384
213665;Jordan;Houghton;14;150871
220045;Connor;Mahoney;14;151332
187899;Amadou;Jawo;46;146810
204542;Yoshimar;Yotún;59;148829
213512;Guðmundur;Þórarinsson;24;149568
221657;Tesho;Akindele;70;149339
228657;Zachary;Herivaux;80;150955
259442;Rav;van den Berg;34;154012
216336;Yuriy;Lodygin;40;148878
219825;Islamnur;Abdulavov;40;150259
234980;Yevgen;Shakhov;49;148978
239463;Vitaliy;Shakhov;40;149106
169509;Jarosław;Fojut;37;147926
256118;Yannik;Keitel;21;152430
208898;Daniel;Łukasik;37;149215
226790;Wilfred;Ndidi;133;151274
256831;Dennis;Cirkin;14;153211
215292;Martín;Cauteruccio;60;147740
222671;Everaldo;Stum;54;149283
254019;Nicholas;Gioacchini;95;152591
227591;Alexis;Canelo;52;149496
228454;Mohamed;Ofkir;36;151140
229303;Bryan;Colula;83;151020
229606;Victorien;Angban;108;151196
232900;Christoph;Monschein;4;149758
194725;Jaroslaw;Lindner;37;148181
193247;Heinz;Lindner;4;148930
247103;Dávid;Hancko;43;151636
257072;Henrik;Heggheim;36;152862
201329;Thomas Kind;Bendiksen;36;148587
255197;Nicolás;Morgantini;52;150447
206649;Alexis;Henríquez;56;146207
231222;Fabián;Henríquez;52;150717
210296;Ángelo;Henríquez;55;150296
212621;Oswaldo;Henríquez;56;148436
232067;Neri;Bandiera;52;148551
274415;Renato;Solís;59;151682
232003;Miguel;Solís;56;146272
191338;Jasur;Khasanov;191;146389
235684;Míguez;Rak;60;150058
207785;Thabo;Matlaba;140;147983
272331;Mohammad Jumaa;Al-Alawi;182;147446
273700;Evgeni;Postinkov;40;147377
253290;Matías;Viña;60;151602
172395;Cristopher;Meléndez;81;151618
264580;Thales;de Matos;54;149924
167683;Maicosuel;de Matos;54;147438
208263;Michalis;Boukouvalas;22;148015
232489;Yoshiaki;Komai;163;149620
162388;Kazuhiko;Chiba;163;147078
185409;Zhambyl;Kukeev;165;148265
213902;Alef;dos Santos Saldanha;54;150586
214294;Esteban;Pavez;55;148853
214280;Luis;Pavez;55;150818
224165;José;Huentelaf;55;148389
212980;Berkay;Dabanli;48;148910
233052;Jacob;Maddox;14;151961
210824;Fabien;Tchenkoua;18;149737
204492;Pascal;Breier;21;149495
241244;Ryan;Strain;195;151381
241686;Manuel;Vallejo Galván;45;151334
242045;Majeed;Ashimeru;117;151572
236661;Christoph;Klarer;4;152550
212683;Jamille;Matt;82;148660
214947;Jean-Philippe;Gbamin;108;150826
216275;Phillipp;Mwene;4;150222
244050;Wouter;Burger;34;152797
224433;Korbinian;Burger;21;150675
238668;Marcel;Hofrath;21;149908
269248;Derry;Murkin;14;152227
184237;Leroy;Labylle;7;149167
216633;Ögmundur;Kristinsson;24;148537
226436;Hidde;ter Avest;34;151429
240638;Tijjani;Reijnders;34;151864
243589;Alex;Cochrane;14;152496
232411;Christopher;Nkunku;18;151607
216229;Rémy;Dugimont;18;147453
234515;Jordan;Lefort;18;150049
234710;Didier;Lamkel Ze;103;151184
233585;Lincoln Henrique;Oliveira dos Santos;54;151965
222225;Strahil;Popov;9;148975
245132;Denys;Popov;49;152067
185373;Ivelin;Popov;9;147935
243080;Carlos Isaac;Muñoz Obejero;45;151774
226287;Caye;Quintana;45;150182
242185;Yeferson;Quintana;60;151031
234458;Carlos;Quintana;52;148042
213133;Daniel;Quintana;45;147703
235375;Aldair;Quintana;56;150385
210653;Luis;Quintana;83;149496
235212;Achraf;Hakimi;129;151962
209695;Eugeni;Valderrama Domènech;45;150393
278349;Dean;Huijsen;34;154315
212153;Roberto;Gagliardini;27;150290
240734;Matthew;O'Riley;13;152710
235520;Rafael Sebastián;Mújica García;45;151956
238223;Bruce;Bvuma;140;150693
245131;Georgiy;Tsitaishvili;20;152707
224149;Rubio;Rubin;78;150984
192823;Archimede;Morleo;27;146444
203915;Emanuele;Padella;27;148269
219956;Pietro;Ceccaroni;27;150913
251988;Andrea;Colpani;27;152150
248149;Michał;Karbownik;37;152822
269423;Derick Theodoro;Santos Poloni;54;150072
216452;Gonçalo;Mendes Paciência;38;150406
257969;Weverson;Moreira da Costa;54;152571
223623;Alex;Kakuba;146;149260
228768;Alexandre;Costa Silva;38;151364
262986;Tomás;Costa Silva;38;152307
268611;Joel;Ordoñez;57;153957
240523;Charles Chinedu;Ezeh;133;151611
240459;Chidera;Ezeh;133;151564
210697;Christian;Nørgaard;13;150262
241018;Frederik;Nørgaard;13;152076
205582;Anthony;Forde;25;150148
238368;John;McAtee;14;152223
264349;James;McAtee;14;153406
261098;Oliver;Zandén;46;152976
234074;Ryan;Tierney;42;151684
226491;Kieran;Tierney;42;151445
239188;James;Tierney;25;151901
220659;Josh;Brownhill;14;150911
208371;Mohammed;Saeid;46;149090
221684;Ben;Sweat;95;149344
226777;Cyle;Larin;70;150665
242334;Jaylin;Lindsey;95;152471
237385;Ian;Harkes;95;150625
187590;Zaur;Sadaev;40;148677
202703;Ondřej;Vaněk;12;148918
240226;Magomed-Shapi;Suleymanov;40;152369
201083;Michał;Kucharczyk;37;149176
205038;Frederik;Helstrup;13;149903
211070;Tomasz;Hołota;37;149124
261647;Andrew;Omobamidele;25;153289
240119;Konrad;Michalak;37;151551
209238;Jean Mota;Oliveira de Souza;54;150116
210489;Louis;Schaub;4;150556
222024;Tino;Casali;4;150876
225149;Jean;Butez;18;150717
228715;Benjamin;Van Durmen;7;151368
240986;Michael;Cheukoua;103;151302
238332;Enzo;Copetti;52;150939
218587;Niall;Keown;25;150653
219466;Birger;Meling;36;150544
227869;William;Kurtovic;46;151097
235161;Josh;Maja;133;152015
223091;Regan;Donelon;25;151031
199727;Mário Sérgio;Santos Costa;54;150128
212509;Carlos;Ascues;59;149633
233477;Matic;Črnic;44;149626
272915;Filip;Havelka;12;151675
271441;Roman;Potocny;12;149212
262224;Jovan;Popzlatanov;19;151111
214021;Fáiner;Torijano;56;148245
214200;Juan;Zuluaga;56;149994
258712;Celton;Ansumane Biai;38;152610
260236;Dorgeles;Nene;126;153472
264280;Tiago Filipe;Alves Araújo;38;152836
275605;Elias;Curzel;54;150756
221421;Sandi;Križman;10;148596
239992;Goran;Paracki;10;147657
209572;Abdullah;Al Owayshir;183;149230
248188;Song;Min Kyu;167;152274
271701;Stéphane;Lambèse;80;150688
269036;Igor;Aleksovski;19;150613
224716;Viktor;Götesson;46;150753
242308;Ibrahim;Chenihi;97;148756
241496;Timothy;Weah;95;152437
224336;Taras;Romanczuk;37;149415
229476;Waldemar;Anton;21;151125
222224;Paul;Anton;39;149227
226179;Maximilian;Sauer;21;150328
277482;Leo;Sauer;43;154561
231823;Justin;Hoogma;34;151816
235422;Francisco H.Sol;Kim;167;149233
232402;Woo Suk;Kim;167;151140
232216;Gyeong Jae;Kim;167;150033
208194;Kyung Jung;Kim;167;149203
233018;Dae Won;Kim;167;151330
212347;Young Chan;Kim;167;150075
212914;Gyeong Min;Kim;167;148959
237457;Moo Gun;Kim;167;151400
231910;Gun Hee;Kim;167;150611
238351;Dong Min;Kim;167;150413
237027;Bo Seop;Kim;167;151665
240823;Min Jun;Kim;167;150217
221647;Yong Hwan;Kim;167;149973
208047;In Seong;Kim;167;148619
228464;Jin Hyuk;Kim;167;149982
227787;Jong Woo;Kim;167;150102
238287;Gyeong Joon;Kim;167;151198
226650;Won Gun;Kim;167;149584
222051;Dae Jung;Kim;167;149749
212818;Do Hyung;Kim;167;149011
227789;Seung Joon;Kim;167;150447
206520;Won Sik;Kim;167;149406
237977;Han Gil;Kim;167;150730
231912;Geon Ung;Kim;167;151530
237091;Hyeon Wook;Kim;167;150731
236586;Jin Ya;Kim;167;151835
228067;Tae Ho;Kim;167;149619
244800;Moon-Hwan;Kim;167;150771
212438;Dae Gyeong;Kim;167;149342
212431;Nam Chun;Kim;167;148476
233552;Jung Hwan;Kim;167;151293
226651;Min Hyeok;Kim;167;149691
218471;Min Woo;Kim;167;148788
231935;Roman;Kim;40;151139
238088;Hyun Tae;Kim;167;150511
212791;Seung Dae;Kim;167;149188
222582;Yeong Bin;Kim;167;149360
233285;Si Woo;Kim;167;151466
213317;Jin Su;Kim;167;149627
203005;Jin Hwan;Kim;167;148427
202502;Byeong Oh;Kim;167;148544
202311;Eun Sun;Kim;167;148091
200597;Do Youp;Kim;167;148332
176296;Tae Youn;Kim;167;147477
199183;Bo Kyung;Kim;167;148646
201936;Jin Hyeon;Kim;167;147823
202749;Oh Gyu;Kim;167;148538
202301;Ho Nam;Kim;167;148532
202292;Soo Beom;Kim;167;149007
201932;Dong Woo;Kim;167;148037
200574;Won Il;Kim;167;147562
199262;Young Wook;Kim;167;149216
199231;Tae Hwan;Kim;167;148572
191944;Sung Joon;Kim;167;148100
191910;Shin Wook;Kim;167;148106
187171;Ho Jun;Kim;167;146713
184900;Kwang Suk;Kim;167;146218
180284;Dong Suk;Kim;167;147721
176368;Chang Soo;Kim;167;147161
165867;Jae Sung;Kim;167;146451
155352;Seung Yong;Kim;167;146979
203002;Kee Hee;Kim;167;148561
201528;Young Gwon;Kim;167;148790
191868;Ju Young;Kim;167;148192
240193;Elvis;Rexhbecaj;219;151594
209447;Elson;Hooi;85;149371
224213;Tyronne;Ebuehi;133;150908
235154;Jair;Oosterlen;34;151390
72363;Nemanja;Stojić;51;151669
204612;Ole Kristian;Selnæs;36;150381
205257;Naïm;Sliti;145;149671
209329;Matheus;Dória Macedo;54;150505
242919;Tayyib;Sanuç;48;152370
229200;Florian;Le Joncour;18;150592
235569;Tanguy;Ndombele;18;151286
236817;Habib;Maïga;108;150924
225863;Olivier;Boscagli;18;151611
225028;Nemanja;Radoja;51;149865
205212;David;Ferreiro Quiroga;45;148093
193930;Etien;Velikonja;44;148362
229528;Mykola;Matvienko;49;151046
219730;Bryan;Gil;45;152792
235876;Nicolás;Gil;56;151380
230794;Ignacio;Gil;45;150810
269224;Iván;Gil;45;152402
225868;David;Gil;45;150204
216020;Leonardo;Gil;52;149248
214759;Ronald;de la Fuente;55;149122
257025;Konrad;de la Fuente;95;152947
240589;Miguel;de la Fuente;45;152265
241127;Gonzalo;Pereira Cejudo;45;151334
138956;Giorgio;Chiellini;27;146767
216072;Gaetano;Letizia;27;148912
238336;Joe;Rankin-Costello;14;152226
251762;Salvatore;Elia;27;152200
251532;Meschack;Elia;110;151507
200701;Giacomo;Beretta;27;146815
254129;Christian;Makoun;61;152449
244068;Keven;Schlotterbeck;21;151407
247819;Nico;Schlotterbeck;21;152354
210880;Riccardo;Fiamozzi;27;149966
211189;Biagio;Meccariello;27;149183
216079;Antonio;Di Gaudio;27;148595
239573;Marco;Bleve;27;150849
263205;Barış Alper;Yılmaz;48;152528
271718;Recep Burak;Yılmaz;48;150889
252208;Rıdvan;Yılmaz;48;152891
254296;Kartal;Yılmaz;48;152693
252302;Yasser;Larouci;18;152751
205362;Matija;Nastasić;51;149915
191390;Fabrice;N'Sakala;110;148934
231562;Eder;Chaux;56;149451
219576;Rodrigo;Battaglia;52;149290
251994;Tiago Alexandre;de Sousa Esgaio;38;150771
231142;Nuno Miguel;Adro Tomás;38;150816
271917;Jorne;Spileers;7;154232
268117;Liam;van Gelderen;34;152830
234484;Lasse;Fosgaard;13;147520
211623;Ryan;Colclough;14;150554
240566;Jez;Bedford;14;152060
227498;Kaiyne;Woolery;14;150569
220031;Oliver;McBurnie;42;151079
206629;Andrew;Wenger;95;149091
207467;Marc;Pelosi;95;150361
225770;Kristopher;da Graca;46;151670
199563;Bekim;Balaj;1;149108
202690;Aslan;Dudiev;40;148898
214977;Matías;Kranevitter;52;149969
174670;Patryk;Małecki;37;148215
226419;Fabián;Sambueza;52;148215
272602;Valentín;Carboni;52;154275
257000;Andrea;Carboni;27;152785
247931;Alec;Van Hoorenbeeck;7;152018
270887;Nectarios;Triantis;195;153611
207593;Jere;Uronen;17;150387
239874;Eren;Keles;4;150326
269434;Stijn;van Gassel;34;151215
239191;Shkelqim;Demhasaj;219;151033
235729;David;Bates;42;151202
246416;Leon;Dajaku;21;152852
234365;Kevin Martin;Krygård;36;152522
240491;Garib;Gerkondani;36;151715
236379;Jonathan;Lunney;25;151687
245810;Willer;Ditta;56;151312
244793;Tomáš ;Chorý;12;150584
256098;Richard;Ledezma;95;152634
165247;Itumeleng;Khune;140;147807
205365;Jan;Kopic;12;148887
218188;Silvio;Torales;58;149363
222235;Hang;Ren;155;148421
233480;Gregor;Bajde;44;150312
236258;Nilson;Loyola;59;150492
242946;Dapo;Afolayan;14;151543
252487;Victor;Olatunji;133;152267
278083;Yusong;Ni;155;149098
257946;Alidu;Seidu;117;152540
271297;Adriano;Firmino da Silva;54;152327
215186;Jonathan;Copete;56;148024
231310;Stefan;Nigro;195;151146
231678;Ruon;Tongyik;195;151286
230784;Abdullah Ali;Al Megbas;183;150936
230997;Adel;Dannah;183;150371
236357;Abdulelah;Al Bukhari;183;150392
228173;Ricardo;Lopes Pereira;54;149033
210578;Luca;Savelloni;27;150755
207892;Joseph-Claude;Gyau;95;149722
208477;Jovan;Vidović;44;148373
267899;Gabriel;Vidović;10;153815
212247;Oliver;Schnitzler;21;150844
238589;Matthias;Rahn;21;148869
238203;Juha;Pirinen;17;149392
238068;Marco;Richter;21;151617
239700;Marius;Wegmann;21;151900
272952;David;Štípek;12;149614
239795;Caleb;Ekuban;117;150275
229921;Dipo;Akinyemi;14;151450
241283;Luis;Díaz Carballido;45;150616
241836;Javier;Soler García;45;151340
242037;Alejandro;Robles García;45;152047
241947;Francis;Amuzu;7;152254
243497;Sebastian;Walukiewicz;37;152480
239841;Vasilis;Lampropoulos;22;148822
239245;Filip;Piszczek;37;150704
242245;Fahad;Al Rashidi;183;151425
205361;Liam;O'Neil;14;150040
239487;Johannes;Dörfler;21;151159
219693;Diego; Carlos;54;149902
204153;Yannick;Stark;21;149033
212977;Niklas;Stark;21;150662
219260;Felix;Dornebusch;21;150386
205955;Brian;Montenegro;58;149989
239977;Nicolas-Gerrit;Kühn;21;152385
265506;Santiago;Arzamendia;58;151414
273616;Romain;Esse;14;154344
235360;Ragnar;Ache;21;151863
235899;Deyovaisio;Zeefuik;34;151724
215367;Osman;Sow;46;148844
240260;Sylla;Sow;34;151144
229752;Djibril;Sow;47;151326
265881;Jean Pierre;Valdivia;59;150983
229782;Milan;Gajić;51;150951
234795;Antoine;Bernede;18;152165
238341;Alan;Dzabana;18;151373
219470;Cheikh;N'Doye;136;147359
229974;Thomas;Robinet;18;151154
275497;Peter;Makrillos;195;150805
246923;Jacob;Ramsey;14;152891
266270;Aaron;Ramsey;14;153501
234569;Florentino;Luís;38;152250
164169;Filipe;Luís;54;147127
209236;Guilherme;dos Santos Torres;54;149192
253617;Moisés;Villarroel;53;151893
264537;Miguel;Villarroel;53;153671
261025;Dane;Scarlett;14;153929
223608;Javier;Eraso Goñi;45;148813
229391;João;Palhinha;38;150748
262267;Ragnar;Oratmangoen;34;151675
235590;Pablo;Sisniega;83;150746
223083;Mitch;Austin;195;149190
236568;Brandon;Austin;14;152027
262794;Oliver;Sonne;59;152699
219873;Ross;Etheridge;14;150450
233056;Daniel;Cleary;25;150992
233068;Iván;Garrido González;45;148765
240662;Franco;Torgnascioli;60;148968
259087;Ravil;Tagir;48;153606
198706;Luis Alberto;Romero Alconchel;45;149734
225844;Daniele;Verde;27;151095
246740;Guillaume;Dietsch;18;152857
263417;Paul;Joly;18;152573
204902;Mergim;Brahimi;219;149683
257975;Billal;Brahimi;18;152458
248811;Bruno Miguel;Ponces Lourenço;38;151687
225625;Kane;Vincent-Young;14;150998
229914;Emmanuel;Osadebe;25;151198
230897;Brandon;Hanlan;14;151440
237657;Efraín;Orona;83;152072
209888;Craig;Goodwin;195;149447
243608;Ryan;Giles;14;152410
220558;Julian;von Haacke;21;150238
190883;A.J.;DeLaGarza;157;147944
271016;Alexandru;Cretu;39;149577
237514;Bun-Dawda;Sowe;46;151166
215323;Ali;Sowe;116;150358
243992;Thibault;Corbaz;47;150200
231394;Hildeberto José;Morgado Pereira;38;150985
261530;Dário;Essugo;38;154284
236276;Arnaut;Danjuma;34;151320
219087;Sebastián;Vegas;55;151262
221994;Núrio Domingos;Matias Fortuna;98;150641
228348;Fayçal;Rherras;129;149925
228646;Nicolás;Delgadillo;52;151564
275050;Kyriani;Sabbe;7;154237
239307;Robbie;D'Haese;7;152075
251599;Ricardo Rodríguez;Gil Carcedo;45;151557
219558;Gilbert;Koomson;117;150445
220684;Pau;Morer Vicente;45;150841
262869;Guilherme Magro;Pires Ramos;38;151512
222322;Georgie;Poynton;25;151540
214763;Paolo;Goltz;52;147038
246009;Marco;Tilio;195;152985
225940;Kevin;Mellado;55;151852
246296;Kion;Etete;14;153082
263397;Alan;Minda;57;153614
263658;Kevin;Minda;57;151979
255314;Peter;Kioso;25;152246
220948;Serhiy;Sydorchuk;49;149219
272846;Aleksandr;Sokolenko;165;151251
257536;Jan;Kuchta;12;151297
237376;Juan José;Nieto Zarzoso;45;150469
214039;Nelson;Lemus;56;148413
236798;Davinson;Lemus;56;151447
228426;Leonardo;Escorcia;56;151145
273801;Víctor;Moura;54;152388
270535;Antonio;Moura;54;151142
258435;Augustin;Drakpe;144;153092
165856;Leonardo José;Aparecido Moura;54;147339
210182;Mohammed;Jahfali;183;149029
221576;Hae Seong;Kwak;167;149437
191679;Kwang Sun;Kwak;167;147358
165888;Tae Hwi;Kwak;167;145634
202487;Jair Eduardo;Britto da Silva;54;148281
217225;Jeje;Lalpekhlua;159;149104
221398;Jorge;Araya;55;151008
225845;Nicolás;Araya;55;152176
230600;Ángelo;Araos;55;151295
238591;Alexander;Langlitz;21;149143
233049;Jadon;Sancho;14;152469
269052;Besir;Demiri;19;150406
210848;Mubarak;Al Sultan;183;150040
241238;Jessy;Deminguet;18;151661
241704;Christopher;Rocchia;18;151686
242071;Borja;Llarena Barroso;45;152156
239906;Stefano;Guidotti;47;152186
232757;Kyle;Scott;95;151645
261299;Alex;Scott;14;153713
234881;Lachlan;Scott;195;151394
237701;Charlie;Scott;14;151534
243854;Mohamed;Simakan;18;152508
212279;Alisson;Castro;54;150004
210455;Jonathan;Castro;45;150255
228179;Alexis;Castro;52;150484
259504;Nicolás;Castro;52;152690
220805;Alex;Castro;56;150260
272405;Reiner;Castro;61;150203
258325;Nicolás Eduardo;Castro;52;148959
246771;Manuel;Castro;60;150828
223106;Facundo;Castro;52;150982
248702;Juan;Castro;83;149452
214562;Leonardo;Castro;56;148499
231862;Leonardo;Castro;56;149628
267861;Santiago;Castro;52;154107
205633;Lucas;Castro;52;148466
190790;Elio;Castro;83;148209
210020;Patrick;Weihrauch;21;150255
252033;Tomás;Esteves;38;153208
202457;Luuk;Koopmans;34;149772
209662;Mikhail;Rosheuvel;34;148954
269223;Diego;González Cabanes;45;152146
257073;Tiago;Tomás;38;153282
241985;Pep;Biel;45;151172
239312;Bel-Durel;Avounou;107;151557
209320;Nicolas;Saint-Ruf;18;149760
221177;Julien;Bègue;18;150048
267626;Matías;Galarza;52;153178
278020;Matías;Galarza;58;153157
265578;Ilias;Akhomach;45;153952
215616;David;Remeseiro Salgueiro;45;150380
228240;Romuald;Lacazette;18;150196
235093;Francisco José;Rodríguez Gaitán;45;150700
208817;José Andrés;Rodríguez Gaitán;45;148762
240846;Emmanuel;Apeh;133;151137
252064;Ladislav;Krejčí;12;152129
231826;Yann;Karamoh;18;151843
235383;Riccardo;Piscitelli;27;150111
236678;Simone;Lo Faso;27;151703
209541;Róbson;Signorini;54;147950
233691;Marius;Adamonis;30;151422
243792;Iñigo Vicente;Elorduy;45;151660
203910;Anthony;Knockaert;18;149421
269852;Mohamed;El Arouch;18;153942
274336;Sertan Deniz;Özcü;48;150983
211908;Günay;Güvenç;48;149303
215531;Deniz;Türüç;48;149857
208830;Jamie;Vardy;14;147647
278928;Alejandro;Jiménez;45;154339
244110;Jesús;Jiménez;45;150137
252557;Jaiber;Jiménez;83;150565
204838;Raúl;Jiménez;83;149222
209756;Leiton;Jiménez;56;148483
231705;Juan David;Jiménez;56;150264
186979;Israel;Jiménez;83;148592
212369;Eduardo Antônio;Machado Teixeira;54;149986
228367;Ethan;Hamilton;42;151945
211537;Jack;Hamilton;42;150274
225734;Christopher;Hamilton;14;150640
221502;Jordan;Hamilton;70;151000
238800;Jamie;Hamilton;25;152038
271318;Carlos Miguel;Pereira Fernandes;38;149106
256938;Niklas;Hedl;4;152826
251916;Pape;Yade;136;152389
207952;Semi;Ajayi;133;150141
265425;Martin;Moormann;4;152870
210367;Jordan;Tillson;14;149892
220008;Calaum;Jahraldo-Martin;63;149945
225558;Tom;Owen-Evans;50;151366
219482;Ryan;Fulton;42;151067
221890;Jay;Fulton;42;150309
235572;Ross;Sykes;14;152104
246847;Mark;Sykes;25;151505
241109;Dave;Tarpey;14;148320
186721;Claude;Dielna;18;147984
213206;Brad;Stuver;95;149203
237703;Andrew;Wheeler-Omiunu;95;150527
247228;Dayne;St. Clair;70;151418
224719;Alexandr;Tashaev;40;150367
225024;Mason;Holgate;14;151219
187982;Maciej;Dąbrowski;37;147746
198046;Damian;Dąbrowski;37;149702
270703;Ilyes;Chetti;97;150580
223032;Oliver;Zelenika;10;149962
225507;Pol;Llonch Puyaltó;45;149743
231147;Rafał;Wolsztyński;37;150535
239728;Łukasz;Wolsztyński;37;150535
239729;Adam;Wolniewicz;37;149905
247360;Leonidas;Stergiou;47;153177
208498;Munas;Dabbur;26;149597
208502;Josecarlos;Van Rankin;83;149962
210502;Manuel;Kuttin;4;150179
217813;Gibrán;Lajud;83;150187
248478;Diant;Ramaj;21;153012
158144;Salvador;Sevilla López;45;146618
239393;Dominik;Frieser;4;150080
231720;Quentin;Braat;18;151476
232756;Fikayo;Tomori;14;151642
210425;Ellis;Plummer;14;150438
176860;Conny;Månsson;46;145449
208294;Francisco;Santos Silva Júnior;119;149480
228091;Markus;Nakkim;36;151126
236753;Ådne;Bruseth;36;151965
273106;Danilo;Santos de Oliveira;54;152869
254586;Alan;Marinelli;52;152116
199476;Angelis;Charalambous;11;148518
204399;Eran;Zahavi;26;147842
208540;Aaron;Schoenfeld;95;148839
271509;Jesús;Fernández Alonso;45;152810
244269;Filip;Benković;10;151483
275819;Aleks;Pihler;44;150208
277514;Miroslav;Vulicević;51;147055
276119;Nicolai;Remberg;21;152555
164233;Paulo André;Benini;54;146407
229498;Paulo Henrique;Rodrigues Cabral;38;151220
263259;Ilias;Bronkhorst;34;151419
220906;Devis;Epassy Mboka;18;149861
184482;Jem;Karacan;48;148419
275267;Angelos;Piniotis;22;151036
237005;Keanu;Baccus;195;151812
212013;Kearyn;Baccus;195;149345
210192;Ibrahim;Al Zubaidi;183;148644
210790;Ali;Al Zubaidi;183;149832
239694;Harry;Föll;181;151715
268024;Glauco;Passos;54;150600
268231;Júlio César;Czarnerski;54;150417
241980;Luis;Gamíz;83;152479
242174;Daniel;Mantilla;56;151283
264549;Kevin;Mantilla;56;153622
242021;Egor;Nazaryna;49;151480
232377;Takahiro;Sekine;163;150667
235381;Vincent;Marcel;18;151388
229210;Mohammed;Osman;186;150194
274516;Ibrahim;Osman;117;154194
184768;Abdul;Osman;117;147694
234925;Kik;Pierie;34;152586
204970;Florian;Thauvin;18;149854
208615;Christopher;Jullien;18;149909
210863;Dramane;Konate;108;150295
212645;Pa;Konate;118;150308
239032;Jordan;Gobron;18;149618
244945;Manuel;Capasso;52;151033
225650;Tom;King;50;150626
210407;Jack;King;14;147138
212388;Adam;King;42;150842
240321;Jeff;King;14;150911
246005;Joel;King;195;152688
256419;Leon;King;42;153859
263439;Paulo;Bernardo;38;153139
201990;Enric;Saborit Teixidor;45;149580
229862;Eduardo;Expósito;45;151137
234400;Patrik;Gunnarsson;24;152704
189167;Aron;Gunnarsson;24;148479
274536;Moïse;Bombito;70;152474
208237;Alexis;Michail;22;147501
220932;Lovre;Kalinić;10;148825
185431;Nikola;Kalinić;10;148006
212446;Luca;Garritano;27;150235
247264;Ayumu;Seko;163;152543
224925;Gianluca;Gaudino;21;151239
241014;Nicolas Ruscio;Garmendia;45;151686
241053;Gabriel;Barbosa Avelino;54;152095
174732;Jovani;Welch;87;152360
264500;Rodrigo;Rojo;60;148569
226235;Yukinari;Sugawara;163;152564
241105;Dan;Berci;39;152034
246157;Ewoud;Pletinckx;7;152668
194077;Veysel;Sarı;48;148208
247144;Dino;Hotić;8;150765
236885;Brandon;Vazquez;95;151941
262397;Luuk;Brouwers;34;151777
199840;Marco André;Silva Lopes Matias;38;148497
238793;Thore;Jacobsen;21;151398
240490;Erlend;Jacobsen;36;152195
240335;Bjarke;Jacobsen;13;150061
234658;Oscar;Hedvall;13;151875
208188;Jon;Guthrie;14;149673
204915;Kurtis;Guthrie;14;149939
212006;Billy;Waters;14;150481
231270;Calum;Waters;42;150993
213667;Dion;Conroy;14;150903
220677;Joe;Morrell;50;151292
259573;Daniel;Aceves;83;152837
251124;Francisco;Nevarez;83;152722
177138;Ilson;Pereira Junior;54;147191
208446;Pa;Dibba;116;147924
222590;Mauro;Manotas;56;150754
240060;Max;Aarons;14;152388
229201;Alejandro;Camargo;52;148530
187588;Ismail;Ediev;40;148048
173770;Miguel Marcos;Madera;45;147218
213885;Simeon;Slavchev;9;150096
255934;Jean;Onana;103;152392
257057;Amadou;Onana;7;152978
226753;André;Onana;103;151016
178679;Moustapha;Sall;136;147240
244731;Nazariy;Rusyn;49;151952
234148;Wolke;Janssens;7;150771
228985;Mathias;Janssens;7;151722
238986;Felix;Luckeneder;4;150273
252723;Ernesto;Gómez Muñoz;45;150392
262418;Eneko;Undabarrena Ubillos;45;149897
251886;Adonis;Frías;52;151730
241930;Federico;Gattoni;52;152068
260238;Tomás;Cavanagh;52;152755
216692;Sebastián;Torrico;52;145132
268129;Sofiane;Djeffal;18;152118
240972;Nicolás;Dibble;60;151433
150009;Gal;Alberman;26;146282
271572;Alessandro;Fontanarosa;27;153487
262284;Vicente;Poggi;60;153307
186777;Denilson;Gabionetta;54;147184
257353;Warren;Bondo;18;153738
278071;Yang;Liu;155;145483
278888;Yang;Liu;155;150726
279343;Zhenli;Liu;155;147083
245706;Huan;Liu;155;148412
220399;Weidong;Liu;155;147665
279381;Shangkun;Liu;155;149491
279683;Yiming;Liu;155;150617
278585;Yue;Liu;155;151546
221855;Binbin;Liu;155;149995
279390;Ruofan;Liu;155;152047
278524;Hao;Liu;155;150938
279234;Yu;Liu;155;147038
278450;Junshuai;Liu;155;150568
278022;Dianzuo;Liu;155;147102
278899;Le;Liu;155;148412
182064;Jianye;Liu;155;147804
158305;Jian;Liu;155;146773
278105;Jialin;Dong;155;149924
279225;Yu;Dong;155;150389
191861;Xuesheng;Dong;155;148509
207354;Serikzhan;Muzhikov;165;148535
257504;Bilal;El Khannous;129;153976
258684;José;Salinas Morán;45;152658
275866;Gafurzhan;Suyumbayev;165;148963
225809;Edisson;Restrepo;56;151277
214049;Daniel;Restrepo;56;149907
214199;Cristian;Restrepo;56;148160
214489;Mauricio;Restrepo;56;145572
263740;Kreshnik;Hajrizi;219;152167
181395;Adilson;Warken;54;147652
193142;Diego Renan;de Lima Ferreira;54;148758
50012;Eli;Elbaz;26;149483
231065;Logan;Rogerson;198;151802
211982;Nico;Neidhart;21;150463
218057;Janik;Jesgarzewski;21;150219
225927;Quentin;Lecoeuche;18;150228
242291;Kai;Brünker;21;150354
231413;Michael;Verrips;34;151261
238186;Marcin;Bułka;37;152296
203793;Aron;Jóhannsson;95;149046
230065;Suat;Serdar;21;151390
206327;Ian;Turner;25;148476
233267;Matt;Turner;95;150368
236337;Jake;Turner;14;152075
211723;Tim;Knipping;21;149791
211748;Kerem;Demirbay;21;150012
220165;Joel;Pohjanpalo;17;150449
269176;Alejo;Véliz;52;153742
241597;Brendan;White;195;149569
242400;Joe;White;14;152035
213894;Hayden;White;14;150663
231936;Ben;White;14;151570
201963;Ethan;White;95;149098
251511;Moustapha;Zeghba;97;149057
241186;Vasil;Kusej;12;152529
226662;Bart;Nieuwkoop;34;150990
239349;Bradley;Vliet;34;151737
239497;Nicky;Souren;34;152371
264457;César;Yanis;87;150951
259786;Federico;Vera;52;151737
270361;Washington;Vera;57;150307
242249;Fausto;Vera;52;152470
228375;Matías;Vera;52;150882
241176;Lucas;Vera;52;151397
235371;Olávio Vieira;dos Santos Júnior;54;151249
226215;Sabin;Merino Zuloaga;45;149466
229006;Przemysław;Macierzyński;37;152061
215285;Danny;Carr;14;150342
225121;Carlos;Castro García;45;150710
240445;Gianluca;Rizzo;21;151234
253019;Matteo;Brunori;27;150498
263620;Romeo;Lavia;7;153851
204166;Aleksandar;Tonev;9;148766
216286;Jeppe;Andersen;13;149803
239796;Mathias;Andersen;13;151684
237840;Magnus Kofod;Andersen;13;152149
203903;Lucas;Andersen;13;150449
224221;Joachim;Andersen;13;151075
203368;Eirik Ulland;Andersen;36;149727
171033;Mikkel;Andersen;13;148353
169000;Kristoffer;Andersen;7;147249
242656;Illan;Meslier;18;152446
234236;Patrik;Schick;12;150947
244480;Hugo;Magnetti;18;151804
258619;Johann;Lepenant;18;143020
171875;Caner;Erkin;48;148279
258390;Ivo;Grbić;10;150941
223017;Ömer Ali;Şahiner;48;149464
212729;António José;Pinheiro Carvalho;38;149842
70106;Shavy;Babicka;115;152537
211381;Sofiane;Boufal;129;150088
178461;Janus Mats;Drachmann;13;148133
190510;Sakari;Mattila;17;148562
220038;Harrison;McGahey;14;150827
223805;Alex;Whitmore;14;150808
253100;Raymundo;Fulgencio;83;152427
217202;Lautaro;Rinaldi;52;150192
210801;David;Accam;117;149003
227653;Earl;Edwards Jr.;95;149486
236706;Pontus;Almqvist;46;152210
223979;Paolo;Fernándes Cantin;45;151885
223388;Alexandr;Sukhov;40;147274
225534;Igor;Bezdenezhnykh;40;151144
237844;Ayaz;Guliev;40;150981
235562;Mikhail;Levashov;40;149374
240254;Aslanbek;Sikoev;40;150628
50147;Gerasimos;Voukelatos;22;151742
212988;Adam;Deja;37;150003
213423;Bartosz;Szeliga;37;149838
224665;Kamil;Wojtkowski;37;151711
244374;Mykola;Shaparenko;49;151931
271369;Slavoljub;Srnić;51;149474
214004;Diego;Peralta;56;146908
257154;Mariano;Peralta;52;151674
277786;Fabrizio;Peralta;58;153328
232238;Carlos;Peralta;56;148777
197497;Musab;Kheder;182;150097
255878;Gastón;Martirena;60;152430
205756;Stefano;Denswil;34;149955
233742;Jonathan;León;83;151032
256262;Armando;León;83;152402
225681;Luis Fernando;León;57;149929
261087;Jasur;Yakshibaev;191;151464
254962;Drake;Callender;95;151569
256933;Aral;Simsir;48;153285
263882;Alieu;Fadera;116;153057
211021;Per Kristian;Bråtveit;36;150969
228518;Andreas;Hanche-Olsen;36;151306
247031;Donovan;Pines;95;151720
164234;Caio César;Alves dos Santos;54;147420
182084;Aleksandr;Kobakhidze;20;147677
257958;Živko;Kostadinović;47;149563
225696;Murilo;de Souza Costa;54;150497
215750;William;Mendieta;58;148376
272321;Helal;Saeed;190;144116
50222;Nikolaos;Lazaridis;22;147738
229594;Ante;Ćorić;10;151393
264589;Linus;Gechter;21;153903
270708;Vladimir;Khvashchinski;6;148862
266374;Matěj;Ryneš;12;152900
275156;Daniel;Lifshitz;26;148116
272970;Ubong;Ekpai;133;150848
269472;Nikolas;Agrafiotis;51;152500
214211;Ray;Vanegas;56;149899
259615;Percy;Liza;59;152485
242227;Radomir;Novaković;21;152408
233927;Lucas;Paquetá;54;151528
272904;Pedro;Alemañ Serna;45;153560
229949;Anderson José;Lopes de Souza;54;150086
210498;Faisal;Darwish;183;149281
214715;Leonardo;Povea;55;150219
172952;Toumani;Diagouraga;18;147796
209954;Björn;Jopek;21;150064
216507;Nico;Gutjahr;21;149963
239097;Dennis;Srbeny;21;150318
239689;Max;Sprang;21;152570
271134;Ionut;Larie;39;147652
231659;Zayn;Hakeem;14;152065
235906;Magnus Retsius;Grødem;36;151880
241086;Ruan Renato;Bonifácio Augusto;54;150207
241264;Evgeny;Tatarinov;40;152056
238319;Tom;Edwards;14;152041
235619;Marcus;Edwards;14;151991
205752;Gwion;Edwards;50;149888
234927;Raheem;Edwards;70;150754
204220;Curtis;Edwards;14;150205
207430;Ryan;Edwards;195;150149
231406;Kyle;Edwards;14;151702
212192;Julian;Green;95;150715
228814;André;Green;14;151861
206114;Kristoffer;Olsson;46;150739
223270;David;Olsson;46;151467
236427;Simon;Olsson;46;151546
210812;Dennis;Olsson;46;150469
251377;Rodrigo;Zalazar;60;152243
267625;David;Zalazar;52;153244
225508;Eric;Bailly;108;150295
239219;Sergio;Quiroga;52;150351
260265;Alvaro;Quiroga;53;150726
276716;Žan;Vipotnik;44;153192
266159;Arnau;Comas Freixas;45;152486
211195;Lucas;Woudenberg;34;150308
222262;Cyriel;Dessers;133;150535
264480;Simone;Canestrelli;27;152639
216467;Jack;Payne;14;150491
225053;Liam;Rose;195;151386
222864;Jack;Rose;14;150589
209268;Danny;Rose;14;148053
236513;Lindsay;Rose;18;149501
208549;Andy;Rose;195;148776
212487;Michael;Rose;42;150842
208816;Mitchell;Rose;14;150378
238023;Lugman;Bezzat;34;151337
231033;Joe;Maguire;14;150941
223373;Laurence;Maguire;14;151328
212223;Sean;Maguire;25;150314
274102;Mohammad Nejad ;Mehdi;161;149756
246865;Franco;Quinteros;52;151940
255908;Jairo;Quinteros;53;152788
231550;José;Quinteros;57;148903
230839;Zak;Jules;42;151472
264408;Axel;Guessand;18;154156
258444;Evann;Guessand;18;152932
236639;Miguel Ângelo;da Silva Rocha;38;150507
262149;Abdoullah;Ba;18;153692
240694;Abou;Ba;18;151864
278451;Dun;Ba;155;150817
212338;El-Hadji;Ba;18;149892
257905;Mahamadou;Ba;126;152283
240064;Ousseynou;Ba;136;150873
213367;Laurent;Abergel;18;149860
206575;JJ;Hooper;14;150110
236518;Arnaud;Nordin;18;151822
237231;Hicham;Benkaïd;18;148848
256819;Ishaq;Abdulrazak;133;153240
261335;Kaine;Kesler-Hayden;14;153411
232487;Wataru;Endō;163;149868
231212;Esteban;Rolón;52;150642
271151;Carlos;Rolón;58;149552
235623;Álvaro José;Jiménez Guerrero;45;150697
240043;Filip;Manojlović;51;151039
242753;Alexis;Trouillet;18;152742
205659;Alessio;Cragno;27;150372
208128;Hakan;Çalhanoğlu;48;150232
228881;Davide;Calabria;27;151264
229743;Alessandro;Deiola;27;150771
261261;Justo;Giani;52;152116
210543;Marco;Migliorini;27;149465
220829;Ernesto;Torregrossa;61;149642
255558;Emin;Bayram;48;153572
208585;Axel;Ngando;18;150022
232419;Doğanay;Kılıç;48;151083
175851;António Manuel;Fernandes Mendes;38;149759
207741;Mart;Lieder;34;148853
246192;Ilija;Vukotić;15;152026
239509;Tiago;Galvão da Silva;54;148603
260876;Maurits;Kjærgaard;13;153657
234672;Oliver;Kjærgaard;13;151846
213673;Alex;Kiwomya;14;151064
232413;Anfernee;Dijksteel;92;151224
193932;Reggie;Lambe;68;149132
207956;Pelly-Ruddock;Mpanzu;110;150274
212833;Richard;Brindley;14;149953
253809;Emanuel;Gularte;60;151562
235771;Tom;Lowery;14;151654
228404;Cristian;Techera;60;149614
226017;Jake;Keegan;95;148982
245685;Onni;Valakari;17;152249
212205;Nikola;Storm;7;150466
237397;Brent;Kallman;95;149009
240203;Benjamin;Tannus;46;152484
246826;Tsuyoshi;Watanabe;163;151325
210826;Felipe;Gallegos;55;149434
237555;Jonathan;Bolingi;110;150374
253693;Conor;Noß;35;152751
236898;Michel;Aebischer;47;151295
140618;Enar;Jääger;208;146863
228238;Jostein;Gundersen;36;151016
232085;Mathias;Bringaker;36;151319
186136;Christy;Fagan;25;148498
207623;Gary;Shanahan;25;149874
238967;Vitalij;Lux;169;148425
238767;Javier;Altamirano;55;152246
227477;Facundo;Altamirano;52;151004
226625;Cristhian;Altamirano;81;148697
235926;Matías;Zaracho;52;151723
241026;Tomás;Chancalay;52;152020
237669;Alessio;Zerbin;27;152081
238000;Sergio;Rengifo;56;150469
206315;Omri;Ben Harush;26;148798
225682;Mario;Pineida;57;149650
233399;Ruslan;Babenko;49;149652
272841;Alin;Dudea;39;151446
272670;Darko;Glisic;19;149363
50074;José;Romera;45;147887
261478;Anastasios;Douvikas;22;152233
50302;Anastasios;Douvikas;22;152233
239658;Jonathan;Capacho;56;151676
197062;Nuno Miguel;Pereira Reis;38;149128
220739;Junior;Sornoza;57;150221
50035;Triantafyllos;Pasalidis;22;151124
184999;Maurício José;da Silveira Júnior;54;148296
208224;Petros;Mantalos;22;149340
219392;Alex;Rufer;198;151087
253440;Ayman;Yahya;183;152884
209276;Faiz;Al Subaiei;183;146092
239979;Alaa Ali;Mhawi;162;151078
220276;Arsen;Beglaryan;3;149877
214279;Hardy;Cavero;55;151075
224367;Germán;Lanaro;52;147351
211848;Ben;Zolinski;21;149586
238805;Florian;Hansch;21;150792
238951;Rene;Eckardt;21;148785
239073;Christopher;Antwi-Adjej;117;150231
240974;Magnus;Mattsson;13;152075
236988;Eddie;Nketiah;14;152169
272860;Esteban;Sachetti;52;147231
237193;Federico;Maracchi;27;148158
216497;Maximilian;Philipp;21;150253
257638;Luca;Philipp;21;152717
271110;Jhojan;Julio;57;151696
264521;Anderson;Julio;57;151075
221024;Asger;Sørensen;13;151080
204017;Christian;Sørensen;13;149681
257972;Oliver;Sørensen;13;153184
234472;Mads Bech;Sørensen;13;152026
233705;Jacob;Sørensen;13;151716
225106;Jorge;Sáenz;45;151245
212245;Yannick;Gerhardt;21;150265
223603;Fabian;Bredlow;21;150619
225206;Khaled;Narey;21;150397
259065;Arnau;Tenas;45;152900
237206;Alvaro;Rodríguez Pérez;45;150396
235875;Pol;Lirola;45;151514
238773;Bas;van Wijnen;34;151501
253136;Giannis;Michailidis;22;152433
236277;Victor;Mouangue;18;151721
226076;Christos;Tasoulis;22;149220
275500;Mite;Cikarski;19;149834
193171;Jaume Vicent;Costa Jordá;45;148079
242543;Oliver;Petrak;10;149134
239230;Adrià;Vilanova Chaure;45;151331
207732;Roger;Martí;45;149100
219836;Rubén;Yáñez Alabart;45;150113
227565;Carlos;Carbonell Gil;45;150690
190264;Iago;Falqué Silva;45;148736
210548;Leonardo;Capezzi;27;150645
212417;Pascal;Gregor;13;150242
217729;Leonardo;Gatto;27;149581
236522;Enrico;Brignola;27;152208
240807;Oli;Shaw;42;151725
205988;Luke;Shaw;14;150751
244940;Emir;Karic;4;151449
228886;Giuseppe;Panico;27;151419
179972;Eren;Derdiyok;47;148165
270218;Oğuz;Gürbulak;48;149685
205998;André;Biyogo Poko;115;149829
212083;Darko;Todorović;8;151414
262425;Miguel;Muñoz Mora;45;150661
264652;Bradley;Barcola;18;153360
248766;Malcolm;Barcola;144;152153
258815;Samuele;Damiani;27;151684
223877;Darnell;Furlong;14;150862
233937;Connor;Furlong;14;151692
250976;Loïc;Bessile;144;152069
228362;Gustav;Dahl;13;151182
277252;Samuel;Dahl;46;153543
162072;Keysher;Fuller;72;150386
189808;Paddy;Madden;25;148795
221167;Cameron;Dummigan;35;151077
229087;Harvey;Rodgers;14;151217
229375;Elijah;Adebayo;14;151661
205343;Jean-Daniel;Akpa Akpro;108;149747
219184;Jherson;Vergara;56;150339
224255;Cristóbal;Vergara;55;150364
230975;Duván;Vergara;56;151176
197911;Amobi;Okugo;95;149169
202220;C.J.;Sapong;95;148363
231447;Donyell;Malen;34;152038
237461;Cristian;Colmán;58;150250
242451;Josué;Colmán;58;151860
271648;Angel;Cardozo Lucena;58;150485
244147;Alexandru;Păun;39;150649
229784;Pavel;Dolgov;40;151152
235029;Fyodor;Chalov;40;151754
279515;Goran;Milović;10;148396
223731;Bartosz;Śpiączka;37;149328
238775;Sebastian;Kowalczyk;37;151888
239732;Szymon;Żurkowski;37;151557
239762;Michal;Sipľak;43;150956
190485;Heriberto;Olvera;83;148865
204539;Luis;Advíncula;59;148793
212632;William;Dutoit;18;148263
216280;Merveille;Goblet;7;150517
237268;Francis;de Vries;198;150524
224375;Bálint;Vécsei;23;150022
205232;Dylan;McGeouch;42;149843
222519;Alexander;Stølås;36;148487
232407;Usman Sani;Hassan Sale;133;150797
238197;Sam;Bone;14;151890
212022;Adrián;Bone;57;148253
258125;Agustín;Baldi;52;153246
203889;Yoann;Touzghar;145;147604
244112;Daniel-Kofi;Kyereh;117;150991
225282;José;Devecchi;52;150748
222168;Lars-Jørgen;Salvesen;36;150973
236636;Anthony;Caci;18;151471
271247;Skelly;Alvero;18;153239
194010;Anicet;Andrianantenaina Abel;124;148807
208476;Ales;Mertelj;44;147717
279277;Feiya;Chang;155;149862
270190;Dyanfres Douglas;Chagas Matos;54;148000
208063;Se Jong;Ju;167;149035
263897;Filipe Bem;Relvas;38;152282
270077;Konstantinos;Koulierakis;22;153812
217389;Shahab;Gordan;161;146683
243047;Alejandro;Marqués;61;152601
250010;Evgen;Budnik;49;148979
160295;Eugene;Galeković;195;145608
238519;Hamdan;Al Shamrani;183;151272
191834;Nasser;Al Shamrani;183;146502
210903;Abdullah;Al Sdairy;183;149495
221182;Sultan;Al Sharif;183;149457
228701;Sultan Mohammed;Al Masrahi;183;147787
228613;Faisal;Al Masrahi;183;149852
199192;Jerry;Bengtson;81;147734
220857;Edwin;Gyimah;117;149165
211487;Leonardo;Melazzi;60;149132
212248;Felix;Lohkemper;21;150584
219833;Joshua;Nadeau;18;150448
242187;Christoph;Baumgartner;4;152232
241579;Oscar;Petersson;46;152076
239512;Melle;Meulensteen;34;152204
225779;Ben;Sheaf;14;151690
242076;Mats;Facklam;21;151158
242175;Justin;Dautzenberg;34;151664
241241;Maxim;Gorin;40;151851
211489;Jonathan;Gómez;52;148722
241008;Yimy;Gómez;56;152235
206590;Moisés;Gómez;45;150367
218191;Gustavo;Gómez;58;149954
221246;Diego;Gómez;56;148296
232832;Luciano;Gómez;52;151005
241811;Sergio;Gómez;45;152632
221053;Elias;Gómez;52;150353
217990;Juan Pablo;Gómez;55;149228
248128;Alejandro;Gómez;83;153146
214671;Rodrigo;Gómez;52;149830
235925;Gastón;Gómez;52;150987
235987;Iván;Gómez;52;151348
239207;Maximiliano;Gómez;60;151150
214104;Harold;Gómez;56;149574
227143;Denis;Gómez;56;149377
228713;Michael;Gómez;56;151383
227412;David;Gómez;56;148086
277708;Unai;Gómez;45;153625
245597;Víctor;Gómez;45;152476
229864;Daniel;Gómez;45;151865
237422;Yulian;Gómez;56;151505
255879;Flavio;Gómez;59;151293
235228;Nahum;Gómez;83;151673
269278;Diego Alexander;Gómez;58;153566
219133;Alexi;Gómez;59;149891
212104;Jaime;Gómez;83;150026
224388;Jefferson;Gómez;56;151097
218991;Mauricio;Gómez;56;150183
266566;Mauricio;Gómez;55;148431
199577;Sergi;Gómez;45;149550
143076;Alejandro;Gómez;52;148047
227700;Roy;Gelmi;47;150618
278113;Mihály;Kata;23;153218
236935;Hannes;Wolf;4;152125
224425;Marius;Wolf;21;150705
204923;Marcel;Sabitzer;4;150269
259668;Alexandre;Pierre;80;152806
203809;Aaron;Pierre;77;149876
229702;Joshua;Mees;21;151029
235387;Baboucarr;Gaye;21;151709
232229;Justin;Bijlow;34;151676
261050;Francisco;Conceição;38;153463
215911;Abdulaziz;Hatem;182;149033
216646;Najib;Gandi;18;150367
244119;Pierre;Patron;18;151521
208333;Emre;Can;21;150205
259680;Marko;Stamenić;198;153165
202648;Sergi;Darder;45;150184
220395;Alejandro;Mula Sánchez;45;151128
236699;Saša;Lukić;51;151149
237964;Nuha;Marong Krubally;116;149995
240781;Eduardo;Frias Molleda;45;152019
234060;Yangel;Herrera;61;151661
243977;Jonathan;Herrera;52;149356
210219;Emanuel;Herrera;52;147739
224003;Sergio;Herrera;45;149985
215251;Guido;Herrera;52;149522
264717;Alberto;Herrera;83;152804
246295;Ozziel;Herrera;83;152893
246106;Andrés;Herrera;52;151961
214765;Marcelo;Herrera;52;149519
229084;Robert;Herrera;60;148427
235081;Anderson;Herrera;56;151020
256174;José;Herrera;53;153609
209800;Miguel;Herrera;83;148460
242192;Miguel;Herrera;56;148170
268545;Eduardo;Herrera;61;149985
238789;Hugo;Herrera;55;151685
191740;Ander;Herrera;45;148593
232017;Antonio;Alfaro;83;149994
244260;Daniel;Olmo;45;151781
209287;Jean-Marie;Dongou Tsafack;103;150668
229790;Jean Luc;Assoubre;108;149683
202651;Jesús Joaquín;Fernández Sáez;45;150151
204437;Andrea;Tozzo;27;149705
236671;Ángelo;Martino;52;151810
230672;Lyanco;Neves Vojnovic;54;151321
230938;Franck Yannick;Kessié;108;151277
235942;Francesco;Cassata;27;151486
261044;Diber;Cambindo;56;150971
213829;Alberto;Cerri;27;151030
235929;Christian;D'Urso;27;151496
263617;Beñat;Prados;45;152789
204311;Kurt;Zouma;18;150493
204886;Prince-Désir;Gouano;18;150186
183975;Jean-Armel;Kana-Biyik;103;148551
204211;Paul;Papp;39;148682
254660;Jan;Thielmann;21;153261
222537;Ahmed;Sayed;111;150933
270983;Clayton;Fernandes Silva;54;152030
234620;Emanuel;Rodrigues Novo;38;149701
248604;Arthur;Zagré;18;154123
239919;Koffi;Kouao;108;151794
215693;Thomas;Mikkelsen;13;146414
202436;Jacob;Tjørnelund;13;149462
212038;Abdullah;Al Jadaani;183;149376
214358;Juan Pablo;Nieto;56;149884
213668;Jesse;Starkey;14;150802
221149;Harry;Kyprianou;11;151364
221349;Joe;Nuttall;14;151316
216150;Davide;Zappacosta;27;149625
261912;Ángel;Robles;83;153072
214840;Andrés;Robles;55;150320
214175;Carlos;Robles;56;149599
213092;Samuel;Piette;70;150509
213557;João Pedro;Almeida Machado;38;149921
217852;Kevin;Molino;93;148900
222528;Lynden;Gooch;95;150916
244700;Yuri;Dyupin;40;148078
148122;Vasiliy;Berezutskiy;40;145981
148123;Alexey;Berezutskiy;40;145981
203627;João Natailton;Ramos dos Santos;54;148361
215275;Vyacheslav;Krotov;40;149873
205858;Khanya;Leshabela;140;152280
223779;Damian;Szymański;37;150725
235973;Sebastian;Szymański;37;152149
224438;Adam;Buksa;37;151117
247388;Aleksander;Buksa;37;153495
255839;Janis;Antiste;18;153345
231360;Jalil;Elías;52;151039
237245;Eddie;Segura;56;151322
228770;Jorge;Segura;56;151307
264525;Bryan;Segura;72;151303
255099;Daniel;Segura;57;152095
241743;Ulises;Segura;95;150002
235039;Maxim;Nys;7;151225
253372;Nathangelo;Markelo;85;152026
50075;Christian;Cruz;57;149795
247580;Allan;Cruz;72;150978
241823;Aldo;Cruz;83;151556
243604;Juan;Cruz;45;152500
255453;Juan;Cruz;52;152219
260059;Cristian;Cruz;61;153278
228027;Álvaro Juan;Cruz;45;149672
260430;Aaron;Cruz;72;149242
221358;Jordan;Rossiter;14;151372
197954;Gjermund;Åsen;36;149239
208577;Fredrik;Torsteinbø;36;149169
211238;Luc;Kassi;108;150425
228392;Jørgen;Hatlehol;36;151458
253952;Juan Ignacio;Nardoni;52;153280
247754;Gianni;Stensness;195;152057
236246;Ovie;Ejaria;14;151611
261143;Marko;Bulat;10;153019
268656;Alessandro;Zanoli;27;152661
279453;Weipeng;Jiang;155;149831
279039;Zhe;Jiang;155;148424
279251;Jihong;Jiang;155;148775
278459;Jiajun;Jiang;155;148740
278502;Liang;Jiang;155;148641
279501;Tao;Jiang;155;148546
222273;Zhipeng;Jiang;155;148432
278458;Wenjun;Jiang;155;148762
278098;Hongquan;Jiang;155;147638
278128;Hao;Jiang;155;148729
182118;Ning;Jiang;155;147515
192884;Hrayr;Mkoyan;3;147516
199723;Eitan;Tibi;26;147956
231138;Christian;Bassogog;103;150849
254084;Emil;Kornvig;13;152503
259521;Ramón;Terrats;45;152676
232421;Javier;Orobio;56;151108
275633;Paulo;Valoura;54;147350
260083;John;Nwankwo;45;152653
219496;Simeon;Nwankwo;133;149590
222544;Efthimios;Koulouris;22;150989
262815;Giannis;Kotsiras;22;149813
241246;Kristin;Konstandopoulos;195;151937
221528;Nathan;Konstandopoulos;195;151101
210183;Ahmed;Al Fahmi;183;149078
210141;Yaseer Hussain;Al Fahmi;183;149451
240068;Sumayhan;Al Nabit;183;151010
196069;José Pedro;Fuenzalida;55;146959
182887;Jamel;Saihi;145;147663
209909;Davies;Nkausu;147;147272
242073;Joaquín;Blázquez;52;152778
221316;Matías;Blázquez;55;149225
212383;Nico;Brandenburger;21;150575
205149;Eirik;Schulze;36;149835
227836;Erik;Lindell;46;150968
240650;Ramy;Najjarine;195;152498
241989;Salomón;Wbias;83;150992
255541;Lazaros;Rota;22;151524
227630;Charlie;Kirk;14;151647
221511;Eero;Markkanen;17;149281
238379;Nikolas;Nartey;13;152437
239157;Anders;Holst;13;149669
253385;Federico;Viñas;60;151835
226166;Nordi;Mukiele;18;151594
229849;Jordan;Leborgne;18;150830
239323;Dennis;Eckert Ayensa;21;151298
208364;Clinton;Mata;98;149774
223578;Jaime;Mata;45;148299
275503;Konstantinos;Kotsopoulos;22;151310
226787;Santiago;Rosales;52;150639
273621;James;Beadle;14;154043
186559;Jacob;Butterfield;14;148893
186942;İlkay;Gündoğan;21;149029
242501;Jakub;Grič;43;151110
221452;Alexander;Mesa Travieso;45;150594
241470;Alejandro;Centelles;45;152261
242816;Riqui;Puig;45;152244
234789;Yan Brice;Eteki;103;151527
234112;Domilson;Cordeiro dos Santos;54;151975
213328;Senna;Miangue;7;151325
235889;Cengiz;Ünder;48;151484
228378;Antonino;La Gumina;27;150989
140456;Gavin;Whyte;35;150954
240631;Andrea;Settembrini;27;149441
236004;Erdal;Öztürk;21;150961
199836;Aykut;Öztürk;21;147947
205352;Jordan;Archer;42;149930
258930;Cameron;Archer;82;153093
205596;James;Husband;14;150196
241688;Abdurrahim;Dursun;48;151989
206104;Serdar;Dursun;48;149389
220089;Salih;Dursun;48;149290
257142;Lucas;Margueron;18;152793
251258;Valentine;Ozornwafor;133;152171
199963;Merlin;Tandjigora;115;148828
233212;Andreas;Skovgaard;13;151436
276070;Terry;Devlin;35;153790
223265;Mikey;Devlin;42;150104
204033;Nicky;Devlin;42;150118
246006;Cameron;Devlin;195;151812
257784;Erik;Lira;83;152513
237463;Adam;Kelsey;14;152335
240446;Curtis;Tilt;14;149313
209285;Bevis;Mugabi;146;150679
219159;Danijel;Nizic;195;150632
244641;Santiago;Ormeño;59;150225
238362;Charlie;Wakefield;14;152528
213612;Hosam;Aiesh;180;150559
221680;Nick;Hagglund;95;149720
237253;Abu;Danladi;117;150849
252837;Nicolás;Melamed;45;152851
268083;Guy;Melamed;26;149819
237854;Robert;Åstedt;46;150956
194876;Maxim;Kanunnikov;40;149292
203622;Evgeniy;Gorodov;40;147253
175110;Marlon;Licona;81;149137
226028;Artem;Yarmolitskiy;40;150293
186882;Pavels;Šteinbors;28;147170
200087;Arkadiusz;Piech;37;147064
224302;Mateusz;Wieteska;37;151331
230308;Leyvin;Balanta;56;148978
236811;Romir;Balanta;56;149843
214339;Deivy;Balanta;56;150073
213899;Éder;Balanta;56;149887
225502;Kevin;Balanta;56;151407
214330;Maicol;Balanta;56;148734
269084;Umut;Tohumcu;21;154069
238497;Marvin;Spielmann;47;150977
194178;Mustapha;Dumbuya;138;147855
213567;Kris;Doolan;42;147616
272834;João;Neves;38;154116
240466;Marko;Ćosić;10;150254
273651;Jarell;Quansah;14;153508
226671;Federico;Fattori;52;149666
264416;Mimeirhel;Benita;34;153801
271246;Muhammed;Damar;21;153945
265741;Zico;Buurmeester;34;153273
224624;Huan;Fu;155;150021
225657;Hector;Hevel;34;151059
267976;Pablo;Torre;45;153573
260290;Marvin;Pieringer;21;152296
264371;Tom;Fellows;14;153656
243549;Majid;Hosseini;161;145844
243547;Seyed;Hosseini;161;149644
274124;Mohammad Reza;Hosseini;161;148625
263288;Jakub;Pešek;12;150003
275847;Maksym;Lopyrnyok;49;150661
279554;Yiteng;Zuo;155;150652
274119;Rashir;Parkins;72;152804
242202;Ferdy;Druijf;34;151697
50010;Athanasios;Garavelis;22;149681
234199;Terry Lartey;Sanniez;34;151146
260099;Shurandy;Sambo;34;152981
239803;Marc;Tokich;195;152154
222988;Toshihiro;Aoyama;163;147324
209068;Mohammed;Al Harbi;183;148253
225061;Ahmad;Al Harbi;183;150472
206404;Artur;Yuspashyan;3;148617
178253;Olívio;da Rosa;54;147546
193296;Ruud;Boymans;34;148486
238964;Josef;Welzmüller;21;148742
229384;Nico;Hammann;21;148077
238782;Phillipp;Eggersglüß;21;150676
268004;Leandro;Vilela;54;150738
255339;Jayden;Nelson;70;153384
221525;Sid;Nelson;14;150924
231448;Reiss;Nelson;14;152363
205989;Calum;Chambers;14;150578
239880;Danny;Lloyd;14;149434
261195;Ernest;Muçi;1;152828
238485;Michael;Kessel;21;146781
210304;Hendrick;Zuck;21;148934
244767;Carlos;Vicente;45;152132
234163;Keanu;Staude;21;151315
239666;Torben;Müsel;21;152225
240055;Mert;Yilmaz;21;152086
261040;Bogdan;Racovițan;39;152542
208670;Hakim;Ziyech;129;149906
221363;Donny;van de Beek;34;151397
221986;Jeff;Hardeveld;34;150616
226539;Younes;Namli;13;150364
230593;Sander;van Looy;34;151438
234614;Levi;Lumeka;14;151902
215383;Abdallah;Ndour;136;150182
263366;Alioune;Ndour;136;152811
276682;Cher;Ndour;27;154054
221271;Théo;Pellenard;18;150256
231046;Jake;Eastwood;14;151200
229712;Jorge Marco;de Oliveira Morais;54;151011
240501;Alexandros;Katranis;22;151778
228255;Nicolas;Lemaître;18;151301
234158;Alimami;Gory;18;151166
212803;Zach;Clough;14;150625
247050;Pavel;Šulc;12;152748
264520;Jonathan;Borja;57;150288
234979;Hadier;Borja;56;151384
227153;Cristian;Borja;56;149877
219862;Miguel;Borja;56;149854
231749;Miguel Juan;Llambrich;45;150941
236635;Juan;Rodríguez Martínez;45;150686
210111;José;Rodríguez Martínez;45;150543
253428;Vítězslav;Jaroš;12;152954
178311;Eder;Citadin Martins;27;147590
212127;Darko;Lazović;51;148990
240277;Matteo;Gabbia;27;152313
240217;Mattia;Proietti;27;149520
236768;Lorenzo;Grossi;27;151738
237202;Giovanni;Terrani;27;150478
243612;Dion;Sanderson;14;152368
239997;Raul Josè;Asencio Moraes;45;151794
240418;Filippo;Serena;27;152304
182629;António Alberto;Bastos Pimparel;38;145931
206006;Ezgjan;Alioski;19;149505
192310;José Lionn;Barbosa de Lucena;54;148396
210377;João Carlos;Vilaça Teixeira;38;149846
214207;Felipe;Pardo;56;148961
238518;Franco;Pardo;52;151384
254344;Matías;Pardo;52;150743
208769;Will;Vaulks;50;150084
223827;Joe;McDonnell;14;150332
228997;Charlie;Goode;14;150773
264180;Alfie;Devine;14;154059
230950;Daniel;Devine;14;151536
228366;Matthew;Longstaff;14;152465
237161;Sean;Longstaff;14;151592
216939;Andre;Blake;82;149057
240238;Sam;Blake;14;152165
217096;Joe;Lumley;14;150604
216817;Óttar Magnús;Karlsson;24;151341
231836;Jesper;Karlsson;46;151860
242262;Mathias;Karlsson;46;150802
213464;Stefan;Karlsson;46;148351
251669;Rui Miguel;Guerra Pires;38;151735
167497;Denni;Avdić;46;148250
221393;Andreas;Hadenius;46;149174
237256;Jeremy;Ebobisse;95;151333
234566;Ivan;Markelov;40;148109
215584;Jakub;Wójcicki;37;148192
225369;Krzysztof;Karpieszuk;37;151258
235169;Krystian;Miś;37;151026
246459;Mohamed;Daramy;13;153122
224832;Antonio;Portales;83;151060
227899;Alejandro;Peláez;83;150228
233435;Manuel;Maranda;4;151479
211903;Benjamin;Kololli;219;149598
260377;Agustín;Mulet;52;152437
233276;Andre;Dozzell;14;152141
232209;Momo;Yansane;118;151499
215540;Gilli;Rólantsson Sørensen;16;149686
268542;Philippe;van Arnhem;34;151160
238405;Anders;Waagan;36;152433
241273;Gabriel;Risso Patrón;52;150867
221951;Josh;O'Hanlon;25;150826
254036;Haibrany;Ruiz Díaz;60;149706
255720;Edgar;Lastre;57;152275
223240;Gonzalo;Bettini;52;149732
225646;Camilo;Mayada;60;149105
268887;Radim;Breite;12;148589
208494;Mohammad;Ghadir;26;149118
268451;Balázs;Lovrencsics;23;149339
210129;Gergő;Lovrencsics;23;148246
216472;Aleksandar;Pantic;51;149564
240433;Enoch;Banza;17;152419
239449;Simon;Banza;110;151149
271814;Denis;Sme;44;150274
273000;Luciano;Pereira Mendes;54;146463
274288;Oscar;Gloukh;26;153937
259268;Kaly;Sène;136;152898
236856;Carlos;Lasso;56;148022
236399;Léon;Bergsma;34;151314
264463;Alisson;Pelegrini Safira;54;150634
242371;Nika;Kvantaliani;20;151687
235630;Nasser;Al Anazi;183;148351
235597;Mazyad Fraih;Al Anazi;183;148554
235604;Khalid Dakhil;Al Anazi;183;146824
198873;Daylon;Claasen;140;148760
180561;Hasan;Al Haydos;182;149077
229269;Zain;Westbrooke;14;151225
230583;Florian;Kohls;21;150651
227219;Easah;Suliman;14;151680
241245;Apostolos;Stamatelopoulos;195;152118
241534;Sean;McLoughlin;25;151241
213959;Elias;Andersson;46;150954
207562;Sebastian;Andersson;46;149293
227601;Adam;Andersson;46;151239
227600;Joel;Andersson;46;151239
237363;Johan;Andersson;46;150724
241578;Hugo;Andersson;46;152020
247539;Aurélien;Scheidler;18;151809
247463;Folarin;Balogun;95;152934
262105;Julien;Duranville;7;154701
258033;Omar;Rekik;145;153104
205193;Karim;Rekik;34;150529
224041;Marvin;Schwäbe;21;150673
229701;Philipp;Ochs;21;151396
245822;Doğan;Alemdar;48;153417
234727;Timo;Hübers;21;151125
237540;Philipp;Förster;21;150593
238683;Arne;Sicker;21;151396
248040;Adrián;Rus;39;151001
269745;Oussama;El Azzouzi;34;152899
234197;Indy;Groothuizen;34;151127
162347;João;Moutinho;38;147522
231976;Jonathan;Campbell;95;150006
255824;George;Campbell;95;152923
240783;Tyrese;Campbell;14;152381
228402;Tahvon;Campbell;14;151299
230001;Harry;Campbell;14;150878
206567;Adam;Campbell;14;150559
233484;Allan;Campbell;42;151839
204713;Joel;Campbell;72;149640
254113;Chem;Campbell;50;153479
258626;Danel;Sinani;31;151384
213839;Baptiste;Guillaume;7;150725
232250;Luke;Amos;14;151343
234128;Luiz;Araújo;54;151077
254817;Maximiliano;Araújo;60;152430
266096;Tomás;Araújo;38;153251
272835;Silas;Araújo;54;151074
210342;Lucas;Araújo;54;148922
180674;Egídio;Araújo;54;147438
208019;Denys;Bain;18;150011
234983;Qazim;Laçi;1;150942
240259;Mehdi;Merghem;18;151489
223558;Nicolás;Ratti;52;150089
189060;Aleksandar;Dragović;4;149162
229364;Enric;Gallego;45;147526
189172;Fidel;Chaves de la Torre;45;148667
210868;José María;Martín Bejarano;45;147976
216437;Wallace;Fortuna Santos;54;150480
223139;Akim;Zedadka;97;152169
219487;Filippo;De Col;27;150129
224987;Ivan;Provedel;27;150269
236655;Alessandro;Santopadre;27;151931
125871;Hasan Ali;Kaldırım;48;148710
194092;Alper;Uludağ;48;149077
210862;Ricardo José;Araújo Ferreira;70;149792
271291;Martim Miguel;Carneiro Tavares;38;153794
205423;Herolind;Shala;219;149494
239990;Tom;Broadbent;14;149508
223987;Harry;Cardwell;42;151225
238460;Rhian;Brewster;14;152476
255150;Niels;Nkounkou;18;152690
220018;Ante;Rebić;10;150092
251313;Sami;Lahssaini;7;151915
231508;Tommy;Thelin;46;146440
225317;Kevin;Nisbet;42;151356
254830;Timothy;Galjé;7;152876
214854;Rubén;Farfán;55;149365
189710;Maciej;Wilusz;37;148270
211088;Pavel;Mogilevets;40;149853
220328;Sylvanus;Nimely;122;151901
226223;Igor;Leschuk;40;150974
50166;Lambros;Zacharos;22;151811
261374;Lewis;Bate;14;153417
234466;Fernando;Juárez;52;151889
257514;Juan Pablo;Juárez;83;152041
254087;Ramón;Juárez;83;152879
223244;Axel;Juárez;52;148942
261273;Daniel;Juárez;52;152961
167519;Efraín;Juárez;83;148054
203791;Gladestony E.;Paulino da Silva;54;150045
213597;Diego;Valdés;55;150223
253840;Diego;Valdés;61;149871
240540;Diego;Berchtold;47;151071
69969;Juan Pablo;Zozaya;52;152975
190512;Sverre;Økland;36;149998
244383;Mykyta;Burda;49;150641
213778;Thomas;Lehne Olsen;36;149277
238236;Ola;Brynhildsen;36;152136
229264;Rory;Hale;35;151255
233865;Ronan;Hale;25;151905
231941;Dawid;Szymonowicz;37;150746
215250;César;Rigamonti;52;147733
268685;Jackson;Hopkins;95;154028
224793;Brice;Wembangomo;36;151276
279298;Haojie;Li;155;150012
278500;Peng;Li;155;148973
279391;Xiaoming;Li;155;150942
221822;Hanbo;Li;155;149123
224648;Lei;Li;155;149613
224055;Yunqiu;Li;155;149008
50089;Yingjian;Li;155;149150
221850;Songyi;Li;155;149855
278896;Benjian;Li;155;147335
278049;Shenglong;Li;155;149855
278104;Junyu;Li;155;149920
224690;Ang;Li;155;150086
223298;Yuanyi;Li;155;150068
278062;Guang;Li;155;149268
278111;Hao;Li;155;149491
279514;Xun;Li;155;149464
279376;Fang;Li;155;149855
221826;Tixiang;Li;155;148611
278484;Long;Li;155;151677
202103;Jianbin;Li;155;148476
181845;Wei;Li;155;146983
186488;Shuai;Li;155;146040
182473;Xuepeng;Li;155;148263
262659;Noah;Atubolu;21;153260
278460;Mincheng;Yuan;155;150778
242751;Hayden;Carter;14;152370
210876;Badavi;Guseinov;5;149289
279111;Cao;Gu;155;147422
222342;Chao;Gu;155;148599
237884;Lars;Ritzka;21;151781
240037;Srdjan;Plavšić;51;150895
247126;Nino;Galović;10;149650
259748;Martin;Vitík;12;153501
275005;Leandro;Barcia;60;149744
268257;Aybol;Abiken;165;151076
251446;Enea;Mihaj;1;151840
204401;Diogo José;Figueiras;38;149279
214973;Lucas;Villafañez;52;149374
275404;Thomas;Nazlidis;22;147932
107263;Fahid;Ben Khalfallah;145;146092
228191;Jonathan;Aspropotamitis;195;151082
233202;Abdullah;Al Salman;183;150318
223922;Andreas;Bouchalakis;22;149923
213573;Marius;Gersbeck;21;150729
238259;Kallum;Mantack;14;151775
229637;Gökhan;Akkan;48;150559
232707;Gökhan;Akkan;48;151896
242030;Gennadios;Xenodochov;22;148152
232730;Daichi;Kamada;163;151141
220337;Junior;Alonso;58;149868
207557;Robin;Olsen;46;148740
220479;Patrick;Olsen;13;150306
189255;Ricki;Olsen;13;148378
242296;James;Hugo;14;152303
231786;Andraž;Šporar;44;150251
228702;Frenkie;de Jong;34;151421
189805;Luuk;de Jong;34;148971
231511;Jesper;Svensson;46;148797
215527;Freek;Heerkens;34;148623
234834;Komnen;Andrić;51;150740
212350;Loïs;Diony;18;149817
219681;Jordan;Amavi;18;150261
230666;Gabriel;Jesus;54;151382
235800;Marin;Šverko;10;151689
211844;Nicolas;Gavory;18;150605
212939;David;Douline;18;149976
213348;Adolphe;Teikeu;103;148906
220030;Gaëtan;Paquiez;18;150239
225169;Tony;Mauricio;18;150274
231841;Maxence;Prévot;18;151388
232332;Sebastien;Ibeagha;95;149483
266063;Petar;Bočkaj;10;151128
237184;Keidi;Bare;1;151529
258728;Jose Manuel;Fontán Mondragón;45;152426
245084;Maxime;Busi;7;152306
240420;Alex;Güity;81;151552
217277;Ángel Jesús;Galván Rivero;45;149934
244685;Marius;Mouandilmadji;7;151676
237215;Nick;DePuy;95;150510
233941;Liam;Cullen;50;152132
228151;Josh;Cullen;25;151021
236691;Conor;Cullen;42;151340
168609;João Miranda;de Souza Filho;54;146791
205812;Pietro;Terracciano;27;148799
271579;Filippo;Terracciano;27;153519
234747;Przemysław;Szymiński;37;150368
235863;Marco;Varnier;27;151813
239570;Alessandro;Bordin;27;151867
271005;Lubambo;Musonda;147;150618
204233;Charly;Musonda;7;151212
207993;Sead;Kolašinac;8;149999
248386;Gustavo Enrique;Assunção da Silva;54;152474
209323;Maurides;Roque Junior;54;150262
218651;Pieros;Sotiriou;11;149841
229082;Oliver;Abildgaard;13;151085
230590;Darren;Oldaker;14;152023
216299;Connor;Randall;14;150852
202141;Yusuf;Mersin;48;150459
209254;Robbie;Willmott;14;148868
209675;Janoi;Donacien;90;150135
262752;Carlos;Calzadilla;61;153068
259577;Luis;Calzadilla;83;152398
259574;Eduardo;Mustre;83;153501
224570;Anthony;Jackson-Hamel;70;150043
231949;Saman;Ghoddos;161;150077
254117;Maximilian;Beier;21;153405
231071;Miquel;Parera Pizá;45;151062
223989;Noor;Husin;149;151351
239941;Ruslan;Koryan;3;148168
221895;Arshak;Koryan;40;150726
259112;Georgi;Yomov;9;151476
233710;Lucas;Di Yorio;52;151250
212225;Enzo;Roco;55;149691
216334;Pieter;Gerkens;7;150606
217730;Stephan;Zwierschitz;4;148992
233740;Daniel;Nussbaumer;4;152352
230774;Jake;Clarke-Salter;14;151554
238988;Maximilian;Ullmann;4;151092
270700;Ibe;Hautekiet;7;153218
213321;Tomi;Jurić;195;149300
234913;Christian;Fassnacht;47;150143
193422;Torgeir;Børven;36;149434
212041;Mikael Norø;Ingebrigtsen;36;151126
257167;Mathias;Kvistgaarden;13;153220
221716;Taylor;Peay;95;149345
240368;Gabriel;Lazarte;52;151600
243284;Frederik;Winther;13;152754
246100;Kristoffer;Askildsen;36;152759
198080;Boadu Maxwell;Acosty;117;149350
209874;Brilliant;Khuzwayo;140;148772
213763;Rasmus;Schüller;17;149266
262510;Beñat;Turrientes;45;153146
264035;Jesurun;Rak-Sakyi;14;153393
259179;Javier Enrique;Delgado Saverio;57;152189
271547;Roman;Murtazayev;165;150081
237989;Sergiu;Hanca;39;149557
272309;Habib;Gordani;161;146335
273071;Milad;Fakhreddini;161;148878
279232;Donglu;Sui;155;146347
278053;Weijie;Sui;155;146271
262417;Daniel Alexis;Leite Figueira;38;151855
237235;Abraham;Majok;120;151940
232898;Tsukasa;Morishima;163;151404
208229;Amir Fahad;Kurdy;183;149351
212088;Mohamed;Abdul Shafy;111;147088
214007;Ahmed;Al Nazera;183;149868
238205;Anas;Edathodika;159;147682
266570;José;Caraballo;61;150975
217794;Brayan;Véjar;55;150753
219937;Nils;Körber;21;151241
224335;Lucas;Cueto;21;151007
270037;Randy;Schneider;47;152989
209590;Ángelo;Casadei;27;148009
273883;Cesare;Casadei;27;153490
240161;Tian;Ci;155;151209
273205;Hamdi;Nagguez;145;149764
241075;Paul;Smyth;35;151542
219671;Tony;Whitehead;25;150549
277822;Trivante;Stewart;82;152466
244319;Ross;Stewart;42;151116
206538;Kevin;Stewart;14;150078
276967;Layton;Stewart;14;153361
245494;Abdullah;Al Meqran;183;151254
218311;Jodel;Dossou;99;149539
220878;Malcolm;Cacutalua;21;150512
214409;Ezequiel;Videla;52;148016
215393;Bagaliy;Dabo;18;148210
228836;Elhadj;Dabo;136;150882
213659;Fankaty;Dabo;14;150842
213565;Thomas;Lemar;18;150874
236752;Daouda Karamoko;Bamba;108;150622
225085;Jonathan;Bamba;108;151009
240503;Abdoul Kader;Bamba;18;150338
263635;Ibrahima;Bamba;27;153227
241858;Axel;Bamba;108;152206
246790;Abdoul;Bamba;18;150338
227222;Frédéric;Guilbert;18;150551
230042;Youssef;Ait Bennasser;129;151112
228895;Mickaël;Scannella;18;147797
204887;Ruben;Bover Izquierdo;45;149638
239138;Jeong;Woo-yeong;167;152282
246871;Enzo;Barrenechea;52;152892
206652;Sergio;Rico González;45;150072
226786;Alex;Bono;95;150308
265513;Róger;Guedes;54;151199
226213;Daniel;Guedes;54;150285
271108;Tani;Oluwaseyi;70;152520
211314;Nicolás;Hidalgo García;45;149583
242780;Vladimir;Sugrubov;40;151177
231367;Ángel;Gaspar;83;150307
230800;Rey;Manaj;1;151344
231323;Daniel;Hernández Sevilla;45;151009
221569;Yorleys;Mena;56;149298
223053;Ángel;Mena;57;148022
221577;Wilson;Mena;56;147819
209744;Eugenio;Mena;55;148201
230854;Edgaras;Dubickas;30;151844
240922;Daniel;Escriche Romero;45;151737
243773;Kilian;Ludewig;21;152449
231242;Adam;Ounas;97;151239
202686;Nahki;Wells;68;148884
219585;Martin;Valjent;43;150903
235201;Nicholas;Siega;27;149153
264453;Micky;van de Ven;34;152859
261249;Edouard;Michut;18;153543
251413;Alexander;Schmidt;4;151673
204184;Doke;Schmidt;34;149560
262665;Kenneth;Schmidt;21;153269
237580;Daniel;Schmidt;163;149496
235022;Niklas;Schmidt;21;151714
238874;Stefan;Schmidt;21;151149
235301;Patrick;Schmidt;21;150081
256776;Isaac;Schmidt;47;152360
244795;Jonas;Auer;4;152602
270579;Wilson;Odobert;18;154178
264432;Abdessamad;Ezzalzouli;129;143536
188313;Diogo Filipe;Guerreiro Viana;38;148785
200984;Clecildo Rafael;Martins Ladislau;54;148443
262340;Marco;Tol;34;151769
269744;Rui Jorge;Monteiro Mendes;38;152333
226766;Daniel;Castelo Podence;38;150852
241050;Alexander;Meyer;21;149200
212150;Max;Meyer;21;150819
239999;Pedro José;Moreira da Silva;38;151333
261636;Wanderson Felippe;Cardoso dos Santos;54;151931
268482;Damián;Bobadilla;58;152942
195286;Jóan Símun;Edmundsson;16;149304
208645;Jordan;Moore-Taylor;14;150217
218339;Mahmoud;Dahoud;21;150924
219809;Tiémoué;Bakayoko;18;150422
235841;Axel;Bakayoko;18;151660
265450;Johan;Bakayoko;7;153590
221141;Amadou;Bakayoko;138;150924
220969;Niclas;Eliasson;46;150899
213480;Fouad;Bachirou;214;148837
221666;Luke;Mulholland;14;148221
221920;Anton;Andreasson;46;150035
243245;Orkun;Kökçü;48;152748
268460;Garang;Kuol;195;154104
240839;Kirill;Arshanskiy;40;151383
275102;Soungoutou;Magassa;18;153761
204151;Damian;Byrtek;37;149163
209456;Łukasz;Zwoliński;37;149883
211245;Marcin;Cebula;37;150898
255413;John;Mayanga;107;153121
203283;Amaury;Escoto;83;149797
214031;Germán;Mera;56;148796
214613;Félix;Micolta;56;148701
225683;Andrés;Micolta;57;152176
259031;Liam;Delap;14;153519
233139;Cedric;Itten;47;151285
239267;Afimico;Pululu;98;152101
235715;Harry;Paton;70;151797
213739;Paul;Paton;35;147744
214641;Scott;Tanser;14;150489
242800;George;Tanner;14;152339
216484;Craig;Tanner;14;150493
269175;Ollie;Tanner;14;153248
192316;Gudmund Taksdal;Kongshavn;36;149120
233446;Erik;Næsbak Brenden;36;150200
259977;Matías;Cóccaro;60;151608
234379;Thiago;Rodrigues da Silva;54;151087
241632;Benjamín;Garré;52;152577
264409;Faride;Alidou;21;152949
181787;Jianqing;Mao;155;147491
185367;Senijad ;Ibričić;51;147175
231199;Hakeem;Odoffin;14;151757
225385;Aleksandar;Čavrić;51;150331
240036;Christian;Frýdek;12;152051
231077;Martin;Frýdek;12;149546
271539;Yevhen;Cheberko;49;151677
272086;Behnam;Barzay;161;149870
272273;Diego;Manicero;52;147050
273015;Saeed;Ghaedifar;161;149566
272961;Robert;Matejov;43;148188
268511;Walid;Cheddira;129;151676
255265;Jonathan;Perlaza;57;151545
214146;Elvis;Perlaza;56;148433
226747;Baldomero;Perlaza;56;149619
209724;Gustavo;Vernes;54;149911
229489;Dmitriy;Skopintsev;40;151350
258642;Nuno Miguel;Reis Lima;38;152825
241860;Justin;Hoffmanns;21;151346
269246;Mike;Eerdhuijzen;34;152579
224274;Sasa;Zdjelar;51;150637
239019;James;Delianov;195;152312
209569;Hussain;Al Moqahwi;183;148085
212037;Mustafa;Al Bassas;183;149981
238748;Dino;Latorre;55;152023
214326;Christian;Vilches;55;146369
224344;Andrés;Vilches;55;149476
212103;Darryl;Geurts;21;150379
231056;Stefan;Marinović;198;149377
233938;David;Kasumu;133;152297
241783;Keaton;Parks;95;151507
235074;Simen Lillevik;Kjellevold;36;150504
231139;Jack;Fitzwater;21;151555
266891;Marko;Lazetič;51;153867
205048;Korbinian;Vollmann;21;150128
206605;Aias;Aosman;186;150487
219644;Philipp;Posch;4;150202
223671;Stefan;Posch;4;151423
229271;Pascal;Köpke;21;150804
231205;Yanni;Regäsel;21;150936
232119;Çağlar;Söyüncü;48;151067
234385;Niklas;Hauptmann;21;151102
261776;Enric;Llansana;34;152852
231864;Mitchell;van Bergen;34;152258
264456;Martin;Távara;59;152103
210372;Rachid;Ghezzal;97;149592
266150;Finn;Surman;198;153746
218623;Carlos Miguel;Ribeiro Dias;38;149885
228821;Zinédine;Machach;18;150928
221894;Mohamed Slim;Ben Othman;145;148689
238737;Ryan;Bidounga;18;151408
223551;Lee;Gregory;14;148240
241033;Cameron;Gregory;14;152404
245340;Louie;Sibley;14;152994
220440;Clément;Lenglet;18;150726
221342;Pablo;Maffeo;45;151482
226206;Pablo;Clavería Herraíz;45;151015
266164;Eddie;Guevara;57;148831
240458;Ander;Guevara;45;151477
186430;Zito;Luvumbo;98;153177
251852;Karim;Adeyemi;21;153133
211209;Daniel;Pinillos González;45;149758
261313;Kristoffer;Lund;95;153249
259763;Valdemar;Lund;13;153628
215940;Oliver;Lund;13;148965
229724;Marco;Lund;13;151105
241357;Adam;Lund;14;151958
224499;Mitchell;Lund;14;151163
193173;Matty;Lund;35;149057
236001;Raí;Nascimento Oliveira;54;151792
240627;Mattia;Viviani;27;152632
225116;Alex;Meret;27;151370
229593;Marko;Pjaca;10;150684
246646;Maxence;Caqueret;18;152430
255373;Bruno;Barticciotto;55;152877
211393;Riccardo;Melgrati;27;150361
221893;Petar;Golubović;51;150387
203304;Britt;Assombalonga;110;149803
226731;Daniel;Crowley;14;151504
229574;Arturo;Calabresi;27;151000
234873;Marko;Pajač;10;149959
240530;Kevin;Yamga;18;151174
212114;Okan;Aydın;21;150321
264001;Oğuz;Aydın;48;152685
255586;Yusuke;Matsuo;163;151493
244749;Nayef;Aguerd;129;151013
234939;Ricardo;Baleia Janota;38;147705
239482;Wenderson;Nascimento Galeno;54;151584
233301;Rasmus;Kristensen;13;151481
241956;Mathias;Kristensen;13;150003
261573;Thomas;Kristensen;13;153132
216134;Kristoffer;Pallesen;13;148852
236474;Mustapha;Bundu;138;151348
240040;Carlo;Holse;13;152172
236495;Aaron;Bolger;25;152417
202312;Cian;Bolger;25;149534
236686;Josh;Kay;14;151319
231630;Bradley;Stevenson;14;151909
228638;Ben;Stevenson;14;151371
238389;Ben;Wilmot;14;152327
208697;Danny;Rogers;25;150275
237859;Calvin;Rogers;25;152369
260247;Morgan;Rogers;14;153322
236023;Brett;Levis;70;149916
166750;Alexandr;Bukharov;40;146977
224376;Philipe;Sampaio Azevedo;54;150508
187983;Krzysztof;Janus;37;147355
200086;Maciej;Jankowski;37;148736
238989;Rajko;Rep;44;148903
239822;Eduardo;Tercero;83;151050
231535;Cameron;Borthwick-Jackson;14;151322
257035;Jorge;Padilla;83;150077
242193;Daniel;Padilla;56;150177
187354;Yael;Padilla;83;154564
213670;Isak;Ssewankambo;46;150981
225677;Reiss;Greenidge;14;151146
233820;Sheriff;Sinyan;116;151124
238303;Kristoffer;Velde;36;152271
229365;Shane;Elworthy;25;151507
266171;Juan;Pintado;60;151498
266313;Renny;Simisterra;57;151633
268674;Alessandro;Gabrielloni;27;150384
226382;Lucas;Villarruel;52;149049
244788;Pavel;Bucha;12;151724
262251;Kacper;Tobiasz;37;153423
252209;Maciej;Rosołek;37;152995
266846;Ramil;Mustafaev;40;153834
182343;Junmin;Hao;155;147719
204537;Renzo;Revoredo;59;147402
207416;Mikhail;Gordejchuk;6;148663
217656;Alberto;Sansimena Chamorro;45;147052
278108;Xue;Wen;155;149864
278587;Junjie;Wen;155;151395
279714;Zhixiang;Wen;155;149904
234822;Abbubaker;Mobara;140;150242
271025;Mohammadreza;Akhbari;161;149874
271320;Brian;Bernaola;59;150575
271397;Alexis;Cossio;59;150600
252451;Robert;Ergas;60;151669
272387;Robert;Ergas;60;151669
226604;Diego;Valoyes;56;151189
214190;Leandro;Castellanos;56;146609
237712;Valentin;Castellanos;52;151930
272399;Héctor;Castellanos;81;149825
237676;Alexander;Bahr;81;152798
238345;Kyosuke;Tagawa;163;152061
215227;Joel;Carli;52;147502
240130;Éder;Militão;54;151672
278452;Hu;Jinghang;155;151371
278461;Abduhamit;Abdugheni;155;151723
240633;Joseph;Champness;195;151406
232375;Tsukasa;Umesaki;163;147690
232991;Sho;Inagaki;163;149456
210466;Admilson E.;Dias de Barros;104;148056
231821;Ziyad;Al Sahafi;183;150227
271662;Giorgos;Loizou;11;149518
238952;Maximilian;Schlegel;21;151271
237875;Rodrigo;Schlegel;52;150319
271067;Robson;Azevedo;54;150760
209021;Maurício;Azevedo;54;148123
239565;Marius;Grösch;21;150259
233164;Arijanet;Muric;219;151965
241645;Victor;Torp;13;152230
238490;Ilias;Chair;129;151592
242317;Alejo;Antilef;52;151855
259751;Matthew;Hoppe;95;152822
241411;Tom;Holmes;14;152456
213948;Duane;Holmes;95;150503
221931;Peter;Žulj;4;149988
245339;Vanja;Drkušić;44;152322
213644;Andreas;Geipl;21;149574
223427;Lukas;Jäger;4;150236
232007;Mateusz;Lis;37;151347
192651;Osama;Malik;195;149005
238744;Weston;McKennie;95;151894
224185;Clint;Leemans;34;150816
225187;Pelle;van Amersfoort;34;151015
238019;Torino;Hunte;34;149080
238322;Twan;Roex;34;151501
262220;Thijmen;Blokzijl;34;154267
224218;François;Kamano;118;151046
236466;Clément;Michelin;18;151420
245283;Farid;El Melali;97;151414
215786;Yann;Boé-Kane;18;149192
240023;Patrik;Eler;44;149261
245054;Lee;Dong-gyeong;167;151552
212370;Jeremy;Walker;195;150068
211215;Liam;Walker;205;148105
253227;Ethan;Walker;14;153324
213519;Brad;Walker;14;151039
206565;Jamie;Walker;42;150004
235060;Lewis;Walker;14;151793
222878;Tyler;Walker;14;151214
265402;Tomás;Jacob;52;153956
211385;Riza;Durmisi;13;150201
216349;Alen;Halilović;10;151093
239200;Tibor;Halilović;10;150635
216435;Stanislav;Lobotka;43;150522
230646;Adam;Chrzanowski;37;152109
236028;Javier;Díaz Sánchez;45;151424
267794;Piero;Quispe;59;152976
223866;Sandi;Lovrič;44;151741
233329;Mikel;Villanueva;61;149932
242033;Oscar;Villanueva;83;151791
230876;Matt;Butcher;14;151423
235398;Jean Carlos;Silva Rocha;54;151054
240663;Miguel;Merentiel;60;150978
232599;Yuta;Nakayama;163;151336
212404;Federico;Bernardeschi;27;150240
239021;Theodor;Bergmann;21;151236
222558;Rick;Karsdorp;34;150600
256036;Andri;Baldursson;24;153125
192365;Soufiane;Bidaoui;129;148842
258974;Emerson;Batalla;56;152931
227186;Augusto;Batalla;52;151044
227152;Neider;Batalla;56;151585
234870;Efecan;Karaca;48;148687
225294;Edson;Rodrigues Farias;54;149474
238858;Bruno Vinícius;Souza Ramos;54;151378
254659;Mehdi;Zerkane;97;152215
204785;Mikael;Mandron;18;150477
241419;Max;Bird;14;152646
246599;Guillem;Jaime Serrano;45;152025
257067;Zac;McGraw;95;151448
220620;Florent;Hadergjonaj;219;150405
262303;Ekain;Zenitagoia Arana;45;150312
236999;David;Guzman;72;148781
211294;Alexandr;Putsko;40;149883
232241;Mijo;Caktaš;10;149591
50198;Angelos;Liasos;22;152531
191146;Dawid;Szufryn;37;147420
237386;Kiernan;Dewsbury-Hall;14;151903
199467;Enes;Sağlik;7;149286
215480;Aleksandar;Boljević;15;150904
217502;Alexander;Kofler;4;147581
231677;Marcus;Rashford;14;151593
229237;Manuel;Akanji;47;150758
229728;Florian;Kamberi;47;150625
243025;Lindrit;Kamberi;47;152299
231137;Domen;Crnigoj;44;150880
263312;Zidan;Sertdemir;13;154246
225510;Devlin;Mackay;42;151312
223502;Claudio;Villagra;52;150925
255351;Rodrigo;Villagra;52;152795
214689;Gonzalo;Villagra;55;145705
168889;Serghei;Pascenco;33;146162
257785;Marco;Brescianini;27;152404
278581;Junliang;Ma;155;151715
278893;Xingyu;Ma;155;148675
271531;Milan;Pavkov;51;150233
241192;Denys;Balanyuk;49;151305
246145;Ignacio;Aliseda;52;152458
242097;Jhonny;Monsalve;61;151665
213990;Dávinson;Monsalve;56;146701
214401;Héctor;Urrego;56;149777
246974;Diogo;dos Santos Cabral;38;151937
242041;Mohamed;Dräger;145;151100
189951;Manny;Muscat;32;146882
241552;Jacob;Italiano;195;152961
211768;Lewis;Italiano;195;149076
231131;James;McGarry;198;151753
228249;Hamad;Al Juhayyim;183;147920
184826;Adrien S.;Perruchet Silva;38;148441
233598;Ahmed;Duiedar;111;145269
222546;Leopold;Zingerle;21;150293
238930;Thorben;Deters;21;150790
239978;Dennis;Man;39;151892
268105;José Carlos; Ferreira;54;146289
241269;Andreas;Bruus;13;152035
240955;Tomás;Durso;52;152076
215353;Lucas;Alario;52;149744
210665;Marcel;Halstenberg;21;149367
220187;Matthew;Jay;14;150981
212626;Davie;Selke;21;150578
277900;Nikola;Jojić;51;153738
221838;Miloš;Jojić;51;149541
236936;Michael;Augustin;4;151864
225713;Jean-Kévin;Augustin;18;151456
239742;Jonathan;Klinsmann;95;151387
207712;Nigel;Bertrams;34;149836
215618;Henk;Dijkhuizen;34;149623
247611;Egil;Selvik;36;151500
244259;Sadegh;Moharrami;161;150984
257340;Szymon;Włodarczyk;37;153485
257083;Junior;Kadile;18;153465
213349;Grégoire;Puel;18;149513
216478;Jonathan;Mitchell;14;150521
237310;Demetri;Mitchell;14;151300
251560;Billy;Mitchell;14;152847
240947;Tyrick;Mitchell;14;152263
197701;Jeyland;Mitchell;72;154118
236692;Marc;Gual;45;150996
213063;Roberto;Suárez Pier;45;150605
252590;Fernando;Niño;45;152682
225161;Jesús;Vallejo Lázaro;45;151294
251806;Quinten;Timber;34;152918
251805;Jurriën;Timber;34;152918
208622;Rubén;Sobrino;45;149615
199152;Dejan;Lekić;51;147064
204958;Miguel Alberto;García Díaz;45;149204
254680;Yassin;Oukili;129;152753
204164;Alexander;Ludwig;13;150009
238733;Martin;Ludwig;21;151943
240261;Pedro;Porro;45;152275
220493;Antonio;Barreca;27;150635
225402;Bruno Miguel;Boialvo Gaspar;98;149939
202940;Neeskens;Kebano;110;149532
232444;Nicola;Falasco;27;150106
236378;Alessandro;Plizzari;27;152455
237406;Alessandro;Gilardi;27;150566
120533;Képler Laveran;Lima Ferreira;38;146232
248812;Yaw;Ackah;117;152171
248814;Nurettin;Korkmaz;48;153293
252038;Romário Miguel;Silva Baró;38;152409
240476;Burak;Kavlak;48;151112
204936;John;Egan;25;149756
240668;Jack;Egan;14;151943
232641;Alfie;Egan;14;151535
236287;Nicolás;Ibáñez;52;150428
232801;Joaquín;Ibáñez;52;151172
214983;Matías;Ibáñez;52;147621
205346;Ryan;Fredericks;14;149746
274316;Evren;Meridyenci;48;151717
207624;Kenneth;Omeruo;133;150118
224488;Furkan;Soyalp;48;150721
206594;Solly;March;14;150394
237374;Onur;Atasayar;48;150559
208052;Andy;Yiadom;117;149433
246547;Facundo;Almada;52;151845
245371;Thiago;Almada;52;152866
156412;José de Jesús;Corona;83;145471
266881;Matěj;Chaluš;12;148034
232985;Takahiro;Kunimoto;163;151570
241590;Patric;Pfeiffer;21;152251
220346;Luca;Pfeiffer;21;151156
236595;Benjamin;Goller;21;152110
211820;Phil;Ofosu-Ayeh;117;149355
241076;Steven;Benda;21;151928
213013;Frank;Acheampong;117;150117
258208;Ondřej;Lingr;12;151934
241002;Emmanuel;Sabbi;95;151647
223264;Stephen;Hendrie;42;150566
211512;Luke;Hendrie;14;150432
232252;Anton;Walkes;14;151328
246562;Deian;Sorescu;39;151530
213732;Alexandr;Selikhov;40;150290
223997;Roman;Gergel;43;148054
237331;Thibault;De Smet;7;151810
234167;Siebe;Van der Heyden;7;151804
227945;Stuart;Findlay;42;150815
276802;Serafim;Cojocari;33;152757
251126;Maximiliano;Gagliardo;52;146286
275065;Marko;Jevtović;51;150033
232308;Milan;Jevtović;51;149992
263228;Lenny;Lobato;54;152753
269699;Alexander;Drambayev;49;152861
255855;Ryōya;Morishita;163;151390
270209;Darko;Gyabi;14;153894
206295;Georgi;Terziev;9;149571
220205;Martin;Milec;44;149360
224153;Marcelo;Bergese;52;147026
275844;Yuri;Vakulko;49;151603
242176;Julián;Buitrago;56;149835
239645;Matías;de los Santos;60;149789
272923;Lucas;de los Santos;60;152957
215557;Denilson;Pereira Júnior;54;150757
262311;Bart;van Rooij;34;152835
205487;Giannis;Zaradoukas;22;147252
275465;Enes;Dolovac;51;152051
219743;Sultan;Al Duayyi;183;149894
193144;Tae Hee;Nam;167;149281
217574;Kondwani;Mtonga;147;147436
206081;Reece;Hall-Johnson;14;150687
183070;Wolfgang;Hesl;21;147284
211874;Simon;Scherder;21;149920
228245;Marvin;Wanitzek;21;149955
238618;Carsten;Kammlott;21;148791
264120;Andrew;Moran;25;153768
238723;Jon;Moran;14;151460
242636;Evan;Moran;25;151401
251306;Adam;Randell;14;152659
242237;Brent;Lepistu;208;149913
211840;Marco;Hartmann;21;148057
223107;Muammer;Yıldırım;48;148989
267905;Bertuğ;Yıldırım;48;153308
204436;Özkan;Yıldırım;21;149928
225564;Marlon;Frey;21;151007
208159;Michael;Frey;47;150393
50131;Okan;Suleiman;22;152448
223557;Yvann;Maçon;18;151928
208449;Christophe;Hérelle;18;149697
209781;Pierrick;Capelle;18;147741
236830;Zaydou;Youssouf;18;152211
224591;Yann;Bodiger;18;150598
271725;Mamadou;Tounkara;18;153098
207744;Amos;Youga;105;149805
228289;Thibault;Vialla;18;150930
224305;Iván;Calero Ruiz;45;150669
224021;Sheyi;Ojo;14;151459
184242;Funso;Ojo;7;149337
207641;Bryan;Carrasco;55;149128
208418;Yannick;Carrasco;7;150075
238069;José María;Carrasco;53;151517
243055;Rafael; Camacho;38;152527
242941;Marius;Bustgaard Larsen;36;152519
224327;Serge;Leuko;103;150044
252594;Isaac;Lihadji;18;153215
207804;Amari'i;Bell;82;150318
261565;Jonathan;Bell;82;151527
254142;Joe;Bell;198;152136
259926;Sam;Bell;14;153258
167834;Cammy;Bell;42;147532
210703;Luka;Đorđević;15;150383
240157;Tobias;Mohr;21;150794
200647;Josip;Iličić;44;148030
202851;Gregoire;Defrel;18;149265
213814;Federico;Di Francesco;27;150358
223848;Sergej;Milinković-Savić;51;150616
224836;Vanja;Milinković-Savić;51;151340
224031;Adam;Marušić;15;149753
237715;Patrick;Cutrone;27;151657
210891;Ibrahim;Moro;117;150142
244270;Nikola;Moro;10;151725
258139;Raúl;Moro;45;153454
230047;Frank;Ronstadt;21;151491
240560;Simone;Iocolano;27;148657
233570;Carmelo;Algarañaz;53;150950
209473;Nabil;Ghilas;97;148842
251466;Thomas;Van Den Keybus;7;152865
247369;Tom;Ducrocq;18;152256
207723;Stefan;van der Lei;34;149892
266905;Henrique;Pereira Araújo;38;153134
223302;Fábio Samuel;Amorim Silva;38;151035
210641;Lasse;Petry;13;149725
223186;Jens Jakob;Thomasen;13;151100
224515;Jeppe;Simonsen;13;150883
240572;Emilio;Simonsen;13;152323
227760;Aidan;Nesbitt;42;151325
266565;Rafael;Viotti;52;148047
167599;Rasmus;Elm;46;148078
220944;Joe;Wildsmith;14;150920
270301;Gerard;Fernández Castellano;45;153392
238076;Matt;Bersano;95;149716
223875;Yacine;Bammou;129;149351
198991;Sergey;Petrov;40;149099
221125;Sebastián;Driussi;52;150963
229761;Danila;Ermakov;40;152017
237366;Guram;Tetrashvili;40;148216
179569;Radosław;Majewski;37;147620
235303;Kamil;Pestka;37;151888
177397;Nedeljko;Malić;4;148137
208509;Thomas;Foket;7;150461
220129;Nader;Ghandri;145;150607
266180;Maksym;Taloverov;49;152564
262141;Alexandro;Calut;7;153592
224865;Craig;Wighton;42;151497
238969;Ross;Laidlaw;42;149656
257399;Wahid;Faghir;13;153690
233466;Markus;Olsen Pettersen;36;152355
238235;Hugo;Vetlesen;36;152444
255971;Santiago;Hezze;52;153045
235450;Domingos;Quina;38;152341
215071;Milton;Casco;52;148103
230965;Nahitan;Nández;60;150920
232546;Diego;Zabala;60;149359
232645;Facundo;Cambeses;52;151388
225739;YangYang;Jin;155;149862
278112;Bo;Jin;155;149848
222179;Pengxiang;Jin;155;148757
210998;Dae Seong;Jin;167;148629
279276;Taiyan;Jin;155;148600
217165;Jingdao;Jin;155;149480
279309;Xian;Jin;155;149289
210726;Seong Wook;Jin;167;150178
278115;Hongyu;Jin;155;148480
220398;Ivan;Nagaev;191;148551
229664;Filip;Valenčič;44;149469
261360;Noah;Mbamba;7;154216
272001;Boris;Sekulić;51;149391
241560;Iván;Ocampo;55;152523
253293;Brian;Ocampo;60;152195
275809;Antonio;Jakolis;10;149521
221310;Andrés Felipe;Roa;56;149973
237622;Nicolás;Roa;56;150248
227170;Juan Camilo;Roa;56;150511
237623;Santiago;Roa;56;150835
214163;Juan Daniel;Roa;56;149329
240061;Leonardo;Lázaro;56;149930
264288;Alexandre;Penetra Correia;38;153002
241059;João Renato;da Cunha;54;152238
230772;Leonardo;Gamalho de Souza;54;147301
275273;Panagiotis;Korbos;22;147160
232598;Daiki;Niwa;163;147287
208613;Stanley;Ohawuchi;133;148879
208928;Khaled;Al Zealaiy;183;147711
235897;Abdulmajeed;Al Mutairi;183;150866
210805;Abdullah Saud;Al Mutairi;183;147453
235608;Sultan;Al Mutairi;183;148623
235600;Bandar;Al Mutairi;183;148805
235896;Saho Mutlaq;Al Mutairi;183;148170
221174;Mislav;Oršić;10;149826
214807;Franz;Schultz;55;149298
205443;Soufian;Benyamina;21;148793
238563;Danilo;Wiebe;21;150274
238949;Firat;Sucsuz;48;151102
190017;Dalibor;Veselinović;51;147900
229360;Unai;Bilbao;45;150228
242077;Samuel;Arbelo Hernández;45;151134
221671;Lee;Jae-sung;167;149685
273548;Edimar;da Costa;54;152076
221572;Yago Felipe;da Costa;54;150592
230857;Nuno;da Costa;104;149138
275570;Igor Rabello;da Costa;54;150676
198312;Hermenegildo;da Costa;98;145246
176894;José Márcio;da Costa;54;146360
235493;Tareq;Abdullah;183;150807
238912;Salek;Abdullah;183;148542
191848;Waleed;Abdullah;183;147380
207431;Pablo;Insua Blanco;45;150080
211738;Mark;Flekken;34;149992
232293;Victor;Osimhen;133;152017
233960;Lukas;Mühl;21;151316
250941;Derrick;Köhn;21;152054
239364;Philipp;Köhn;47;151746
232558;Izuchukwu Jude;Anthony;133;151596
243669;Jaidon;Anthony;14;152354
262745;Neil;El Aynaoui;129;152933
267680;Abdul;Fatawu;117;153913
222540;Nikos;Vergos;22;150936
239894;Rominigue;Kouame;126;151275
198420;Majeed;Waris;117;149359
228917;Maki Madani;Tall;95;150861
209526;Sean;Kavanagh;25;150213
183765;Paddy;Kavanagh;25;147269
244309;Teddy;Teuma;32;150101
251752;Lucas;Chevalier;18;153060
215316;Gerónimo;Rulli;52;149603
273932;Gvidas;Gineitis;30;153951
245537;Emil;Ceide;36;152996
206546;Pablo;Iñiguez;45;150213
247185;Ante;Palaversa;10;152481
213404;Paweł;Dawidowicz;37;150698
229758;Rade;Krunić;8;150108
217193;Jorge;Corrales;73;149237
257319;Alan;Virginius;18;153483
200658;Okan;Kocuk;48;150766
259619;Jeyson;Chura;53;153149
253276;Rodrigo;Abascal;60;150207
260168;Mohamed;Bouchouari;7;152704
251948;Marouan;Azarkan;34;153092
237626;Yvan;Neyou;103;151292
204821;Youssef;Toutouh;13;149742
213871;Kasper;Junker;13;150257
257488;Jairo;Mungaray;83;152773
204007;Tom;Nichols;14;150068
182442;Mitch;Nichols;195;148488
205584;Michael;Ihiekwe;14;149787
212742;Giorgio;Rasulo;14;151312
221106;Ben;Gladwin;14;149622
176270;Yura;Movsisyan;3;147850
234950;Alfred;Ajdarević;1;151825
237328;Nathan;Tella;133;152205
187858;Paul-José;Mpoku;110;149572
196143;Dorlan;Pabón;56;148025
224150;Javier;Salas;83;150060
244205;Maximiliano;Salas;52;151624
271755;Kike;Salas;45;153228
268712;Youstin;Salas;72;151092
275800;Antonio;Salas;45;147180
240251;Luis;Salas;55;151743
226706;Felipe Augusto;Rodrigues Pires;54;150666
238473;Erhan;Mašović;51;151980
239127;Alejandro;Mayorga;83;151438
223968;Vaso;Vasic;51;148848
229260;Kevin;Bua;47;150051
189282;Ajay;Leitch-Smith;14;148797
225315;Dominic;Docherty;42;151431
224842;Greg;Docherty;42;151177
233627;Kerr;Waddell;42;151819
206082;Kyle;Callan-McFadden;25;150668
258291;Manuel;Llano;52;152257
226084;Ryan;Hardie;42;151365
245783;Paulo Vítor;Fagundes dos Anjos;54;148327
243235;Olivier;Mbaizo;103;151516
223615;Christian;Chimino;52;148041
229749;Alexander;Barboza;52;150633
149866;Maor;Melikson;26;146844
268883;Karel;Knejzlik;12;151220
228741;Ramiro;Ballivián;53;149561
273090;Luka;Uskoković;15;151024
221807;Pier;Grazziani;56;150419
50032;Vasilis;Kinalis;22;152131
242670;Toni;Domgjoni;219;151901
185033;Vanderson;Scarduelli;54;146811
211793;James;Donachie;195;149962
225993;Oliver;Sail;198;150936
211135;Mohammed;Attiyah;183;149629
227751;Jae Woo;Bae;167;149965
208417;Il Hwan;Bae;167;148203
211779;Cheon Seok;Bae;167;148849
208303;Seul Gi;Bae;167;147066
225144;Percy;Tau;140;150326
213326;Stanislav;Dragun;6;148157
211833;Toni;Lindenhahn;21;149051
220807;Max;O'Leary;25;151207
239691;Fabian;Eisele;21;150627
239499;Kai;Eisele;21;150734
239696;Florent;Muslija;219;151841
239724;Steffen;Puttkammer;21;148275
271130;Bogdan;Planic;51;149481
272954;Adnan;Dzafic;8;148862
217723;Nacereddine;Khoualed;97;147377
229604;Josef;Yarney;14;151570
234185;Jahmal;Hector-Ingram;14;151969
225511;Connal;Trueman;14;151009
237029;Sung Joon;Myung;167;151731
241488;Jon;Sillero Monreal;45;151798
241828;Luke;Offord;14;152342
242072;Seid;Zukic;8;150292
239951;Gonzalo;Asís;52;151011
227503;Jacob;Bruun Larsen;13;151916
208005;Kingsley;Michael;133;152257
233699;Evan;Murphy;25;152079
206083;Josh;Murphy;14;150613
241581;Alan;Murphy;25;151698
206085;Jacob;Murphy;14;150613
186154;Rhys;Murphy;25;149042
229173;Gökhan;Gül;21;151852
231946;Jae Min;Seo;167;151627
187279;Jung Jin;Seo;167;148616
237500;Dennis;Lippert;21;150974
212755;Jorrit;Hendrix;34;150595
246104;Ryan;Gravenberch;34;152886
234910;Vahid;Selimović;31;151382
234930;Pedro Miguel;Braga Rebocho;38;150581
208857;Frédéric;Bong;103;147844
251628;Adnan;Ugur;48;152929
219549;Richard-Quentin;Samnick;18;149851
255536;Niklas;Geyrhofer;4;152426
246457;Cyril;Ngonge;7;152531
214016;Hárrison;Mojica;56;149876
214026;Johan;Mojica;56;149696
230767;Renato;Sanches;38;151519
244603;Bećir;Omeragić;47;153135
271575;Simone;Pafundi;27;154649
190633;Henrik;Dalsgaard;13;148575
204346;Federico;Vico Villegas;45;150378
233588;Unai;Elgezabal;45;149943
251152;Marcos;Miers;58;148815
205498;Luiz Frello;Filho Jorge;27;149451
263929;Matteo;Cancellieri;27;153339
225101;Mattia;Vitale;27;151563
210670;Francesco;Fedato;27;149751
229276;Paolo;Bartolomei;27;148600
229368;Lino;Kasten;21;152767
240361;Ivan;De Santis;27;151430
236769;Eros;De Santis;27;151592
224774;Hakan;Çinemre;48;150238
233728;Mamadou;Doucouré;18;151795
208135;Abdoulaye;Doucouré;126;149829
242619;Cheick;Doucouré;126;152392
257078;Siriné;Doucouré;18;153213
240590;Khotso;Malope;140;150362
229683;Rodrigo Cunha;Pereira de Pinho;54;149247
232519;Glenn;Middleton;42;152384
211430;Harry;Middleton;14;150660
201433;Mikkel;Cramer;13;149487
223747;Stephen;Kingsley;42;150397
236783;Kasper;Lunding;13;152217
229770;Connor;Ellis;25;151421
237332;Alfie;May;14;150012
228584;Adam;May;14;151629
202526;Stevie;May;42;149770
230044;Mohamed;Maouche;18;149838
199627;Harry;Pell;14;149391
225280;Dimitar;Mitov;9;151311
237679;Randal;Kolo Muani;18;151993
202075;Kofi;Sarkodie;95;149178
273013;Mohammad Ali;Ahmadi;161;146350
237365;Karvan;Ahmadi;46;151874
191520;Rahman ;Ahmadi;161;145291
224715;Nikita;Chernov;40;150937
239798;Alexey;Chernov;40;151808
203516;Evgeniy;Chernov;40;149759
242865;Ismael;Govea;83;151340
221433;Omar;Govea;83;150941
234048;Eric;Ocansey;117;151523
239900;Dennis;Verwüster;4;151773
240099;Kevin;Rüegg;47;151871
261349;Luciano;Cingolani;52;152846
235855;Joel;Asoro;46;152136
227550;Diego;Viera;58;149217
273019;Gonzalo;Viera;60;147675
234476;Andreas;Albers;13;148814
214111;Sergio;Otálvaro;56;147615
237836;Juan Pablo;Otálvaro;56;151634
253150;Mike;Trésor;7;152167
228739;José;Peñarrieta;53;148323
228924;Gastón;Sirino;60;149150
272057;Ionuţ;Şerban;39;150175
275081;Roman;Begunov;6;149909
221961;Amaury;Torralvo;56;150205
258391;Matheus;Barcelos da Silva;54;151488
230599;Bruno;da Mota Miranda;54;150700
50055;Anastasios;Daskalakis;22;150684
226432;Leonardo Adelino;da Silva Lopes;38;151988
210016;Diego Hipólito;da Silva Lopes;54;150316
275236;Serafim;Giannikoglou;22;149912
275252;Georgios;Saramantas;22;149491
215788;Wesam Waheeb;Mudhaya;183;149554
238033;Florin;Nita;39;147820
217491;Mukuka;Mulenga;147;150015
220435;Nelson;Rebolledo;55;147224
228682;Raimundo;Rebolledo;55;151423
158956;Julio Alberto;Barroso;52;146922
212258;Saleh;Gomaa;111;150041
239625;Miguel;Quintanilla;83;151013
202915;Álex;Quintanilla;45;148915
242359;Jorge Filipe;Oliveira Fernandes;38;151381
239901;Saša;Kalajdžić;4;151477
242312;Abdulfatah;Adam;183;150559
275603;Willian;Klaus;54;150204
208776;Florian;Stritzel;21;150224
229554;Yobani;Ricardo;56;148744
222790;Alex;Santana;54;148681
268002;Alex;Santana;54;150691
270607;Raniel;Santana;54;151086
235813;Răzvan;Marin;39;151067
252313;Marius;Marin;39;151896
244267;Antonio;Marin;10;152759
239571;Tim;Handwerker;21;151793
203845;Lorenzo;Burnet;34;149108
272800;Jonathan;Dos Santos;60;149571
215969;Laurent;Dos Santos;18;149908
225563;João Pedro;Dos Santos;54;151243
224243;Dabney;Dos Santos;34;151126
252407;Thiago;Dos Santos;54;148615
270610;Hueglo;Dos Santos;54;149631
187852;Renan;Dos Santos;54;148505
243158;Leopold;Wahlstedt;46;152204
266172;Aventis;Aventisian;22;153344
237997;Uriel;Antuna;83;151522
236918;Anders;Dreyer;13;151776
213725;Lebogang;Phiri;140;150506
255450;Mehdi;Chahiri;18;151130
215380;Guido;Milan;52;147820
212608;Jérôme;Mombris;18;147967
234172;Barnabás;Bese;23;150319
235856;Yan;Marillat;18;150417
240258;Opa;Sanganté;136;149129
244970;Yohann;Magnin;18;151461
256216;Emmanuel;Longelo;14;152746
210617;Samuel;Castillejo Azuaga;45;150576
231280;Iván;Alejo Peralta;45;150599
250916;Etienne;Vaessen;34;150765
238446;Alberto;Rodríguez Baró;45;151542
189211;Saúl;Berjón Pérez;45;147415
229579;Andrea;Accardi;27;150769
205850;Leonardo;Pavoletti;27;148332
232445;Salvatore;Monaco;27;149690
251521;Niall;Huggins;50;152737
221203;Denny;Johnstone;42;150567
206075;Sam;Johnstone;14;149912
242516;Cody;Gakpo;34;152146
258191;Jetmir;Topalli;219;151842
243169;Yanis;Begraoui;18;152935
257318;Kays;Ruiz-Atil;18;153353
204729;Afonso Miguel;Castro Vilhena Taira;38;149631
204677;Oriol;Rosell Argerich;45;149651
225363;Rúben Barcelos;De Sousa Lameiras;38;150549
224394;Fábio;Santos Martins;38;150033
239972;Marco;Olivieri;27;152200
234667;Eliseu Mendja;Soares Cassamá;119;150230
256769;Adrien;Truffert;18;153074
178363;Johny;Placide;80;148030
224854;Lucas;Passerini;52;150390
237471;Dan;Pybus;14;151635
238177;Anthony;Hartigan;14;152411
183339;Jo Inge;Berget;36;148986
196580;Brou Benjamin;Angoua;108;147603
278584;Tianyi;Qiu;155;148398
238662;Tymoteusz;Puchacz;37;152042
272013;Martin;Koscelnik;43;150619
238270;August;Erlingmark;46;151766
240202;Kalle;Ekman;46;151756
193525;Mário;Figueira Fernandes;40;148994
234212;Yuriy;Bavin;40;150229
259356;Carney;Chukwuemeka;14;153773
190572;Laurens;De Bock;7;149774
247091;Andrés;Colorado;56;151989
206040;Bryan;Verboom;7;149492
235047;Jonathan;Menéndez;52;150257
240410;Nahuel;Menéndez;52;150257
215294;Cristian;Menéndez;52;148094
231244;Edson;Reséndez;83;150935
230819;Olamide;Shodipo;25;151475
243917;Joe;Gauci;195;152570
229900;Sandro;Lauper;47;151222
260930;Kiliann;Sildillia;18;153251
264690;Kelvin;Kalua;198;152210
183377;Jonatan Tollås;Nation;36;148914
200369;Ole Jørgen;Halvorsen;36;147911
201337;Torbjørn;Agdestein;36;149358
222472;Daniel;Granli;36;150314
225524;Sverre;Bjørkkjær;36;151117
50005;Damjan;Vuklisevic;44;150737
254254;Hamdi;Fathi;111;150194
239652;Mostafa;Fathi;111;150325
208497;Roi;Kehat;26;149595
275099;Vitaliy;Vernydub;49;147926
210958;Matheus;Vidotto;54;149928
214968;Federico;Mancuello;52;148452
243918;Diogo Alexandre;Almeida Mendes;38;151678
275527;Leonardo;Príncipe;54;151149
271811;Marko;Janković;15;150748
178604;Boško;Janković;51;146601
238902;Sami;Al Khaibari;183;148628
225600;Abdullah;Al Ammar;183;150253
241809;Turki;Al Ammar;183;152285
228625;Abdullah;Kano;183;148759
239833;Mohammed Sayed;Al Dhaw;141;150150
222702;Dong Gyu;Baek;167;149247
222560;Themba;Zwane;140;148582
171673;Rauno;Sappinen;208;150946
253124;Matheus;Nunes;38;151893
234645;Nathan;McGinley;14;151182
256850;Gabriel;Gabriel Pires;54;152161
216731;Karl;Bohm;46;150794
209364;Corey;Brown;195;150200
219259;Reece;Brown;14;150986
235587;Keyner;Brown;72;149462
213434;Jevani;Brown;82;150482
236650;Jacob;Brown;42;151754
236027;James;Brown;14;151666
203059;Reece;Brown;14;149402
208739;Lukáš;Masopust;12;149871
241984;Cory;Burke;82;149459
221456;Reece;Burke;14;151169
225632;Oliver;Burke;42;151386
240432;Peter;Burke;25;150986
226203;Joevin;Jones;93;149312
215301;Lloyd;Jones;14;150838
242434;Curtis;Jones;14;152780
210952;Craig;Jones;50;147715
212680;Jordan;Jones;35;150490
223916;Alex;Jones;14;150464
253055;Isaiah;Jones;14;152196
236315;Alfie;Jones;14;151569
237719;Sam;Jones;50;149358
260155;Patrick;Jones;50;153640
224447;Gethin;Jones;50;150844
227764;Jodi;Jones;14;151584
223969;James;Jones;42;150967
213313;Rémi;Walter;18;150674
215930;Tin;Jedvaj;10;150890
248003;Andrei;Burcă;39;149933
226229;Thilo;Kehrer;21;151188
262674;Emilio;Kehrer;21;153194
226686;Max;Christiansen;21;151192
277552;Tyler;Bindon;198;154238
209701;Joey;Pelupessy;34;149963
227617;Lamin;Jallow;116;150396
239740;Ablie;Jallow;116;151972
238286;Alexander;Jallow;46;151716
222165;Emil;Hansson;36;151990
198622;Hallur;Hansson;16;149652
265484;Dexter;Lembikisa;82;153788
234072;Anthony;Ralston;42;151974
239038;Romain;Basque;18;150739
277839;Nikola;Krstović;15;152480
238126;Jon;Guridi;45;150617
274616;Semih;Kılıçsoy;48;154438
204280;Cristian;Herrera Pérez;45;149169
258603;Julián;Navas;52;150162
193041;Keylor;Navas;72;147620
235312;Alfonso;Herrero Peinador;45;150304
264388;Alberto;Moleiro;45;153753
253442;Fabian;de Keijzer;34;152515
202179;Zeli;Ismail;14;150174
230573;Carlo;Pelagatti;27;148375
274330;Darhan;Çolpan;48;150983
194372;Ertuğrul;Taşkıran;48;148676
254065;Cesar;Menacho;53;152240
222858;Daniel;Stückler;13;151392
229436;Stefan;Gartenmann;13;151322
226924;Roman;Kerschbaum;4;150212
216774;Wesley;Hoedt;34;150258
204635;Sido;Jombati;38;147868
226057;Deklan;Wynne;198;150637
240353;Yefferson;Bedoya;56;150486
191173;Alejandro;Bedoya;95;147755
193473;Ludvig;Öhman;46;149379
212165;Sebastian;Ohlsson;46;149974
226781;Khiry;Shelton;95;150005
223637;Andy;Polo;59;150465
199752;Sylvester;Igboun;133;148953
233045;Iké;Ugbo;70;151918
239717;Oleg;Danchenko;49;150406
212024;Goran;Cvijanović;44;147523
264346;Darko;Lemajić;51;150060
264133;Hákon;Valdimarsson;24;153036
213095;Lucas;Cavallini;70;149825
237848;Edgar;Zaldívar;83;151214
214727;Ángel;Zaldívar;83;150232
215247;Marcus;Ingvartsen;13;150927
215517;Florian;Sittsam;4;150541
221768;Jan;Zwischenbrugger;4;148899
241168;Giorgi;Chakvetadze;20;152260
258412;Joël;Schmied;47;151920
220665;Gregory;Wüthrich;47;150531
240883;Julian;Tomas;21;152228
207828;Cole;Stockton;14;150265
212099;Sondre;Tronstad;36;150796
234207;John;Kitolano;36;152310
242531;Joshua;Kitolano;36;152965
235602;Joakim;Barstad;36;151664
235279;Mohammed;Rharsalla;129;150086
239635;Karol;Fila;37;151818
233029;Rodrigo;Aliendro;52;149144
236663;Ellery;Balcombe;14;152307
211567;Gilberto;Moraes Júnior;54;149894
180343;Aluisio;Moraes Júnior;54;147730
277027;Michal;Tomič;43;152108
189600;Josef;Husbauer;12;148807
272963;Zoran;Gajic;51;148870
242914;Keito;Nakamura;163;152594
232562;Kosuke;Nakamura;163;150616
235098;Krzysztof;Miroszka;37;151958
250805;Dirk;Abels;34;151453
236457;Dimitrios;Giannoulis;22;151214
173286;Kostas;Giannoulis;22;147979
181010;Leigh;Broxham;195;148014
190857;Steward;Ceus;80;147721
218362;Benjamin;Zé Ondo;115;147805
189530;Sílvio Manuel;Ferreira Sá Pereira;38;147907
211814;Matthias;Kühne;21;147906
273031;Ovidiu;Popescu;39;150251
258942;Octavian;Popescu;39;153476
205853;Stefan;Popescu;39;149953
268901;Mihai;Popescu;39;149955
242544;Andriy;Bogdanov;49;148753
239903;Tobias;Kraulich;21;152102
240740;Callum;Hudson-Odoi;14;152696
231861;Mason;Stajduhar;95;151625
241629;Rogério;Oliveira da Silva;54;151667
242055;Adam;Ståhl;46;150474
241689;Roberto;Massimo;21;152670
242177;Etilson;Martínez;56;152527
231478;Lautaro;Martínez;52;151523
243311;Josep;Martínez;45;151801
204525;Iñigo;Martínez;45;149234
253278;Enzo;Martínez;60;151773
205288;Fernando;Martínez;45;148893
260815;Arnau;Martínez;45;153595
248549;Jaziel;Martínez;83;152661
239301;Lisandro;Martínez;52;151672
254891;José Andrés;Martínez;61;150412
226542;Diego;Martínez;56;148700
255307;Braian;Martínez;52;152249
210788;Nicolás;Martínez;52;147904
263365;Alejandro;Martínez;52;151482
255268;Javier;Martínez;45;152375
214321;Gerson;Martínez;55;148377
227803;Emmanuel;Martínez;52;150348
214308;Ariel;Martínez;55;150203
212747;Tomás;Martínez;52;150624
224104;Damián;Martínez;52;148763
241569;David;Martínez;58;151675
219797;Roger;Martínez;56;150367
221293;Guillermo;Martínez;83;150632
239075;Carlos;Martínez;72;152108
207877;Josef;Martínez;61;149967
234154;Cristian;Martínez;87;151326
226377;Gonzalo;Martínez;52;149992
224463;Santiago;Martínez;60;149308
255340;Emiliano;Martínez;60;152248
243312;Pablo;Martínez;45;151707
214413;Sebastián;Martínez;55;150015
257706;Sebastián;Martínez;83;152756
253242;Adrián;Martínez;52;149651
214035;Jefferson;Martínez;56;150056
226798;Mauricio;Martínez;52;149879
253390;Douglas;Martínez;81;151445
256149;Hugo;Martínez;58;152502
234826;Antonio;Martínez;45;151470
260558;César;Martínez;61;149370
191745;Wálter;Martínez;81;149182
179687;José Joaquín;Martínez;83;147689
196070;Hans;Martínez;55;147640
191164;Fidel;Martínez;57;148778
246112;Näis;Djouahra;18;152346
204515;Stephen;Sama;21;149892
207523;Slobodan;Medojević;51;149056
208723;Julian;Schauerte;21;148094
242136;Nnamdi;Ofoborh;133;152330
216535;Jannik;Bandowski;21;150282
236792;Tomáš;Souček;12;150616
236939;Andersson;Ordóñez;57;150222
227840;Michael;Ordóñez;56;148785
238693;Martin;Röser;21;148957
238694;Lucas;Röser;21;150190
208459;Mitchell;Dijks;34;149868
228120;Kenneth;Paal;92;151464
240752;Over;Mandanda;18;151953
190792;Parfait;Mandanda;110;148650
235993;Reece;Fielding;14;151920
213242;Adrien;Tameze;18;150228
220609;Valentin;Vada;52;150989
263662;Hideyoshi;Arakaki;83;151656
207824;Thibaut;Vion;18;150173
212947;Jimmy;Cabot;18;150301
223448;Wilfried;Louisy-Daniel;18;147420
223898;Paul;Bernardoni;18;151397
240049;Thomas;Aupic;18;146961
204077;M'Baye;Niang;136;150546
260813;Giorgi;Kochorashvili;20;152199
208771;Garry;Buckley;25;150059
227935;Lloyd;Buckley;25;151169
242749;John;Buckley;14;152305
202881;Keith;Buckley;25;149631
214570;Stiven;Mendoza;56;149641
248561;Bryan;Mendoza;83;151540
258531;Renato;Mendoza;83;151120
207763;Alan;Mendoza;83;150099
265509;Víctor;Mendoza;57;150466
260590;Brian;Mendoza;61;152245
233918;José;Mendoza;81;148569
212623;Santiago;Mina Lorenzo;45;150899
188305;Aziz;Bouhaddouz;129;147725
212814;João; Mário;38;149847
257290;João; Mário;38;152387
231616;Emil;Riis Jakobsen;13;151829
259833;Jhilmar;Lora;59;152682
219726;Filippo;Lora;27;150153
225036;Ricardo;Steer;56;145969
192317;Jed;Steer;14;149729
228970;Francisco José;Sánchez Rodriguez;45;148771
229929;Herbert;Bockhorn;146;150589
234781;José Antonio;Martínez Gil;45;149871
237594;Lorenco;Šimić;10;151120
263413;Roko;Šimić;10;153733
228171;Christopher;Oikonomidis;195;150682
50150;Giannis;Oikonomidis;22;151657
264701;Arsen;Zakharyan;40;153626
220152;Yves;Baraye;136;149636
223166;Joel;Baraye;136;151294
236767;Edoardo;Soleri;27;151581
204246;Marcus;Bettinelli;14;149607
240053;Rayane;Aabid;18;149481
225956;David;Akintola;133;150936
260105;Radu;Drăgușin;39;153149
236535;Georgi;Tunjov;208;151726
270094;Robson;Alves Reis;54;152526
178414;Kees;Luijckx;34;147313
183517;Abu;Ogogo;14;148674
210639;Junior;Morias;82;150742
226352;Jack;Sowerby;14;150640
216377;Stefan;Kutschke;21;148309
200302;Graeme;Shinnie;42;149313
209761;Daniel;Steres;95;149047
219672;Alhaji;Gero;133;150111
221603;Ronald;Mukiibi;46;149356
237536;Dorukhan;Toköz;48;151065
230991;Fafà;Picault;95;149151
259913;Heorhii;Sudakov;49;153359
262088;Hákon Arnar;Haraldsson;24;153580
240554;Tryggvi Hrafn;Haraldsson;24;151197
221216;Denis;Kutin;40;150106
227690;Dmitriy;Stotskiy;40;148702
165012;Marek;Wasiluk;37;147790
225719;Kelechi;Iheanacho;133;151200
202754;Cornel;Râpă;39;148748
209439;Ádám;Gyurcsó;23;149162
210262;Michal;Piter-Bučko;43;147207
228729;Bruno;Valdez;58;149742
199641;Matz;Sels;7;149519
233965;Alessio;Castro-Montes;7;151426
231102;Ludovic;Blas;18;151654
239306;Jelle;Bataille;7;152159
240940;Roberto;de la Rosa;83;152388
221574;Wilfrido;de la Rosa;56;149866
181262;Marek;Suchý;12;148090
261532;Andrew;Teuten;60;151855
239268;Neftali;Manzambi;47;151402
211536;Mark;O'Hara;42;150904
194431;Mikkel;Kirkeskov;13;149345
206332;Gearóid;Morrissey;25;149418
206338;Danny;Morrissey;25;150175
232695;Franco;Sbuttoni;52;148493
242087;Hidemasa;Morita;163;150688
234941;Cameron;Pring;14;151676
191152;Márkó;Futács;23;148785
199179;Anselmo Ramon;Alves Erculano;54;148044
222147;Abzal;Beysebekov;165;149797
214457;Rodrigo;Riquelme;58;146693
252324;Rodrigo;Riquelme;45;152484
224137;Marcos;Riquelme;52;148519
276053;Michal;Ševčík;12;153340
247030;Petr;Ševčík;12;150317
240126;Wiseman;Meyiwa;140;152380
271013;Luka;Stor;44;151840
273104;Bakhtiar;Rahmani;161;149363
278065;Zhen;Ge;155;147810
279375;Wei;Ge;155;148619
278079;James;Chamanga;147;145112
209432;Luan;de Paiva;54;149044
241540;Thijmen;Goppel;34;151336
210327;Andreas;Gianniotis;22;149815
50000;Ilias;Gianniotis;22;151384
212451;Luís Augusto;Martins Rocha;38;150006
218648;Kostakis;Artymatas;11;149933
223126;Milos;Deletic;51;150114
275413;Thanasis;Papageorgiou;22;147765
209702;Mikkel;Agger;13;149768
218747;César;Pinares;55;149240
191107;Sony;Norde;80;148637
240245;Luis;Ureta;55;152086
229649;Gabriel;Suazo;55;151510
227806;Daniel;Barlaser;14;151307
216699;Gedion;Zelalem;95;151315
237021;Nasser;Al Awidan;183;151035
238359;Marcus Wendel;Valle da Silva;54;151529
240047;Patrick;Soko;103;151593
241390;Eljif;Elmas;19;152286
213949;Kwasi;Wriedt;117;150384
214701;Tomás;Asta-Buruaga;55;151208
222240;Xiang;Ji;155;148792
238652;Leo;Weinkauf;21;151112
229644;Tariq;Issa;14;151534
246385;Adi;Nalić;8;151624
245228;Florian;Krüger;21;152063
239370;Marius;Krüger;21;151961
221328;Elmo;Lieftink;34;150227
239350;Siriki;Dembélé;42;151174
231443;Ousmane;Dembélé;18;151424
246682;Karamoko;Dembélé;14;153533
243540;Mahamadou;Dembélé;18;152119
211591;Moussa;Dembélé;18;151117
238627;Malaly;Dembélé;18;151457
234741;Gustavo;Hamer;34;151464
192768;Kassim;Abdallah;214;147735
225945;Thiago;Maia Alencar;54;151371
270206;Mateo;Joseph;14;153772
211990;Odisseas;Vlachodimos;22;150309
209317;Panagiotis;Vlachodimos;22;149382
223288;Rafik;Boujedra;145;150036
225950;Marvin;Gakpa;18;150133
70865;Žan;Karničnik;44;150454
223947;Jonathan;Benteke;7;150676
214834;Mauricio;Viana;55;148532
229008;Adam;Wilk;37;151614
203859;Lucas;Aveldaño;52;147106
219708;Iñaki;Sáenz Arenzana;45;148121
270050;Mika;Biereth;34;153519
196916;Marlon;Pack;14;149181
220565;Gennaro;Tutino;27;151156
239331;Giorgi;Papunashvili;20;150803
219551;Conor;Shaughnessy;25;151105
185020;José María;Callejón Bueno;45;147678
271198;Medon;Berisha;1;153774
239281;Ardian;Berisha;46;151781
237321;Mërgim;Berisha;21;151785
221839;Valmir;Berisha;46;151081
232145;Bernard;Berisha;219;149394
201888;Veton;Berisha;36;150296
189296;Etrit;Berisha;1;148436
191783;Valon;Berisha;219;149866
205089;Mattia;Valoti;27;150077
220048;Simone;Scuffet;27;151075
204411;Rohan;Ince;14;149775
223926;Samuel;Bastien;7;151193
202515;Jesé;Rodríguez Ruíz;45;149885
230557;Alessio;Da Cruz;34;151307
204240;Baptiste;Reynet;18;149033
211464;Dejan;Meleg;51;150467
259961;Luciano;Ursino;53;148306
260340;Max;Svensson Río;45;153062
219812;Patrick;Ciurria;27;150598
263555;Aleksandar;Filipović;51;150547
240899;Jakov;Filipović;10;149753
208581;Zymer;Bytyqi;36;151178
238798;Enis;Bytyqi;219;151338
193458;Sérgio Filipe;da Silva Barge;38;146544
207412;Renan Bardini;Bressan;6;148309
210972;Javier;Manquillo Gaitán;45;150318
211095;Nicolai;Brock-Madsen;13;149837
205535;Troels;Kløve;13;149028
215938;Marc;Dal Hende;13;149042
207589;Malkolm;Nilsson;46;150043
223933;Gustaf;Nilsson;46;151432
210802;Joakim;Nilsson;46;150230
253138;Theocharis;Tsingaras;22;152617
216483;Tariqe;Fosu;117;150867
218659;Matt;Targett;14;150819
186531;Chance;Myers;95;147977
221587;Joe;Lolley;14;149700
269092;Nathan;Uiliam Fogaça;54;152179
213380;Kehinde;Fatai;133;148782
237214;Lalas;Abubakar;117;150551
231014;Asumah;Abubakar;38;151419
240750;Sharif;Mukhammad;149;148812
198648;Bibras;Natcho;26;148050
223458;Reziuan;Mirzov;40;150001
228763;Georgiy;Melkadze;40;151383
50186;Vasilis;Zogos;22;152229
209411;Dariusz;Trela;37;148706
235322;Paul;Pîrvulescu;39;148225
227174;Matty;Cash;37;151508
251155;Mohamed Réda;Halaïmia;97;151164
238053;Stallone;Limbombe;7;149182
205985;Isaac;Kiese Thelin;46;149638
266325;Jorge;Ruvalcaba;83;152954
258775;Luka;Sučić;10;153366
232294;Ryota;Morioka;163;149199
235796;Jorge Alberto;Durán;83;151348
247172;Jhon;Durán;56;153827
241101;Pascal;Petlach;4;152037
269952;Yvandro;Borges Sanches;31;153990
224426;Nicolas;Bürgy;47;150777
222109;Chris;Cadden;42;151186
228783;Ali;Lajami;183;151038
227362;Sigurd;Rosted;36;150396
253474;Niklas;Tauer;21;152798
236736;Colm;Deasy;25;151293
262042;Maxime;Estève;18;153261
230713;Abdulelah;Al Malki;183;150477
266335;Luca;Petraso;70;152552
232709;Damian;Batallini;52;151099
269698;Fanos;Katelaris;11;151162
156312;Maharan;Radi;26;145992
186890;Tsepo;Masilela;140;147031
224608;Huikang;Cai;155;148650
278909;Haojian;Cai;155;150855
216751;Diego;Bejarano;53;149333
220540;Danny;Bejarano;53;150196
214187;Carlos;Bejarano;112;146935
203725;Virgil;Misidjan;34;150033
238855;Virgil;Misidjan;34;150033
204420;Janek;Sternberg;21;149755
271429;Evgeni;Berezkin;6;151110
273029;Hen;Dilmoni;26;148494
204506;Mick;van Buren;34;149699
273109;Mohamad;Iranpourian;161;147170
252526;Darian;Males;47;152873
221795;José;do Nascimento;54;150320
197402;Anselmo;de Moraes;54;148418
203613;Gilberto;Oliveira Souza Jr.;54;148523
265748;Adrián;Butzke Benavides;45;152108
224846;Konstantinos;Kotsaris;22;151130
242000;Konstantinos;Mavropanos;22;151634
275206;Stratos;Svarnas;22;151604
162828;Brendon;Santalab;195;146062
236626;Johnny;Koutroumbis;195;151719
224962;Mohammed;Al Kuwaykibi;183;150529
235502;Luis Gustavo;Melere Silva;54;149166
229585;Miloš;Degenek;195;150311
260277;Dominik;Oroz;10;152687
223105;Nicolás;Oroz;52;150284
258937;Aimar;Oroz;45;153081
239385;Andrés;Jerez;55;151876
214860;Patricio;Jerez;55;147045
229472;Finn;Porath;21;151343
233397;Agyemang;Diawusie;21;151697
238702;Tom;Scheffel;21;150456
50082;Peter;Cögley;43;148225
236599;Samuel;Shashoua;14;152152
242198;Arian;Kabashi;46;151362
241940;Sofiane;Khayat;18;152144
219969;Alexandr;Vasyutin;40;150621
211812;Kevin;Goden;21;152072
253133;Adrian;Beck;21;151449
232668;Liam;Gordon;42;150949
231615;Kellan;Gordon;14;151648
242964;Anthony;Gordon;14;152805
255137;José;Cifuentes;57;152090
204922;Andreas;Leitner;4;150277
210366;Niklas;Lomb;21;150037
215417;Christian;Mathenia;21;149553
251289;Thomas;Keller;21;152236
256726;Marvin;Keller;47;153299
238736;Renat;Dadashov;5;152156
238570;Bum Keun;Song;167;151577
279559;Haiwang;Song;155;150609
221477;Seung Min;Song;167;149473
278897;Wenjie;Song;155;149112
279384;Chen;Song;155;148735
233581;Si Woo;Song;167;150068
221819;Boxuan;Song;155;148626
279500;Long;Song;155;148599
234848;George;Cox;14;151668
228111;Ronan;Curtis;25;151012
206167;Sanjin;Prcić;8;150152
209502;Michaël Jordan;Nkololo;110;149776
242395;Willy;Semedo;18;150310
276425;Luís;Semedo;38;153703
227928;Nélson;Semedo;38;150148
197040;Mechack;Jérôme;80;148843
252078;Samuel;Loric;18;152571
227547;Dylan;Saint-Louis;107;150674
236914; Alejandro;Martín;45;151679
224151;Henry;Martín;83;149785
246928;Iván;Martín;45;152064
236295;Aarón;Martín;45;151401
191055;Dídac;Vilà Roselló;45;148527
204278;David Simón;Rodríguez Santana;45;148732
206225;Denis;Cheryshev;40;149092
236950;Gustavo;Quezada;57;151385
243314;Luis Miguel;Quezada;207;150965
194219;Aridane Jesús;Santana Cabrera;45;147726
214942;Héctor;Hernández Marrero;45;150815
215177;Francisco;Cerro;52;148041
268334;Mateusz;Cholewiak;37;148768
235296;José Manuel;Martínez Bel;45;149547
209258;Raheem;Hanley;14;150276
265693;Jakub;Kiwior;37;152430
207650;Emil;Krafth;46;150407
219469;Stipe;Perica;10;150746
213884;Ryan;Christie;42;150601
200778;Cyrus;Christie;25;149736
241157;Théo;Sainte-Luce;18;151947
235379;Emanuele;Ndoj;1;151248
237916;Will;Smallbone;25;152436
251168;Nihad;Mujakić;8;151759
252191;Jesús;Garza;83;152542
204904;Moritz;Bauer;4;149487
245347;Maximilian;Bauer;21;152424
223765;Robert;Bauer;21;150657
204496;Patrick;Bauer;21;149764
207494;Jesse;Lingard;14;149812
261971;Joao;Grimaldo;59;153531
210035;Alejandro;Grimaldo;45;150821
199002;Mustafa;Amini;195;149938
252580;Paul;Mukairu;133;152402
231595;Damien;McNulty;35;149138
223104;Marc;McNulty;42;149720
177971;Jim;McNulty;42;146950
214704;Cristián;Guerra;55;150414
239936;Nicolás;Guerra;55;152028
266436;Javier;Guerra;45;153613
241462;Ramiro;Guerra;60;151369
196874;Alejandro;Guerra;61;147096
222836;Ryan;Ledson;14;151520
227446;Kevin;van Veen;34;149249
231107;Alfie;Kilgour;14;151792
207528;Ross;Fitzsimons;25;150341
223941;David;Tutonda;110;150842
190396;Soni;Mustivar;80;148775
220028;Sam;Adekugbe;70;150574
233058;Amaro;Bahtijar;46;151892
236436;Adin;Bukva;46;151665
239278;Jonathan;Svedberg;46;152100
195010;Yaroslav;Godzyur;49;146971
235564;Guram;Adzhoev;40;150616
176210;Jacek;Kiełb;37;148011
188924;Tadeusz;Socha;37;148047
226012;Ryan;Manning;25;151089
240154;Ronan;Manning;25;152520
213482;Nika;Kacharava;20;150206
243516;Aurélien;Nguiamba;18;152037
231576;Diego;Zamora;53;150083
239630;Iván;Zamora;83;150934
240108;Carlos;Zamora;83;150937
272484;Álvaro;Zamora;72;153183
204227;Zinho;Gano;7;150114
207460;Martin;Ovenstad;36;150301
211618;Dominik;Starkl;4;150138
228092;Sander;Berge;36;151703
239708;Marko;Raguž;4;151815
224348;Lucas;Hoyos;52;148486
204787;Carl;McHugh;25;149864
214774;Jorge;Valdez Chamorro;52;150339
217201;Enrique;Triverio;52;148367
172091;Gaspar;Triverio;81;150564
279159;Fan;Yi;155;149530
201026;Teng;Yi;155;148785
204138;Ruben;Ligeon;34;149607
217520;Seydouba;Soumah;118;149259
226040;Juan Carlos;Zampiery;53;148638
235439;Ryan;Moon;140;151182
229694;Seon Min;Moon;167;149623
237097;Jeong In;Moon;167;151729
208076;Sang Yun;Moon;167;149106
232056;Jun Ho;Moon;167;150021
273335;Onisiforos;Rousias;11;149659
275025;Coşqun;Diniyev;5;150814
275842;Volodymyr;Polyovy;49;147115
268524;Tamkin;Khalilzade;5;150046
214201;Cleider;Alzáte;56;148037
245841;João Carlos;Cardoso Santo;54;150618
262334;Dirk;Proper;34;153170
204426;Jacob;Melling;195;150652
212753;Stefan;Mauk;195;150843
202401;Anderson Patric;Aguiar Oliveira;54;147935
225060;Motaz;Hawsawi;183;149510
240330;Hamad;Hawsawi;183;151386
259128;Sanousi;Hawsawi;183;151759
208914;Omar;Hawsawi;183;147176
270331;Zakaria;Hawsawi;183;152762
238918;Omar Ibrahim;Hawsawi;183;150039
221658;Ahmed;Sharahili;183;150321
229800;Riyadh;Sharahili;183;149946
225081;Muteb;Sharahili;183;149512
208929;Shaya Ali;Sharahili;183;148882
208958;Khaled;Sharahili;183;148035
209027;Ahmed Ali;Al Kassar;183;149225
210925;Saqer;Otayf;183;148978
210926;Abdullah;Otayf;183;149678
235709;Hussain Ali;Al Jasim;183;150418
235712;Hussain;Al Radhi;183;150312
218358;Yves;Bitséki;115;146288
230057;Ramón;Sáez;55;151099
224395;Bentley Baxter;Bahn;21;149703
234417;Ioannis;Karsanidis;22;150004
238678;Kai;Gehring;21;148044
238974;Tarek;Chahed;21;151098
239659;Luibert;Barros;56;149829
236376;Dylan;Parkin;14;151969
240236;Luke;Russe;14;152219
210004;Benedikt;Saller;21;149728
220197;Kean;Bryan;14;151229
275978;Petar;Ratkov;51;153710
210488;Peter;van Ooijen;34;149509
235320;Bjørn;Johnsen;36;149407
237502;Dennis;Johnsen;36;151702
240602;Boyd;Derksen;34;151873
251076;Adrian;Șut;39;152139
258885;Luiz; Júnior;54;152764
231848;Quentin;Boisgard;18;151365
205070;Cristian;Portugues Manzanera;45;149604
211706;Pere;Pons Riera;45;149879
214944;Gerard;Gumbau;45;150545
217940;Dakonam;Djené;144;149462
220132;Joseba;Zaldúa Bengoetxea;45;149638
222870;George;Cooper;14;151227
248688;Oliver;Cooper;50;152367
213023;Brandon;Cooper;50;152398
215163;Armando;Cooper;87;147966
240987;Michael;Cooper;14;152300
228239;Charlie;Cooper;14;151410
216481;Jake;Cooper;14;150592
238756;Jørgen;Strand Larsen;36;152421
240453;Sikou;Niakaté;126;152210
223064;Fabián;Noguera;52;149907
264663;Javier;Uzeda;53;153327
207485;Vitor Samuel;Vitinho;54;152863
244915;Mohammed;Salisu;117;152126
188541;Pasquale;Schiattarella;27;147786
225201;Alejandro;Berenguer;45;150743
205687;Giuseppe;De Luca;27;149381
242161;Manuel;De Luca;27;151852
234407;Ozan;Kabak;48;152469
211322;Joel;Untersee;47;150235
211325;Andrea;Schiavone;27;149884
263690;Eros;Mancuso;52;152126
224508;Leonardo;Mancuso;27;149609
240519;Alessio;Militari;27;152034
204485;Riyad;Mahrez;97;149149
189595;Mehmet;Ekici;48;148816
230918;Trevoh;Chalobah;14;152205
205897;Nathaniel;Chalobah;14;150539
240671;Mert;Çetin;48;151290
182632;Rúben Tiago;Rodrigues Ribeiro;38;147849
259872;Ignacio;De Arruabarrena;60;151305
226702;Robin;Maulun;18;151251
268618;Lynnt;Audoor;7;153766
234426;Marcos;Marcão;54;151080
230875;Carlos;Neva;45;151087
262430;Francisco;Ribeiro Tomé;38;150879
183499;Yaw;Amankwah;36;148190
201304;Bashkim;Kadrii;13;149287
222328;Jonas;Bager;13;151123
215139;Emanuel;Olivera;52;148824
240716;Mathías;Olivera;60;151593
236382;Maximiliano;Olivera;60;149527
258819;Cristian;Olivera;60;153222
240805;Wai-Tsun;Dai;158;152224
182412;Lin;Dai;155;147968
197883;Paris;Cowan-Hall;14;149010
199499;Piero;Mingoia;14;149390
246090;Iván;Acero;83;152567
239552;Maxime;Biamou;18;149049
214164;Norbey;Salazar;56;147950
226228;Freddy;Salazar;56;150649
232014;Michael;Salazar;67;149782
226549;David;Salazar;55;152128
224459;Víctor;Salazar;52;149974
260550;Carlos;Salazar;61;145312
231713;Kevin;Salazar;56;150963
241122;Pablo;Salazar;52;152511
225434;Sebastián;Salazar;56;150831
175106;Aarón;Salazar;72;152154
178773;Nikolay;Dimitrov;9;147924
187589;Adlan;Katsaev;40;148052
270387;Halid;Šabanović;8;152253
189569;Radek;Dejmek;12;148034
251854;Pedro;González López;45;153444
224300;Hubert;Matynia;37;150866
227217;Kamil;Mazek;37;150396
259583;Destiny;Udogie;27;153447
201841;Noë;Dussenne;7;149560
205518;Yohan;Croizet;18;149508
212541;Leonel;Vangioni;52;147761
239432;Adrian;Grbic;4;151140
261312;Louis;Patris;7;152908
213954;Anton;Mitryushkin;40;150962
233917;Dereck;Kutesa;47;151629
263647;Giorgio;Altare;27;151875
220676;Vegard;Bergan;36;150609
221632;Simen;Kind Mikalsen;36;149952
228845;Helge Valvatne;Sandvik;36;148768
239960;Tore André;Sørås;36;151823
236380;Mark;Hannon;25;151692
217821;Henrique;Silva Milagres;54;150308
268802;Fabio;Miretti;27;153756
210403;Diamantis;Chouchoumis;22;150391
263075;Junior;Mansoni;7;151078
216281;Mateo;Sušić;8;149054
252926;João Pedro;Araújo Correia;104;151172
220171;Wanderson;Cristaldo Farias;54;148003
271504;Mahir;Madatov;5;151471
263139;Dominik;Greif;43;151385
255125;Azzedine;Ounahi;129;152494
276646;Robin;Hranáč;12;152413
206650;Rafael;Robayo;56;146655
214463;Wilson;Morelo;56;147777
207451;Henri;Anier;208;149083
135475;Felipe Melo;de Carvalho;54;146352
260121;André;Fonseca Amaro;38;153340
207912;Valeriu;Ciupercă;33;149626
264235;Gaultiér;Overman;34;152704
230850;Gojko;Cimirot;8;149816
225756;George;Blackwood;195;151444
210806;Wesam Saleh;Suwayyid;183;147969
216230;Mawouna;Amevor;144;149447
218209;Taha;Khenissi;145;149468
187441;Jugurtha;Hamroun;97;148394
214299;Rafael;Caroca;55;148567
236631;Matias;Caroca;55;151002
184148;Jo;Coppens;7;149087
191237;Juan José;Ciércoles Sagra;45;148149
229163;Callum;Slattery;14;152058
233510;Tahith;Chong;34;152357
205972;Rubén;Bentancourt;60;149889
238885;Matheus Aias;Barrozo Rodrigues;54;151288
236917;Johnny Per;Buduson;36;149349
240948;Calum;Ferrie;14;151821
242332;Gianluca;Busio;95;153263
241512;Ilay;Elmkies;26;152454
204388;Andreas;Wiegel;21;149299
211856;Kevin;Akpoguma;133;150667
239319;Alex;Bradley;14;152046
264298;Conor;Bradley;35;153670
203749;Sonny;Bradley;14;149353
207531;Stefan;Thesker;21;149198
264863;Heriberto;Jurado;83;154214
235124;Sebastián;Jurado;83;151560
219764;Diego;Gonçalves;54;150396
268054;Raul;Gonçalves;54;151116
226829;Fábio;Gonçalves;54;147594
224292;Michael;Gonçalves;47;150627
271738;Ítalo;Gonçalves;54;153164
211398;Marc-Aurèle;Caillard;18;150325
216451;Jean Michaël;Seri;108;149297
233605;Pedro;Guilherme;54;151460
227877;Roli;Pereira de Sa;18;151268
205388;Ogou Edmond;Akichi;108;148846
238843;Tom;Lebeau;18;151858
251107;Adrien;Lebeau;18;152208
240941;Lenny;Pintor;18;152602
252489;Marco;Kana;7;153335
206440;Marvin;Baudry;107;148758
260162;Mario;Stroeykens;7;154118
243686;Francisco Leonel;Lima Silva Machado;38;150758
189358;Shinji;Kagawa;163;148443
231240;Emre;Mor;48;151494
230737;Tobias;Lauritsen;36;151500
225948;Rasmus;Lauritsen;13;150981
245563;Theo;Bair;70;152258
205158;Guillermo;Fernández Hierro;45;149971
216605;Carlos;Akapo Martínez;112;149899
233113;Carles;Aleñà;45;151659
225410;Adam;Masina;129;150195
200741;Tyias;Browning;14;150340
220847;Mathieu;Maertens;7;150644
225473;Giovanni;Sbrissa;27;151192
226259;Lorenzo;Andrenacci;27;150560
257270;Timothée;Pembélé;18;153367
189263;Tunay;Torun;48;148843
197081;Adrien;Regattin;129;149331
274350;Eren;Çakır;48;153894
226300;Uğurcan;Çakır;48;151019
206571;Marcus;Maddison;14;150097
220697;James;Maddison;14;151251
233169;Miki;Yamane;163;150184
223061;Franco;Cervi;52;150339
224890;Miguel Filipe;Nunes Cardoso;38;150363
239781;Tobias;Arndal;13;151533
224769;Tom;Doyle;198;149644
228926;Jack;Doyle;14;151322
236742;Mark;Doyle;25;151977
234375;Paul;Doyle;25;151754
263390;Callum;Doyle;14;153756
254120;Tommy;Doyle;14;153040
187761;Eoin;Doyle;25;148073
202465;Richie;Towell;25;149295
215412;Callum;Elder;195;150585
226102;Chey;Dunkley;14;149506
208963;Jordan;Sinnott;14;150238
256156;Rodrigo;Morínigo;58;151934
221713;Daniel;Lovitz;95;149336
235236;Issam;Jebali;145;149456
239377;Szabolcs;Schön;23;152655
201165;Sergey;Bryzgalov;40;149782
222265;Elmir;Nabiullin;40;150625
222510;Ilya;Pomazun;40;151152
235775;Mikhail;Kostyukov;40;149318
259191;Mousa;Al-Tamari;164;151450
256518;Dylan;Ouédraogo;101;151857
204689;Issiaka;Ouédraogo;101;148233
257876;Nicolas;Seiwald;4;152874
264201;Abdelkahar;Kadri;97;152560
229659;Bryan;Heynen;7;151326
263230;Milutin;Osmajić;15;152225
239675;Ramin;Rezaeian;161;148812
216814;Salih;Uçan;48;150199
230691;Michael;Kempter;181;150570
252448;Jamie;Leweling;21;152807
240677;Martin S;Ellingsen;36;150682
210046;Kieran;Sadlier;25;150450
237344;Jamie;Hollywood;25;151470
274947;Marco;Pellegrino;52;153314
263229;Mateo;Pellegrino;52;153045
224874;Amahl;Pellegrino;36;148901
215199;Rubén;Botta;52;148762
216706;Franco;Mussis;52;149572
233292;Miguel;Barbieri;52;150064
256383;Sebastian;Tounekti;145;153309
260661;Kevin;Lomónaco;52;153123
235946;Sebastián;Lomónaco;52;151914
258334;Miroslav;Káčer;43;150226
171524;Omer;Damari;26;148422
184336;Myong-Jin;Koh;167;148010
188044;Alan Douglas;Borges de Carvalho;54;148558
271494;Joel;Persson;46;153495
262216;Noah;Persson;46;153677
225140;Sibusiso;Khumalo;140;148586
232023;Akseli;Pelvas;17;148892
279545;Tianyu;Guo;155;152083
278136;Hao;Guo;155;149842
270500;Nenad;Erić;165;145956
271442;Ilia;Kubyshkin;40;150935
271540;Dmytro;Nagiev;49;150889
273130;Peyman;Keshavarz;161;150986
278920;Ya'nan;Xue;155;148888
264512;Janio;Posito;59;148650
206413;Taras;Stepanenko;49;148587
241528;Livio;Milts;7;151566
234503;Michalis;Manias;22;148783
50026;Nikolaos;Manias;22;152242
208222;Manolis;Bertos;22;148500
209177;Tawfiq;Bu Haymid;183;147938
220926;Ahmed;Al Turki;183;150332
221648;Yaseen Omar;Barnawi;183;150102
238354;Chang Rae;Ha;167;150482
180267;Tae Goon;Ha;167;147942
176301;Dae Sung;Ha;167;146967
217394;Bauyrzhan;Dzholchiev;165;148860
214411;Nicolás;Maturana;55;150017
50315;Klinton;Noka;22;150972
194078;Selçuk;Alibaz;21;148704
211827;Philipp;Klewin;21;150101
212624;Daniel;Bohl;21;150353
239451;Kévin;Appin;18;151674
227984;Erling Flotve;Myklebust;36;151072
253170;Attila;Szalai;23;151674
206511;Maximilian;Arnold;21;150340
228874;Remo;Arnold;47;151306
216466;Wendell;Nascimento Borges;54;150029
221797;Erik;Thommy;21;150425
227732;Anastasios;Donis;22;151165
232401;Justin Tokishi;Kinjo;163;151342
234279;Calogero;Rizzuto;21;149467
209378;Bart;van Hintum;34;147652
229711;Célestin;Djim;7;150692
212886;Wylan;Cyprien;18;150586
224504;Israel;Poblete;55;150731
221250;Gerónimo;Poblete;52;149830
269947;Kevin;Spadanuda;47;151305
260653;Brooke;Norton-Cuffy;14;153857
228006;Roberto;Moreira;58;147792
225880;Jorge;Moreira;58;148764
212401;Steven;Moreira;18;150418
216805;Leonel;Moreira;72;148824
206482;Walisson;Moreira;54;149330
224953;André Campos;Moreira;38;150894
229867;Vinícius;Moreira;54;151086
224198;Karim;Hafez;111;150995
270885;Mor;Ndiaye;136;152710
237179;Cherif;Ndiaye;136;150946
221000;Papa Alioune;Ndiaye;136;149032
233895;Youssouf;Ndiaye;18;150850
261188;Iliman;Ndiaye;136;152450
233631;Amath;Ndiaye;136;151121
261145;Dario;Špikić;10;152100
259422;Nicolás;Serrano;45;153544
220253;Munir;El Haddadi;129;150802
222919;Rafael;Diaz;95;149378
224050;Gabriel;Diaz;56;150951
206545;Manuel;Trigueros;45;149387
204676;Luís Gustavo;Evangelista Santos;38;149734
216701;Hernán;Menosse;60;147754
228515;Karlo;Lulić;10;151054
188427;Senad;Lulić;8;147289
194203;Nenad;Tomović;51;147878
200981;Nicolao;Dumitru;27;149382
210879;Aljaž;Struna;44;148948
251445;Samuel;Lino;54;152376
254151;Daniel;Lino;53;153164
274246;Lewis;Miley;14;154697
237988;Teruki;Hara;163;151865
244089;Taichi;Hara;163;152144
223709;Ali Şaşal;Vural;48;148923
186651;Güray;Vural;48;148164
264000;Furkan;Bayır;48;152424
230685;Emre;Akbaba;48;149740
252371;Jude;Bellingham;14;153660
270964;Jobe;Bellingham;14;154477
239875;Roberto Jesus;Machado Beto Alves;54;148733
216273;Joni;Kauko;17;148925
239983;Valance;Nambishi;147;151623
224108;Viv;Solomon-Otabor;133;150925
245218;Jérémy;Guillemenot;47;151660
216265;Uche;Ikpeazu;146;150617
265600;Roony;Bardghji;46;154530
201940;Zac;MacMath;95;149316
208299;Maxim;Belyaev;40;149370
216335;Yuriy;Gazinskiy;40;148568
228513;Matija;Boben;44;150250
234857;Ivan;Oblyakov;40;151840
211362;Adam;Dźwigała;37;150826
222329;Mateusz;Wdowiak;37;151164
234882;Marcin;Warcholak;37;148587
263908;Bradley;Locko;18;153241
239680;Pasquale;Mazzocchi;27;150766
262880;Raphael;Onyedika;133;152859
266448;Amourrichio;Van Axel Dongen;34;154118
227870;André;Sødlund;36;151280
235904;Ernest;Agyiri;117;151719
259259;Santiago;Mele;60;151538
251575;Allahyar;Sayyadmanesh;161;152930
264330;Christos;Zafeiris;36;153534
278068;Dehai;Zou;155;149886
182122;Zheng;Zou;155;148039
210648;Ahmed;Hegazi;111;149122
270864;Nachon;Nsingi;7;152864
211338;Alejandro;Chumacero;53;149209
212618;Fernando;Aristeguieta;61;149562
207413;Maksim;Volodjko;6;149777
242948;Matěj;Kovář;12;152522
273364;Yevgen;Opanasenko;49;148969
240116;Lucas;de Souza Ventura;54;151793
178259;Ayodele;Adeleye;133;148361
214130;Juan;Leyton;56;148977
229465;Sebastián;Leyton;55;149931
215067;Daniel;Rosero Valencia;56;150107
269489;Fábio Ronaldo;Costa Conceição;38;152868
237039;Lazaros;Lambrou;22;151642
275479;Thodoros;Venetikidis;22;152801
213280;Connor;Pain;195;150143
228889;Jake;McGing;195;150335
213007;Abdul Fatah;Aseri;183;150250
207811;Reum;Yeo;167;148540
237999;Bong Hun;Yeo;167;150266
176645;Zdenek;Zlámal;12;147215
222226;Vasil;Bozhikov;9;148155
217930;Dové;Womé;144;149256
218507;Taron;Voskanyan;3;149881
211850;Manfred;Starke;131;149149
229277;Jonas;Föhrenbach;21;150949
238596;Dennis;Brock;21;150616
239775;Fabian;Senninger;21;150948
268203;Ayrton;de Medeiros;54;151459
224949;Javairô;Dilrosun;34;151827
229893;Ryan;Gondoh;14;151446
241810;Juan;Brandáriz Movilla;45;152080
241696;Hernán;De la Fuente;52;151296
