assetid;balltype;teamcolor1g;teamcolor1r;teamcolor2b;teamcolor2r;teamcolor3r;teamcolor1b;latitude;teamcolor3g;teamcolor2g;teamname;adboardid;teamcolor3b;defmentality;powid;rightfreekicktakerid;physioid_secondary;domesticprestige;genericint2;jerseytype;rivalteam;midfieldrating;matchdayoverallrating;matchdaymidfieldrating;attackrating;physioid_primary;longitude;buspassing;matchdaydefenserating;defenserating;defteamwidth;longkicktakerid;bodytypeid;trait1;busdribbling;rightcornerkicktakerid;suitvariationid;defaggression;ethnicity;leftcornerkicktakerid;teamid;fancrowdhairskintexturecode;suittypeid;numtransfersin;captainid;personalityid;leftfreekicktakerid;genericbanner;buspositioning;stafftracksuitcolorcode;ccpositioning;busbuildupspeed;transferbudget;ccshooting;overallrating;ccpassing;utcoffset;penaltytakerid;freekicktakerid;defdefenderline;internationalprestige;form;genericint1;cccrossing;matchdayattackrating
1;241;1;204;255;255;204;1;51;1;255;Arsenal FC;2;1;67;-1;222665;2;19;-1;2;18;82;83;83;84;1;0;30;82;81;33;222665;0;734;47;222665;1;53;2;222665;1;0;0;0;222665;0;222665;0;0;0;1;29;77000000;41;82;33;0;222665;222665;0;18;0;-1;53;85
2;41;24;97;211;153;97;53;52;24;177;Aston Villa FC;3;53;49;-1;200458;2;15;-1;2;109;73;73;74;73;1;-1;39;72;73;49;200458;2;132;26;227174;1;31;2;227174;2;0;2;0;221697;0;200458;0;0;0;0;37;40000000;47;73;37;0;221697;200458;0;15;0;-1;77;74
3;41;76;1;255;255;1;182;53;76;255;Blackburn Rovers FC;3;202;46;-1;238196;2;11;-1;2;1796;68;68;68;68;1;-2;50;67;67;32;238196;1;320;50;238196;1;33;2;238196;3;0;0;0;238196;0;238196;0;0;0;0;52;10000000;32;68;33;0;238196;238196;0;12;0;-1;79;68
4;41;255;255;63;8;255;255;53;255;21;Bolton Wanderers;3;255;76;-1;221705;2;11;-1;2;4;68;69;69;65;1;-2;73;69;68;43;221705;1;72;33;244559;0;73;2;244559;4;0;2;0;165736;1;221705;0;0;0;0;70;2500000;76;68;69;0;165736;221705;0;9;0;-1;73;62
5;241;61;1;255;255;1;149;51;61;255;Chelsea FC;2;169;67;-1;247090;2;20;-1;2;1;84;83;83;85;1;0;38;82;83;51;247090;0;478;51;247090;1;51;5;247090;5;0;0;0;257534;1;247090;0;1;0;0;36;85000000;41;84;31;0;257534;247090;0;20;0;-1;41;84
7;241;54;1;255;255;1;156;53;54;255;Everton FC;2;156;67;-1;243282;2;15;-1;2;9;80;79;79;80;1;-2;40;76;77;51;243282;2;42;26;243282;0;51;2;243282;7;0;1;0;202695;0;243282;0;0;0;0;36;35000000;41;80;31;0;202695;243282;0;16;0;-1;41;80
8;41;255;255;134;46;235;255;53;225;67;Leeds United FC;3;1;43;-1;247249;2;11;-1;1;1939;72;70;70;72;1;-1;52;71;72;44;247249;0;16;43;244591;0;39;2;244591;8;0;0;0;247249;0;247249;0;0;0;0;51;18000000;44;71;39;0;247249;247249;0;11;0;-1;43;69
9;241;1;204;255;255;214;1;53;1;255;Liverpool FC;2;1;67;-1;236772;2;18;-1;1;11;81;81;81;84;1;-2;53;79;79;66;236772;1;478;77;216267;1;66;2;216267;9;0;2;0;203376;1;236772;0;0;0;1;49;85000000;45;81;50;-6;209331;236772;0;18;0;-1;56;85
10;241;177;133;255;255;133;222;53;177;255;Manchester City FC;2;232;60;-1;237692;2;19;-1;2;11;87;84;87;85;1;-8;28;82;82;66;237692;0;1005;50;218667;0;52;5;218667;10;0;1;0;239085;1;237692;0;1;0;1;30;85000000;33;84;37;0;239085;237692;0;19;0;-1;36;84
11;241;14;226;255;255;1;14;53;1;255;Manchester United FC;2;1;66;-1;212198;2;20;-1;2;9;84;84;84;86;1;-2;49;81;81;52;212198;1;292;53;212198;1;52;5;212198;11;0;0;0;212198;1;212198;0;0;0;1;50;85000000;31;84;36;0;212198;212198;0;20;0;-1;62;87
12;41;25;224;255;255;235;34;54;25;255;Middlesbrough FC;3;34;26;-1;227806;2;11;-1;2;13;71;70;70;71;1;-1;70;70;71;27;227806;1;50;73;260842;1;32;2;260842;12;0;2;0;253054;1;227806;0;0;0;1;66;9000000;73;71;73;0;253054;227806;0;10;0;-1;57;69
13;241;1;1;255;255;1;1;54;1;255;Newcastle United FC;2;1;46;-1;186345;2;16;-1;1;106;75;75;75;76;1;-1;49;76;75;41;186345;2;478;60;186345;1;56;4;186345;13;0;0;0;186345;0;186345;0;0;0;0;53;80000000;41;75;56;0;186345;186345;0;16;0;-1;60;75
14;41;36;221;255;255;210;33;52;36;255;Nottingham Forest FC;3;33;43;-1;236015;2;11;-1;2;91;71;70;70;70;1;-1;36;69;70;46;236015;1;252;53;236015;0;67;4;236015;14;0;0;0;236015;0;236015;0;0;0;1;38;27000000;53;71;33;0;230978;236015;0;10;0;-1;53;69
15;41;66;32;255;255;32;151;51;66;255;Queens Park Rangers FC;3;171;45;-1;238490;2;11;-1;2;144;72;70;72;66;1;0;53;70;68;60;228120;0;324;33;228120;1;49;2;238490;15;0;0;0;208159;1;238490;0;0;0;0;51;8000000;60;69;49;0;238490;238490;1;12;0;-1;63;66
17;241;1;221;255;255;221;1;50;1;255;Southampton FC;2;1;68;-1;226012;2;13;-1;1;1790;77;78;79;78;1;-1;40;77;77;39;226012;0;202;44;226012;1;59;4;226012;17;0;2;0;221841;0;226012;0;0;0;0;39;16000000;39;77;39;0;221841;226012;0;14;0;-1;39;78
18;241;255;255;88;1;255;255;51;255;26;Tottenham Hotspur FC;2;255;68;-1;220697;2;17;-1;1;1;83;83;83;85;1;0;38;82;82;63;220697;1;732;23;220697;1;63;4;220697;18;0;0;0;220697;0;220697;0;0;0;0;38;72000000;33;83;33;0;220697;220697;0;17;0;-1;33;85
19;241;43;114;249;105;114;69;51;43;183;West Ham United FC;2;69;47;-1;205569;2;14;-1;2;97;79;77;78;79;1;0;51;76;77;53;205569;1;1020;38;224371;0;44;2;224371;19;0;0;0;224371;0;205569;0;0;0;0;51;45000000;53;78;44;0;233927;205569;0;14;0;-1;78;79
21;37;5;220;255;255;203;45;48;48;255;FC Bayern München;18;66;75;-1;209889;2;20;-1;1;22;85;86;86;88;1;11;30;86;85;32;209889;1;644;51;212622;0;62;2;212622;21;0;0;0;202126;0;209889;0;0;0;1;35;87000000;28;86;33;1;202126;209889;0;20;0;-1;32;87
22;37;230;255;1;1;222;1;51;215;1;Borussia Dortmund;18;0;76;-1;212194;2;19;-1;2;21;82;81;82;76;1;7;50;83;82;34;212194;0;550;64;212194;0;64;2;212194;22;0;2;0;208333;0;212194;0;0;0;0;52;50000000;67;81;50;1;208333;212194;0;18;0;-1;54;76
23;37;1;1;255;255;1;1;51;120;255;Borussia Mönchengladbach;18;1;60;-1;220876;2;16;-1;2;31;78;78;78;81;1;6;51;78;77;56;220876;2;528;36;220876;1;58;2;220876;23;0;1;0;250724;0;220876;0;0;0;1;49;25000000;58;78;32;1;250724;220876;0;14;0;-1;36;80
25;37;1;228;1;1;255;43;47;255;1;SC Freiburg;18;255;49;-1;212096;2;11;-1;2;36;71;74;72;75;1;7;49;74;73;41;212096;0;2;49;212096;0;42;2;212096;25;0;2;0;212096;1;212096;0;0;0;1;49;15000000;41;73;42;1;212096;212096;0;11;0;-1;56;76
27;240;96;40;255;255;1;233;54;1;255;F.C. Hansa Rostock;18;180;49;-1;226711;2;10;-1;2;503;66;67;66;65;1;12;37;68;66;52;226711;1;0;34;215422;1;45;2;226711;27;0;2;0;231197;0;226711;0;0;0;1;39;600000;59;66;39;1;231197;226711;0;7;0;-1;79;66
28;37;90;1;255;255;1;170;53;1;255;Hamburger SV;18;1;76;-1;213134;2;18;-1;2;110329;74;73;72;71;1;9;67;73;76;56;213134;1;1;70;246885;0;66;2;246885;28;0;2;0;234640;0;213134;0;0;0;0;67;10000000;74;75;70;1;234640;213134;0;6;0;-1;66;68
29;37;1;255;255;255;153;1;49;24;255;1. FC Kaiserslautern;18;65;75;-1;205086;2;11;-1;2;503;68;70;69;69;1;7;49;69;68;42;205086;1;1;72;205086;1;72;2;205086;29;0;1;0;216981;0;205086;0;0;0;0;50;3200000;31;69;58;1;216981;205086;0;10;0;-1;32;71
31;37;1;255;255;255;225;1;50;14;255;1. FC Köln;18;14;66;-1;195038;2;12;-1;2;23;74;76;75;75;1;6;67;77;77;56;195038;1;288;42;195038;1;56;2;195038;31;0;2;0;195038;1;195038;0;0;0;0;67;12000000;74;76;62;1;195038;195038;0;12;0;-1;66;75
32;37;1;255;1;1;45;1;51;45;1;Bayer 04 Leverkusen;18;45;67;-1;210035;2;17;-1;2;31;79;79;79;78;1;7;68;79;78;63;210035;0;508;77;210324;1;63;2;210324;32;0;2;0;247679;0;210035;0;0;0;1;66;40000000;79;79;69;1;231521;210035;0;16;0;-1;53;78
33;37;200;145;255;255;40;241;48;100;255;1860 Munich;18;185;60;-1;176790;2;10;-1;2;21;69;71;69;71;1;11;39;70;67;61;176790;1;1;57;176790;1;63;4;176790;33;0;2;0;169410;1;176790;0;0;0;0;59;7000000;53;71;48;1;201285;176790;0;10;0;-1;62;71
34;37;75;1;255;255;13;156;51;70;255;FC Schalke 04;18;223;66;-1;229155;2;18;-1;2;22;79;78;78;77;1;7;50;79;80;33;229155;1;1;64;229155;0;53;2;229155;34;0;1;0;205966;0;229155;0;0;0;0;51;19000000;42;79;49;1;205966;229155;0;16;0;-1;63;76
36;37;255;255;41;211;1;255;48;1;1;VfB Stuttgart;18;1;75;-1;244176;2;14;-1;2;25;75;75;74;78;1;9;49;74;74;32;244176;1;1;25;227647;1;62;4;241925;36;0;1;0;244176;0;244176;0;0;0;0;50;18000000;31;75;48;1;244176;244176;0;14;0;-1;32;78
38;37;146;1;255;255;0;82;53;108;255;SV Werder Bremen;18;64;49;-1;256548;2;13;-1;2;28;76;76;76;78;1;8;52;75;75;69;256548;1;98;66;206591;1;40;2;206591;38;0;2;0;237595;0;256548;0;0;0;1;49;13000000;69;76;40;1;237595;256548;0;13;0;-1;66;78
39;243;117;49;1;1;255;188;45;255;1;Atalanta BC;9;255;59;-1;226710;2;12;-1;2;47;74;76;75;78;1;9;52;78;77;36;226710;1;0;66;216150;1;54;2;216150;39;0;0;0;187598;0;226710;0;1;0;1;49;30000000;59;76;52;1;230899;226710;0;13;0;-1;56;79
44;243;87;30;1;1;255;153;45;255;1;Internazionale;9;255;45;-1;208128;2;20;-1;1;47;81;79;79;83;1;9;69;78;78;42;208128;0;136;57;208128;0;43;4;208128;44;0;0;0;231478;0;208128;0;0;0;0;70;55000000;72;81;73;1;208128;208128;0;17;0;-1;77;83
45;243;255;255;1;1;255;255;45;255;1;Juventus FC;9;255;67;-1;246430;2;20;-1;2;44;84;86;86;86;1;7;36;85;84;51;246430;1;0;26;240679;1;51;4;240679;45;0;0;0;246430;0;246430;0;0;0;1;36;65000000;41;85;31;1;246430;246430;0;19;0;-1;41;87
46;243;178;102;255;255;1;255;41;1;255;S.S. Lazio;9;1;55;-1;271838;2;17;-1;1;52;79;79;80;81;1;12;50;79;80;55;271838;0;48;69;235374;1;65;4;235374;46;0;0;0;237712;0;271838;0;0;0;1;68;40000000;63;80;70;1;237712;271838;0;16;0;-1;65;80
47;243;2;247;1;1;255;1;45;255;1;AC Milan;9;255;67;-1;241721;2;19;-1;2;44;79;79;79;79;1;9;33;80;80;57;241721;2;972;51;227796;1;57;2;241721;47;0;1;0;241721;1;241721;0;0;0;0;29;55000000;27;79;30;1;241721;241721;0;17;0;-1;47;80
48;243;120;38;255;255;66;191;40;146;255;S.S.C. Napoli;9;217;58;-1;217870;2;18;-1;1;45;82;82;82;84;1;14;29;80;80;46;217870;1;1022;50;217870;1;56;4;217870;48;0;2;0;217870;1;217870;0;0;0;0;28;57000000;24;81;29;1;217870;217870;1;17;0;-1;76;84
50;202;212;255;143;9;255;0;44;255;48;Parma Calcio;9;255;49;-1;225475;2;13;-1;2;189;70;70;70;72;1;10;68;67;68;65;225475;1;0;34;268581;0;50;2;268581;50;0;1;0;252442;0;252794;0;0;0;0;69;8000000;75;70;80;1;243154;252794;0;10;0;-1;34;71
52;243;0;102;0;255;255;0;41;255;142;AS Roma;9;255;73;-1;211110;2;18;-1;2;47;82;81;83;80;1;12;52;80;80;59;228251;0;508;39;211110;0;69;2;228251;52;0;2;0;228251;1;228251;0;0;0;1;52;46000000;44;81;35;1;228251;211110;0;17;0;-1;69;80
54;243;29;124;255;255;124;35;45;29;255;Torino FC;9;35;66;-1;241095;2;13;-1;1;45;76;78;76;80;1;7;51;77;76;66;241095;1;24;77;211147;0;66;2;211147;54;0;0;0;215333;1;241095;0;0;0;1;49;15500000;53;77;42;1;215333;241095;0;11;0;-1;46;80
55;243;1;1;255;255;1;1;46;1;255;Udinese Calcio;9;1;76;-1;223866;2;15;-1;2;1837;75;74;75;74;1;13;53;75;75;68;223866;1;0;48;220421;1;78;4;220421;55;0;0;0;240332;0;223866;0;0;0;0;51;8000000;55;74;44;1;240332;223866;0;15;0;-1;78;75
57;55;112;32;255;255;0;184;47;125;255;AJ Auxerre;7;251;47;-1;251170;2;13;-1;2;294;70;70;72;70;1;3;49;68;66;46;251170;2;272;57;198348;1;51;4;221271;57;0;2;0;229448;1;251170;0;0;0;0;50;5000000;46;68;51;1;198348;251170;0;3;0;-1;77;70
58;38;76;0;255;255;0;157;42;103;255;SC Bastia;7;206;44;-1;181343;2;9;-1;1;614;72;73;73;71;1;9;61;73;72;48;188765;1;256;60;181343;1;55;2;181343;58;0;2;0;204260;1;181343;0;0;0;0;58;2750000;49;72;56;1;204260;181343;0;10;0;-1;47;71
59;38;53;36;255;255;33;99;44;16;255;Girondins de Bordeaux;7;99;29;-1;134779;2;17;-1;2;219;75;76;77;76;1;0;72;75;74;25;134779;0;2;74;134779;1;23;2;134779;59;0;0;0;165229;1;134779;0;0;0;0;73;11000000;80;75;60;1;165229;134779;0;14;0;-1;60;77
62;38;2;218;1;1;255;39;48;255;1;En Avant de Guingamp;7;255;45;-1;234930;2;10;-1;2;378;74;75;75;78;1;-3;52;73;73;59;234930;1;258;56;202035;0;60;6;202035;62;0;0;0;134779;1;234930;0;0;0;0;49;2000000;59;74;60;1;134779;234930;0;10;0;-1;56;80
64;55;0;184;0;248;255;28;50;138;236;RC Lens;7;21;48;-1;208787;2;11;-1;1;65;68;69;69;68;1;2;38;69;69;53;212138;1;128;25;208787;1;39;2;208787;64;0;2;0;208787;0;208787;0;0;0;0;38;13000000;43;69;33;1;208787;208787;0;12;0;-1;43;68
65;38;18;239;255;255;250;9;50;0;255;Lille LOSC ;7;0;58;-1;213296;2;15;-1;1;64;74;73;73;73;1;3;69;70;72;51;213296;1;32;27;202371;1;53;2;202371;65;0;0;0;190674;1;213296;0;0;0;1;70;15000000;73;74;65;1;190674;213296;0;14;0;-1;31;72
66;38;255;255;131;4;180;255;45;0;50;Olympique Lyonnais;7;0;68;-1;208364;2;19;-1;1;1819;79;77;78;77;1;4;38;75;77;69;208364;1;170;54;263815;1;69;2;263815;66;0;0;0;268763;0;208364;0;0;0;0;39;25000000;39;78;39;1;268763;208364;0;16;0;-1;39;77
68;38;23;156;255;255;112;43;45;14;255;FC Metz;7;29;43;-1;210438;2;11;-1;1;1823;73;71;72;70;1;6;51;70;72;38;236817;1;0;36;210438;0;31;2;210438;68;0;0;0;190870;0;210438;0;0;0;0;53;6000000;38;72;31;1;223929;210438;0;9;0;-1;35;67
69;38;30;224;255;255;221;35;43;22;255;AS Monaco FC;7;33;48;-1;225663;2;15;-1;2;72;81;80;81;79;1;7;36;78;78;56;225663;0;136;54;225663;0;40;2;225663;69;0;0;0;225663;0;225663;0;0;0;0;39;23000000;54;80;34;1;225663;225663;0;16;0;-1;74;79
70;38;90;1;38;244;255;148;43;255;148;Montpellier HSC;7;255;47;-1;205686;2;11;-1;2;224;72;73;72;73;1;3;50;73;73;32;205686;1;0;60;205686;1;43;2;205686;70;0;0;0;205686;1;205686;0;0;0;0;52;8000000;32;73;43;1;205686;205686;0;13;0;-1;59;73
71;38;221;254;44;0;255;57;47;255;87;FC Nantes;7;45;66;-1;209288;2;12;-1;2;74;72;74;71;74;1;-1;66;75;75;47;209288;2;104;37;216820;1;67;2;216820;71;0;2;0;231691;0;209288;0;0;0;0;66;8000000;61;74;73;1;231691;209288;0;12;0;-1;77;74
72;38;0;204;1;1;255;0;43;255;1;OGC Nice;7;255;67;-1;224422;2;12;-1;2;69;77;76;76;77;1;7;39;76;76;56;158625;1;164;26;224422;0;56;2;224422;72;0;0;0;158625;0;224422;0;0;0;0;36;15000000;56;76;36;1;209519;224422;0;12;0;-1;56;77
73;38;62;1;41;200;255;116;48;255;42;Paris Saint-Germain;7;255;68;-1;235212;2;20;-1;2;219;83;84;83;87;1;2;36;83;83;55;235212;0;986;34;231443;1;55;2;231443;73;0;0;0;207865;0;235212;0;0;0;1;36;90000000;58;83;34;1;207865;235212;0;18;0;-1;45;86
74;38;48;223;1;1;255;40;48;255;1;Stade Rennais FC;7;255;45;-1;231102;2;14;-1;1;71;72;73;71;76;1;-1;50;74;75;42;231102;0;260;59;220093;0;42;6;220093;74;0;1;0;216320;0;231102;0;0;0;1;51;15000000;42;74;42;1;216320;231102;0;10;0;-1;58;74
76;38;102;51;255;255;0;204;48;159;255;RC Strasbourg Alsace;7;224;67;-1;235042;2;5;-1;2;68;72;70;72;70;1;7;50;71;71;42;235042;0;8;32;235042;1;62;2;235042;76;0;0;0;235042;1;235042;0;0;0;0;50;8000000;47;71;58;1;235042;235042;0;3;0;-1;32;67
77;43;0;240;255;255;240;0;57;0;255;Aberdeen FC;3;0;45;-1;186839;2;15;-1;2;620;70;69;71;69;1;-2;51;69;68;68;186839;1;0;49;204820;0;62;2;204820;77;0;2;0;186839;0;186839;0;0;0;0;49;2500000;68;69;62;0;186839;186839;0;8;0;-1;76;69
78;43;123;8;255;255;25;16;55;141;255;Celtic FC;3;22;60;-1;211093;2;20;-1;2;86;74;74;74;75;1;-4;36;71;72;53;211093;1;164;48;200630;1;55;2;200630;78;0;0;0;211093;0;211093;0;0;0;0;38;14000000;33;74;33;0;211093;211093;0;11;0;-1;33;75
80;43;0;120;255;255;100;41;55;12;255;Heart Of Midlothian FC;3;35;60;-1;223747;2;14;-1;1;83;65;67;66;71;1;-3;50;67;67;31;223747;1;48;61;223747;1;49;2;223747;80;0;0;0;223747;0;223747;0;0;0;0;49;3000000;32;67;47;0;223747;223747;0;7;0;-1;61;71
81;43;102;0;255;255;25;51;56;120;255;Hibernian Edinburgh FC;3;58;45;-1;186756;2;13;-1;2;80;66;67;68;67;1;-3;49;67;67;41;186756;1;128;47;186756;1;63;2;186756;81;0;2;0;189110;1;186756;0;0;0;0;50;1200000;41;66;63;0;211221;186756;0;6;0;-1;77;68
82;43;12;12;255;255;19;205;55;19;255;Kilmarnock FC;3;220;47;-1;224487;2;10;-1;2;184;66;67;68;66;1;-4;49;66;63;36;224487;1;64;57;227945;1;38;2;227945;82;0;2;0;224487;0;224487;0;0;0;0;52;850000;36;65;38;0;224487;224487;0;5;0;-1;54;68
83;43;159;255;51;153;251;2;55;151;0;Motherwell FC;3;20;28;-1;216484;2;13;-1;2;184;64;64;65;62;1;-3;73;65;64;33;204787;0;64;34;222109;1;22;2;222109;83;0;2;0;204787;0;216484;0;0;0;0;73;900000;74;64;74;0;204787;216484;0;6;0;-1;34;62
86;43;80;50;255;255;220;210;55;40;255;Rangers FC;3;40;60;-1;195479;2;20;-1;1;78;70;71;70;71;1;-4;69;70;70;62;195479;2;144;68;195479;1;64;2;195479;86;0;2;0;195479;0;195479;0;0;0;0;73;9000000;68;71;68;0;195479;195479;0;14;0;-1;42;71
88;41;35;1;255;255;1;102;52;35;255;Birmingham City FC;3;163;43;-1;237424;2;10;-1;2;2;71;71;72;69;1;-1;71;70;70;68;237424;1;0;45;246159;0;49;2;246159;88;0;0;0;255206;1;237424;0;0;0;0;68;7500000;78;71;79;0;255206;237424;0;9;0;-1;45;72
89;41;28;212;255;255;212;43;51;28;255;Charlton Athletic;3;43;43;-1;240863;2;9;-1;2;97;65;67;66;65;1;0;53;65;65;70;240863;1;1;78;240863;1;43;2;240863;89;0;1;0;187157;0;240863;0;0;0;0;50;3000000;70;67;43;0;187157;240863;0;7;0;-1;37;68
91;41;255;255;1;1;255;255;52;255;1;Derby County FC;3;255;67;-1;210985;2;10;-1;2;14;72;72;73;71;1;-1;53;73;72;38;210985;0;33;39;204353;1;58;2;204353;91;0;0;0;163761;0;210985;0;0;0;0;51;10000000;55;72;54;0;163761;210985;0;9;0;-1;38;72
92;41;1;1;255;255;1;1;54;1;255;Grimsby Town FC;3;1;74;-1;151213;2;3;-1;2;1949;61;63;61;60;1;0;67;64;65;46;151213;2;0;76;151213;0;76;2;151213;92;0;2;0;189772;0;151213;0;0;0;0;73;625000;62;62;72;0;156473;151213;0;1;0;-1;46;61
94;41;85;30;255;255;30;150;52;85;255;Ipswich Town FC;3;165;66;-1;225667;2;10;-1;2;1792;70;71;71;70;1;1;70;71;70;60;225667;1;258;36;225667;1;60;2;246685;94;0;2;0;220139;0;225667;0;0;0;0;71;7000000;73;70;74;0;233602;225667;0;8;0;-1;40;73
95;241;101;57;255;255;57;189;52;101;255;Leicester City FC;2;209;47;-1;267680;2;12;-1;2;14;79;78;80;79;1;-1;73;76;76;54;267680;1;476;44;210243;1;54;2;210243;95;0;0;0;210243;1;267680;0;0;0;1;73;23000000;64;78;64;0;210243;267680;0;12;0;-1;48;79
97;41;36;33;255;255;33;115;51;36;255;Millwall FC;3;115;43;-1;203505;2;8;-1;2;19;69;69;70;68;1;0;73;69;68;46;203505;1;24;39;203505;1;55;2;203505;97;0;2;0;216481;0;203505;0;0;0;0;66;6000000;76;68;65;0;216481;203505;0;7;0;-1;69;70
106;41;1;231;255;255;221;1;54;1;255;Sunderland A.F.C.;3;1;26;-1;199503;2;13;-1;2;13;68;70;67;65;1;-1;72;70;70;39;199503;0;65;37;275048;0;22;4;275048;106;0;0;0;215700;0;199503;0;0;0;0;70;7000000;79;70;61;0;215700;199503;0;14;0;-1;37;61
109;241;36;1;255;255;1;106;52;36;255;West Bromwich Albion FC;2;136;26;-1;213798;2;12;-1;2;110;77;76;76;78;1;-1;66;76;77;33;213798;0;328;57;213798;1;29;2;213798;109;0;0;0;205970;0;213798;0;0;0;0;72;11000000;65;77;63;0;205970;213798;0;13;0;-1;67;78
110;41;140;255;1;1;255;1;52;140;1;Wolverhampton Wanderers FC;3;1;68;-1;235456;2;11;-1;2;109;77;75;78;75;1;-2;49;73;72;52;235456;1;16;43;201417;0;52;5;201417;110;0;2;0;238756;0;235456;0;0;0;1;50;30000000;31;74;36;0;238756;235456;0;11;0;-1;42;76
111;0;0;0;0;0;0;0;0;0;0;Home;1;0;50;-1;1;2;0;-1;0;1;0;0;0;0;1;0;50;0;0;50;1;1;0;50;1;0;50;2;1;111;0;0;0;1;1;1;0;0;0;0;50;250000;50;0;50;0;1;1;0;0;0;-1;50;0
112;0;0;0;0;0;0;0;0;0;0;Away;1;0;50;-1;1;2;0;-1;0;1;0;0;0;0;1;0;50;0;0;50;1;1;0;50;1;0;50;2;1;112;0;0;0;1;1;1;0;0;0;0;50;250000;50;0;50;0;1;1;0;0;0;-1;50;0
121;41;1;231;255;255;231;1;53;1;255;Crewe Alexandra FC;3;1;66;-1;213519;2;4;-1;2;1928;58;59;55;61;1;-2;49;59;60;56;213519;1;2;46;179757;1;56;2;179757;121;0;0;0;171816;0;213519;0;0;0;0;49;600000;41;61;32;0;171816;213519;0;3;0;-1;46;60
127;41;51;1;0;255;1;204;52;51;163;Shrewsbury Town FC;3;214;59;-1;167512;2;4;-1;2;1803;65;66;67;65;1;-3;38;66;65;31;162899;1;32;31;167512;1;57;2;167512;127;0;2;0;183517;0;202482;0;0;0;0;36;600000;41;65;31;0;167512;167512;0;3;0;-1;41;65
135;41;153;255;1;1;255;1;51;153;1;Barnet FC;3;0;74;-1;212833;2;3;-1;2;361;57;60;56;63;1;0;67;61;62;63;212833;1;80;47;169150;0;73;2;169150;135;0;2;0;186112;0;212833;0;0;0;0;66;700000;62;61;77;0;186112;212833;0;2;0;-1;73;62
142;41;14;202;255;255;212;9;53;14;255;Doncaster Rovers FC;3;9;67;-1;151270;2;7;-1;2;1797;62;65;63;65;1;-1;39;63;63;66;151270;1;170;36;151270;0;66;2;151270;142;0;0;0;151270;1;151270;0;0;0;1;36;750000;56;64;36;0;151270;151270;0;6;0;-1;56;66
143;41;28;227;255;255;227;38;51;28;255;Exeter City FC;3;38;66;-1;173498;2;4;-1;2;1929;64;63;63;62;1;-4;40;62;62;34;173498;0;2;39;173498;1;54;2;173498;143;0;0;0;198153;0;173498;0;0;0;0;39;600000;34;63;34;0;195427;173498;0;3;0;-1;34;61
144;41;255;255;1;1;255;255;51;255;1;Fulham FC;3;255;75;-1;220710;2;11;-1;2;15;74;72;75;72;1;0;40;71;70;62;220710;1;32;42;195202;1;72;4;195202;144;0;0;0;222501;0;220710;0;0;0;1;37;20000000;32;72;32;0;204838;220710;0;11;0;-1;32;72
149;41;0;255;255;255;0;0;53;0;255;Lincoln City FC;3;0;68;-1;193707;2;1;-1;2;149;63;63;63;61;1;0;66;64;64;54;193707;1;10;50;193707;1;54;2;193707;149;0;2;0;189159;0;173815;0;0;0;0;73;800000;61;63;80;0;163445;193707;0;1;0;-1;64;63
159;37;81;1;255;255;1;147;52;1;255;Arminia Bielefeld;18;1;66;-1;220925;2;7;-1;2;160;68;69;68;70;1;8;52;70;69;50;220925;1;34;33;167431;1;70;2;167431;159;0;0;0;210475;0;220925;0;0;0;0;53;5000000;34;69;34;1;210475;220925;0;7;0;-1;80;68
160;37;92;55;255;255;7;169;51;78;255;VfL Bochum 1848;18;220;60;-1;224423;2;10;-1;2;34;70;69;69;71;1;7;37;68;68;34;224423;1;132;24;224423;1;52;2;224423;160;0;2;0;199288;0;224423;0;0;0;1;39;9000000;54;70;34;1;199288;224423;0;10;0;-1;64;68
165;37;153;1;38;37;255;50;49;255;87;SpVgg Greuther Fürth;18;255;44;-1;212192;2;9;-1;2;171;67;67;67;67;1;10;49;68;70;51;212192;1;4;42;210723;0;48;4;210723;165;0;2;0;242850;0;212192;0;0;0;0;50;5000000;51;69;48;1;242850;212192;0;8;0;-1;42;65
166;37;81;1;255;255;15;158;52;15;255;Hertha BSC Berlin;18;145;67;-1;192557;2;12;-1;1;1831;75;77;75;76;1;13;39;77;77;51;192557;2;16;33;192557;1;51;2;192557;166;0;2;0;192557;0;192557;0;0;0;0;36;30000000;41;77;31;1;192557;192557;0;12;0;-1;61;76
169;37;255;255;30;195;230;255;49;1;20;1. FSV Mainz 05;18;1;66;-1;244108;2;13;-1;2;1824;75;75;74;74;1;8;49;75;75;66;244108;1;34;77;216158;1;66;2;216158;169;0;2;0;216158;1;244108;0;0;0;0;49;12000000;41;75;50;1;221671;244108;0;12;0;-1;46;73
171;37;16;193;255;255;198;43;49;27;255;1. FC Nürnberg;18;38;59;-1;202087;2;10;-1;2;165;70;71;72;70;1;11;51;71;71;61;202087;1;16;42;202087;0;63;2;202087;171;0;2;0;208730;0;202087;0;0;0;1;49;6000000;68;70;37;1;202087;202087;0;10;0;-1;41;70
172;211;1;245;255;255;50;63;48;100;255;Unterhaching;1;255;46;-1;189209;2;5;-1;1;550;64;64;63;69;1;11;36;64;62;56;189209;1;16;52;189209;1;53;2;189209;172;0;2;0;211955;0;189209;0;0;0;0;37;500000;47;63;37;1;187076;189209;0;2;0;-1;47;69
175;37;176;106;255;255;90;35;52;225;255;VfL Wolfsburg;18;2;44;-1;206511;2;18;-1;2;485;79;77;78;78;1;10;50;75;76;67;206511;1;32;56;206511;1;61;2;228946;175;0;2;0;206511;0;206511;0;0;0;0;53;22000000;67;77;61;1;244261;206511;0;17;0;-1;75;78
180;43;25;25;255;255;15;112;56;40;255;Dundee FC;1;130;45;-1;173654;2;11;-1;2;100804;62;62;62;63;1;-3;73;63;63;46;173654;0;132;61;173654;1;51;2;173654;180;0;1;0;173654;0;173654;0;0;0;0;70;750000;76;62;61;0;235575;173654;0;4;0;-1;77;62
184;43;4;253;255;255;240;4;55;10;255;Hamilton Academical FC;3;12;28;-1;186842;2;9;-1;2;83;61;61;61;61;1;-4;71;60;60;24;223396;1;256;51;186842;1;39;2;186842;184;0;2;0;186842;0;186842;0;1;0;0;68;500000;79;61;79;0;186842;186842;0;3;0;-1;79;61
189;243;64;0;17;172;255;128;44;255;20;Bologna FC;9;255;74;-1;233556;2;12;-1;2;110374;75;75;75;76;1;11;38;73;74;70;242280;1;22;40;233556;1;80;2;233556;189;0;0;0;233556;0;242280;0;0;0;0;40;15000000;40;75;40;1;233556;242280;0;13;0;-1;40;76
190;202;129;0;255;255;0;253;45;129;255;Brescia Calcio;9;253;44;-1;173147;2;6;-1;2;39;66;68;67;68;1;10;53;69;68;55;173147;2;129;73;173147;1;47;2;173147;190;0;2;0;173147;0;173147;0;0;0;0;51;5000000;55;67;47;1;173147;173147;0;2;0;-1;73;70
191;240;0;197;255;255;50;11;47;60;255;RB Salzburg;16;124;75;-1;274445;2;20;-1;2;254;69;71;69;72;1;12;39;72;71;58;246402;1;160;48;252573;1;68;2;252573;191;0;2;0;274445;0;274445;0;0;0;1;38;13000000;38;70;38;1;274445;274445;0;10;0;-1;38;73
199;202;0;226;255;255;226;26;43;0;255;Perugia A.C.;1;26;25;-1;229276;2;6;-1;2;570;66;66;65;68;1;12;68;65;67;21;229276;1;16;42;199554;1;36;2;199554;199;0;2;0;186614;0;229276;0;0;0;0;72;3000000;66;67;46;1;186614;229276;0;2;0;-1;66;67
200;202;185;0;255;255;2;234;42;76;255;Pescara Calcio;9;161;60;-1;188876;2;10;-1;2;46;65;67;64;66;1;14;69;68;69;56;188876;1;0;70;170514;1;58;4;170514;200;0;0;0;105866;0;188876;0;0;0;0;67;4000000;72;68;62;1;105866;188876;1;5;0;-1;66;66
205;202;1;1;54;255;0;1;45;128;128;Venezia FC ;1;30;45;-1;242332;2;8;-1;2;206;66;68;67;69;1;12;38;70;69;63;242332;0;0;37;210384;0;43;4;242332;205;0;0;0;219956;1;242332;0;0;0;0;37;5000000;37;67;37;1;219956;242332;0;2;0;-1;37;71
206;243;229;255;148;0;0;7;45;62;76;Hellas Verona;9;117;45;-1;212127;2;10;-1;2;48;72;71;71;72;1;10;49;71;72;51;212127;1;0;60;195272;1;36;4;195272;206;0;0;0;213404;0;212127;0;0;0;0;53;8000000;51;72;36;1;213404;212127;0;3;0;-1;60;71
209;240;1;1;255;255;25;1;47;25;255;SK Sturm Graz;16;25;48;-1;241536;2;15;-1;2;254;69;67;68;68;1;15;50;65;67;62;241536;2;24;31;241536;0;57;2;241536;209;0;2;0;190589;0;241536;0;0;0;0;49;5000000;62;68;57;1;257340;241536;0;7;0;-1;31;67
210;38;112;0;6;229;255;202;49;255;5;Stade Malherbe Caen;7;255;28;-1;163804;2;11;-1;1;1738;72;74;72;75;1;0;68;75;74;35;163804;1;834;34;163804;0;25;2;163804;210;0;2;0;163804;1;163804;0;0;0;0;69;4000000;74;73;54;1;163804;163804;0;10;0;-1;34;75
212;55;42;30;28;228;255;99;46;255;28;La Berrichonne de Châteauroux;7;255;29;-1;192608;2;6;-1;2;110326;65;67;66;68;1;1;40;66;65;32;192608;0;320;39;192608;1;22;2;192608;212;0;0;0;206139;0;192608;0;0;0;0;40;500000;35;66;35;1;206139;192608;0;1;0;-1;35;68
217;55;111;255;1;1;255;4;47;255;1;FC Lorient;7;255;58;-1;230686;2;9;-1;2;74;70;70;70;70;1;-3;36;69;69;48;230686;1;6;53;230686;1;50;2;213367;217;0;2;0;213367;0;230686;0;0;0;0;38;7000000;58;70;38;1;213367;230686;0;2;0;-1;58;68
219;38;255;255;220;0;102;255;43;204;157;Olympique de Marseille;7;255;44;-1;240753;2;20;-1;2;73;79;78;80;78;1;5;35;76;77;51;240753;0;512;49;235875;1;66;2;235875;219;0;0;0;246147;0;240753;0;0;0;0;31;20000000;52;78;35;1;246147;240753;0;16;0;-1;40;78
223;211;255;255;0;0;255;0;35;255;128;AEK Larnaca;1;255;47;-1;161882;2;17;-1;1;130014;50;50;50;50;1;33;46;50;50;48;161882;1;0;53;217656;0;42;2;206393;223;0;0;0;206435;0;161882;0;0;0;0;53;2000000;57;50;54;2;206435;161882;0;8;0;-1;53;50
224;55;51;238;255;255;1;36;43;1;255;Nîmes Olympique;7;1;68;-1;240231;2;4;-1;2;70;67;68;68;69;1;4;39;69;68;42;240231;0;0;52;235981;0;62;2;235981;224;0;2;0;223138;0;240231;0;0;0;0;37;5000000;42;67;32;1;223138;240231;0;1;0;-1;72;70
226;55;221;255;94;9;234;23;47;234;35;FC Sochaux-Montbéliard;7;0;45;-1;215760;2;8;-1;2;1823;67;68;67;67;1;6;50;67;67;57;215760;0;16;40;215760;1;56;2;215760;226;0;2;0;213930;1;228544;0;0;0;0;53;2500000;57;67;56;1;215760;215760;0;1;0;-1;40;70
229;53;48;94;255;255;114;111;50;68;255;RSC Anderlecht;11;131;66;-1;212678;2;20;-1;2;232;71;73;69;75;1;4;37;72;74;37;212678;2;2;27;212678;0;57;2;212678;229;0;0;0;236918;1;212678;0;0;0;0;37;14000000;37;74;37;1;236918;212678;0;14;0;-1;37;74
230;53;29;238;250;250;253;29;51;65;250;Royal Antwerp FC;1;65;59;-1;226537;2;4;-1;2;675;70;70;69;70;1;4;67;71;72;45;226537;1;324;35;239306;0;63;2;239306;230;0;2;0;162221;0;226537;0;0;0;0;72;17000000;66;70;79;1;162221;226537;0;1;0;-1;35;73
231;53;105;3;1;1;255;180;51;255;1;Club Brugge KV;11;255;58;-1;200155;2;18;-1;2;229;75;74;75;73;1;3;49;74;74;61;200155;1;0;62;200155;1;41;2;200155;231;0;0;0;200155;0;200155;0;0;0;0;49;13500000;31;74;55;1;200155;200155;0;5;0;-1;61;74
232;53;0;204;255;255;180;12;50;30;255;Standard de Liège;11;42;66;-1;232823;2;17;-1;2;229;72;73;73;72;1;5;71;71;71;43;232823;1;4;73;232823;1;63;4;232823;232;0;0;0;238409;1;232823;0;0;0;0;70;8500000;74;73;69;1;238409;232823;0;5;0;-1;43;72
234;240;37;220;20;255;255;25;39;255;20;SL Benfica;25;255;66;-1;211368;2;20;-1;1;236;80;80;81;80;1;-9;38;79;78;43;211368;2;130;42;245235;0;63;2;245235;234;0;0;0;192366;0;211368;0;0;0;0;38;30000000;43;79;33;0;192366;211368;0;12;0;-1;43;82
236;240;95;0;255;255;30;167;41;70;255;FC Porto;25;150;66;-1;239482;2;20;-1;2;234;81;81;81;79;1;-8;51;81;80;40;239482;1;161;33;238896;1;60;4;238896;236;0;0;0;239482;1;239482;0;0;0;0;53;20000000;58;80;56;0;239482;239482;0;14;0;-1;70;79
237;240;101;2;255;255;30;73;39;140;255;Sporting CP;25;0;68;-1;227890;2;18;-1;2;234;79;78;78;80;1;-9;38;78;79;48;227890;1;510;53;227890;1;68;2;240950;237;0;0;0;197655;1;240950;0;0;0;0;38;18000000;48;79;38;0;240950;240950;0;8;0;-1;78;79
240;242;0;255;255;255;1;0;40;60;255;Atlético de Madrid;5;167;68;-1;194765;2;19;-1;2;243;82;84;83;86;1;-3;51;83;83;69;193747;0;766;79;194765;0;69;4;194765;240;0;0;0;193747;1;194765;0;0;0;0;52;65000000;68;84;53;-2;194765;194765;0;19;0;-1;39;87
241;242;57;3;60;154;255;128;41;231;0;FC Barcelona;5;0;75;-1;251854;2;20;-1;2;243;85;85;86;89;1;2;29;84;84;59;188545;0;750;53;233419;1;69;2;228702;241;0;0;0;192448;0;251854;0;1;0;1;29;60000000;60;85;39;1;188545;188545;0;20;0;-1;59;89
242;242;91;47;255;255;250;214;43;250;255;Real Club Deportivo de La Coruña;5;255;47;-1;199354;2;12;-1;2;450;77;77;77;79;1;-8;49;77;77;66;199354;1;72;59;199354;1;64;2;199354;242;0;0;0;226215;0;199354;0;0;0;0;51;9500000;66;77;64;1;199354;199354;0;12;0;-1;78;79
243;242;255;255;128;0;225;255;40;225;64;Real Madrid CF;5;255;76;-1;197445;2;20;-1;2;241;86;86;87;87;1;-3;36;85;86;49;197445;0;766;53;197445;1;79;2;197445;243;0;0;0;204963;0;197445;0;0;0;1;33;90000000;46;86;37;1;231747;197445;0;20;0;-1;79;86
244;242;72;12;255;255;244;182;41;244;255;Real Zaragoza;6;255;48;-1;162047;2;12;-1;2;1013;69;70;70;71;1;0;37;69;68;57;162047;1;128;54;198638;1;63;2;198638;244;0;2;0;162047;0;162047;0;0;0;0;39;2575000;39;69;39;1;162047;162047;0;3;0;-1;39;71
245;40;20;225;255;255;30;20;52;30;255;Ajax;14;30;68;-1;200260;2;20;-1;2;246;77;76;76;76;1;4;39;76;76;56;200260;0;136;51;200260;0;56;2;200260;245;0;0;0;200260;0;200260;0;0;0;1;36;33000000;36;76;36;1;200260;200260;0;15;0;-1;36;75
246;40;255;255;45;225;50;255;51;158;24;Feyenoord Rotterdam;14;50;46;-1;228010;2;17;-1;1;245;77;75;76;76;1;4;53;72;73;60;228010;0;128;40;236593;1;35;4;261224;246;0;0;0;199813;0;228010;0;0;0;0;52;15000000;60;76;35;1;199813;228010;0;13;0;-1;39;75
247;40;0;232;255;255;255;0;51;0;255;PSV Eindhoven;14;0;68;-1;253109;2;19;-1;2;245;76;75;77;74;1;5;37;73;73;35;253109;0;32;45;253109;1;55;2;253109;247;0;0;0;221992;0;253109;0;0;0;1;40;24000000;45;75;35;1;221992;253109;0;14;0;-1;45;75
252;240;1;1;255;255;204;1;48;1;255;LASK Linz;16;1;59;-1;201290;2;0;-1;2;254;64;64;64;62;1;14;51;66;65;33;201290;0;0;53;201290;1;51;2;201290;252;0;2;0;209196;0;201290;0;0;0;0;51;4000000;38;64;57;1;201290;201290;0;0;0;-1;63;62
254;240;145;41;255;255;52;117;48;195;255;SK Rapid Wien;16;130;44;-1;275638;2;19;-1;2;256;68;68;69;69;1;16;49;67;67;61;275638;1;33;49;244795;0;42;2;244795;254;0;2;0;193584;0;275638;0;0;0;0;49;3500000;61;69;42;1;193584;275638;0;8;0;-1;76;69
256;240;35;110;255;255;110;100;48;35;255;FK Austria Wien;16;100;48;-1;169343;2;19;-1;2;254;67;69;67;67;1;16;37;69;68;57;169343;1;49;54;161857;0;48;2;161857;256;0;0;0;227964;0;169343;0;0;0;0;39;3250000;34;68;34;1;227964;169343;0;8;0;-1;34;69
259;211;0;0;255;255;0;255;49;0;255;PFC Levski Sofia;1;255;50;-1;272022;2;20;-1;1;1917;50;50;50;50;1;17;50;50;50;50;272022;1;0;50;272022;0;50;2;272022;259;0;0;0;178766;0;272022;0;0;0;0;50;4000000;50;50;50;1;227561;272022;0;10;0;-1;50;50
260;242;89;0;255;255;244;169;28;244;255;CD Tenerife;6;255;46;-1;192490;2;8;-1;2;472;72;72;72;70;1;-16;37;69;69;47;192490;0;296;53;220395;1;47;2;220395;260;0;1;0;142499;0;192490;0;0;0;0;38;1730000;33;71;33;0;142499;192490;0;3;0;-1;73;70
263;211;0;255;202;0;255;0;43;255;101;HNK Hajduk Split;1;255;53;-1;232241;2;20;-1;1;130017;50;50;50;50;1;16;47;50;50;47;232241;1;0;53;218877;0;44;2;232241;263;0;0;0;271833;0;232241;0;0;0;0;54;1600000;60;50;46;1;271833;232241;1;9;0;-1;55;50
266;211;255;255;0;255;255;255;32;0;0;SK Slavia Prag;18;0;50;-1;253727;2;20;-1;1;267;50;50;50;50;1;35;50;50;50;50;253727;1;0;50;253727;0;50;2;269509;266;0;0;0;251116;0;253727;0;0;0;0;50;6000000;50;50;50;2;269510;253727;0;9;0;-1;50;50
267;240;12;190;26;250;0;22;50;102;166;Sparta Praha;19;179;48;-1;232446;2;10;-1;2;266;72;72;72;72;1;14;71;71;71;68;234983;0;0;64;232446;1;56;4;232446;267;0;0;0;257536;0;234983;0;0;0;0;67;7000000;78;72;66;2;257536;234983;0;4;0;-1;70;72
269;51;234;254;119;3;253;0;55;234;66;Brøndby IF;12;69;58;-1;172522;2;19;-1;2;819;70;69;70;69;1;12;52;70;70;57;172522;1;164;33;172522;1;59;2;172522;269;0;2;0;215684;1;172522;0;0;0;1;50;5500000;69;69;33;1;172522;172522;0;9;0;-1;37;69
270;51;0;197;255;255;193;0;56;5;255;Silkeborg IF;12;10;28;-1;199873;2;10;-1;1;1516;63;64;63;63;1;9;67;63;63;27;199873;1;288;56;213835;1;23;2;213835;270;0;1;0;229620;1;199873;0;0;0;1;73;600000;74;64;74;1;229620;199873;0;6;0;-1;54;63
271;51;51;51;255;255;59;102;56;49;255;Aarhus GF;12;99;43;-1;231132;2;11;-1;2;269;66;66;66;64;1;10;72;66;66;37;231132;0;0;50;231132;0;44;9;231132;271;0;2;0;193688;1;231132;0;0;0;0;71;600000;67;66;74;1;201271;231132;0;1;0;-1;70;64
272;51;100;28;255;255;68;162;55;147;255;Odense BK;12;242;49;-1;189431;2;16;-1;2;1516;64;65;64;67;1;10;72;63;63;61;189431;2;32;42;189431;0;40;2;189431;272;0;2;0;155541;0;189431;0;0;0;0;67;900000;71;65;70;1;189431;189431;0;1;0;-1;46;67
278;211;213;251;0;0;0;13;37;0;0;AEK Athens;1;0;75;-1;229153;2;16;-1;2;1884;63;62;63;63;1;23;32;60;60;42;229153;1;260;49;194354;1;75;2;194354;278;0;2;0;211300;1;229153;0;0;0;0;50;12000000;41;62;58;2;211300;229153;0;10;0;-1;32;63
280;211;0;234;255;255;255;24;37;0;255;Olympiakos CFP;1;0;59;-1;231887;2;20;-1;2;1884;75;75;75;75;1;23;36;74;74;63;231887;1;640;22;243686;1;57;2;243686;280;0;0;0;231887;1;231887;0;0;0;0;38;14000000;53;75;33;2;231887;231887;0;14;0;-1;73;75
284;211;255;255;0;0;255;0;32;255;0;Beitar Jerusalem;18;255;53;-1;230157;2;17;-1;1;130022;50;50;50;50;1;35;53;50;50;56;230157;1;0;53;230157;0;44;2;230157;284;0;0;0;168600;0;230157;0;0;0;0;44;700000;53;50;58;2;168600;230157;0;10;0;-1;54;50
294;38;85;0;255;255;28;242;48;141;255;ESTAC Troyes;7;255;46;-1;208835;2;8;-1;2;379;71;70;70;73;1;4;38;65;68;33;208835;1;20;31;201073;1;50;2;201073;294;0;2;0;209430;0;208835;0;0;0;0;36;6000000;56;71;36;1;209430;208835;0;8;0;-1;76;72
298;211;255;255;1;1;235;255;63;245;1;Rosenborg BK;13;245;46;-1;183336;2;20;-1;2;417;68;69;68;71;1;10;53;68;68;60;186267;1;129;52;183336;0;48;2;183336;298;0;2;0;172517;1;183336;0;0;0;1;50;1800000;60;69;48;1;172517;183336;0;9;0;-1;62;71
299;211;220;241;1;1;245;9;59;230;1;Lillestrøm SK;13;6;29;-1;228044;2;16;-1;2;920;62;63;62;61;1;11;71;64;64;38;182160;1;0;41;228044;1;29;2;228044;299;0;2;0;182160;0;228044;0;0;0;0;70;1200000;70;63;61;1;228044;228044;0;6;0;-1;45;61
300;211;32;21;255;255;233;60;58;27;255;Viking FK;13;32;59;-1;205214;2;16;-1;2;1463;64;64;64;67;1;5;50;61;61;66;205214;1;296;77;208581;1;60;2;205214;300;0;2;0;175789;0;205214;0;0;0;0;49;1300000;47;64;42;1;175789;205214;0;7;0;-1;56;67
305;65;49;222;1;1;222;49;53;49;1;Bohemian FC;34;49;47;-1;199021;2;11;-1;2;306;58;58;58;61;1;-6;53;57;57;40;199021;1;66;65;183765;1;39;2;199021;305;0;2;0;165932;0;199021;0;0;0;0;53;550000;40;58;39;0;199047;199021;0;2;0;-1;65;61
306;65;140;36;255;255;12;68;53;160;255;Shamrock Rovers;34;85;47;-1;206072;2;20;-1;2;305;60;60;60;59;1;-6;51;60;60;68;206072;1;16;50;206072;1;64;2;206072;306;0;2;0;180352;0;206072;0;0;0;1;53;750000;68;60;64;0;201419;206072;0;3;0;-1;50;59
312;211;121;34;255;255;4;201;55;60;255;Dinamo Moscow;38;151;44;-1;224719;2;17;-1;2;100767;71;71;71;71;1;37;38;72;72;38;224719;1;4;22;224719;0;51;2;224719;312;0;2;0;167575;0;224719;0;0;0;0;37;9500000;57;71;37;3;224719;224719;0;15;0;-1;57;71
315;211;21;217;132;41;194;33;55;19;52;CSKA Moscow;38;26;49;-1;208008;2;19;-1;2;100767;77;76;77;77;1;37;38;76;76;38;208008;1;136;48;208008;1;67;2;208008;315;0;1;0;148119;0;208008;0;0;0;0;38;15000000;53;76;33;3;208008;208008;0;16;0;-1;53;77
319;211;0;0;255;255;22;255;58;55;255;IFK Göteborg;15;222;49;-1;204845;2;20;-1;2;433;63;64;63;67;1;12;51;65;65;43;204845;0;264;45;191111;0;69;2;191111;319;0;2;0;184255;0;204845;0;0;0;0;53;800000;43;64;69;1;191111;204845;0;8;0;-1;45;67
320;211;181;17;255;255;138;234;55;197;255;Malmö FF;15;255;66;-1;199792;2;20;-1;1;319;69;69;69;70;1;13;51;69;69;55;199792;1;160;66;199792;1;55;2;199792;320;0;0;0;199792;0;199792;0;0;0;0;53;8000000;53;69;39;1;199792;199792;0;9;0;-1;55;70
321;211;87;29;255;255;60;160;56;60;255;Halmstads BK;15;255;48;-1;182496;2;6;-1;1;319;59;60;59;59;1;12;52;62;62;34;182496;0;0;53;226387;1;69;2;226387;321;0;2;0;191182;0;182496;0;0;0;0;51;1000000;34;60;69;1;240417;182496;0;2;0;-1;53;59
322;211;92;1;255;255;1;163;47;92;255;Grasshopper Club;17;173;45;-1;238011;2;15;-1;2;894;66;68;68;66;1;8;50;69;67;62;238011;1;88;77;238011;0;43;2;238011;322;0;0;0;199282;0;238011;0;0;0;0;50;5000000;62;67;43;1;238736;238011;0;7;0;-1;47;67
324;211;0;128;255;255;128;0;46;0;255;Servette FC;17;0;27;-1;206254;2;13;-1;2;110770;63;64;65;56;1;7;49;58;58;30;206254;1;10;64;206254;1;37;2;206254;324;0;2;0;206307;0;206254;0;0;0;1;51;4000000;66;62;69;1;206254;206254;0;6;0;-1;53;59
325;240;2;167;11;255;175;29;41;2;157;Galatasaray SK;37;45;26;-1;223959;2;20;-1;1;326;77;76;76;77;1;28;72;75;75;22;223959;2;177;67;234171;1;26;4;234171;325;0;0;0;232293;1;223959;0;0;0;1;72;16000000;63;77;63;2;201399;223959;0;14;0;-1;67;77
326;240;246;254;133;69;4;0;40;50;84;Fenerbahçe SK;37;187;47;-1;225403;2;20;-1;1;325;78;77;78;78;1;29;39;76;76;44;225403;1;506;51;225403;1;37;4;225403;326;0;0;0;235410;0;225403;0;0;0;1;36;14000000;51;77;31;2;235410;225403;0;14;0;-1;71;78
327;240;1;1;255;255;11;1;41;11;255;Beşiktaş JK;37;44;67;-1;216814;2;20;-1;1;326;79;79;79;79;1;28;36;80;80;43;216814;1;16;53;216814;1;63;4;216547;327;0;0;0;190113;0;216814;0;0;0;1;38;16000000;53;79;33;2;190113;216814;0;14;0;-1;73;80
347;202;0;255;0;255;255;0;38;0;255;U.S. Lecce;9;0;68;-1;271198;2;13;-1;2;1848;71;68;68;71;1;13;36;68;70;48;271198;2;1;38;239737;1;68;2;239737;347;0;2;0;247668;1;271198;0;0;0;0;38;6000000;48;70;38;1;247668;271198;1;9;0;-1;78;68
357;41;20;235;255;255;225;20;54;20;255;Morecambe FC;3;20;28;-1;224225;2;2;-1;2;110313;60;61;61;60;1;-3;67;59;57;35;224225;2;130;34;216226;0;36;2;216226;357;0;2;0;224225;0;224225;0;0;0;0;73;500000;78;60;80;0;224225;224225;0;1;0;-1;34;60
361;41;255;255;1;231;255;255;52;255;1;Stevenage FC;3;255;68;-1;188831;2;3;-1;2;1923;60;61;60;62;1;0;39;60;61;61;188831;2;0;36;188831;0;61;2;188831;361;0;2;0;225586;0;188831;0;0;0;0;36;600000;51;61;31;0;225586;188831;0;3;0;-1;51;62
378;55;23;238;255;255;255;30;48;0;255;Stade Brestois 29;7;0;59;-1;231612;2;9;-1;2;62;69;68;69;67;1;-4;36;69;69;58;231612;0;136;53;231612;0;60;2;231612;378;0;0;0;215410;0;231612;0;0;0;1;38;8000000;38;68;38;1;204105;231612;0;9;0;-1;38;67
379;55;0;255;255;255;242;0;49;0;255;Stade de Reims;7;0;35;-1;242914;2;10;-1;2;294;69;69;69;70;1;4;49;69;70;63;242914;1;64;42;232905;1;54;2;232905;379;0;2;0;232905;0;242914;0;0;0;0;48;9000000;56;69;40;1;232905;242914;0;10;0;-1;64;70
383;197;115;6;255;255;255;69;-23;255;255;Palmeiras FC;32;255;39;-1;275550;2;18;-1;2;598;76;75;76;75;1;-46;53;72;72;55;275550;0;64;35;201846;0;58;4;192693;383;0;2;0;192693;0;275550;0;0;0;0;65;8750000;68;75;59;-3;192693;275550;0;11;0;-1;65;75
393;211;5;5;255;255;25;5;40;25;255;PAOK;1;25;49;-1;220746;2;14;-1;2;280;71;72;71;77;1;22;49;71;71;41;220746;0;64;54;220746;0;48;2;220746;393;0;1;0;220746;1;220746;0;0;0;0;52;5000000;41;72;48;2;177553;220746;0;12;0;-1;54;77
394;211;0;255;255;255;0;0;41;0;255;Xanthi FC;18;0;52;-1;199199;2;14;-1;1;111306;68;66;68;67;1;25;35;63;63;53;275223;0;5;47;50030;0;52;2;50030;394;0;0;0;275213;2;209719;0;0;0;1;42;800000;45;66;44;2;275213;275223;1;10;0;-1;46;67
399;240;136;10;255;255;0;55;32;0;255;Maccabi Haifa;1;0;55;-1;164234;2;20;-1;0;130022;64;65;64;65;1;35;54;62;62;53;164234;0;10;57;164234;0;44;2;164234;399;0;0;0;164234;0;164234;0;1;0;1;53;5000000;46;65;45;-12;164234;164234;1;10;0;-1;47;65
417;211;86;2;255;255;56;158;62;139;255;Molde FK;13;222;29;-1;185394;2;18;-1;2;1755;67;67;67;64;1;7;67;68;68;20;185394;1;4;33;211365;1;24;2;201944;417;0;2;0;190491;0;185394;0;0;0;1;67;1350000;70;67;50;1;190491;185394;0;8;0;-1;40;64
418;211;0;204;255;255;220;1;69;5;255;Tromsø IL;13;10;48;-1;197954;2;14;-1;1;918;65;64;65;64;1;18;70;63;63;59;197954;1;0;51;197954;1;47;4;197954;418;0;1;0;189544;0;197954;0;0;0;0;66;800000;69;64;77;1;197954;197954;0;7;0;-1;51;64
420;211;0;206;255;255;17;12;50;73;255;Górnik Zabrze;26;147;48;-1;221791;2;13;-1;2;1871;64;65;64;66;1;18;67;63;63;64;221791;0;136;45;221791;1;59;2;221791;420;0;1;0;189010;0;221791;0;0;0;0;70;1875000;74;65;69;1;189010;221791;0;5;0;-1;65;66
422;65;174;7;255;255;222;85;51;49;255;Cork City;34;49;44;-1;210046;2;16;-1;2;306;61;60;61;61;1;-8;50;57;57;62;210046;1;16;42;210046;0;46;2;210046;422;0;0;0;195013;1;210046;0;0;0;0;50;850000;62;60;46;0;186869;210046;0;2;0;-1;42;61
423;65;49;222;255;255;210;49;53;30;255;St. Pats;34;40;67;-1;180351;2;14;-1;2;306;60;60;60;62;1;-6;49;59;59;47;180351;2;130;48;180351;1;67;2;180351;423;0;2;0;184980;0;180351;0;0;0;0;50;550000;66;60;31;0;180351;180351;0;2;0;-1;77;62
432;211;27;237;204;0;255;36;56;255;102;Helsingborgs IF;15;255;45;-1;203045;2;16;-1;1;320;63;64;63;65;1;12;60;63;63;40;203045;0;0;52;192261;0;62;4;192261;432;0;2;0;159001;0;203045;0;0;0;0;58;500000;49;64;60;1;169174;203045;0;7;0;-1;62;65
433;211;1;1;0;255;14;1;59;10;238;AIK;15;20;59;-1;202041;2;19;-1;2;710;70;68;70;69;1;18;50;68;68;31;206114;0;132;41;221665;1;57;2;221665;433;0;0;0;168317;0;202041;0;0;0;0;49;2500000;37;68;55;1;168317;202041;0;8;0;-1;41;69
436;240;6;171;255;90;95;52;41;175;170;Trabzonspor;37;215;75;-1;237239;2;17;-1;2;326;75;75;76;74;1;39;37;73;74;65;237239;2;145;55;205678;0;75;4;205678;436;0;2;0;205678;0;237239;0;0;0;0;40;13000000;35;74;35;2;205678;237239;0;13;0;-1;35;75
445;65;22;243;255;255;243;45;54;3;255;Derry City;34;38;45;-1;233865;2;13;-1;2;563;58;58;58;58;1;-7;53;58;58;60;233865;1;34;66;233865;1;40;2;225998;445;0;2;0;233865;1;233865;0;0;0;0;49;600000;60;58;40;0;225998;233865;0;2;0;-1;46;58
448;242;10;190;255;255;205;30;43;30;255;Athletic Club Bilbao;5;30;43;-1;256516;2;16;-1;2;457;79;78;77;80;1;-2;69;78;79;42;256516;0;132;58;256516;1;54;2;256516;448;0;1;0;244675;0;256516;0;0;0;1;73;21000000;72;79;64;1;216201;256516;0;16;0;-1;68;80
449;242;150;0;255;255;10;85;37;140;255;Real Betis Balompié;5;90;44;-1;197781;2;12;-1;1;481;78;78;79;79;1;-5;40;76;76;40;225659;0;160;50;197781;1;51;4;197781;449;0;0;0;197781;0;197781;0;0;0;0;40;19000000;55;78;35;1;197781;197781;0;13;0;-1;65;79
450;242;168;76;255;255;60;213;42;150;255;RC Celta de Vigo;5;200;58;-1;192629;2;12;-1;2;110831;78;77;77;79;1;-8;50;77;77;65;192629;0;10;49;192629;1;59;2;192629;450;0;1;0;192629;0;192629;0;0;0;0;53;14000000;62;78;49;1;192629;192629;0;12;0;-1;55;80
452;242;108;17;255;255;0;191;41;90;255;RCD Espanyol de Barcelona;5;170;47;-1;229631;2;12;-1;1;241;78;79;79;79;1;2;70;76;76;59;229631;0;0;62;229631;1;52;4;229631;452;0;0;0;240289;0;229631;0;0;0;1;71;9000000;69;78;62;1;240289;229631;0;14;0;-1;78;80
453;242;26;236;0;10;255;13;39;0;0;RCD Mallorca;6;0;59;-1;198451;2;11;-1;2;483;70;69;69;68;1;3;57;69;69;56;198451;1;256;53;202648;0;41;2;202648;453;0;2;0;198451;0;198451;0;0;0;0;62;8000000;53;69;53;1;159413;198451;0;11;0;-1;57;68
456;242;128;0;255;255;0;0;41;128;255;Real Racing Club Santander;5;0;74;-1;243792;2;10;-1;2;448;70;70;72;68;1;2;52;69;67;55;187924;0;32;69;243792;1;65;4;243792;456;0;1;0;254005;0;243792;0;1;0;1;53;3000000;39;69;39;1;254005;243792;0;0;0;-1;55;68
457;242;35;0;255;255;0;125;43;45;255;Real Sociedad;5;135;47;-1;230142;2;14;-1;2;448;79;79;80;79;1;-1;40;78;77;35;230142;1;0;38;230142;1;58;4;235944;457;0;0;0;230142;0;235944;0;0;0;0;39;19000000;44;78;34;1;230142;230142;0;16;0;-1;64;80
459;242;5;221;255;255;200;4;43;0;255;Sporting Gijón;5;0;75;-1;224428;2;10;-1;1;110827;74;73;75;73;1;-5;37;71;71;44;224428;0;132;29;178297;1;74;2;178297;459;0;2;0;199158;0;224428;0;0;0;0;39;4800000;44;73;34;1;199158;224428;0;2;0;-1;44;72
461;242;124;247;255;255;1;67;39;1;255;Valencia CF;5;1;47;-1;230786;2;18;-1;1;1853;79;80;80;80;1;0;37;80;80;42;230786;1;5;54;247729;1;50;2;247729;461;0;0;0;211688;1;247729;0;0;0;0;39;20000000;54;79;34;1;247729;247729;0;17;0;-1;54;80
462;242;52;142;255;255;80;175;41;0;255;Real Valladolid CF;6;112;58;-1;241933;2;10;-1;1;459;71;72;72;75;1;-4;39;71;71;55;241933;1;32;50;215639;1;41;2;215639;462;0;0;0;200356;1;241933;0;0;0;0;40;5000000;55;71;35;1;200356;241933;0;2;0;-1;65;77
463;242;78;0;255;255;0;180;42;66;255;Deportivo Alavés;6;200;49;-1;261987;2;5;-1;2;448;75;76;77;76;1;-2;50;74;74;67;261987;1;65;33;244767;1;51;2;244767;463;0;1;0;261987;0;261987;0;0;0;0;50;5000000;67;75;51;1;261987;261987;0;5;0;-1;77;78
467;242;74;52;98;219;70;132;43;90;55;SD Eibar;1;150;46;-1;199986;2;7;-1;2;457;77;78;78;78;1;-2;68;77;76;57;199986;1;74;60;199986;1;58;2;199986;467;0;0;0;233231;0;199986;0;0;0;0;69;7000000;67;77;68;1;233231;199986;0;5;0;-1;64;79
468;242;255;255;60;40;240;255;38;255;100;Elche CF;6;240;49;-1;189172;2;9;-1;2;1853;70;70;71;70;1;0;48;69;69;58;214944;0;8;52;189172;1;51;2;189172;468;0;0;0;189172;0;189172;0;0;0;0;51;5000000;57;70;53;1;189172;189172;0;9;0;-1;54;71
472;242;235;255;173;9;255;0;28;204;78;UD Las Palmas;5;0;47;-1;199823;2;9;-1;2;260;76;75;75;77;1;-15;38;74;75;38;199823;1;4;55;199823;1;31;4;199823;472;0;0;0;251011;0;199823;0;0;0;1;40;6000000;55;75;35;0;251011;199823;0;8;0;-1;55;75
479;242;0;193;93;18;203;5;42;10;25;CA Osasuna;6;15;66;-1;206590;2;11;-1;2;448;71;73;73;72;1;-1;66;73;72;63;206590;1;0;77;206590;1;63;2;206590;479;0;2;0;188335;0;206590;0;0;0;0;66;8500000;69;72;77;1;188335;206590;0;2;0;-1;43;74
480;242;255;255;0;255;255;255;40;234;0;Rayo Vallecano de Madrid;5;240;48;-1;173030;2;13;-1;1;1860;73;74;73;72;1;-3;53;73;72;70;173030;0;2;54;173030;1;59;2;173030;480;0;1;0;173030;0;173030;0;0;0;0;51;7000000;70;73;59;1;173030;173030;0;3;0;-1;53;74
481;242;0;249;255;255;230;0;37;0;255;Sevilla FC;5;0;58;-1;193198;2;17;-1;2;449;80;79;80;80;1;-5;36;77;79;61;193198;1;256;51;193198;1;47;4;193198;481;0;0;0;225719;0;193198;0;0;0;0;36;35000000;31;80;31;1;225719;193198;0;17;0;-1;31;80
483;242;230;250;135;0;255;100;39;215;50;Villarreal CF;5;0;48;-1;189513;2;15;-1;2;461;79;79;79;80;1;0;49;78;79;56;189513;1;36;39;189513;0;32;4;189513;483;0;1;0;157481;0;189513;0;0;0;1;51;35000000;56;79;32;1;208093;189513;0;14;0;-1;38;80
485;37;1;1;58;1;240;1;52;1;157;Hannover 96;18;1;76;-1;201066;2;13;-1;2;110500;74;75;74;76;1;9;73;76;75;35;201066;1;32;45;190671;1;65;2;190671;485;0;1;0;201066;0;201066;0;0;0;0;70;10000000;72;75;69;1;201066;201066;0;12;0;-1;45;75
487;211;51;153;255;255;128;153;52;0;255;VfL Osnabrück;18;128;45;-1;193564;2;6;-1;2;487;64;64;63;65;1;8;50;64;65;47;193564;1;400;78;193564;0;64;9;193564;487;0;2;0;212249;0;193564;0;0;0;0;51;500000;47;65;64;1;176383;193564;0;1;0;-1;48;64
503;37;1;1;1;255;55;1;51;98;205;Dresden;18;15;68;-1;177105;2;7;-1;2;506;68;69;68;67;1;13;37;70;69;57;177105;1;0;52;177105;0;57;2;177105;503;0;2;0;216284;0;177105;0;0;0;0;37;2000000;57;68;37;1;211746;177105;0;7;0;-1;57;67
506;37;55;84;100;202;255;138;50;255;174;Aue;18;255;67;-1;197226;2;7;-1;2;112172;68;66;67;68;1;12;70;64;66;48;197226;1;8;78;197226;1;68;2;197226;506;0;2;0;182520;0;197226;0;0;0;0;67;1600000;61;68;62;1;182520;197226;0;6;0;-1;38;67
507;211;255;255;255;5;1;255;50;189;210;Chemnitzer FC;1;249;58;-1;170589;2;8;-1;2;506;65;65;66;66;1;12;72;65;64;37;213578;0;8;33;170589;1;47;2;170589;507;0;2;0;211702;0;170589;0;0;0;0;72;500000;75;65;63;1;213578;170589;0;3;0;-1;67;66
517;197;255;255;0;0;128;255;-35;128;0;Botafogo de Futebol e Regatas;2;128;48;-1;212462;2;15;-1;1;1043;50;50;50;50;1;-58;55;50;50;52;212462;1;0;65;212462;0;54;2;187764;517;0;0;0;246186;0;212462;0;1;0;1;50;400000;56;50;46;0;215227;212462;0;9;0;-1;56;50
518;240;70;55;30;250;55;160;42;70;30;GD Chaves;1;160;68;-1;192528;2;4;-1;2;111539;72;72;73;72;1;-7;68;72;72;45;192528;0;144;41;192528;1;65;2;192528;518;0;0;0;222832;0;192528;0;0;0;0;72;2500000;79;72;71;0;214942;192528;0;2;0;-1;75;72
531;240;1;1;255;255;1;1;51;98;255;SC Preußen Münster;1;75;68;-1;238561;2;7;-1;2;487;64;65;65;68;1;7;52;65;65;34;238561;1;392;55;238561;1;54;2;204044;531;0;2;0;195262;0;238561;0;0;0;0;52;500000;69;65;50;1;204044;238561;0;1;0;-1;54;68
543;37;1;227;155;169;255;15;49;255;163; SSV Jahn Regensburg;1;255;67;-1;238642;2;5;-1;2;111239;67;68;67;68;1;12;68;67;66;63;238642;0;128;49;210004;1;63;2;210004;543;0;2;0;211920;0;238642;0;0;0;0;66;900000;79;67;77;1;208637;238642;0;4;0;-1;53;69
561;41;220;85;1;1;85;20;51;200;1;Forest Green Rovers FC;1;20;45;-1;198689;2;1;-1;2;110;62;63;64;64;1;-2;52;62;62;49;198689;1;0;34;238729;0;57;2;242018;561;0;2;0;186103;0;198689;0;0;0;0;51;750000;49;62;57;0;224965;198689;0;1;0;-1;33;64
563;65;0;242;255;255;210;0;54;22;255;Sligo Rovers;34;8;48;-1;205053;2;14;-1;2;306;59;58;59;58;1;-8;39;57;57;39;205053;1;128;51;219737;1;55;4;219737;563;0;2;0;206082;0;205053;0;0;0;0;36;575000;41;58;31;0;205053;205053;0;2;0;-1;41;58
567;197;112;5;38;132;255;67;-23;255;6;Fluminense FC;32;255;55;-1;187688;2;17;-1;2;1043;68;71;68;73;1;-43;52;69;69;58;187688;1;1;62;187688;1;52;4;187688;567;0;2;0;189241;2;187688;0;0;0;0;48;7500000;56;71;58;-3;189241;187688;0;12;0;-1;66;73
568;197;52;4;255;255;255;170;-19;255;255;Esporte Clube Cruzeiro;32;255;47;-1;185000;2;17;-1;2;1035;71;72;71;72;1;-44;42;73;73;65;185000;2;4;57;185000;1;45;4;185000;568;0;2;0;176955;1;185000;0;0;0;1;62;13000000;52;72;58;-3;152855;185000;0;12;0;-1;42;72
569;197;255;255;1;1;250;255;-23;250;1;Vasco da Gama;32;250;49;-1;165820;2;16;-1;2;1043;66;68;66;68;1;-43;52;67;67;60;165820;0;0;61;165820;0;51;4;165820;569;0;2;0;203183;1;165820;0;0;0;1;37;3000000;52;68;41;-3;203183;165820;0;10;0;-1;45;68
570;202;128;0;0;255;255;64;42;255;0;Ternana Calcio;1;0;60;-1;203911;2;4;-1;2;199;66;65;67;65;1;12;49;64;65;63;200930;2;40;34;220084;1;49;2;220084;570;0;2;0;220084;0;203911;0;0;0;0;51;2000000;41;65;47;1;203911;203911;0;1;0;-1;73;65
573;242;90;25;255;255;83;170;36;140;255;Málaga CF;5;195;44;-1;192537;2;13;-1;2;481;75;76;75;76;1;-4;53;76;74;35;192537;1;0;43;178616;1;63;2;178616;573;0;0;0;201893;0;192537;0;0;0;0;50;9400000;35;75;63;1;178616;192537;0;15;0;-1;47;76
576;37;60;0;255;255;224;166;54;39;255;Holstein Kiel;1;56;67;-1;188154;2;12;-1;2;110329;68;68;68;70;1;10;72;68;68;39;243354;1;26;63;188154;0;59;2;188154;576;0;2;0;200473;0;200473;0;0;0;0;66;7000000;71;68;65;1;200473;200473;0;1;0;-1;59;72
598;197;0;250;255;255;1;0;-23;1;255;São Paulo FC;32;1;40;-1;214692;2;18;-1;2;383;73;72;73;73;1;-46;45;72;72;38;214692;1;0;64;214692;0;56;4;214692;598;0;1;0;214692;1;214692;0;0;0;0;45;9000000;69;72;48;-3;214692;214692;0;12;0;-1;51;73
605;240;1;1;255;255;1;204;24;1;255;Al-Hilal Saudi FC;39;153;60;-1;224293;2;20;-1;2;112139;71;73;72;74;1;46;38;74;73;65;224293;1;168;55;224293;1;43;4;224293;605;0;0;0;215716;1;224293;0;0;0;1;40;17000000;45;73;35;3;215716;224293;0;5;0;-1;75;74
607;240;255;255;1;1;255;1;21;255;1;Al-Ittihad FC;39;255;60;-1;165153;2;9;-1;2;112387;69;68;69;71;1;39;49;66;66;33;165153;1;17;64;165153;0;43;4;165153;607;0;2;0;165153;0;165153;0;0;0;0;51;12000000;51;68;57;3;165153;165153;0;5;0;-1;33;71
614;55;34;224;255;255;255;16;41;1;255;AC Ajaccio;7;1;43;-1;241167;2;9;-1;2;58;67;68;67;69;1;8;72;67;66;53;241167;1;8;42;241167;0;66;2;241167;614;0;2;0;177482;0;241167;0;0;0;0;69;3000000;63;67;76;1;241167;241167;0;2;0;-1;42;70
631;43;25;25;250;250;25;129;57;25;250;Ross County FC;1;112;29;-1;236487;2;9;-1;2;620;63;66;63;67;1;-4;73;66;65;33;162979;1;336;51;169451;0;23;2;169451;631;0;2;0;236487;1;236487;0;0;0;0;67;700000;80;65;60;0;179831;236487;0;2;0;-1;80;68
634;242;0;0;64;0;255;0;37;255;128;Fortuna Sittard;14;0;44;-1;196934;2;8;-1;2;1905;67;68;67;67;1;-5;40;68;68;55;196934;0;8;43;234848;1;57;2;234848;634;0;1;0;242528;0;196934;0;0;0;0;38;6000000;53;67;33;1;242528;196934;0;2;0;-1;53;68
645;211;128;255;23;23;255;0;47;128;23;FC Volendam;14;0;42;-1;204840;2;4;-1;1;1906;64;62;64;62;1;9;41;60;59;58;204840;1;0;32;204840;0;33;2;204840;645;0;1;0;223814;0;204840;0;0;0;0;53;3000000;46;62;38;1;223814;204840;0;2;0;-1;53;62
647;211;255;255;255;0;255;0;60;255;128;SC Cambuur;14;0;38;-1;242381;2;4;-1;2;1913;63;61;63;61;1;17;52;61;61;39;242381;1;8;32;242381;1;29;2;242381;647;0;1;0;202458;0;242381;0;0;0;0;56;4000000;30;61;61;1;243716;242381;0;2;0;-1;64;61
650;40;145;13;4;255;10;49;52;10;236;ADO Den Haag;14;10;44;-1;211176;2;12;-1;2;245;69;68;69;67;1;4;51;68;68;33;211176;0;0;48;200831;1;34;2;200831;650;0;0;0;188157;0;211176;0;0;0;0;51;2000000;33;68;34;1;200831;211176;0;8;0;-1;48;67
670;53;5;5;255;255;40;5;50;40;255;Royal Charleroi S.C.;11;40;48;-1;220782;2;11;-1;2;232;70;71;70;71;1;4;70;70;70;43;220782;1;72;46;220782;0;32;2;220782;670;0;0;0;220782;0;220782;0;0;0;0;67;1400000;73;70;62;1;220782;220782;0;1;0;-1;46;70
673;53;72;55;255;255;255;186;51;255;255;KRC Genk;11;255;67;-1;229659;2;15;-1;2;232;71;72;71;70;1;5;52;71;71;63;229659;1;10;54;241162;1;63;2;229659;673;0;0;0;229659;0;229659;0;0;0;0;51;17000000;59;72;47;1;229659;229659;0;3;0;-1;53;68
674;53;58;1;255;255;1;183;51;108;255;KAA Gent;11;153;67;-1;176009;2;16;-1;2;231;72;72;72;73;1;3;51;72;72;57;176009;2;6;68;176009;1;57;2;176009;674;0;0;0;176009;0;176009;0;0;0;0;50;12500000;58;73;33;1;233630;176009;0;5;0;-1;67;69
675;53;0;128;255;255;128;255;51;0;255;Beerschot AC;11;255;60;-1;204493;2;13;-1;1;230;69;67;67;67;1;3;49;67;69;64;204493;1;41;54;204493;0;58;2;204493;675;0;0;0;180337;1;204493;0;0;0;0;52;5500000;41;69;48;1;204493;204493;1;1;0;-1;74;66
680;53;219;246;200;46;16;0;50;35;65;Sint-Truidense VV;11;140;67;-1;199674;2;10;-1;2;673;68;67;66;70;1;5;52;67;68;43;184176;1;260;54;223765;1;63;2;223765;680;0;2;0;199674;0;199674;0;0;0;0;51;1200000;44;68;59;1;194365;184176;0;1;0;-1;73;68
681;53;244;249;181;14;229;0;51;224;113;KVC Westerlo;11;20;49;-1;200529;2;11;-1;2;110724;67;68;68;69;1;5;50;67;67;53;200529;1;9;46;200529;1;45;2;200529;681;0;1;0;200529;0;200529;0;0;0;0;63;1100000;38;68;57;1;200529;200529;0;1;0;-1;55;70
682;53;28;237;0;255;0;36;51;166;226;KV Oostende;1;80;46;-1;257307;2;8;-1;2;231;70;70;70;72;1;2;52;70;71;39;257307;1;6;79;247112;1;33;2;247112;682;0;0;0;255400;0;257307;0;0;0;0;52;3000000;39;71;33;1;255400;257307;0;2;0;-1;39;72
687;215;223;250;1;1;250;22;40;223;1;Columbus Crew SC;1;22;45;-1;215270;2;8;-1;2;693;73;70;73;75;1;-83;36;68;68;56;215270;1;42;30;215270;1;64;2;215270;687;0;0;0;198970;0;215270;0;1;0;1;40;18500000;60;70;40;-5;198970;215270;0;3;0;-1;60;75
688;215;1;1;255;255;239;1;39;47;255;D.C. United;1;36;49;-1;237223;2;9;-1;2;689;69;68;69;65;1;-77;68;66;66;65;237223;0;66;49;237223;1;47;2;237223;688;0;1;0;221621;1;237223;0;0;0;0;66;27500000;75;68;77;-5;179551;237223;0;4;0;-1;73;65
689;215;0;246;255;255;31;29;41;42;255;NY Red Bulls;1;62;66;-1;220934;2;8;-1;1;112828;70;70;70;75;1;-74;39;68;68;61;226273;0;128;36;220934;0;61;2;220934;689;0;0;0;226376;1;226273;0;0;0;1;36;24500000;31;70;31;-5;199729;226273;0;4;0;-1;31;75
691;215;52;38;255;255;235;84;42;22;255;New England Revolution;1;52;46;-1;190184;2;7;-1;2;689;70;69;70;71;1;-71;38;67;67;53;190184;1;128;55;190184;1;41;2;190184;691;0;1;0;182130;1;190184;0;0;0;1;40;21500000;55;69;35;-5;182130;190184;0;3;0;-1;55;71
693;215;0;246;255;255;15;29;42;38;255;Chicago Fire Soccer Club;1;106;74;-1;204874;2;3;-1;2;687;71;69;71;76;1;-88;36;68;68;38;204874;1;264;25;204874;1;68;4;204874;693;0;2;0;176071;1;204874;0;0;0;1;38;28000000;58;69;38;-6;176071;204874;1;1;0;-1;58;76
694;215;1;129;255;153;129;14;40;1;204;Colorado Rapids;1;14;48;-1;202866;2;3;-1;2;111065;68;68;68;67;1;-105;69;67;67;66;202866;0;68;40;219684;1;62;2;219684;694;0;2;0;210970;0;202866;0;0;0;1;73;17500000;76;68;72;-7;210970;202866;0;1;0;-1;76;67
695;215;0;220;255;255;1;0;33;62;255;FC Dallas;1;127;67;-1;189153;2;5;-1;1;698;71;70;71;69;1;-97;52;71;71;38;213209;1;16;38;198347;0;58;5;198347;695;0;1;0;206662;0;189153;0;1;0;0;51;20000000;64;70;62;-6;206662;189153;0;2;0;-1;38;69
696;215;24;12;191;118;255;43;39;255;156;Sporting Kansas City;1;255;66;-1;190557;2;8;-1;2;698;71;70;71;69;1;-95;36;70;70;70;190557;1;18;35;190557;1;70;2;190557;696;0;0;0;190772;1;190557;0;0;0;1;40;27000000;40;70;40;-6;190557;190557;0;2;0;-1;40;69
697;215;36;0;0;255;255;93;34;255;210;LA Galaxy;1;255;47;-1;189508;2;10;-1;2;111928;73;70;73;71;1;-118;38;68;68;68;189508;2;0;32;189508;1;38;4;189508;697;0;1;0;238356;0;189508;0;1;0;0;37;37000000;42;70;32;-8;238356;189508;0;5;0;-1;72;71
698;215;135;246;255;255;240;18;30;130;255;Houston Dynamo;1;12;44;-1;210321;2;7;-1;2;695;68;68;68;69;1;-95;68;68;68;41;210321;1;8;54;210321;0;58;6;210321;698;0;1;0;210321;0;210321;0;0;0;0;69;24000000;71;68;68;-6;210321;210321;1;2;0;-1;52;69
700;211;220;249;1;1;255;36;57;255;1;IF Elfsborg;15;30;66;-1;205834;2;17;-1;2;319;68;67;68;68;1;12;40;65;65;42;205834;1;6;52;205834;1;62;2;205834;700;0;0;0;138247;0;205834;0;0;0;1;37;1000000;52;67;32;1;138247;205834;0;7;0;-1;52;68
702;211;68;17;255;255;32;126;58;95;255;IFK Norrköping;15;223;66;-1;220981;2;11;-1;1;705;68;66;68;64;1;16;40;65;65;48;220981;2;42;23;209039;1;68;2;209039;702;0;0;0;202043;0;220981;0;0;0;0;38;950000;58;66;38;1;202043;220981;0;6;0;-1;58;64
705;211;255;255;1;1;245;255;59;255;1;Örebro SK;15;235;43;-1;181013;2;11;-1;1;702;65;63;65;63;1;15;53;61;61;35;181013;0;8;43;181013;0;66;2;181013;705;0;1;0;181013;0;181013;0;0;0;1;50;650000;35;63;66;1;197240;181013;0;6;0;-1;42;63
708;211;97;0;255;255;0;33;59;77;255;Hammarby IF;15;24;43;-1;187339;2;15;-1;1;710;66;66;66;67;1;18;52;65;65;44;187339;1;68;28;187339;1;58;2;187339;708;0;2;0;189721;0;187339;0;0;0;0;50;850000;44;66;58;1;189721;187339;0;7;0;-1;32;67
710;211;128;0;95;47;15;255;59;125;62;Djurgårdens IF;15;210;59;-1;183885;2;17;-1;2;433;67;66;67;61;1;18;51;66;66;50;183885;2;136;51;233040;0;60;4;183885;710;0;1;0;183885;1;183885;0;0;0;0;53;1600000;63;66;34;1;183885;183885;0;7;0;-1;50;61
711;211;204;255;1;1;255;0;58;255;1;BK Häcken;15;255;47;-1;192165;2;13;-1;1;319;65;66;65;67;1;12;53;67;67;60;192165;1;0;71;192165;0;57;2;192165;711;0;1;0;192165;0;192165;0;0;0;0;49;750000;60;66;57;1;192165;192165;0;6;0;-1;41;67
731;211;27;233;208;36;255;35;37;255;94;Panionios GSS;1;255;56;-1;275273;2;13;-1;0;110452;65;62;65;60;1;23;42;60;60;52;275273;0;0;43;226076;0;58;2;226076;731;0;0;0;275273;0;275273;0;0;0;0;52;500000;44;62;40;2;204782;204902;0;9;0;-1;53;60
741;240;23;168;255;255;255;31;36;255;255;Antalyaspor;37;255;44;-1;202642;2;10;-1;1;113142;69;70;69;68;1;30;49;70;70;66;202642;1;272;64;202642;1;69;2;202642;741;0;2;0;194077;0;202642;0;0;0;0;51;6000000;66;69;69;2;202642;202642;0;10;0;-1;63;70
744;240;110;0;255;255;255;10;41;255;255;Rio Ave FC;25;255;59;-1;213374;2;6;-1;1;1896;73;71;71;71;1;-9;40;71;72;70;213374;1;180;40;213374;1;48;2;213374;744;0;0;0;213374;0;213374;0;0;0;1;40;3500000;50;72;40;0;213374;213374;1;4;0;-1;80;70
746;240;255;255;0;0;255;0;41;255;0;İstanbulspor;37;0;49;-1;269862;2;9;-1;1;111117;70;70;70;71;1;32;50;69;69;52;269862;1;0;59;269862;0;65;4;269862;746;0;0;0;234254;1;269862;0;0;0;0;52;3000000;52;70;65;2;269862;269862;0;6;0;-1;59;70
780;211;123;4;1;1;255;94;48;255;1;SV Ried;16;255;33;-1;216184;2;14;-1;2;254;64;63;64;65;1;13;60;62;63;63;216184;2;4;41;216184;0;51;2;216184;780;0;1;0;156438;0;216184;0;0;0;0;40;650000;45;64;35;1;216184;216184;0;6;0;-1;58;65
819;51;76;9;255;255;10;187;55;74;255;FC København;12;177;76;-1;224389;2;20;-1;2;269;72;71;72;69;1;13;52;70;70;44;224389;0;184;55;219466;0;74;2;219466;819;0;2;0;207554;1;224389;0;0;0;0;52;10000000;69;71;68;1;207554;224389;1;10;0;-1;74;69
820;51;18;228;255;255;227;0;57;18;255;Aalborg BK;12;0;67;-1;224356;2;17;-1;1;1516;65;65;65;62;1;9;37;66;66;48;224356;0;160;25;194726;1;68;2;194726;820;0;2;0;213777;0;224356;0;1;0;1;38;3000000;38;65;38;1;226232;224356;0;8;0;-1;38;62
837;65;255;255;1;1;255;255;53;255;1;Dundalk;34;255;68;-1;194791;2;15;-1;2;306;62;60;62;58;1;-6;37;60;60;46;194791;1;136;54;194791;0;56;2;194791;837;0;2;0;190031;0;194791;0;0;0;0;52;950000;63;60;49;0;200845;194791;0;2;0;-1;55;58
838;65;150;24;255;255;45;76;53;149;255;Bray Wanderers;34;84;43;-1;180894;2;10;-1;2;423;59;58;59;56;1;-6;52;57;57;44;180894;2;17;74;198543;1;47;2;180894;838;0;2;0;165458;0;180894;0;0;0;0;51;525000;44;58;47;0;180894;180894;0;1;0;-1;73;56
873;211;81;0;255;255;65;156;52;121;255;Lech Poznań;1;198;74;-1;260807;2;20;-1;2;1871;71;70;71;71;1;16;53;68;68;47;260807;1;144;37;258276;1;77;4;258276;873;0;0;0;206626;1;260807;0;0;0;1;50;5000000;45;70;63;2;206626;260807;0;9;0;-1;37;71
874;211;87;40;255;255;53;159;50;118;255;Ruch Chorzow;26;236;35;-1;106436;2;13;-1;2;111086;64;66;66;63;1;18;45;67;65;64;106436;1;8;57;106436;0;38;2;219700;874;0;2;0;176253;0;219700;0;0;0;0;40;3500000;36;64;58;1;219700;219700;0;6;0;-1;47;68
894;211;255;255;230;1;255;255;47;255;155;FC Zürich;1;255;43;-1;231027;2;18;-1;1;322;64;64;63;67;1;8;67;64;66;40;231027;1;64;47;231027;1;32;2;231027;894;0;0;0;204842;0;231027;0;0;0;1;67;4000000;70;66;62;1;231027;231027;0;7;0;-1;66;65
896;211;4;230;129;1;249;22;47;222;7;FC Basel;17;50;68;-1;199504;2;20;-1;2;900;74;72;72;71;1;7;38;70;73;58;199504;1;178;28;199504;1;58;2;199504;896;0;2;0;199504;0;199504;0;0;0;1;38;9000000;48;73;38;1;199504;199504;0;11;0;-1;68;70
897;211;98;0;255;255;240;170;47;230;255;FC Luzern;17;30;60;-1;212150;2;9;-1;2;896;65;66;67;66;1;8;39;62;62;46;212150;1;160;26;231077;1;64;2;212150;897;0;2;0;190058;0;212150;0;0;0;0;36;4000000;36;65;36;1;212150;231077;0;5;0;-1;76;66
898;211;148;45;255;255;45;88;47;168;255;FC St. Gallen;17;88;47;-1;210619;2;12;-1;2;897;66;66;66;67;1;9;50;65;66;52;210619;1;34;50;228645;0;65;2;210619;898;0;1;0;228645;0;210619;0;0;0;0;52;4000000;52;67;65;1;228645;210619;0;5;0;-1;79;67
900;211;209;255;1;1;255;0;46;219;1;BSC Young Boys;17;0;60;-1;250766;2;18;-1;2;896;68;71;69;72;1;7;51;69;67;35;250766;0;144;45;270328;0;61;2;270328;900;0;0;0;177019;0;250766;0;0;0;0;53;9000000;68;70;51;1;177019;250766;0;8;0;-1;65;72
917;211;107;19;1;1;255;174;59;255;1;Stabæk Fotball;13;255;66;-1;211238;2;11;-1;2;920;63;64;63;67;1;11;37;63;63;35;211238;2;8;30;233445;1;55;4;220786;917;0;2;0;213618;1;211238;0;0;0;0;40;500000;55;64;35;1;213618;211238;0;6;0;-1;55;67
918;51;228;255;1;1;235;0;67;210;1;FK Bodø/Glimt;13;0;40;-1;224874;2;11;-1;2;298;62;61;62;61;1;14;63;62;62;53;224874;1;8;48;224874;1;57;2;224874;918;0;2;0;221001;0;224874;0;0;0;0;59;3000000;67;61;44;1;224874;224874;0;3;0;-1;63;61
919;211;19;204;255;255;245;25;60;10;255;SK Brann;13;12;27;-1;200770;2;6;-1;1;920;66;66;66;66;1;5;70;67;67;37;221552;0;72;49;200770;0;35;2;200770;919;0;2;0;189899;0;200770;0;0;0;0;72;1000000;63;66;63;1;200770;200770;0;3;0;-1;63;66
920;211;46;25;63;226;255;202;59;255;31;Vålerenga Fotball;13;255;59;-1;140618;2;19;-1;2;299;63;65;63;64;1;10;40;65;65;63;140618;1;0;48;177912;0;57;2;140618;920;0;2;0;183377;0;140618;0;0;0;0;38;1300000;53;65;33;1;183377;140618;0;9;0;-1;53;64
922;211;51;51;255;255;198;102;59;36;255;Strømsgodset IF;13;5;68;-1;203368;2;15;-1;1;298;67;67;67;67;1;10;51;68;68;56;197391;1;256;36;197391;1;56;2;203368;922;0;0;0;233400;0;203368;0;0;0;0;49;1100000;63;67;40;1;197391;203368;0;6;0;-1;66;67
974;240;0;244;255;255;1;48;37;111;255;Korea Republic;1;211;51;-1;200104;2;20;-1;1;1411;69;70;69;64;1;126;40;70;70;51;200104;2;0;50;200104;1;48;2;200104;974;0;0;0;200104;1;200104;0;0;1;1;55;0;45;70;45;9;200104;200104;0;11;0;-1;38;64
982;240;1;255;1;1;255;1;37;255;1;FC Seoul;1;255;48;-1;208063;2;20;-1;2;983;69;68;69;65;1;126;51;66;66;48;208063;1;32;56;208063;1;70;4;208063;982;0;2;0;165888;0;208063;0;0;0;0;49;4600000;48;68;70;9;234222;208063;0;7;0;-1;56;65
983;240;1;1;255;255;204;204;37;1;255;Suwon Samsung;1;1;43;-1;176348;2;15;-1;2;982;67;69;67;71;1;127;51;69;69;43;176348;1;40;78;176348;1;52;4;176348;983;0;0;0;176348;0;176348;0;0;0;0;51;5000000;43;69;52;9;176348;176348;0;5;0;-1;78;71
1013;216;44;29;17;217;29;63;-34;44;27;San Lorenzo de Almagro;1;63;44;-1;211267;2;20;-1;2;111711;73;74;73;76;1;-58;38;71;71;68;211267;2;32;22;211267;1;48;2;211267;1013;0;2;0;189575;0;211267;0;0;0;0;37;9000000;42;73;32;-3;189575;211267;0;11;0;-1;42;77
1032;170;34;13;255;255;13;63;25;34;255;Monterrey;24;63;66;-1;236841;2;16;-1;2;1970;74;76;75;76;1;-100;67;74;74;54;239725;2;18;38;236841;1;70;4;236841;1032;0;0;0;173432;0;236841;0;0;0;1;73;24500000;66;74;68;-6;173432;239725;0;8;0;-1;34;79
1035;197;1;1;255;255;255;1;-19;255;255;Clube Atlético Mineiro;32;255;50;-1;157271;2;16;-1;2;568;74;74;74;73;1;-44;38;73;73;67;157271;1;144;67;191186;0;49;2;191186;1035;0;2;0;157271;1;157271;0;0;0;0;39;8000000;57;74;51;-3;157271;157271;0;10;0;-1;66;73
1039;197;0;155;1;1;255;29;-25;255;1;Clube Atlético Paranaense;32;255;39;-1;181376;2;12;-1;2;111044;69;68;69;67;1;-49;68;65;65;55;181376;1;0;61;142750;0;45;6;203709;1039;0;2;0;142750;0;181376;0;0;0;0;70;1650000;65;68;53;-3;233193;181376;0;8;0;-1;67;67
1041;197;255;255;0;0;0;255;-23;0;0;Corinthians SP;32;0;57;-1;202556;2;20;-1;2;598;73;73;73;76;1;-46;41;71;71;42;202556;0;10;46;202556;0;58;2;202556;1041;0;1;0;167958;0;202556;0;1;0;1;38;11000000;48;73;50;-3;167958;202556;1;13;0;-1;47;76
1043;197;0;215;0;0;0;15;-23;0;0;Flamengo RJ;32;0;51;-1;240699;2;20;-1;2;567;71;73;71;73;1;-43;54;72;72;58;240699;0;16;66;191043;0;49;6;191043;1043;0;2;0;240699;0;240699;0;1;0;1;69;5000000;69;73;55;-3;240699;240699;1;13;0;-1;53;73
1048;211;0;200;255;255;255;0;-30;255;255;S.C. Internacional;32;255;45;-1;138703;2;16;-1;2;1629;71;72;71;71;1;-51;57;70;70;59;138703;1;16;61;138703;0;58;2;138703;1048;0;0;0;138703;2;138703;0;0;0;0;68;7500000;52;72;55;-3;138703;138703;0;12;0;-1;54;71
1053;197;255;255;1;1;1;255;-24;1;1;Santos FC;32;1;48;-1;190871;2;16;-1;2;598;72;72;72;75;1;-46;52;70;70;56;190871;2;0;59;201434;0;49;5;215186;1053;0;2;0;265604;1;190871;0;0;0;1;66;8750000;52;72;58;-3;265604;190871;0;11;0;-1;30;75
1318;240;255;255;6;241;255;255;51;255;6;England;1;255;43;-1;202126;2;10;-1;2;1337;81;82;81;84;1;0;52;81;81;49;252371;0;0;41;237692;1;55;2;237692;1318;0;0;0;202126;0;202126;0;0;0;0;49;0;49;82;55;0;202126;202126;0;8;0;-1;41;84
1319;211;0;255;0;0;255;0;37;0;0;Albania;1;0;42;-1;234983;2;20;-1;1;1341;50;50;50;50;1;23;45;50;50;44;234983;1;0;40;237640;0;55;2;234983;1319;0;0;0;189296;0;234983;0;0;0;0;50;0;55;50;40;2;261204;234983;0;9;0;-1;59;50
1321;211;0;255;255;0;255;0;40;255;0;Armenia;1;0;56;-1;192883;2;20;-1;1;1365;50;50;50;50;1;44;57;50;50;46;186270;1;0;53;186270;0;42;2;192883;1321;0;0;0;168760;0;196217;0;0;0;0;44;0;56;50;54;4;176270;192883;1;8;0;-1;53;50
1322;71;9;204;255;255;239;26;48;2;255;Austria;1;40;66;-1;204923;2;10;-1;1;1337;78;77;78;77;1;16;39;77;77;50;204923;0;48;17;204923;1;70;2;204923;1322;0;1;0;225375;0;204923;0;0;0;0;40;0;40;77;40;1;184200;204923;0;4;0;-1;40;77
1324;211;0;191;24;36;255;0;-34;255;103;Belarus;1;255;50;-1;207412;2;20;-1;1;1366;50;50;50;50;1;-58;50;50;50;50;213326;1;0;50;197303;0;50;2;197303;1324;0;0;0;203625;0;207412;0;0;0;0;50;0;50;50;50;0;160556;207412;0;7;0;-1;50;50
1325;211;40;238;69;250;10;57;50;10;224;Belgium;1;10;75;-1;192985;2;10;-1;2;105035;84;84;84;83;1;4;36;85;85;36;192985;0;16;51;192985;1;66;4;192985;1325;0;0;0;192985;0;192985;0;0;0;1;36;0;56;84;36;1;192985;192985;0;7;0;-1;66;83
1327;211;107;37;255;255;182;83;43;35;255;Bulgaria;1;41;44;-1;225780;2;10;-1;1;1356;70;70;70;70;1;23;50;69;69;47;225780;1;0;42;222225;1;55;4;208866;1327;0;0;0;234234;0;225780;0;0;0;0;49;0;47;70;55;2;234746;225780;0;5;0;-1;41;70
1328;240;255;255;0;255;0;255;44;0;0;Croatia;1;255;55;-1;177003;2;20;-1;1;110082;50;50;50;50;1;20;70;50;50;50;177003;1;0;60;177003;0;40;2;177003;1328;0;0;0;177003;0;177003;0;1;0;1;40;0;60;50;30;2;177003;177003;1;12;0;-1;50;50
1329;211;0;0;255;255;255;255;35;255;255;Cyprus;18;0;47;-1;157689;2;20;-1;1;1365;50;50;50;50;1;33;45;50;50;44;157689;1;0;45;157689;0;46;2;157689;1329;0;0;0;168053;0;157689;0;1;0;1;46;0;52;50;56;2;157689;157689;1;8;0;-1;45;50
1330;71;27;225;163;59;255;34;50;255;90;Czech Republic;1;255;75;-1;236791;2;10;-1;1;1337;75;75;75;75;1;14;71;74;74;41;236791;2;0;41;236791;0;71;2;236791;1330;0;2;0;236792;0;236791;0;0;0;0;68;0;62;75;75;1;236792;236791;0;5;0;-1;41;75
1331;211;4;154;255;255;153;8;55;3;255;Denmark;1;8;60;-1;190460;2;10;-1;2;1363;78;78;78;76;1;13;53;77;77;52;190460;1;288;42;190460;1;46;2;190460;1331;0;0;0;163587;0;190460;0;0;0;0;50;0;45;78;68;1;190460;190460;0;5;0;-1;42;76
1332;240;108;0;0;0;255;217;49;255;0;Estonia;1;255;50;-1;207451;2;20;-1;1;1357;50;50;50;50;1;-123;50;50;50;50;182053;1;2;50;192898;0;50;2;192898;1332;0;0;0;140620;0;182053;0;0;0;0;50;0;50;50;50;-8;192899;182053;0;5;0;-1;50;50
1334;211;255;255;204;0;255;255;60;235;102;Finland;1;245;25;-1;194163;2;10;-1;2;1363;72;71;72;71;1;24;51;70;70;29;194163;0;0;46;194163;0;30;2;213654;1334;0;2;0;198479;0;194163;0;0;0;0;49;0;68;71;52;2;190362;194163;0;3;0;-1;46;71
1335;240;0;0;255;255;255;136;48;1;255;France;1;1;47;-1;232656;2;10;-1;1;1343;85;84;85;84;1;2;30;81;81;67;232656;1;128;52;231443;1;47;2;231443;1335;0;0;0;231747;0;232656;0;0;0;0;35;0;35;84;24;1;231747;232656;0;9;0;-1;53;84
1336;211;0;255;255;255;255;0;42;0;255;Georgia;1;0;47;-1;254551;2;20;-1;1;1357;50;50;50;50;1;45;43;50;50;56;247635;1;0;58;247635;0;40;2;247635;1336;0;0;0;192904;0;254551;0;0;0;0;47;0;60;50;56;4;254551;254551;1;7;0;-1;53;50
1337;211;255;255;1;1;255;255;52;255;1;Germany;1;255;66;-1;186942;2;10;-1;2;1318;85;85;85;82;1;13;34;83;83;60;186942;0;640;34;212622;0;60;2;212622;1337;0;0;0;186942;0;186942;0;0;0;1;28;0;26;85;20;1;186942;186942;0;10;0;-1;40;82
1338;240;92;51;255;255;15;180;37;136;255;Greece;1;210;25;-1;202517;2;10;-1;2;1365;75;76;75;81;1;23;67;77;77;20;202517;0;96;41;202517;1;28;2;202517;1338;0;0;0;202517;0;202517;0;0;0;0;71;0;71;76;71;2;227732;202517;0;6;0;-1;41;81
1341;211;91;36;255;255;221;167;64;23;255;Iceland;1;11;43;-1;191076;2;10;-1;1;1334;73;72;73;72;1;-21;52;69;69;44;184484;1;64;56;191076;1;70;2;184484;1341;0;2;0;189167;0;184484;0;0;0;0;49;0;44;72;70;0;184484;191076;0;2;0;-1;56;72
1342;211;255;255;255;0;255;255;32;255;128;Israel;1;255;40;-1;204399;2;20;-1;1;1353;50;50;50;50;1;35;54;50;50;60;206317;1;0;50;204399;0;60;2;204399;1342;0;0;0;141001;0;204399;0;0;0;0;55;0;60;50;45;2;208498;204399;0;10;0;-1;60;50
1343;240;107;0;210;0;255;187;41;255;90;Italy;1;255;34;-1;228251;2;10;-1;1;1335;83;83;83;82;1;12;54;83;83;34;224232;2;0;30;224232;0;44;5;226268;1343;0;0;0;230621;1;228251;0;0;0;0;52;0;42;83;42;1;205498;228251;0;9;0;-1;60;82
1352;240;5;164;255;255;17;1;59;51;255;Norway;1;210;46;-1;222665;2;10;-1;2;1363;72;73;72;74;1;10;70;73;73;51;222665;2;0;51;222665;1;69;2;222665;1352;0;2;0;222665;0;222665;0;0;0;0;72;0;61;73;79;1;239085;222665;0;4;0;-1;55;74
1353;240;2;206;255;255;221;2;52;22;255;Poland;1;22;46;-1;210406;2;10;-1;2;1337;77;78;77;82;1;21;52;75;75;34;210406;1;40;49;210406;1;52;2;210406;1353;0;0;0;188545;0;188545;0;1;0;1;49;0;34;78;52;1;188545;188545;0;5;0;-1;56;82
1354;240;10;210;2;0;20;15;39;130;100;Portugal;1;0;66;-1;218667;2;10;-1;1;1362;82;82;82;86;1;-9;50;80;80;38;212198;1;32;68;218667;1;58;4;212198;1354;0;0;0;20801;0;212198;0;0;0;1;51;0;62;82;54;0;20801;212198;0;8;0;-1;58;86
1355;70;153;0;255;255;10;76;53;140;255;Ireland;1;31;67;-1;228151;2;10;-1;2;1318;75;75;75;76;1;-6;50;76;76;55;228151;1;0;35;228151;1;55;2;228151;1355;0;0;0;192622;1;228151;0;0;0;0;53;0;67;75;31;0;259608;228151;0;5;0;-1;35;76
1356;211;204;255;1;255;1;1;44;1;1;Romania;1;204;40;-1;212207;2;10;-1;1;1886;72;73;72;79;1;26;50;71;71;50;212207;1;72;45;212207;1;45;2;212207;1356;0;0;0;212207;0;212207;0;0;0;0;55;0;35;73;45;2;239978;212207;0;5;0;-1;65;79
1357;211;16;255;255;255;160;26;55;20;255;Russia;1;20;44;-1;225663;2;10;-1;2;1353;76;76;76;77;1;37;49;75;75;46;225663;1;0;77;225663;0;63;2;225663;1357;0;0;0;187607;1;225663;0;0;0;0;50;0;46;76;63;3;187607;225663;0;6;0;-1;37;77
1359;211;55;46;255;255;250;94;55;240;255;Scotland;1;1;44;-1;210881;2;10;-1;2;1318;74;74;74;74;1;-4;50;73;73;47;210881;1;0;45;210881;1;49;2;216267;1359;0;0;0;216267;1;210881;0;0;0;0;53;0;47;74;49;0;216218;210881;0;4;0;-1;45;74
1360;240;255;255;211;44;255;255;50;255;106;Slovakia;18;255;45;-1;227562;2;20;-1;1;1330;50;50;50;50;1;14;55;50;50;58;222148;1;0;55;222148;0;55;2;222148;1360;0;0;0;232363;0;222148;0;0;0;0;60;0;50;50;52;1;190875;222148;0;10;0;-1;60;50
1361;240;255;255;200;55;100;255;47;175;20;Slovenia;1;40;74;-1;270017;2;10;-1;2;1343;75;75;75;74;1;16;37;73;73;36;270017;1;0;31;270017;1;66;2;270017;1361;0;0;0;200389;1;270017;0;0;0;0;36;0;46;75;36;1;231786;270017;0;5;0;-1;46;74
1362;211;8;181;25;255;200;16;40;44;173;Spain;1;22;75;-1;210035;2;10;-1;2;1343;86;86;86;84;1;-3;28;86;86;52;210035;1;672;41;210035;1;62;2;210035;1362;0;0;0;201153;0;210035;0;0;0;1;32;0;20;86;27;1;201153;210035;0;9;0;-1;32;84
1363;211;221;253;180;1;250;26;59;210;106;Sweden;1;5;66;-1;208448;2;10;-1;2;1331;77;76;77;77;1;18;52;76;76;35;208448;1;0;55;208448;1;55;2;208448;1363;0;0;0;221660;1;208448;0;0;0;0;53;0;54;76;59;1;233731;208448;0;5;0;-1;55;77
1364;71;23;228;255;255;222;6;47;11;255;Switzerland;1;11;46;-1;193352;2;10;-1;1;1322;78;78;78;74;1;7;53;76;76;60;193352;1;16;55;193352;1;59;4;193352;1364;0;0;0;199503;0;193352;0;0;0;0;53;0;60;78;59;1;199503;193352;0;5;0;-1;55;74
1365;240;17;213;255;255;224;27;40;27;255;Turkey;1;34;58;-1;208128;2;10;-1;1;1338;77;78;77;78;1;29;37;78;78;52;208128;2;32;52;208128;1;62;4;208128;1365;0;0;0;208128;0;208128;0;0;0;0;37;0;52;78;32;2;208128;208128;0;6;0;-1;62;78
1366;240;255;255;255;0;255;0;49;255;0;Ukraine;1;0;40;-1;194794;2;20;-1;1;1357;50;50;50;50;1;32;45;50;50;50;227813;1;0;50;244374;0;40;2;227813;1366;0;0;0;194794;0;194794;0;0;0;0;45;0;45;50;55;3;194794;194794;0;11;0;-1;55;50
1367;211;15;218;255;255;1;4;51;181;255;Wales;1;1;44;-1;220710;2;10;-1;2;1318;73;75;73;82;1;-3;68;77;77;57;220710;0;0;53;186561;0;53;4;186561;1367;0;0;0;232104;0;220710;0;0;0;0;72;0;67;75;63;0;232104;220710;0;4;0;-1;49;82
1369;211;200;125;255;255;100;255;-34;175;255;Argentina;1;225;76;-1;158023;2;10;-1;1;1370;81;83;81;87;1;-58;40;82;82;36;158023;1;128;51;158023;1;66;4;158023;1369;0;2;0;158023;1;158023;0;0;0;1;36;0;36;83;36;-3;158023;158023;0;9;0;-1;36;87
1370;211;240;255;68;0;20;1;-23;140;118;Brazil;1;70;76;-1;233419;2;10;-1;2;1369;82;84;82;85;1;-43;33;85;85;63;233419;1;672;52;233419;1;73;4;233927;1370;0;0;0;199304;1;233419;0;0;0;0;36;0;42;84;40;-3;273600;233419;0;10;0;-1;33;85
1375;211;17;230;255;255;0;23;-25;56;255;Paraguay;1;168;59;-1;240875;2;10;-1;2;1369;74;74;74;75;1;-57;50;73;73;52;240875;2;0;62;240875;1;54;4;240875;1375;0;1;0;228229;0;240875;0;0;0;0;50;0;57;74;36;-4;230977;240875;0;4;0;-1;62;75
1377;211;206;135;255;255;135;235;-34;207;255;Uruguay;1;244;44;-1;239053;2;10;-1;1;1369;76;80;76;85;1;-56;49;81;81;61;239053;1;256;44;240699;1;67;4;240699;1377;0;2;0;216460;0;239053;0;0;0;0;51;0;61;80;67;-3;253072;239053;0;7;0;-1;43;85
1383;211;50;1;24;185;255;119;39;255;21;Costa Rica;1;255;47;-1;204713;2;20;-1;2;1386;0;0;0;0;1;-77;41;0;0;53;204713;1;0;54;268719;1;43;4;268719;1383;0;0;0;213064;2;204713;0;1;1;1;38;0;53;0;41;-5;204713;204713;1;12;0;-1;49;0
1386;211;124;12;255;255;255;68;19;0;255;Mexico;1;0;68;-1;222382;2;10;-1;2;1387;78;78;78;79;1;-99;53;77;77;40;222382;0;20;61;222382;0;60;4;222382;1386;0;0;0;235844;1;222382;0;0;0;0;53;0;70;78;56;-6;245152;222382;0;7;0;-1;60;79
1387;240;7;241;92;0;255;16;48;255;37;United States;1;255;48;-1;245541;2;10;-1;1;1386;77;75;77;75;1;-122;51;74;74;58;227796;2;32;35;227796;1;70;4;227796;1387;0;0;0;227796;0;227796;0;0;0;0;52;0;58;75;70;-8;227796;227796;0;6;0;-1;34;75
1391;211;0;255;255;255;255;0;49;255;255;Tunisia;8;255;48;-1;218229;2;20;-1;1;111130;50;50;50;50;1;-123;55;50;50;52;218229;1;0;36;218229;0;60;2;218229;1391;0;0;0;194845;0;194845;0;0;0;0;67;0;52;50;51;-8;194845;194845;0;10;0;-1;60;50
1393;211;128;0;255;255;0;64;55;128;255;Nigeria;4;0;56;-1;213655;2;20;-1;1;1395;50;50;50;50;1;37;43;50;50;51;213655;1;0;42;213655;0;62;2;213655;1393;0;0;0;213655;0;213655;0;0;0;0;52;0;50;50;54;3;213655;213655;0;12;0;-1;56;50
1395;71;128;0;0;255;255;0;4;233;0;Cameroon;1;0;60;-1;199069;2;10;-1;1;111112;72;70;72;73;1;12;28;68;68;54;199069;1;144;53;227236;1;64;2;227236;1395;0;0;0;199069;0;199069;0;0;0;0;36;0;49;70;37;1;199069;199069;0;5;0;-1;54;73
1411;211;0;0;0;255;255;160;37;255;0;Japan;1;255;50;-1;237681;2;20;-1;1;974;50;50;50;50;1;126;50;50;50;50;237681;1;0;50;232730;0;50;2;232730;1411;0;0;0;191648;0;237681;0;0;0;0;50;0;50;50;50;9;232730;237681;0;11;0;-1;50;50
1413;240;1;255;255;255;255;1;39;1;255;China PR;1;1;49;-1;221820;2;10;-1;1;111466;70;71;70;71;1;116;50;69;69;57;158293;1;16;48;221820;1;54;2;182411;1413;0;2;0;158293;0;221820;0;0;0;0;51;0;57;71;54;8;158309;221820;0;3;0;-1;68;71
1415;240;221;255;59;12;247;0;-33;176;79;Australia;1;52;58;-1;237647;2;10;-1;2;1413;73;73;73;72;1;151;36;71;71;36;237647;2;160;21;202157;1;62;4;202157;1415;0;0;0;199005;0;237647;0;0;0;0;36;0;46;73;36;10;212232;237647;0;5;0;-1;46;72
1438;197;0;201;255;255;201;24;49;0;255;Santa Clara;25;24;50;-1;201512;2;8;-1;1;1893;50;50;50;50;1;-123;50;50;50;50;263574;1;0;50;201512;0;50;2;229498;1438;0;0;0;229498;0;201512;0;0;0;0;50;3000000;50;50;50;-8;263574;263574;0;2;0;-1;50;50
1439;211;24;239;255;255;230;33;56;20;255;Kalmar FF;15;28;43;-1;167599;2;16;-1;1;112169;65;66;65;66;1;16;39;66;66;54;167599;1;64;21;167599;0;50;2;167599;1439;0;2;0;177055;0;167599;0;0;0;0;36;700000;36;66;36;1;177055;167599;0;6;0;-1;36;66
1443;51;113;0;255;255;0;97;56;140;255;Viborg FF;1;110;34;-1;52115;2;7;-1;1;1516;63;63;62;63;1;9;58;57;57;65;52115;1;64;51;52115;1;40;2;52115;1443;0;0;0;18708;0;52115;0;0;0;0;56;550000;60;63;62;1;216355;52115;0;1;0;-1;55;62
1445;51;112;0;255;255;3;223;55;52;255;Esbjerg fB;12;220;34;-1;138089;2;13;-1;2;1447;64;66;66;66;1;8;39;65;64;52;138089;1;512;63;199747;1;37;2;199747;1445;0;2;0;138089;0;138089;0;0;0;0;49;650000;36;64;52;1;189141;138089;0;5;0;-1;66;66
1446;51;234;254;1;1;252;0;56;219;1;AC Horsens;12;0;46;-1;204164;2;9;-1;2;271;62;62;62;63;1;10;67;62;62;32;204164;1;0;39;204164;1;69;2;155567;1446;0;1;0;169449;1;155567;0;0;0;0;72;800000;62;62;79;1;169449;204164;0;6;0;-1;35;63
1447;51;155;69;255;255;52;241;55;67;255;SønderjyskE;12;134;76;-1;135032;2;9;-1;1;1445;65;64;65;64;1;9;67;61;61;51;198534;1;170;51;198534;0;61;2;198534;1447;0;2;0;188978;0;135032;0;0;0;0;70;650000;66;64;77;1;135032;135032;0;5;0;-1;61;64
1456;211;255;255;1;1;245;255;59;245;1;Odds BK;13;255;67;-1;190438;2;11;-1;2;922;63;65;63;63;1;9;53;68;68;47;190438;2;2;48;204626;0;67;2;204626;1456;0;0;0;167159;1;190438;0;0;0;0;50;850000;55;65;63;1;167159;190438;0;5;0;-1;47;63
1463;211;255;255;255;0;245;255;59;225;0;FK Haugesund;13;235;60;-1;230976;2;6;-1;1;300;64;64;64;62;1;5;69;65;65;50;202204;0;132;76;222519;0;52;2;202204;1463;0;2;0;182905;0;222519;0;0;0;0;69;610000;64;64;64;1;232559;222519;0;5;0;-1;80;62
1465;211;255;255;1;1;250;255;61;250;1;Sogndal Fotball;13;255;49;-1;201885;2;4;-1;2;919;56;61;56;61;1;7;71;62;62;60;201885;1;256;54;205149;1;64;2;240548;1465;0;1;0;231686;0;201885;0;0;0;0;67;500000;70;61;74;1;205149;201885;0;3;0;-1;70;61
1473;240;102;1;255;255;255;204;35;204;255;Ulsan Hyundai;1;1;47;-1;191921;2;17;-1;2;1474;68;69;68;74;1;129;51;69;69;58;191921;0;2;77;191921;1;62;4;222052;1473;0;0;0;191921;0;191921;0;0;0;0;49;4200000;58;69;62;9;202989;191921;0;6;0;-1;56;74
1474;240;1;204;1;1;255;1;35;255;1;Pohang Steelers;1;255;28;-1;221756;2;19;-1;1;1473;62;66;62;65;1;129;72;65;65;39;207544;1;16;35;207544;1;26;4;207544;1474;0;2;0;226651;0;221756;0;0;0;1;69;3600000;69;66;49;9;226651;221756;0;6;0;-1;39;65
1475;23;255;255;1;1;255;1;34;255;1;Jeonnam Dragons;1;255;46;-1;199262;2;10;-1;2;1477;71;67;71;67;1;127;53;66;66;50;199262;1;2;56;199262;1;42;2;165903;1475;0;0;0;165903;0;199262;0;0;0;0;51;3000000;50;67;55;9;231942;199262;0;2;0;-1;60;67
1477;240;204;1;1;1;255;1;35;255;1;Jeonbuk Hyundai;1;255;48;-1;202305;2;17;-1;1;1475;69;71;69;71;1;127;68;72;72;57;202305;1;134;60;176346;1;58;4;176346;1477;0;0;0;187447;0;202305;0;0;0;0;69;7600000;67;71;68;9;191910;202305;0;7;0;-1;64;71
1478;240;128;255;1;1;255;1;33;255;1;Jeju United;1;255;47;-1;191673;2;13;-1;1;981;68;67;68;66;1;126;67;67;67;32;207753;1;32;71;192259;1;53;4;191673;1478;0;2;0;207753;0;191673;0;0;0;0;72;2400000;62;67;63;9;192259;191673;0;4;0;-1;67;66
1480;41;1;1;255;255;225;200;55;1;255;Carlisle United FC;3;1;49;-1;193932;2;5;-1;2;1801;62;63;63;57;1;-3;36;63;64;61;168633;0;4;33;168633;1;42;6;193932;1480;0;0;0;168633;0;168633;0;0;0;0;36;700000;46;63;36;0;168633;168633;0;3;0;-1;46;57
1516;51;33;224;1;1;221;34;56;30;1;FC Midtjylland;12;27;67;-1;206114;2;17;-1;2;819;69;70;69;70;1;9;38;68;68;40;206114;0;32;29;206114;0;60;2;206114;1516;0;2;0;190633;0;206114;0;0;0;0;40;9500000;50;70;40;1;206114;206114;0;8;0;-1;70;70
1524;211;255;255;1;1;240;0;58;235;1;IK Start;13;0;38;-1;165447;2;11;-1;2;300;62;62;62;62;1;8;62;61;61;62;165447;1;0;51;165447;1;43;2;165447;1524;0;2;0;208350;0;165447;0;0;0;0;58;690000;56;62;47;1;184632;165447;0;5;0;-1;68;62
1530;38;255;255;1;1;255;255;47;255;1;Angers SCO;7;255;29;-1;225855;2;8;-1;2;62;73;73;73;74;1;0;67;72;73;20;225855;1;82;49;236454;0;36;2;236454;1530;0;2;0;209781;0;225855;0;0;0;0;72;7000000;75;73;55;1;209781;225855;0;7;0;-1;55;74
1569;211;122;4;255;255;0;196;54;100;255;Wisła Płock;1;196;26;-1;208630;2;11;-1;2;1871;65;64;65;66;1;18;53;63;63;31;208630;0;272;42;208630;0;29;2;208630;1569;0;0;0;188546;0;208630;0;0;0;0;50;2316000;50;64;58;2;224324;208630;0;3;0;-1;72;66
1571;65;21;143;241;167;255;82;53;255;213;Galway United;34;255;45;-1;207774;2;7;-1;2;563;56;56;56;58;1;-9;49;57;57;36;207513;2;0;39;207774;0;35;2;207774;1571;0;2;0;240154;0;207513;0;0;0;0;52;525000;36;56;35;0;207513;207513;0;1;0;-1;39;58
1572;65;17;123;250;135;165;40;53;30;206;Drogheda United;34;43;44;-1;203232;2;14;-1;2;837;56;56;56;55;1;-6;52;55;55;64;203232;2;324;40;223974;1;33;2;203232;1572;0;2;0;219095;0;203232;0;0;0;0;52;500000;64;56;33;0;203232;203232;1;2;0;-1;79;55
1586;70;1;230;1;1;230;1;53;3;1;Longford Town;1;38;44;-1;216555;2;8;-1;2;1571;55;54;55;54;1;-7;54;54;54;45;170104;1;4;53;170104;1;46;2;170104;1586;0;2;0;180613;0;216555;0;0;0;0;44;550000;52;54;53;0;170104;216555;0;1;0;-1;55;54
1596;211;90;1;255;255;250;177;62;190;255;GIF Sundsvall;1;10;46;-1;187335;2;10;-1;1;113173;62;61;62;60;1;17;50;61;61;32;187335;1;36;50;191106;0;46;2;191106;1596;0;2;0;187334;0;187335;0;0;0;0;53;600000;32;61;46;1;187334;187335;0;4;0;-1;50;60
1598;197;128;0;255;255;255;255;-19;0;255;Esporte Clube Bahia;32;0;50;-1;209543;2;10;-1;1;1719;50;50;50;50;1;-44;50;50;50;50;209543;1;0;50;209543;0;50;2;209543;1598;0;0;0;224975;0;209543;0;0;0;0;50;200000;50;50;50;-3;209542;209543;0;9;0;-1;50;50
1629;197;174;0;255;255;1;239;-30;180;255;Grêmio FBPA;32;240;37;-1;222446;2;17;-1;2;1048;71;72;71;74;1;-51;53;68;68;54;157117;1;296;65;222446;1;57;6;222446;1629;0;2;0;157117;0;222446;0;0;0;0;51;6000000;53;72;53;-3;157117;222446;0;10;0;-1;56;74
1667;50;128;0;0;255;255;0;14;255;0;Senegal;1;0;51;-1;208722;2;20;-1;1;1395;50;50;50;50;1;17;53;50;50;52;193474;1;0;50;259868;0;57;2;259868;1667;0;0;0;201024;0;208722;0;0;0;0;61;0;54;50;48;0;208722;208722;0;10;0;-1;55;50
1713;211;0;255;255;255;255;0;37;0;255;Winterthur;1;0;51;-1;256980;2;6;-1;2;894;64;67;64;70;1;127;34;64;64;53;256980;1;8;50;256980;0;58;2;256980;1713;0;0;0;269564;0;256980;0;0;0;0;47;3000000;66;67;60;9;211237;256980;0;2;0;-1;63;70
1717;71;0;255;255;255;0;0;32;128;255;Hapoel Beer Sheva;1;255;53;-1;149866;2;17;-1;1;130022;50;50;50;50;1;34;54;50;50;56;149866;1;0;47;149866;0;44;2;149866;1717;0;0;0;149866;0;149866;0;0;0;0;45;2000000;60;50;59;2;149866;149866;0;7;0;-1;53;50
1719;197;0;255;0;0;128;0;49;128;0;EC Vitória;1;128;55;-1;215607;2;10;-1;1;1598;50;50;50;50;1;-123;56;50;50;40;215607;1;0;55;215607;0;46;2;215607;1719;0;0;0;215607;0;215607;0;0;0;0;52;500000;37;50;67;-8;215607;215607;0;4;0;-1;54;50
1738;55;191;153;255;255;30;230;49;64;255;Le Havre AC;7;135;48;-1;173040;2;8;-1;2;210;68;67;69;69;1;0;51;64;64;63;173040;1;256;44;173040;1;68;4;173040;1738;0;2;0;173040;0;173040;0;0;0;0;52;2000000;63;67;68;1;173040;173040;0;1;0;-1;44;68
1745;202;65;17;255;255;17;105;44;65;255;Como 1907;1;105;29;-1;254579;2;7;-1;1;111811;66;69;67;70;1;10;72;67;66;39;220933;2;68;41;254579;0;38;2;254579;1745;0;1;0;277846;0;254579;0;0;0;0;67;5000000;75;68;75;1;277846;254579;0;2;0;-1;45;70
1746;202;90;32;255;255;47;167;43;118;255;Empoli FC;9;215;48;-1;223570;2;9;-1;2;110374;69;72;71;73;1;10;39;71;69;39;223570;1;32;47;223570;1;33;2;223570;1746;0;1;0;239732;0;223570;0;0;0;0;37;7000000;47;70;37;1;239732;223570;0;2;0;-1;47;75
1750;45;128;0;255;255;0;64;20;128;255;Cercle Brugge KSV ;1;64;50;-1;201438;2;8;-1;1;231;50;50;50;50;1;20;50;50;50;50;201438;1;0;50;201438;0;50;2;244889;1750;0;0;0;244889;0;201438;0;0;0;0;50;6000000;50;50;50;3;237254;201438;0;4;0;-1;50;50
1754;43;250;250;14;249;250;0;55;250;14;Partick Thistle F.C.;1;0;46;-1;223663;2;10;-1;2;81;64;65;65;65;1;-4;68;63;62;41;192251;1;322;76;223663;0;34;2;223663;1754;0;2;0;203541;0;223663;0;0;0;0;69;800000;71;64;64;0;171881;223663;0;3;0;-1;60;66
1755;211;143;243;195;0;243;33;62;143;117;Aalesunds FK;13;20;46;-1;199590;2;12;-1;2;417;64;63;64;58;1;6;49;63;63;56;199590;0;320;44;226510;1;34;2;226510;1755;0;2;0;182909;0;199590;0;0;0;0;51;700000;56;63;34;1;226509;199590;0;6;0;-1;48;58
1757;211;80;0;255;255;0;145;59;70;255;Sandefjord;13;120;48;-1;227767;2;4;-1;1;917;62;62;62;65;1;10;51;62;62;48;227767;2;10;45;227767;1;49;2;220684;1757;0;2;0;190441;0;227767;0;0;0;0;53;500000;48;62;49;1;220684;227767;0;2;0;-1;45;65
1785;240;115;15;255;255;15;26;47;115;255;SV Mattersburg;16;27;28;-1;228971;2;9;-1;2;111821;62;65;63;63;1;16;73;64;63;33;228971;1;322;53;223867;0;25;2;223867;1785;0;2;0;177397;0;228971;0;0;0;0;69;2716000;69;64;49;1;228971;228971;0;6;0;-1;69;64
1786;51;217;151;87;0;72;239;56;122;2;Randers FC;12;238;45;-1;223694;2;13;-1;2;271;66;66;66;63;1;10;73;67;67;54;223694;1;8;44;261098;1;57;5;261098;1786;0;2;0;201411;0;223694;0;0;0;0;68;700000;64;66;67;1;201304;223694;0;4;0;-1;43;63
1788;51;16;197;8;255;237;26;55;31;198;FC Nordsjælland;12;41;58;-1;213527;2;13;-1;1;269;61;63;61;64;1;12;36;61;61;32;236273;1;32;47;202374;1;50;4;202374;1788;0;1;0;229723;0;213527;0;0;0;1;37;850000;52;63;32;1;229723;213527;0;6;0;-1;52;64
1790;41;85;5;255;255;5;170;51;85;255;Portsmouth FC;3;170;43;-1;222399;2;10;-1;1;17;64;66;65;66;1;-1;52;67;65;34;222399;1;0;69;186395;1;54;2;186395;1790;0;0;0;240673;0;222399;0;0;0;0;51;1200000;34;66;54;0;240673;222399;0;8;0;-1;68;66
1792;41;239;251;28;1;251;5;52;239;120;Norwich City FC;3;11;46;-1;210644;2;11;-1;2;94;72;72;72;71;1;1;39;69;69;69;210644;1;4;52;221282;0;66;2;221282;1792;0;1;0;201368;0;210644;0;0;0;0;37;14000000;52;71;32;0;198904;210644;0;12;0;-1;52;72
1793;41;56;0;255;255;0;168;51;56;255;Reading FC;3;168;45;-1;238839;2;10;-1;2;1951;70;70;68;71;1;0;38;70;71;63;238839;0;52;23;169708;0;69;2;169708;1793;0;1;0;200758;0;238839;0;0;0;0;38;5000000;33;71;33;0;210556;238839;0;9;0;-1;33;71
1794;41;3;227;255;255;1;11;53;1;255;Sheffield United FC;3;1;66;-1;234741;2;9;-1;2;1807;70;68;69;69;1;-1;49;67;69;41;234741;2;168;32;234741;0;61;2;234741;1794;0;2;0;238058;1;234741;0;1;0;0;49;15000000;41;69;65;0;238058;234741;0;8;0;-1;71;68
1795;241;255;255;1;1;255;1;51;255;1;Watford FC;2;1;38;-1;213750;2;11;-1;2;1923;77;77;77;79;1;0;68;76;75;45;213750;0;257;35;213750;1;54;2;213750;1795;0;0;0;241168;0;213750;0;0;0;0;66;12000000;58;77;35;0;241168;213750;0;10;0;-1;46;79
1796;241;37;124;216;147;124;45;53;37;190;Burnley FC;2;45;47;-1;239373;2;10;-1;2;3;76;77;76;74;1;-2;50;76;76;67;239373;1;330;39;228151;1;63;2;225147;1796;0;0;0;228151;1;239373;0;0;0;0;52;22000000;67;76;63;0;228151;239373;0;9;0;-1;39;74
1797;41;1;226;255;255;226;1;53;1;255;Rotherham United FC;3;1;43;-1;193884;2;6;-1;2;1807;65;66;66;64;1;-1;70;66;64;35;193884;0;408;74;203265;0;68;2;203265;1797;0;1;0;193884;0;193884;0;0;0;1;71;4000000;65;65;78;0;193884;193884;0;5;0;-1;74;64
1798;41;255;255;1;1;220;255;52;1;1;Milton Keynes Dons;3;1;68;-1;221279;2;7;-1;2;1938;65;65;65;67;1;0;49;64;64;35;221279;1;178;45;189217;1;55;2;208302;1798;0;0;0;208302;0;221279;0;0;0;0;53;1300000;56;65;59;0;215367;221279;0;6;0;-1;45;66
1799;241;102;1;1;206;1;194;51;102;1;Crystal Palace FC;2;204;74;-1;213991;2;12;-1;2;1808;76;75;75;81;1;0;49;75;75;54;213991;1;16;34;206516;1;64;2;206516;1799;0;1;0;241159;0;213991;0;0;0;0;52;30000000;66;76;70;0;241159;213991;0;13;0;-1;64;81
1800;41;208;177;200;10;177;255;52;208;10;Coventry City FC;3;255;66;-1;251555;2;9;-1;2;95;63;62;61;63;1;-1;52;62;63;47;251555;1;16;38;251555;1;67;2;251555;1800;0;2;0;233047;0;251555;0;0;0;0;50;7500000;44;63;63;0;238743;251555;0;7;0;-1;37;62
1801;41;255;255;71;0;255;255;53;255;10;Preston North End FC;3;255;60;-1;225071;2;9;-1;2;1926;69;70;69;72;1;-2;73;71;70;56;225071;1;345;70;225071;1;58;2;225071;1801;0;2;0;243876;0;225071;0;1;0;1;67;7000000;80;70;62;0;243876;225071;1;7;0;-1;66;72
1802;41;56;48;255;255;48;140;51;53;255;Gillingham FC;3;160;25;-1;169112;2;5;-1;2;1934;63;62;62;62;1;0;53;62;63;32;169112;1;65;41;214634;0;37;2;214634;1802;0;2;0;169112;0;169112;0;0;0;0;49;600000;35;63;47;0;169112;169112;0;4;0;-1;41;61
1803;41;1;255;255;255;1;1;52;1;255;Walsall FC;3;1;48;-1;212846;2;5;-1;2;127;65;64;65;63;1;-1;51;64;63;58;212846;1;2;55;239119;0;40;2;239119;1803;0;2;0;208852;0;212846;0;0;0;0;52;600000;58;64;40;0;208852;212846;0;4;0;-1;74;62
1804;41;19;105;15;246;105;28;53;19;166;Bradford City AFC;3;38;45;-1;173666;2;7;-1;2;1797;66;66;66;65;1;-1;49;67;67;41;173666;2;0;39;203415;1;34;2;203415;1804;0;2;0;177285;0;173666;0;0;0;0;51;1400000;41;66;34;0;173666;173666;0;6;0;-1;68;65
1806;241;6;204;255;255;216;23;52;6;255;Stoke City FC;2;23;75;-1;211504;2;13;-1;2;1928;77;77;77;77;1;-2;51;76;76;60;211504;2;106;51;243401;1;70;2;243401;1806;0;2;0;258093;1;211504;0;0;0;0;53;8000000;63;77;44;0;258093;211504;0;14;0;-1;50;77
1807;41;41;41;255;255;35;202;53;35;255;Sheffield Wednesday FC;3;255;48;-1;183540;2;10;-1;2;1794;71;71;71;71;1;-1;50;65;69;52;183540;1;0;44;183540;0;57;6;183540;1807;0;2;0;183540;0;183540;0;0;0;0;51;6000000;52;72;57;0;183540;183540;1;8;0;-1;63;71
1808;241;57;0;255;255;0;166;50;57;255;Brighton & Hove Albion FC;2;166;44;-1;206594;2;10;-1;2;1799;75;75;76;74;1;0;50;74;74;47;190765;0;322;41;206594;1;37;6;206594;1808;0;2;0;199915;0;206594;0;0;0;0;49;33000000;47;75;37;0;255565;206594;0;6;0;-1;71;75
1809;38;112;132;255;255;128;172;43;108;255;Toulouse FC;7;171;43;-1;228593;2;11;-1;1;59;73;75;75;75;1;1;70;75;74;67;228593;2;50;42;228593;1;56;2;228593;1809;0;2;0;228593;0;228593;0;0;0;0;67;8000000;77;74;66;1;228593;228593;0;12;0;-1;42;75
1813;55;99;0;255;255;0;164;46;86;255;Chamois Niortais FC;7;148;43;-1;208865;2;5;-1;1;110326;67;66;65;64;1;0;39;68;66;39;208865;1;50;21;208865;0;42;2;208865;1813;0;2;0;223282;0;208865;0;0;0;0;36;900000;46;65;36;1;208865;208865;0;1;0;-1;76;65
1814;55;132;248;1;1;255;45;48;128;1;Stade Lavallois;7;64;36;-1;177482;2;6;-1;1;1530;69;66;69;65;1;0;49;66;66;38;177482;1;288;50;178365;1;63;4;177482;1814;0;0;0;178365;0;177482;0;1;0;1;52;700000;48;66;51;1;178365;177482;0;5;0;-1;33;65
1815;55;0;46;51;204;255;168;45;255;0;Clermont Foot Auvergne 63;7;255;48;-1;220029;2;7;-1;1;1819;65;67;66;66;1;3;66;66;65;55;220029;1;18;52;220029;0;37;2;220029;1815;0;2;0;208861;0;220029;0;0;0;0;72;5000000;65;65;67;1;234834;220029;0;4;0;-1;51;71
1816;38;255;255;1;1;192;255;49;192;1;Amiens SC Football;7;192;44;-1;202672;2;4;-1;2;65;72;72;71;75;1;2;50;71;72;67;202672;1;152;37;202672;0;60;2;202672;1816;0;2;0;186197;0;202672;0;0;0;0;49;2000000;67;73;60;1;186197;202672;0;2;0;-1;36;73
1819;38;130;9;255;255;0;45;45;166;255;AS Saint-Etienne;7;41;68;-1;231236;2;17;-1;1;66;75;76;76;75;1;4;70;76;75;39;231236;1;2;40;225706;1;59;2;225706;1819;0;2;0;231236;0;231236;0;0;0;0;66;13000000;69;76;65;1;231236;231236;1;15;0;-1;39;74
1823;55;30;231;255;255;255;0;48;0;255;AS Nancy Lorraine;7;0;43;-1;238504;2;10;-1;2;68;66;71;67;70;1;6;49;70;68;36;213367;1;264;45;238504;1;31;2;238504;1823;0;0;0;205334;0;238504;0;0;0;0;53;1750000;36;70;31;1;205334;238504;0;2;0;-1;45;70
1824;37;1;1;255;255;224;1;50;1;255;Eintracht Frankfurt;18;1;66;-1;192318;2;13;-1;2;169;76;76;75;76;1;8;40;75;76;67;192318;1;32;52;192318;1;67;2;192318;1824;0;0;0;188943;0;192318;0;0;0;0;37;23000000;37;77;37;1;188943;192318;0;13;0;-1;77;74
1825;37;57;1;255;255;57;166;51;144;255;Duisburg;18;224;66;-1;157528;2;7;-1;2;110636;68;68;69;67;1;6;51;67;67;41;157528;1;42;31;157528;1;61;2;157528;1825;0;1;0;205892;0;157528;0;0;0;0;49;800000;48;68;57;1;205892;157528;0;7;0;-1;31;67
1831;37;6;227;1;255;255;19;52;255;211;1. FC Union Berlin;18;255;59;-1;193254;2;6;-1;2;166;70;69;69;71;1;13;69;71;71;33;193254;2;16;49;193254;0;51;2;193254;1831;0;2;0;193254;0;193254;0;0;0;0;68;17500000;64;70;79;1;193254;193254;0;8;0;-1;63;68
1832;211;100;50;255;255;15;210;49;100;255;Karlsruher SC;18;240;43;-1;193537;2;8;-1;2;36;65;66;65;67;1;8;51;66;66;58;228245;1;0;58;228245;1;64;2;228245;1832;0;2;0;186788;0;193537;0;0;0;0;51;1800000;58;66;64;1;193537;193537;0;6;0;-1;78;68
1837;243;118;56;255;255;226;186;44;60;255;U.C. Sampdoria;9;73;75;-1;185144;2;15;-1;2;110556;75;75;75;78;1;8;36;73;74;38;185144;0;0;43;220493;1;68;2;220493;1837;0;0;0;185144;0;185144;0;0;0;0;38;12000000;38;75;38;1;185144;185144;1;11;0;-1;38;77
1842;243;0;212;121;0;255;14;39;255;61;Cagliari Calcio;9;255;66;-1;173160;2;13;-1;1;48;73;75;74;75;1;9;52;74;73;38;173160;1;0;59;173160;0;58;2;173160;1842;0;0;0;259011;0;173160;0;0;0;1;51;10000000;44;74;62;1;259011;173160;0;12;0;-1;58;75
1843;243;128;255;0;0;255;192;45;128;0;Palermo FC;9;192;76;-1;240095;2;11;-1;1;45;78;76;77;75;1;10;71;75;75;49;240095;2;0;35;244836;0;79;2;244836;1843;0;1;0;253019;0;240095;0;0;0;0;68;5000000;70;76;63;1;253019;240095;0;10;0;-1;79;75
1847;202;255;255;1;1;1;255;42;1;1;Ascoli Picchio FC;9;1;45;-1;178313;2;3;-1;1;200;67;68;69;66;1;13;53;67;66;60;178513;2;0;73;205671;0;59;2;178313;1847;0;0;0;178313;1;178313;0;0;0;1;51;1000000;60;67;59;1;178313;178313;0;1;0;-1;33;67
1848;202;255;255;29;233;255;255;41;255;18;Bari FC;9;255;45;-1;203672;2;9;-1;1;48;68;69;66;71;1;16;51;69;69;33;203672;0;0;76;203672;1;41;2;201408;1848;0;0;0;203672;0;203672;0;0;0;1;53;3000000;33;70;41;1;203672;203672;0;2;0;-1;75;70
1853;242;90;15;0;147;30;150;39;100;0;Levante UD;5;170;29;-1;243312;2;12;-1;2;461;75;76;76;76;1;0;70;75;75;30;243312;0;80;35;216189;1;29;2;216189;1853;0;0;0;216189;0;243312;0;0;0;0;73;10000000;75;75;75;1;216189;243312;0;14;0;-1;35;76
1854;242;255;255;1;1;233;255;38;233;1;Albacete Balompié;6;233;43;-1;229416;2;4;-1;2;2026;68;69;69;69;1;-1;51;70;69;48;229416;1;4;41;198630;1;35;2;198630;1854;0;0;0;198630;0;229416;0;0;0;0;49;1525000;48;69;35;1;208505;229416;0;1;0;-1;61;70
1860;242;85;0;255;255;0;190;40;65;255;Getafe C.F. S.A.D.;5;160;44;-1;220414;2;11;-1;2;100888;73;74;74;74;1;-3;49;75;74;56;220414;1;9;37;220414;1;32;2;220414;1860;0;0;0;223952;0;220414;0;0;0;0;49;10000000;56;74;32;1;223952;220414;0;12;0;-1;36;74
1861;242;50;220;255;255;195;50;36;35;255;UD Almería;6;35;46;-1;235008;2;10;-1;1;110832;69;71;71;70;1;-2;53;70;70;65;235008;0;9;33;198164;1;56;2;198164;1861;0;0;0;198164;1;235008;0;0;0;1;53;9000000;65;70;56;1;198164;235008;0;2;0;-1;40;70
1862;211;95;1;255;255;1;200;46;100;255;FC Lausanne-Sport;17;190;49;-1;202801;2;6;-1;2;900;66;65;66;65;1;6;52;63;65;69;202801;0;0;68;211903;1;61;4;211903;1862;0;1;0;234890;0;202801;0;0;0;0;50;900000;69;65;61;1;234890;202801;0;3;0;-1;67;67
1867;242;170;10;255;255;0;140;37;160;255;Córdoba CF;6;130;47;-1;193421;2;9;-1;2;110832;68;69;68;68;1;-4;50;69;68;37;193421;0;65;50;193421;1;65;2;193421;1867;0;1;0;201374;0;193421;0;0;0;0;52;2100000;37;69;65;1;201374;193421;0;1;0;-1;49;68
1871;211;130;0;255;255;1;50;52;132;255;Legia Warszawa;26;90;55;-1;199739;2;20;-1;1;873;71;71;71;70;1;21;44;71;71;46;199739;1;0;55;199739;1;65;2;199739;1871;0;0;0;199739;0;199739;0;0;0;1;48;5000000;58;71;66;2;199739;199739;0;9;0;-1;47;70
1873;211;0;227;255;255;1;27;50;40;255;Wisła Kraków;26;176;75;-1;185109;2;17;-1;2;110747;68;68;68;66;1;19;69;68;68;40;239212;0;288;70;239212;1;70;4;239212;1873;0;0;0;239212;0;239212;0;0;0;1;67;2850000;80;68;66;2;239212;239212;0;7;0;-1;70;66
1874;211;128;0;255;255;0;64;47;128;255;Ferencvárosi T.C.;18;64;55;-1;194945;2;20;-1;1;106000;50;50;50;50;1;19;43;50;50;47;194945;1;0;55;194945;0;45;2;210129;1874;0;0;0;157256;0;194945;0;0;0;0;53;4000000;58;50;56;1;268451;194945;1;10;0;-1;52;50
1876;216;255;255;33;223;255;255;-34;255;17;River Plate;1;255;58;-1;215998;2;20;-1;1;1877;76;76;78;75;1;-58;39;74;72;64;215998;1;128;53;215998;0;50;4;215998;1876;0;0;0;216700;0;215998;0;0;0;1;39;15000000;34;75;34;-3;216700;215998;0;15;0;-1;74;75
1877;216;36;1;1;252;1;72;-34;69;177;Boca Juniors;1;138;45;-1;259789;2;20;-1;2;1876;75;76;77;73;1;-58;36;75;75;51;259789;0;4;55;259789;1;49;4;259789;1877;0;0;0;179813;1;259789;0;0;0;0;40;15000000;35;75;35;-3;179813;259789;0;14;0;-1;35;73
1878;170;94;10;255;255;10;187;19;94;255;Cruz Azul;24;187;47;-1;228892;2;19;-1;1;1879;72;71;71;74;1;-99;40;70;71;60;228892;1;0;39;228892;1;48;4;228892;1878;0;0;0;212888;0;228892;0;0;0;0;39;20000000;34;72;34;-6;235389;228892;0;9;0;-1;34;73
1879;170;249;253;97;2;253;0;19;249;43;Club América;24;0;76;-1;170370;2;20;-1;2;1880;72;73;74;72;1;-99;66;71;70;57;170370;2;160;58;253061;0;67;2;253061;1879;0;0;0;224151;1;170370;0;0;0;0;68;15500000;69;72;63;-6;224151;170370;0;11;0;-1;57;74
1880;170;26;226;255;255;0;34;20;69;255;Club Deportivo Guadalajara;24;139;43;-1;237043;2;19;-1;2;1879;72;71;72;73;1;-103;49;70;71;51;233260;1;1;58;237043;1;31;4;233260;1880;0;1;0;192114;0;237043;0;0;0;0;50;28000000;51;72;31;-6;183581;233260;0;10;0;-1;77;72
1881;170;122;168;49;0;168;0;19;122;0;U.N.A.M.;24;0;46;-1;190972;2;17;-1;2;1879;72;73;73;73;1;-99;53;74;70;55;190972;1;256;52;190972;1;52;4;190972;1881;0;2;0;220287;0;190972;0;0;0;0;49;8500000;55;71;52;-6;190972;190972;0;9;0;-1;66;74
1882;170;44;238;255;255;238;67;19;44;255;Deporivo Toluca Fotbol Club;24;67;68;-1;229469;2;18;-1;2;1879;72;72;72;71;1;-99;50;72;69;52;229469;0;16;43;229469;0;52;2;229469;1882;0;0;0;214302;0;229469;0;0;0;0;50;7500000;47;71;68;-6;257426;229469;0;8;0;-1;42;71
1884;211;111;28;255;255;26;57;37;111;255;Panathinaikos;1;51;59;-1;229575;2;17;-1;2;280;72;73;72;75;1;23;39;72;72;55;190156;0;0;49;212715;1;57;4;212715;1884;0;0;0;222996;1;229575;0;0;0;0;40;6000000;35;73;35;2;231786;229575;0;13;0;-1;35;75
1886;211;255;255;2;205;0;255;47;93;1;Hungary;1;17;43;-1;236772;2;10;-1;2;1356;72;72;72;72;1;19;66;71;71;39;236772;1;0;59;236772;0;52;2;236772;1886;0;2;0;236772;0;236772;0;0;0;0;71;0;69;72;62;1;236772;236772;0;4;0;-1;58;72
1887;240;255;255;1;1;1;255;41;1;1;Vitória de Guimarães;25;1;48;-1;212474;2;14;-1;2;1896;74;74;75;74;1;-8;72;73;74;45;225363;1;0;57;212474;0;53;2;212474;1887;0;1;0;219753;0;212474;0;0;0;1;72;6000000;75;74;63;0;212474;212474;0;4;0;-1;57;72
1888;240;0;255;255;255;0;0;39;81;255;Gil Vicente;25;215;45;-1;225696;2;8;-1;1;112809;69;71;69;73;1;-9;53;71;72;55;225696;2;16;72;223297;1;58;5;223297;1888;0;0;0;18115;0;225696;0;0;0;0;50;3000000;55;71;58;0;18115;225696;0;2;0;-1;42;75
1889;240;93;47;255;255;255;155;39;255;255;Belenenses;25;255;47;-1;188313;2;13;-1;2;10020;71;71;71;72;1;-9;53;70;70;55;188313;0;17;46;188313;1;40;6;188313;1889;0;2;0;213203;0;188313;0;0;0;0;49;2200000;55;70;40;0;213203;188313;0;7;0;-1;66;72
1892;240;230;230;0;0;5;60;41;130;150;FC Paços Ferreira;25;50;43;-1;178424;2;10;-1;1;1887;71;70;71;69;1;-8;73;70;71;62;178424;1;0;47;178424;1;32;2;178424;1892;0;0;0;148403;0;178424;0;0;0;0;67;4000000;72;71;62;0;178424;178424;0;2;0;-1;46;68
1893;240;2;214;13;13;20;18;33;100;97;CS Marítimo;25;80;48;-1;237670;2;10;-1;2;1438;70;71;69;71;1;-17;71;71;71;52;217235;1;4;44;237670;0;48;2;237670;1893;0;2;0;217235;0;237670;0;0;0;0;67;4000000;62;71;78;0;217235;237670;0;2;0;-1;44;70
1896;240;0;233;255;255;255;0;41;255;255;SC Braga;25;255;67;-1;213516;2;16;-1;2;1887;75;75;75;75;1;-8;36;77;76;32;213516;1;48;52;213516;0;52;2;213516;1896;0;0;0;213516;0;213516;0;0;0;0;37;14000000;32;75;32;0;213516;213516;0;6;0;-1;62;74
1898;240;1;1;255;255;255;1;41;255;255;Boavista FC;1;255;43;-1;204737;2;10;-1;2;1887;73;72;73;71;1;-8;50;72;71;32;204737;0;320;45;204737;1;59;2;204737;1898;0;0;0;178571;0;204737;0;0;0;0;53;5000000;32;72;59;0;239303;204737;0;2;0;-1;45;71
1900;240;150;50;255;255;255;65;41;255;255;Moreirense;1;255;48;-1;223575;2;6;-1;1;1887;71;70;72;69;1;-8;69;71;69;50;223575;1;8;65;223575;1;59;2;223575;1900;0;0;0;189221;0;223575;0;0;0;0;70;820000;80;69;69;0;223575;223575;0;3;0;-1;55;69
1902;40;211;255;5;5;241;14;50;197;5;Roda JC;14;0;48;-1;209662;2;10;-1;2;1910;67;67;67;66;1;6;36;65;65;56;209662;1;96;26;209662;1;67;2;209662;1902;0;1;0;192645;1;209662;0;0;0;0;36;1800000;41;67;31;1;192645;209662;0;7;0;-1;41;66
1903;40;48;197;255;255;0;48;52;0;255;FC Utrecht;14;0;48;-1;198006;2;12;-1;1;245;72;71;72;72;1;5;50;71;71;47;198006;1;272;69;198006;1;63;2;198006;1903;0;1;0;198147;0;198006;0;0;0;1;52;14000000;47;72;63;1;198147;198006;0;9;0;-1;49;71
1904;40;216;255;5;5;235;33;51;196;5;NAC Breda;14;13;25;-1;186502;2;11;-1;2;1907;66;66;65;67;1;4;70;66;66;23;186502;1;64;55;220651;0;39;2;210213;1904;0;0;0;200235;1;186502;0;0;0;0;69;1200000;61;66;41;1;200235;186502;0;7;0;-1;51;67
1905;211;255;255;255;0;255;0;40;255;128;RKC Waalwijk;14;0;44;-1;225531;2;10;-1;1;634;64;65;64;69;1;22;53;62;62;55;225531;1;0;42;220118;0;41;2;220118;1905;0;0;0;184614;0;225531;0;1;0;1;44;3000000;46;65;52;2;225531;225531;1;6;0;-1;42;69
1906;40;0;232;255;255;255;0;52;30;255;AZ Alkmaar;14;30;67;-1;199422;2;15;-1;1;245;71;73;73;75;1;4;37;71;72;62;199422;1;160;22;212269;1;62;2;212269;1906;0;0;0;212269;0;199422;0;0;0;0;37;10000000;32;72;32;1;212269;199422;0;11;0;-1;32;75
1907;40;255;255;34;224;38;255;51;75;25;Willem II;14;153;43;-1;193930;2;11;-1;1;247;67;66;66;70;1;5;51;64;66;68;193930;1;25;32;208681;1;56;2;208681;1907;0;0;0;213949;0;193930;0;0;0;0;50;1800000;68;68;56;1;200424;193930;0;7;0;-1;32;67
1908;40;20;245;250;250;195;30;52;0;250;FC Twente;14;5;45;-1;200223;2;14;-1;2;100632;70;69;69;71;1;6;53;67;68;55;208018;1;32;77;257502;1;50;2;257502;1908;0;1;0;184457;0;200223;0;0;0;1;49;9000000;55;69;50;1;207499;200223;0;11;0;-1;46;70
1909;40;219;246;10;10;226;0;51;199;10;Vitesse;14;0;58;-1;199767;2;14;-1;1;1910;71;72;71;71;1;5;40;71;71;55;199767;1;40;50;199767;1;41;6;199767;1909;0;0;0;199767;0;199767;0;0;0;1;40;16000000;55;71;35;1;199767;199767;0;10;0;-1;55;71
1910;40;36;232;100;6;10;55;52;10;162;N.E.C. NIJMEGEN;14;10;40;-1;172143;2;11;-1;1;1909;66;67;66;67;1;6;61;69;68;53;208045;1;16;42;172143;1;48;2;208045;1910;0;2;0;172143;1;172143;0;0;0;0;70;5000000;55;67;52;1;231745;172143;0;7;0;-1;41;67
1913;40;113;0;255;255;227;184;52;1;255;SC Heerenveen;14;15;68;-1;209316;2;13;-1;2;647;70;71;70;72;1;5;70;70;69;31;209316;0;8;55;209316;0;51;2;209316;1913;0;0;0;220230;1;209316;0;0;0;0;66;7000000;65;70;65;1;220230;209316;0;10;0;-1;51;72
1914;40;15;15;255;255;32;200;52;167;255;PEC Zwolle;1;99;60;-1;200275;2;12;-1;2;100634;71;69;71;67;1;6;37;70;70;60;220763;1;8;50;204138;1;46;4;200275;1914;0;0;0;209371;0;200275;0;0;0;0;40;1500000;60;70;40;1;209371;200275;0;19;0;-1;60;66
1915;40;162;19;255;255;0;107;53;143;255;FC Groningen;14;82;43;-1;234066;2;13;-1;2;1913;68;67;66;69;1;6;53;66;68;55;234066;1;32;47;262267;0;61;2;262267;1915;0;0;0;231413;0;234066;0;0;0;0;50;8000000;55;68;61;1;231413;234066;0;9;0;-1;47;67
1917;41;89;29;255;255;29;175;53;89;255;Wigan Athletic FC;3;195;44;-1;194091;2;10;-1;2;4;68;69;69;69;1;-2;37;68;68;67;194091;1;4;29;194091;1;68;2;194091;1917;0;2;0;206565;1;194091;0;0;0;0;39;4500000;54;68;34;0;194091;194091;0;10;0;-1;54;71
1919;41;1;225;255;255;225;1;51;1;255;Bristol City FC;3;1;45;-1;237619;2;9;-1;2;1962;70;71;69;73;1;-2;51;73;72;53;237619;1;10;60;246847;1;65;2;237619;1919;0;1;0;252376;0;237619;0;0;0;0;52;8000000;53;71;65;0;252376;237619;0;7;0;-1;59;71
1920;41;86;29;255;255;29;152;53;86;255;Oldham Athletic AFC;3;152;26;-1;165185;2;6;-1;2;1955;65;66;66;64;1;-2;72;66;64;25;165185;0;65;32;193956;0;23;2;193956;1920;0;2;0;158867;0;165185;0;0;0;0;67;650000;62;65;62;0;165185;165185;0;4;0;-1;32;64
1923;41;255;255;1;255;255;255;52;255;160;Luton Town FC;2;255;47;-1;202464;2;7;-1;2;1795;64;65;65;68;1;0;40;64;62;60;202464;0;0;54;202464;1;43;2;202464;1923;0;0;0;211363;1;202464;0;0;0;0;39;13000000;39;64;39;0;229375;202464;0;5;0;-1;39;69
1924;41;102;51;255;255;51;204;53;102;255;Chesterfield FC;3;216;68;-1;222477;2;5;-1;2;1940;62;62;61;65;1;-1;37;61;62;41;238185;1;0;51;222477;1;61;2;222477;1924;0;0;0;183681;0;222477;0;0;0;0;36;1000000;51;63;31;0;187796;222477;0;4;0;-1;51;63
1925;41;1;242;255;255;1;34;51;1;255;Brentford FC;3;1;68;-1;229723;2;7;-1;2;15;71;69;69;71;1;0;38;69;70;53;229723;1;160;23;229723;0;53;2;229723;1925;0;0;0;275771;0;229723;0;0;0;0;38;20000000;33;70;33;0;275771;229723;0;6;0;-1;33;69
1926;41;134;255;255;255;255;20;53;134;255;Blackpool FC;3;20;27;-1;213105;2;8;-1;2;1945;65;64;66;65;1;-3;69;63;62;29;213105;1;24;74;216270;1;40;2;216270;1926;0;2;0;234177;0;213105;0;0;0;0;69;650000;78;64;58;0;234177;213105;0;5;0;-1;78;65
1928;41;255;255;1;1;255;255;53;255;1;Port Vale FC;3;255;45;-1;221953;2;5;-1;2;1806;61;62;61;64;1;-2;67;61;60;32;221953;0;2;37;179636;0;63;2;221953;1928;0;2;0;177414;0;221953;0;0;0;0;66;800000;62;61;73;0;177414;221953;0;4;0;-1;37;64
1929;41;75;1;255;255;1;1;50;75;255;Plymouth Argyle FC;3;1;48;-1;213665;2;6;-1;2;143;65;66;67;65;1;-4;71;66;64;68;213665;0;26;33;252555;1;39;2;213665;1929;0;0;0;192231;0;213665;0;0;0;0;66;5000000;78;64;69;0;192231;213665;0;4;0;-1;73;66
1930;41;1;153;255;255;153;39;52;1;255;Northampton Town FC;3;29;60;-1;227446;2;4;-1;2;1945;64;65;65;65;1;0;53;64;64;33;227446;1;256;33;213797;0;43;10;213797;1930;0;0;0;198011;1;227446;0;0;0;0;51;750000;50;64;49;0;198011;227446;0;2;0;-1;33;65
1932;41;1;230;255;255;220;1;53;1;255;Barnsley FC;3;1;26;-1;169568;2;8;-1;2;1794;67;67;66;68;1;-1;72;68;68;25;169568;1;16;42;169568;1;21;2;169568;1932;0;2;0;228388;0;169568;0;0;0;0;67;3000000;75;68;66;0;228388;169568;0;6;0;-1;62;66
1933;41;182;77;65;1;1;227;52;139;33;Wycombe Wanderers FC;3;212;67;-1;183449;2;4;-1;2;1935;63;63;62;63;1;-1;71;62;63;65;183449;0;24;39;183449;1;65;2;183449;1933;0;0;0;179746;1;183449;0;0;0;0;68;700000;62;63;79;0;183449;183449;0;3;0;-1;75;66
1934;41;6;221;255;255;221;24;51;6;255;Swindon Town FC;3;24;45;-1;200928;2;6;-1;2;1951;63;63;64;62;1;-1;70;62;62;59;200928;2;1;32;169609;1;36;2;169609;1934;0;1;0;183780;1;200928;0;0;0;0;71;700000;69;63;66;0;203416;200928;0;5;0;-1;32;63
1935;41;102;51;255;255;31;255;51;85;255;Colchester United FC;3;255;43;-1;223918;2;5;-1;1;1954;63;65;63;60;1;0;52;67;63;69;223918;0;322;78;223918;1;31;2;223918;1935;0;2;0;228638;0;223918;0;0;0;0;50;750000;69;63;31;0;228638;223918;0;4;0;-1;77;60
1936;41;42;201;255;255;195;56;52;42;255;Cheltenham Town FC;3;56;47;-1;199627;2;3;-1;2;1934;62;62;63;61;1;-2;68;62;61;57;199627;1;258;46;201901;0;42;2;201901;1936;0;0;0;193478;1;199627;0;0;0;0;69;600000;67;61;72;0;214899;199627;0;2;0;-1;76;59
1937;41;1;1;255;255;1;1;53;1;255;Notts County FC;3;1;49;-1;170095;2;7;-1;1;14;65;66;66;63;1;-1;73;66;64;70;170095;0;392;27;170095;1;35;2;170095;1937;0;2;0;187797;1;170095;0;0;0;0;70;1000000;80;64;65;0;187797;170095;0;6;0;-1;61;66
1938;41;90;1;255;255;1;195;52;90;255;Peterborough United FC;3;205;66;-1;206571;2;7;-1;2;1798;66;65;66;64;1;0;36;63;63;57;206571;1;56;47;206571;1;57;2;206571;1938;0;2;0;202819;0;206571;0;0;0;0;37;1100000;37;65;37;0;202819;206571;0;6;0;-1;37;64
1939;241;113;1;255;255;1;185;53;113;255;Huddersfield Town A.F.C.;2;185;67;-1;212994;2;8;-1;2;8;73;73;72;75;1;-1;53;73;73;51;212994;1;160;41;242322;1;51;5;242322;1939;0;2;0;278288;1;212994;0;0;0;0;49;6000000;50;73;35;0;278288;212994;0;6;0;-1;41;75
1940;41;204;255;204;51;245;1;53;201;102;Mansfield Town FC;3;1;47;-1;189163;2;3;-1;1;1924;63;65;65;65;1;-1;36;63;63;61;189163;2;390;39;189163;1;33;2;189163;1940;0;0;0;204860;1;189163;0;0;0;0;39;750000;49;63;39;0;203500;189163;0;2;0;-1;49;69
1941;41;102;51;255;255;51;204;55;102;255;Hartlepool United FC;3;224;40;-1;173836;2;4;-1;2;1480;60;61;61;60;1;1;45;60;60;52;173836;2;0;29;173836;1;44;2;173836;1941;0;0;0;183720;0;173836;0;0;0;0;58;650000;54;61;46;0;173836;173836;0;3;0;-1;61;60
1943;241;1;221;1;1;231;1;50;1;1;AFC Bournemouth;2;1;44;-1;223197;2;8;-1;1;17;74;75;74;77;1;-1;36;75;75;51;223197;0;184;29;236920;1;40;2;236920;1943;0;2;0;256612;0;223197;0;0;0;0;39;17000000;44;75;34;0;256612;223197;0;8;0;-1;44;77
1944;41;207;250;26;11;250;40;52;207;6;Cambridge United FC;1;40;26;-1;213434;2;4;-1;2;1938;61;61;60;63;1;0;39;62;62;22;223810;0;20;31;213434;0;27;2;192320;1944;0;1;0;193073;0;213434;0;0;0;1;37;700000;57;62;37;0;193073;213434;0;3;0;-1;67;63
1945;41;255;255;204;1;255;255;53;255;51;Bury;3;255;28;-1;180903;2;4;-1;1;1955;65;66;66;65;1;-2;49;64;63;30;180903;1;68;54;180903;1;27;2;180903;1945;0;2;0;179855;0;180903;0;0;0;0;52;1100000;56;65;38;0;192970;180903;0;4;0;-1;64;65
1947;41;0;225;255;255;225;0;51;0;255;Wrexham A.F.C.;3;0;48;-1;236319;2;8;-1;2;127;60;63;61;61;1;-3;50;64;61;42;198489;0;10;48;198489;1;40;2;198489;1947;0;2;0;224361;0;210108;0;0;0;0;52;2000000;42;62;40;0;224361;236319;0;2;0;-1;74;64
1949;41;32;149;251;68;149;51;53;32;191;Scunthorpe United FC;3;51;47;-1;200895;2;6;-1;2;142;65;67;68;65;1;0;53;65;65;55;200895;0;24;34;200895;1;68;2;200895;1949;0;1;0;206263;0;200895;0;0;0;0;52;900000;55;66;68;0;200895;200895;0;5;0;-1;34;67
1951;41;240;240;240;1;255;1;51;255;1;Oxford United FC;3;255;45;-1;220940;2;4;-1;2;1934;66;68;68;66;1;-1;38;66;65;53;220940;1;24;54;188166;0;33;2;188166;1951;0;2;0;220917;0;220940;0;0;0;1;39;1000000;49;67;39;0;220917;220940;0;4;0;-1;49;68
1952;41;173;241;1;1;241;1;53;173;1;Hull City A.F.C;3;1;43;-1;261420;2;10;-1;2;8;71;71;71;72;1;0;72;69;69;61;261420;0;272;46;224099;1;50;2;224099;1952;0;0;0;224099;0;261420;0;0;0;0;69;7000000;71;71;80;0;224099;261420;0;10;0;-1;46;71
1954;41;28;0;255;255;0;97;51;28;255;Southend United;3;97;44;-1;171620;2;5;-1;2;1935;64;65;64;65;1;0;51;66;66;48;165485;0;338;44;200319;0;70;10;165485;1954;0;0;0;235736;0;200319;0;0;0;0;52;700000;48;65;70;0;165485;171620;0;4;0;-1;64;66
1955;41;102;51;1;1;51;190;53;102;1;Rochdale A.F.C.;3;190;68;-1;210029;2;4;-1;2;1945;65;65;66;65;1;-2;39;63;63;66;210029;2;16;45;210029;0;66;2;210029;1955;0;2;0;118646;1;210029;0;0;0;0;36;650000;36;64;36;0;118646;210029;0;4;0;-1;76;67
1958;41;1;230;255;255;230;1;52;1;255;Leyton Orient FC;3;1;44;-1;185265;2;5;-1;2;1954;61;63;61;59;1;0;64;64;65;53;185265;1;9;41;185265;1;46;4;185265;1958;0;0;0;183681;0;185265;0;0;0;0;62;1250000;56;63;52;0;185265;185265;0;5;0;-1;56;61
1960;241;255;255;1;1;255;255;51;255;1;Swansea City A.F.C.;2;255;46;-1;184716;2;12;-1;2;1961;75;75;75;76;1;-3;50;75;74;62;184716;1;100;46;232759;1;59;4;232759;1960;0;0;0;233941;0;184716;0;0;0;0;53;10000000;62;75;59;0;233941;184716;0;14;0;-1;45;75
1961;41;93;16;255;255;16;170;51;93;255;Cardiff City FC ;3;170;66;-1;234111;2;11;-1;2;1960;71;71;71;72;1;-3;71;72;72;38;234111;2;4;62;234111;1;58;2;234111;1961;0;2;0;269175;1;234111;0;0;0;0;73;10000000;78;71;72;0;269175;234111;0;9;0;-1;58;73
1962;41;51;1;255;255;11;153;51;51;255;Bristol Rovers FC;3;153;76;-1;172928;2;6;-1;2;1919;64;64;65;64;1;-3;53;64;64;63;172928;0;372;73;172928;0;73;2;172928;1962;0;2;0;172928;1;172928;0;0;0;0;51;1000000;45;64;47;0;172928;172928;0;5;0;-1;73;64
1968;242;245;245;150;63;250;0;36;250;64;Cádiz C.F.;6;111;45;-1;229788;2;5;-1;2;481;72;72;73;71;1;-6;71;70;69;60;229788;0;0;46;229788;1;48;2;229788;1968;0;0;0;199247;0;229788;0;0;0;0;67;5000000;70;71;78;1;229788;229788;0;1;0;-1;62;71
1970;170;176;255;160;0;255;27;25;205;50;Tigres U.A.N.L.;24;54;75;-1;271608;2;18;-1;2;1032;75;74;75;78;1;-100;37;72;73;45;271608;1;74;55;271608;1;75;4;271608;1970;0;1;0;207939;1;271608;0;0;0;0;40;20000000;35;75;35;-6;153244;271608;0;9;0;-1;35;77
1971;40;15;15;25;255;250;15;51;250;33;Excelsior;14;250;44;-1;269436;2;5;-1;2;100646;68;68;68;67;1;4;53;69;69;40;269436;0;88;57;251948;1;33;2;251948;1971;0;0;0;269436;0;269471;0;0;0;0;50;3000000;40;68;33;1;257039;269471;0;4;0;-1;57;67
2013;53;255;255;1;1;230;255;50;230;1;KAS Eupen;11;230;58;-1;206577;2;4;-1;1;232;68;69;67;70;1;6;36;68;69;42;206577;0;16;52;206577;1;44;8;206577;2013;0;2;0;206577;0;206577;0;0;0;1;37;2200000;52;69;32;1;206577;206577;0;1;0;-1;52;71
2014;211;255;255;215;0;255;0;49;255;107;Royale Union Saint-Gilloise;1;0;60;-1;233965;2;6;-1;2;229;66;63;63;64;1;10;49;62;66;32;233965;1;0;46;244318;1;58;2;244318;2014;0;2;0;233965;0;233965;0;0;0;1;50;5000000;56;66;56;1;233965;233965;0;2;0;-1;62;61
2038;202;151;42;255;255;58;72;40;218;255;Avellino S.P.A ;1;106;27;-1;184407;2;6;-1;2;48;66;66;65;70;1;14;70;66;67;30;184407;1;0;33;219759;1;30;4;201079;2038;0;0;0;203654;0;184407;0;0;0;0;67;2000000;63;67;43;1;172696;184407;0;2;0;-1;33;70
2055;240;1;255;255;255;1;1;36;1;255;Sangju Sangmu;1;1;46;-1;199231;2;7;-1;2;1474;68;69;68;68;1;128;68;69;69;49;199231;2;128;40;199231;1;60;4;199231;2055;0;2;0;199231;0;199231;0;0;0;0;71;2800000;79;69;70;9;213189;199231;0;1;0;-1;66;68
2056;240;178;102;255;255;0;255;35;1;255;Daegu FC;1;204;47;-1;228461;2;6;-1;1;1474;62;64;62;61;1;128;40;64;64;50;228461;1;256;55;225733;0;41;2;225733;2056;0;2;0;232338;0;225733;0;0;0;0;37;1600000;57;64;37;9;225733;228461;0;4;0;-1;57;61
10019;240;100;40;255;255;40;252;41;100;255;F. Santa Maria;25;252;60;-1;196896;2;3;-1;1;518;70;69;70;67;1;-8;51;69;68;42;196896;1;0;42;196896;1;52;2;196896;10019;0;2;0;234992;0;196896;0;0;0;0;50;800000;48;69;66;0;234992;196896;0;2;0;-1;72;64
10020;240;255;255;192;0;20;0;39;100;128;GD Estoril-Praia;1;180;49;-1;204731;2;8;-1;2;114510;69;72;71;71;1;-9;49;69;69;41;204731;1;0;52;204731;1;37;2;228650;10020;0;0;0;204731;0;204731;0;0;0;0;49;2500000;41;70;37;0;228650;204731;0;2;0;-1;71;71
10029;37;66;23;255;255;8;117;49;145;255;TSG 1899 Hoffenheim;18;219;67;-1;216354;2;13;-1;2;36;75;78;75;80;1;8;51;77;77;48;216354;1;0;39;216354;1;68;2;216354;10029;0;2;0;193698;0;216354;0;0;0;1;51;20000000;43;77;32;1;216354;216354;0;13;0;-1;38;80
10030;211;75;23;1;1;255;175;51;255;1;SC Paderborn 07;18;255;45;-1;157703;2;9;-1;2;159;65;65;65;65;1;8;50;64;64;37;157703;1;9;42;190667;1;42;2;190667;10030;0;2;0;212879;0;157703;0;0;0;0;49;5000000;37;64;42;1;212879;157703;0;6;0;-1;46;66
10031;240;1;1;255;255;1;1;37;1;255;Portimonense PSC;25;1;45;-1;197838;2;6;-1;1;10020;70;71;71;70;1;-9;51;70;70;48;197838;2;16;42;232296;0;47;4;255255;10031;0;2;0;232296;1;255255;0;0;0;0;49;4000000;48;70;47;0;223345;197838;0;2;0;-1;41;72
10032;211;255;255;1;1;255;255;46;254;1;FC Lugano;1;254;67;-1;210537;2;5;-1;1;110770;64;67;67;67;1;8;69;65;62;64;210537;1;32;78;210537;1;64;2;210537;10032;0;2;0;229845;0;210537;0;0;0;1;67;3000000;64;65;78;1;240317;210537;0;1;0;-1;74;69
10846;242;0;0;255;255;0;0;42;128;255;Burgos CF;1;0;46;-1;234784;2;2;-1;2;110069;66;68;68;68;1;3;69;69;68;42;234784;1;64;38;229764;0;54;2;229764;10846;0;0;0;229764;0;234784;0;0;0;0;73;2000000;72;67;64;1;229764;234784;0;1;0;-1;38;68
15001;51;51;0;255;255;14;153;56;43;255;Lyngby BK;12;137;25;-1;172561;2;12;-1;2;819;67;66;67;67;1;12;70;64;64;30;172561;2;64;25;172561;0;22;2;169538;15001;0;2;0;192979;1;172561;0;0;0;0;73;500000;61;66;41;1;192979;172561;0;5;0;-1;31;67
15005;53;11;196;74;0;220;48;50;15;111;SV Zulte-Waregem;11;53;59;-1;238854;2;14;-1;2;100081;70;70;70;72;1;3;36;68;69;31;238854;1;138;36;238854;1;57;2;238854;15005;0;0;0;176137;0;238854;0;0;0;1;36;3000000;41;71;31;1;204227;238854;0;2;0;-1;61;70
15009;240;250;250;1;1;250;1;47;250;1;SC Rheindorf Altach;1;1;66;-1;216184;2;9;-1;2;191;65;65;65;63;1;9;38;66;66;59;216184;1;0;54;216184;0;59;2;216184;15009;0;2;0;188996;0;216184;0;0;0;0;39;675000;49;65;39;1;188996;216184;0;2;0;-1;49;63
15012;242;255;255;27;222;192;255;42;0;0;Cultural Y Deportiva Leonesa;1;0;46;-1;189573;2;2;-1;2;462;68;69;68;70;1;-5;70;68;68;35;189573;0;64;51;189573;1;65;2;189573;15012;0;1;0;198631;0;189573;0;0;0;0;68;800000;65;69;75;1;189573;189573;0;1;0;-1;51;70
15015;41;245;249;1;1;249;1;52;245;1;Burton Albion;3;1;44;-1;190722;2;4;-1;2;91;65;66;65;68;1;-1;68;66;67;49;190722;1;326;40;173891;1;64;2;173891;15015;0;2;0;140423;1;190722;0;0;0;0;67;800000;79;67;74;0;140423;190722;0;3;0;-1;70;67
15019;242;0;187;255;255;1;0;41;1;255;Gimnàstic de Tarragona S.A.D.;6;1;59;-1;198955;2;3;-1;1;110854;70;71;72;73;1;1;40;70;69;42;198955;1;64;36;198955;0;60;2;198955;15019;0;2;0;204203;0;198955;0;0;0;0;37;1750000;32;71;32;1;204203;198955;0;1;0;-1;32;73
15029;90;50;28;35;230;255;138;-33;255;27;Uni. de Chile;1;255;67;-1;215901;2;18;-1;1;110980;71;71;70;70;1;-70;51;71;72;55;215901;1;180;39;214807;1;55;4;214807;15029;0;2;0;174542;0;215901;0;0;0;1;53;2500000;53;71;39;-3;174542;215901;0;6;0;-1;65;70
100081;53;0;204;255;255;245;0;50;0;255;KV Kortrijk;11;0;44;-1;203633;2;13;-1;2;15005;69;70;71;71;1;3;50;67;66;42;203633;1;264;48;203633;0;54;2;203633;100081;0;0;0;200532;0;203633;0;0;0;0;51;1400000;42;69;54;1;219988;203633;0;1;0;-1;48;72
100087;240;1;215;1;1;255;1;50;255;1;Oud-Heverlee Leuven;1;255;46;-1;209780;2;10;-1;2;110724;65;66;65;65;1;8;52;67;67;69;231423;1;128;77;209780;1;31;2;209780;100087;0;2;0;209780;0;209780;0;0;0;0;50;680000;69;66;31;1;209780;209780;0;5;0;-1;37;65
100133;211;128;0;255;255;255;255;45;255;255;HNK Rijeka;1;128;43;-1;223793;2;18;-1;0;263;63;64;63;62;1;14;55;62;62;47;223793;0;0;54;198080;0;52;2;220742;100133;0;0;0;271223;0;223793;0;1;0;1;54;2000000;60;64;40;1;271223;223793;1;10;0;-1;54;62
100143;240;10;10;225;225;36;102;50;94;225;Slovan Liberec;1;208;50;-1;202380;2;18;-1;0;110468;60;63;60;64;1;15;60;59;59;70;202380;0;0;1;268887;0;75;1;268887;100143;0;0;0;50003;0;202380;0;1;0;1;50;5000000;75;63;65;1;271441;202380;1;10;0;-1;40;64
100325;23;73;2;255;255;2;155;60;73;255;HJK Helsinki;1;155;45;-1;222912;2;10;-1;2;1884;64;62;64;61;1;24;49;63;63;51;222912;0;4;60;222912;1;44;2;222912;100325;0;0;0;205951;0;222912;0;0;0;0;53;500000;51;62;44;2;232023;222912;0;1;0;-1;60;61
100409;37;51;203;56;4;255;59;48;255;106;FC Augsburg;18;255;34;-1;236477;2;12;-1;2;21;74;76;75;78;1;10;56;77;76;59;236477;1;8;52;224425;1;50;2;224425;100409;0;1;0;233216;0;236477;0;0;0;0;59;12000000;66;75;49;1;233216;236477;0;11;0;-1;47;78
100424;211;1;255;255;255;255;1;50;1;255;Rot-Weiß Erfurt;1;1;74;-1;211887;2;5;-1;2;110591;62;63;62;63;1;11;40;63;64;47;239703;1;320;37;211887;1;77;2;211887;100424;0;2;0;203813;1;211887;0;0;0;1;37;500000;37;63;37;2;211887;211887;0;3;0;-1;37;63
100616;211;220;249;36;36;249;32;47;220;36;FC Sheriff;1;32;43;-1;268889;2;20;-1;0;315;61;64;61;63;1;30;44;63;63;53;268889;0;1;55;220027;0;42;2;220027;100616;0;0;0;228733;0;268889;0;1;0;1;46;3000000;47;64;55;2;276804;268889;1;8;0;-1;47;63
100628;211;0;255;255;255;255;0;40;0;255;FC Emmen;14;0;47;-1;165778;2;4;-1;1;1915;50;50;50;50;1;22;56;50;50;47;165778;1;0;56;165778;0;53;2;165778;100628;0;0;0;200997;0;165778;0;1;0;1;45;4000000;54;50;56;2;165778;165778;1;2;0;-1;53;50
100632;40;23;193;62;244;218;26;52;54;215;Go Ahead Eagles;1;44;58;-1;270578;2;8;-1;1;1908;63;66;63;67;1;6;53;65;66;45;262403;1;8;39;262403;0;43;2;262403;100632;0;0;0;262790;0;262403;0;0;0;0;55;4000000;54;66;39;1;270578;270578;0;5;0;-1;56;65
100634;40;255;255;15;15;235;255;52;235;15;Heracles Almelo;14;235;49;-1;228666;2;9;-1;1;1914;67;68;67;70;1;7;49;68;68;46;228666;1;272;50;228666;1;64;2;228666;100634;0;0;0;228666;0;228666;0;0;0;0;53;1700000;46;69;64;1;228666;228666;0;6;0;-1;50;69
100646;40;176;176;255;255;10;0;51;10;255;Sparta Rotterdam;14;10;43;-1;177569;2;12;-1;2;246;67;68;68;68;1;4;51;67;65;43;185171;2;324;33;237895;1;37;2;237895;100646;0;0;0;185171;0;237895;0;0;0;0;51;6000000;43;67;37;1;237895;237895;0;4;0;-1;33;68
100651;40;228;255;6;255;1;12;51;1;255;VVV-Venlo;14;1;45;-1;224185;2;9;-1;2;110636;66;67;67;67;1;6;52;66;66;59;224185;1;0;26;224185;1;66;2;224185;100651;0;0;0;205045;0;224185;0;0;0;0;50;1000000;59;67;66;1;224185;224185;0;9;0;-1;32;68
100764;211;160;90;100;60;255;250;53;255;170;Krylya Sovetov;38;255;41;-1;199058;2;9;-1;2;110227;68;69;68;68;1;50;64;69;69;50;199058;0;8;56;199058;1;38;2;199058;100764;0;2;0;167560;0;199058;0;0;0;0;56;4500000;62;69;39;4;160556;199058;0;6;0;-1;64;68
100765;211;160;57;32;215;255;80;55;255;25;Lokomotiv Moscow;38;255;68;-1;158133;2;17;-1;1;100767;75;76;75;78;1;37;51;75;75;49;158133;0;324;40;158133;1;69;2;158133;100765;0;0;0;222368;1;158133;0;0;0;1;52;15660000;43;76;65;3;222368;158133;0;14;0;-1;39;78
100766;211;225;245;0;0;255;0;43;225;188;Anzhi Makhachkala;38;100;45;-1;199290;2;15;-1;2;110109;68;69;68;67;1;47;69;70;70;66;199290;0;1;42;239717;1;48;2;199290;100766;0;2;0;193895;0;199290;0;0;0;0;67;3000000;76;69;78;3;239717;199290;0;15;0;-1;62;67
100767;211;11;251;255;255;251;11;55;11;255;Spartak Moscow;38;11;68;-1;187492;2;20;-1;1;315;78;77;78;78;1;37;51;76;76;63;187492;1;49;74;224719;0;63;4;224719;100767;0;0;0;187366;0;187492;0;0;0;1;51;27600000;53;77;39;3;187366;187492;0;17;0;-1;73;78
100769;211;180;56;255;255;17;218;59;73;255;Zenit;38;147;59;-1;154950;2;20;-1;2;100767;77;78;77;78;1;30;39;78;78;64;154950;1;176;44;154950;1;42;2;154950;100769;0;0;0;187607;0;154950;0;0;0;0;39;35700000;44;78;34;3;187607;154950;0;16;0;-1;44;78
100804;43;100;45;255;255;51;220;56;120;255;St. Johnstone FC;3;220;47;-1;234915;2;11;-1;2;180;64;65;65;66;1;-3;52;66;64;39;234915;2;32;48;234915;1;33;2;234915;100804;0;0;0;140445;0;234915;0;0;0;0;50;950000;39;65;33;0;140445;234915;0;5;0;-1;47;66
100808;211;0;255;255;255;0;0;49;128;255;FK AS Trenčín;1;255;46;-1;271446;2;16;-1;1;100810;50;50;50;50;1;18;54;50;50;46;271446;1;0;47;271446;0;53;2;271446;100808;0;0;0;272570;0;271446;0;0;0;0;44;3500000;59;50;55;1;271447;271446;0;8;0;-1;56;50
100810;211;182;108;255;255;255;255;49;0;255;Slovan Bratislava;1;0;47;-1;219896;2;17;-1;1;100816;50;50;50;50;1;17;58;50;50;44;219896;1;0;55;219896;0;44;2;219896;100810;0;0;0;272001;0;219896;0;1;0;1;53;1200000;54;50;44;1;272001;219896;1;6;0;-1;56;50
100816;211;54;74;32;249;74;140;46;54;220;NK Maribor;1;140;47;-1;156865;2;20;-1;0;100143;62;65;62;63;1;15;47;58;58;53;233479;0;0;42;233480;0;55;2;225445;100816;0;0;0;156865;0;156865;0;1;0;1;54;1500000;53;65;47;1;156865;275819;1;9;0;-1;57;63
100831;242;217;233;190;30;255;79;40;255;110;AD Alcorcón;6;255;47;-1;216836;2;7;-1;2;480;69;70;70;69;1;-3;52;71;69;64;201146;0;0;50;216836;1;56;4;216836;100831;0;0;0;194924;0;216836;0;0;0;0;53;1550000;64;69;56;1;216836;216836;0;1;0;-1;50;72
100851;211;0;128;255;255;0;0;51;0;255;FC Cartagena;1;0;43;-1;210950;2;6;-1;2;468;64;63;64;66;1;22;56;61;63;50;239950;1;64;45;210950;1;44;2;210950;100851;0;0;0;210950;0;210950;0;0;0;0;45;2500000;57;64;53;1;190747;210950;0;2;0;-1;56;64
100888;242;90;70;255;255;245;190;40;245;255;CD Leganés;6;255;46;-1;220253;2;4;-1;2;1860;75;75;75;74;1;-3;51;76;74;33;220253;1;40;46;220253;0;48;2;220253;100888;0;2;0;221652;0;220253;0;0;0;0;50;5000000;33;75;48;1;221652;220253;0;3;0;-1;62;74
101007;240;255;255;64;0;255;0;39;255;0;MKE Ankaragücü;37;0;75;-1;235210;2;10;-1;2;101033;70;71;71;72;1;32;51;71;71;42;235210;2;401;32;239045;0;72;4;198949;101007;0;1;0;235210;0;235210;0;0;0;0;50;4500000;33;71;58;2;215323;235210;0;8;0;-1;32;72
101014;240;102;51;0;255;50;204;41;100;102;İstanbul Başakşehir SK;37;200;74;-1;215531;2;10;-1;1;325;77;77;77;76;1;28;39;74;73;69;215531;0;2;54;215531;1;79;4;215531;101014;0;0;0;182670;0;215531;0;0;0;0;39;10000000;49;76;39;2;215531;215531;0;9;0;-1;49;77
101016;240;102;0;254;254;0;204;37;102;254;Adana Demirspor;37;204;33;-1;209289;2;10;-1;1;741;69;68;68;70;1;35;36;68;69;68;209289;1;0;38;209289;1;38;4;209289;101016;0;2;0;230685;0;209289;0;0;0;0;60;7000000;22;69;60;2;230685;209289;0;7;0;-1;31;69
101020;240;204;255;3;198;255;0;38;204;2;Kayserispor KS;37;0;74;-1;222457;2;15;-1;2;101041;72;73;74;73;1;35;69;74;71;64;222457;2;8;74;222457;0;74;4;222457;101020;0;0;0;240409;1;222457;0;0;0;0;67;3000000;64;72;78;2;179565;222457;0;10;0;-1;74;73
101026;240;1;255;1;255;0;1;38;0;255;Göztepe;1;0;47;-1;200073;2;3;-1;2;896;70;72;70;73;1;27;50;71;71;52;223736;1;0;47;156650;1;43;4;200073;101026;0;0;0;182629;0;223736;0;0;0;0;50;1500000;52;72;43;3;156650;200073;0;1;0;-1;47;73
101028;240;0;128;255;255;128;0;40;0;255;Hatayspor;37;0;76;-1;182632;2;6;-1;2;110776;74;73;74;69;1;32;53;71;71;58;240053;1;144;69;240053;1;68;4;182632;101028;0;0;0;199683;0;240053;0;0;0;0;51;3500000;65;73;34;2;203757;240053;0;3;0;-1;48;68
101033;240;142;38;255;255;31;117;37;160;255;Konyaspor;37;130;74;-1;224885;2;11;-1;2;101020;71;73;73;77;1;32;40;71;70;56;224885;1;320;46;224885;1;66;4;224885;101033;0;0;0;204349;1;224885;0;0;0;0;36;4150000;46;72;36;2;224885;224885;0;5;0;-1;66;77
101037;45;173;28;216;82;255;86;41;255;128;Çaykur Rizespor;1;255;28;-1;124388;2;8;-1;1;436;70;71;71;71;1;41;53;71;69;57;190582;2;256;43;124388;1;60;4;124388;101037;0;0;0;190582;1;124388;0;0;0;0;65;2000000;39;70;62;2;190582;124388;0;4;0;-1;56;71
101041;240;0;255;255;255;225;0;39;26;255;Sivasspor;37;39;46;-1;229247;2;13;-1;2;101020;69;72;71;73;1;37;52;71;70;69;229247;1;264;59;198143;1;53;4;198143;101041;0;1;0;202356;0;229247;0;0;0;0;52;6000000;69;71;53;2;202356;229247;0;10;0;-1;79;74
101059;240;80;240;1;1;255;0;48;90;1;Shakhtar Donetsk;1;44;66;-1;200206;2;10;-1;1;130015;79;78;79;77;1;37;40;75;75;39;200206;1;146;53;259036;1;59;4;259036;101059;0;1;0;180343;1;200206;0;0;0;1;39;16500000;49;78;39;3;180343;200206;0;8;0;-1;49;77
101078;211;7;182;225;225;10;36;45;10;225;Estrella Roja de Belgrado;1;102;53;-1;271143;2;20;-1;0;130029;65;64;65;65;1;20;53;62;62;46;271143;0;0;56;213163;0;55;1;213163;101078;0;0;0;223489;0;271143;0;1;0;1;55;2000000;59;64;57;1;229899;271143;1;12;0;-1;53;65
101083;216;22;252;255;255;252;28;-34;22;255;Estudiantes de La Plata;1;28;68;-1;143121;2;19;-1;1;101084;71;73;72;71;1;-57;53;74;72;46;143121;1;0;36;143121;1;66;2;143121;101083;0;0;0;143121;0;143121;0;0;0;0;49;8000000;40;71;70;-3;242426;143121;0;8;0;-1;36;72
101084;216;255;255;98;18;255;255;-34;255;21;Club de Gimnasia y Esgrima La Plata;1;255;58;-1;215018;2;12;-1;2;101083;69;71;70;68;1;-57;66;71;70;63;215018;1;4;47;215018;1;41;2;215018;101084;0;0;0;215018;0;215018;0;0;0;0;66;5000000;73;69;77;-3;232729;215018;0;5;0;-1;43;69
101085;216;200;55;255;255;55;255;-34;200;255;Racing Club;1;255;75;-1;273711;2;20;-1;1;110093;73;74;74;74;1;-58;53;71;70;39;273711;0;36;69;247156;1;69;2;247156;101085;0;1;0;223249;1;273711;0;0;0;0;52;10000000;65;72;63;-3;193141;273711;0;11;0;-1;59;76
101088;216;63;31;255;255;31;116;-34;63;255;Club Atlético Vélez Sarsfield;1;116;47;-1;239645;2;19;-1;1;1013;65;68;66;71;1;-58;52;66;64;69;239645;1;0;44;221053;1;69;2;221053;101088;0;2;0;246423;1;239645;0;0;0;0;51;8000000;69;68;69;-3;246423;239645;0;11;0;-1;63;71
101097;90;119;30;0;236;255;50;-33;255;0;Audax Italiano;1;255;26;-1;52480;2;15;-1;2;111328;67;68;67;68;1;-70;68;68;68;21;52480;1;16;43;52402;1;23;5;234587;101097;0;2;0;186634;0;52480;0;0;0;0;67;1000000;77;68;57;-3;186634;52480;0;4;0;-1;77;68
101100;240;127;13;255;255;13;64;6;127;255;Atl. Nacional;1;64;46;-1;214196;2;20;-1;1;101103;74;73;74;74;1;-75;37;71;70;32;196142;1;4;45;214196;1;46;6;214196;101100;0;1;0;206649;0;214196;0;0;0;0;40;8500000;40;72;40;-5;206649;214196;0;9;0;-1;40;75
101101;240;30;224;255;255;255;34;10;255;255;Junior;1;255;58;-1;234966;2;17;-1;1;112903;72;72;73;73;1;-74;38;70;69;37;214208;0;288;37;234966;0;47;6;196150;101101;0;1;0;196150;0;234966;0;0;0;0;37;4000000;37;72;37;-5;196150;234966;0;5;0;-1;37;74
101102;240;145;1;255;255;1;61;3;145;255;Deportivo Cali;1;61;47;-1;226419;2;19;-1;2;112934;71;72;72;78;1;-76;38;70;69;43;226419;1;32;50;226419;0;57;2;226419;101102;0;0;0;215183;0;226419;0;0;0;0;36;6000000;41;71;31;-5;215183;226419;0;6;0;-1;41;76
101103;240;6;226;171;46;226;18;6;6;96;Indep. Medellín;1;7;43;-1;231667;2;18;-1;1;101100;68;69;69;69;1;-75;72;66;65;45;214343;1;0;51;231667;1;66;2;231667;101103;0;1;0;231862;0;231667;0;0;0;0;69;4000000;75;68;76;-5;214980;231667;0;5;0;-1;50;70
101104;240;30;228;255;255;228;38;4;30;255;Ind. Santa Fe;1;38;25;-1;214611;2;19;-1;2;101105;71;71;72;71;1;-74;66;71;70;31;216476;1;5;70;214611;0;35;4;214611;101104;0;0;0;214190;0;214611;0;0;0;0;71;6000000;69;70;62;-5;214463;214611;0;7;0;-1;66;71
101105;240;68;39;255;255;1;144;4;1;255;Millonarios;1;1;46;-1;218687;2;20;-1;2;101104;69;70;70;72;1;-74;66;70;69;47;218687;1;129;37;218687;1;59;4;218687;101105;0;2;0;209738;0;214378;0;0;0;0;70;6500000;77;70;69;-5;209738;218687;0;9;0;-1;33;73
101106;240;255;255;1;1;255;255;5;255;1;Once Caldas;1;255;26;-1;214447;2;17;-1;2;111723;69;70;70;68;1;-75;36;67;66;31;208960;2;40;52;214447;1;20;9;214447;101106;0;2;0;214110;0;214447;0;0;0;0;37;2300000;32;69;32;-5;214447;214447;0;6;0;-1;72;70
101112;215;255;255;88;0;255;255;49;255;34;Vancouver Whitecaps FC;1;255;26;-1;223198;2;3;-1;1;111144;70;70;70;66;1;-123;72;69;69;39;223198;0;4;26;214000;1;37;2;214000;101112;0;1;0;216811;1;223198;0;0;0;1;73;19500000;62;70;42;-8;228404;223198;0;2;0;-1;32;66
101114;170;62;217;1;1;217;55;20;62;1;Atlas;24;55;44;-1;212214;2;12;-1;1;1880;68;71;70;74;1;-103;36;70;69;46;212214;1;84;56;234578;1;69;4;234578;101114;0;0;0;213711;0;212214;0;0;0;0;38;6500000;43;70;33;-6;213711;212214;0;7;0;-1;63;74
101121;170;0;225;255;255;225;25;21;0;255;Necaxa;24;25;74;-1;219728;2;14;-1;2;1879;70;70;70;70;1;-102;73;69;67;65;219728;0;256;56;219728;1;75;5;219728;101121;0;0;0;230834;0;219728;0;0;0;0;68;9500000;68;69;79;-6;219728;219728;0;5;0;-1;55;70
105013;211;0;0;0;255;0;255;44;0;255;Bosnia Herzegovina;18;255;50;-1;180206;2;20;-1;1;1328;50;50;50;50;1;20;50;50;50;50;200765;1;0;50;180206;0;50;2;180206;105013;0;0;0;180930;0;180206;0;0;0;0;50;0;50;50;50;2;180930;180206;0;12;0;-1;50;50
105022;211;0;234;0;255;234;0;41;0;255;Macedonia;1;0;50;-1;241390;2;5;-1;1;1336;50;50;50;50;1;22;50;50;50;50;241390;1;0;50;241390;0;50;2;241390;105022;0;0;0;241390;0;237239;0;0;0;0;50;0;50;50;50;2;241390;237239;0;5;0;-1;50;50
105035;240;87;248;255;255;244;23;52;124;255;Netherlands;1;34;46;-1;202556;2;10;-1;2;1337;81;81;81;82;1;4;51;79;79;63;202556;2;288;48;202556;1;42;2;202556;105035;0;0;0;203376;0;202556;0;0;0;0;51;0;63;81;42;1;202556;202556;0;8;0;-1;48;82
106000;240;7;182;102;10;249;36;44;220;10;Steaua Bucureşti;1;32;50;-1;223231;2;20;-1;0;130027;64;66;64;66;1;26;70;64;64;70;223231;0;0;2;223231;0;75;1;273031;106000;0;0;0;223231;0;223231;0;1;0;1;50;7000000;75;66;75;2;223231;223231;1;10;0;-1;40;66
110062;242;0;201;255;255;180;0;41;0;255;Girona FC;6;0;47;-1;244369;2;6;-1;2;452;76;77;77;78;1;2;51;77;75;33;244369;0;136;35;190815;1;31;4;190815;110062;0;1;0;244369;0;244369;0;0;0;0;53;7000000;33;75;31;1;244369;244369;0;6;0;-1;35;81
110069;242;0;200;1;1;12;0;42;8;1;CD Mirandés;6;8;37;-1;203690;2;3;-1;2;477;68;68;69;68;1;-2;67;67;67;42;203690;0;0;52;203690;1;44;2;203690;110069;0;0;0;203690;0;203690;0;0;0;0;64;1500000;53;68;56;1;203690;203690;0;3;0;-1;69;67
110081;211;132;37;255;255;24;50;54;150;255;Northern Ireland;1;55;46;-1;217758;2;10;-1;2;1355;73;71;73;68;1;-5;53;72;72;65;217758;1;72;35;217758;1;39;2;217758;110081;0;0;0;169588;0;217758;0;0;0;0;53;0;65;71;39;0;217758;217758;0;2;0;-1;35;68
110082;58;0;255;255;0;255;0;44;255;0;Serbia;1;255;50;-1;199434;2;20;-1;1;1328;50;50;50;50;1;20;56;50;50;50;199434;0;0;50;199434;1;60;2;199434;110082;0;0;0;199434;2;199434;1;1;3;1;40;0;50;50;50;2;215716;199434;1;11;0;-1;50;50
110093;216;1;206;26;206;255;26;-34;255;1;Club Atlético Independiente;1;255;67;-1;221310;2;20;-1;2;101085;74;74;74;73;1;-58;67;74;72;55;221310;1;289;69;221310;0;55;2;221310;110093;0;0;0;232709;0;221310;0;0;0;0;66;13000000;66;73;61;-3;208054;221310;0;12;0;-1;65;72
110101;211;21;217;132;41;194;33;48;19;52;SKA-Khabarovsk;1;26;45;-1;239941;2;2;-1;2;110101;65;66;65;66;1;135;66;67;67;31;239941;1;128;54;239938;0;34;2;239935;110101;0;2;0;161314;1;239941;0;0;0;0;69;1550000;61;66;64;10;189445;239941;0;1;0;-1;80;66
110109;211;126;2;255;255;24;62;43;109;255;Akhmat Grozny;38;102;43;-1;162780;2;12;-1;2;110109;70;71;70;69;1;45;53;72;72;50;162780;0;328;51;195011;0;65;2;162780;110109;0;2;0;195011;0;162780;0;0;0;0;49;8500000;50;71;65;3;195011;162780;0;8;0;-1;51;69
110144;170;128;0;255;255;0;102;25;128;255;Club Santos Laguna;24;102;49;-1;213446;2;17;-1;2;1032;71;72;72;73;1;-103;72;72;71;61;209329;0;32;33;213446;0;31;4;213446;110144;0;2;0;235183;0;213446;0;0;0;0;66;9000000;71;72;61;-6;235947;209329;0;9;0;-1;37;73
110145;170;255;255;0;234;0;255;19;0;0;CD Tiburones Rojos de Veracruz;24;128;68;-1;234054;2;7;-1;2;1970;68;71;71;69;1;-96;40;69;68;39;234054;1;260;48;234054;1;59;4;234054;110145;0;0;0;234054;0;234054;0;0;0;0;39;2000000;39;69;39;-6;234054;234054;0;3;0;-1;39;70
110147;170;50;36;255;255;36;113;20;50;255;Pachuca Clube De Futbol;24;113;49;-1;234970;2;12;-1;2;1880;73;72;74;73;1;-98;38;72;72;63;234970;0;258;36;223053;1;40;2;223053;110147;0;0;0;165536;0;234970;0;0;0;0;36;5000000;46;72;36;-6;233710;234970;0;8;0;-1;46;72
110150;170;95;0;1;1;0;169;20;95;1;Querétaro Futbol Club;24;169;28;-1;200446;2;8;-1;2;110781;69;70;68;75;1;-100;68;68;69;35;200446;1;256;55;173434;0;35;4;173434;110150;0;0;0;242069;0;200446;0;1;0;1;71;1300000;64;70;44;-6;242069;200446;0;4;0;-1;64;75
110152;170;255;255;241;54;255;255;19;255;121;Club Puebla;24;255;45;-1;220702;2;6;-1;2;110145;69;70;70;67;1;-98;40;70;67;40;220702;2;257;51;220702;1;67;4;220702;110152;0;0;0;221293;0;220702;0;0;0;0;36;3700000;31;69;31;-6;221293;220702;0;3;0;-1;31;69
110169;211;31;237;255;255;239;41;50;50;255;Fortuna Köln;1;60;28;-1;238984;2;8;-1;2;110700;64;65;64;65;1;6;69;65;63;30;203164;2;66;38;203164;0;40;2;238984;110169;0;2;0;204727;1;203164;0;0;0;0;73;500000;64;64;68;1;204727;203164;0;3;0;-1;34;65
110178;37;1;1;255;255;155;1;49;155;255;SV Sandhausen 1916;1;155;67;-1;184816;2;5;-1;1;1832;67;69;68;68;1;8;67;69;69;43;184816;1;8;49;193276;1;63;4;184816;110178;0;2;0;184816;1;184816;0;0;0;0;70;1500000;74;68;69;1;183920;184816;0;3;0;-1;73;69
110197;211;10;235;255;255;255;25;49;1;255;Würzburg;1;1;45;-1;211825;2;8;-1;2;171;66;67;68;64;1;9;52;68;66;64;211825;1;82;31;211825;0;55;2;211825;110197;0;2;0;199832;0;211825;0;0;0;0;49;1500000;64;66;55;1;211825;211825;0;5;0;-1;31;64
110227;211;11;177;66;14;255;23;55;255;150;Rubin Kazan;38;255;68;-1;187415;2;15;-1;2;315;71;73;71;75;1;49;39;72;72;45;187415;1;64;55;201452;1;65;4;201452;110227;0;2;0;201452;0;187415;0;0;0;0;40;19500000;45;73;35;3;201452;187415;0;13;0;-1;45;75
110231;211;245;249;179;0;249;0;47;245;102;FC Rostov;38;0;25;-1;160593;2;10;-1;1;112218;70;71;70;72;1;39;71;70;70;24;166940;0;136;32;160593;0;27;2;160593;110231;0;1;0;166940;1;160593;0;0;0;0;70;7275000;61;71;61;3;160593;160593;0;6;0;-1;31;72
110233;211;120;56;255;255;1;46;56;56;255;Tom Tomsk;38;86;45;-1;187577;2;9;-1;2;110234;63;62;63;64;1;85;52;61;61;39;187577;1;0;51;235470;1;47;2;224717;110233;0;1;0;187577;0;187577;0;0;0;0;52;5000000;38;62;45;7;187577;187577;0;6;0;-1;45;64
110234;211;1;1;12;223;1;1;57;1;0;Amkar Perm;38;1;44;-1;190528;2;8;-1;2;111264;69;67;69;64;1;56;68;67;67;41;190528;1;288;28;190528;0;48;2;190528;110234;0;2;0;183204;0;190528;0;0;0;0;67;2850000;71;67;78;5;191002;190528;0;6;0;-1;32;64
110313;41;18;199;255;255;199;36;54;18;255;Accrington Stanley FC;3;36;43;-1;191108;2;2;-1;2;357;61;61;62;63;1;-2;66;61;60;39;191108;1;8;35;191108;1;69;2;191108;110313;0;0;0;187782;1;191108;0;0;0;0;72;500000;69;60;79;0;193939;191108;0;1;0;-1;75;64
110316;55;15;220;200;30;220;21;41;0;30;Gazélec Football Club Ajaccio;1;0;58;-1;182166;2;7;-1;1;614;67;65;66;70;1;8;39;63;64;39;182166;0;256;34;182166;0;41;2;225150;110316;0;2;0;207946;0;182166;0;0;0;0;39;2000000;49;66;39;1;207946;182166;0;1;0;-1;49;69
110326;55;165;24;1;1;255;218;47;255;1;Tours FC;7;255;47;-1;189175;2;8;-1;2;1530;66;67;65;68;1;0;50;63;64;67;189175;1;320;43;189175;1;37;2;189175;110326;0;1;0;188146;0;189175;0;0;0;1;51;1250000;67;67;37;1;169805;189175;1;6;0;-1;63;67
110329;37;1;226;52;96;255;26;53;255;71;FC St. Pauli;18;255;44;-1;222542;2;16;-1;2;28;71;69;71;72;1;9;51;68;69;63;222542;2;162;69;222542;0;39;2;222542;110329;0;2;0;211378;0;222542;0;0;0;0;53;7000000;63;70;39;1;211378;222542;0;2;0;-1;55;74
110373;202;46;165;255;255;165;55;40;46;255;U.S. Salernitana 1919;9;55;46;-1;225844;2;8;-1;2;48;66;67;65;67;1;14;38;66;68;68;225844;1;0;19;262333;1;53;5;262333;110373;0;0;0;236368;0;225844;0;0;0;0;39;5000000;49;69;39;1;236368;225844;0;2;0;-1;79;67
110374;243;8;57;255;255;74;142;43;11;255;ACF Fiorentina;9;181;68;-1;258976;2;16;-1;2;45;77;77;78;76;1;11;40;76;76;40;258976;0;24;50;234112;1;60;4;234112;110374;0;0;0;236610;0;258976;0;0;0;1;40;25000000;60;77;40;1;236610;258976;0;15;0;-1;60;77
110378;211;128;0;255;255;0;255;40;128;255;PAS Giannina;1;255;42;-1;215610;2;14;-1;0;111299;65;65;65;66;1;21;42;64;64;54;215610;0;10;52;275271;0;56;2;275271;110378;0;0;0;208237;0;215610;0;0;0;0;44;700000;53;65;44;2;215610;215610;1;7;0;-1;40;66
110392;216;152;1;255;255;1;213;-31;152;255;Atlético Rafaela;1;213;58;-1;230023;2;7;-1;2;110406;65;66;65;67;1;-61;63;67;67;41;230023;1;256;73;230023;1;66;4;236283;110392;0;2;0;210532;1;230023;0;0;0;0;54;500000;71;66;64;-3;230023;230023;0;3;0;-1;70;67
110394;216;180;49;23;213;255;233;-34;255;33;Arsenal de Sarandí;1;255;25;-1;257549;2;15;-1;2;111710;65;66;65;66;1;-58;50;68;66;24;257549;0;0;46;257549;1;36;4;257549;110394;0;1;0;215049;0;257549;0;0;0;0;49;3000000;42;66;62;-3;243170;257549;0;7;0;-1;76;65
110395;216;40;117;52;117;255;52;-34;255;40;Club Atlético Lanús;1;255;67;-1;226797;2;17;-1;2;110404;71;72;72;72;1;-58;68;72;71;47;226797;1;168;73;226797;0;67;2;214772;110395;0;2;0;188268;0;226797;0;0;0;0;66;8000000;75;71;73;-3;152912;226797;0;9;0;-1;77;74
110396;216;1;1;21;225;2;1;-32;2;11;Newell's Old Boys;1;2;45;-1;215079;2;15;-1;1;110580;67;68;68;66;1;-60;36;67;67;31;212541;1;16;52;215079;1;63;4;212541;110396;0;2;0;240963;1;215079;0;0;0;0;37;4000000;57;68;37;-3;240963;215079;0;9;0;-1;57;69
110404;216;153;1;255;255;1;51;-34;153;255;Club Atlético Banfield;1;51;28;-1;245138;2;13;-1;1;110395;69;71;70;74;1;-58;71;72;72;26;245138;1;264;35;245138;1;21;4;245138;110404;0;0;0;142966;0;245138;0;0;0;0;70;5000000;70;70;73;-3;245138;245138;0;6;0;-1;69;74
110405;216;1;1;1;208;255;1;-34;255;1;Chacarita;1;255;47;-1;212506;2;9;-1;2;111715;62;63;62;66;1;-58;36;64;62;41;212506;1;128;53;240410;0;49;2;240410;110405;0;1;0;212506;0;212506;0;0;0;0;38;1000000;53;62;33;-3;240379;212506;0;1;0;-1;53;65
110406;216;1;1;31;228;1;1;-31;1;21;Club Atlético Colón;1;1;59;-1;192906;2;9;-1;2;111716;70;71;70;72;1;-60;36;73;72;40;216036;0;309;55;192906;1;42;2;192906;110406;0;1;0;192906;0;192906;0;0;0;0;40;4000000;50;71;40;-3;192906;192906;0;4;0;-1;50;72
110452;211;0;0;255;255;0;255;37;0;255;Atromitos Athens;18;255;56;-1;233600;2;14;-1;1;110452;70;68;70;67;1;23;41;69;69;55;275380;1;0;48;275380;0;56;2;275380;110452;0;0;0;275380;0;233600;0;0;0;0;40;2000000;52;68;43;2;275380;275380;0;9;0;-1;48;67
110456;55;7;241;255;255;240;9;50;0;255;Valenciennes FC;7;0;59;-1;116762;2;11;-1;2;65;67;68;66;74;1;3;50;67;67;35;116762;1;1;36;116762;0;45;2;116762;110456;0;2;0;116762;0;116762;0;0;0;0;53;800000;52;68;59;1;116762;116762;0;11;0;-1;65;74
110466;211;255;255;255;0;255;0;32;255;0;FC Fastav Zlín;1;0;50;-1;272973;2;6;-1;1;113142;50;50;50;50;1;35;50;50;50;50;190873;1;0;50;272973;0;50;2;272973;110466;0;0;0;272966;0;272973;0;0;0;0;50;810000;50;50;50;2;272966;272973;0;2;0;-1;50;50
110468;211;7;182;102;10;249;36;49;220;10;Viktoria Plzeň;1;32;50;-1;251221;2;15;-1;0;267;68;68;68;66;1;13;70;67;67;70;251221;0;0;1;251221;0;75;1;251221;110468;0;0;0;199244;0;251221;0;1;0;1;50;8000000;75;68;85;1;244793;251221;1;8;0;-1;40;66
110482;71;10;226;250;250;10;26;51;10;250;Hallescher FC;1;10;45;-1;204139;2;4;-1;2;110588;64;65;66;63;1;11;71;65;63;44;204139;1;0;53;204139;1;43;2;238697;110482;0;2;0;238693;0;238697;0;0;0;0;63;500000;74;63;73;1;238693;204139;0;1;0;-1;69;64
110500;37;213;239;167;40;34;34;52;100;93;Eintracht Braunschweig;18;235;43;-1;211881;2;9;-1;2;485;69;69;68;69;1;10;71;69;69;68;211881;0;342;77;269256;1;42;2;269256;110500;0;2;0;192660;1;211881;0;0;0;0;69;3500000;78;69;72;1;192660;211881;0;9;0;-1;76;70
110502;37;78;1;255;255;25;158;49;150;255;SV Darmstadt 98;1;255;68;-1;199413;2;8;-1;1;1824;69;70;69;70;1;8;38;71;72;47;199413;1;48;27;199413;1;67;2;199413;110502;0;2;0;208470;0;199413;0;0;0;0;37;8000000;57;70;37;1;199413;199413;0;7;0;-1;57;67
110536;211;0;0;17;238;255;255;37;255;210;Asteras Tripolis;18;255;65;-1;229432;2;14;-1;1;278;66;63;66;61;1;22;40;65;65;47;114668;1;384;38;229432;0;62;2;229432;110536;0;0;0;206429;0;229432;0;0;0;1;40;2500000;42;63;44;2;234503;229432;0;10;0;-1;42;61
110540;211;0;0;255;255;0;160;37;0;255;Apollon Smyrnis;1;160;34;-1;275800;2;14;-1;1;1884;50;50;50;50;1;23;56;50;50;53;196582;1;0;46;196582;0;38;2;275800;110540;0;0;0;164046;0;275800;0;0;0;0;43;600000;42;50;46;2;50012;275800;0;10;0;-1;43;50
110548;211;0;128;255;0;255;0;39;255;0;AOK Kerkyra;1;255;46;-1;158663;2;11;-1;1;110537;63;64;63;65;1;20;57;65;65;44;190095;1;320;53;158663;0;38;2;158663;110548;0;0;0;190095;0;158663;0;1;0;1;47;600000;44;64;44;2;212551;158663;1;4;0;-1;41;65
110549;211;128;0;255;0;255;0;38;255;128;Levadeiakos;1;255;40;-1;189012;2;11;-1;0;111311;66;64;66;65;1;23;46;63;63;55;212568;0;0;42;275346;0;40;2;275346;110549;0;0;0;208254;0;189012;0;1;0;1;40;600000;48;64;48;2;208223;189012;1;9;0;-1;40;65
110554;216;255;255;85;1;0;255;-34;99;52;Quilmes;1;157;51;-1;226123;2;13;-1;2;111710;64;65;64;64;1;-58;71;67;67;57;226123;1;257;61;235159;0;48;2;232347;110554;0;1;0;215250;0;226123;0;0;0;0;61;500000;62;65;60;-3;208158;226123;0;3;0;-1;64;64
110556;243;2;197;78;20;255;7;44;255;33;Genoa CFC;9;255;44;-1;201144;2;16;-1;2;1837;76;76;76;75;1;8;53;75;75;40;201144;0;5;35;206159;1;38;2;201144;110556;0;0;0;201144;0;201144;0;0;0;0;52;9000000;40;76;38;1;201144;201144;0;14;0;-1;64;74
110569;38;0;210;255;255;239;0;47;18;255;Dijon FCO;7;9;49;-1;220198;2;9;-1;2;57;72;73;73;72;1;5;69;71;70;66;220198;0;72;25;220198;0;38;2;220198;110569;0;0;0;188270;0;220198;0;0;0;0;73;5000000;76;72;68;1;188270;220198;0;9;0;-1;32;72
110576;55;78;3;255;255;4;162;46;97;255;Bourg en Bresse;1;200;45;-1;230019;2;4;-1;2;110576;67;65;66;66;1;5;38;63;64;53;230019;1;0;30;230019;1;69;2;230019;110576;0;2;0;188688;0;221177;0;0;0;0;40;500000;45;66;35;1;221177;230019;0;2;0;-1;45;62
110580;216;41;2;1;249;2;118;-32;41;200;Rosario Central ;1;118;46;-1;226765;2;15;-1;1;110396;70;71;70;73;1;-60;37;70;69;67;226765;2;132;31;224104;0;55;4;224104;110580;0;2;0;165560;0;226765;0;0;0;0;36;5000000;31;70;31;-3;165560;226765;0;8;0;-1;61;73
110588;54;89;7;255;255;7;180;52;89;255;1. FC Magdeburg;1;180;66;-1;229384;2;12;-1;2;110482;66;66;65;67;1;11;36;67;67;43;229384;1;0;25;229384;1;63;2;229384;110588;0;2;0;252078;0;229384;0;0;0;0;38;800000;43;66;33;1;252078;229384;0;7;0;-1;73;67
110591;71;103;0;0;248;255;207;50;255;236;Carl Zeiss Jena;1;255;26;-1;238951;2;6;-1;2;100424;64;63;63;63;1;11;73;62;63;26;238951;1;8;42;238951;0;27;2;238951;110591;0;2;0;238951;0;238951;0;0;0;0;71;500000;72;63;52;1;225075;238951;0;2;0;-1;42;63
110592;71;27;208;255;255;0;44;50;148;255;FSV Zwickau;1;222;47;-1;193111;2;7;-1;2;507;65;65;65;64;1;12;52;65;64;34;193111;0;72;48;193111;0;48;2;193111;110592;0;2;0;177099;0;193111;0;0;0;0;52;500000;34;64;48;1;177099;193111;0;2;0;-1;74;66
110597;240;68;1;255;255;1;148;53;1;255;SV Meppen;1;1;49;-1;200256;2;4;-1;2;487;63;64;63;68;1;7;67;64;63;40;200256;1;16;57;200256;1;53;2;238929;110597;0;2;0;238929;0;238929;0;0;0;0;72;500000;70;63;63;0;200256;200256;0;1;0;-1;67;68
110636;37;6;227;255;255;210;19;51;59;255;Fortuna Düsseldorf;18;0;44;-1;179516;2;11;-1;2;31;71;72;71;71;1;6;52;73;71;34;229973;1;4;41;210237;0;37;2;210237;110636;0;2;0;177129;0;179516;0;0;0;0;49;8000000;34;71;37;1;179516;179516;0;10;0;-1;71;71
110694;240;180;30;255;255;0;80;53;108;255;Werder Bremen II;1;64;46;-1;193311;2;4;-1;2;487;62;62;61;64;1;8;52;63;63;64;193311;1;6;80;238793;1;45;2;238793;110694;0;2;0;193311;0;193311;0;0;0;1;52;500000;64;63;45;1;193311;193311;0;1;0;-1;49;66
110700;71;74;47;207;77;255;138;52;255;117;Sportfreunde Lotte;1;255;44;-1;238594;2;7;-1;2;487;66;66;66;63;1;7;53;66;64;65;238594;1;16;75;238594;1;49;2;238594;110700;0;2;0;207895;0;238594;0;0;0;0;53;550000;65;64;49;1;238594;238594;0;3;0;-1;45;65
110724;53;232;255;0;235;235;0;51;202;13;KV Mechelen;11;35;46;-1;195065;2;12;-1;1;229;70;71;71;70;1;4;52;69;69;64;195065;1;2;37;212205;1;43;2;212205;110724;0;2;0;234903;1;195065;0;0;0;0;50;2200000;64;70;43;1;227689;195065;0;2;0;-1;77;70
110734;243;2;2;0;248;3;76;39;3;0;F.C. Crotone;9;135;27;-1;173146;2;6;-1;2;112026;70;71;71;70;1;17;67;70;70;27;173146;0;24;33;173146;0;26;2;173146;110734;0;2;0;239765;1;173146;0;0;0;0;69;5000000;63;70;43;1;239765;173146;0;8;0;-1;63;72
110738;202;1;1;142;1;1;1;43;1;69;A.C. Pisa;1;1;43;-1;240661;2;3;-1;2;110374;64;67;64;64;1;10;54;68;67;43;240661;2;0;56;252033;1;44;2;252033;110738;0;1;0;252313;1;240661;0;0;0;1;55;4000000;65;66;63;1;220829;240661;0;1;0;-1;67;64
110741;202;255;255;1;1;255;255;44;255;1;Spezia Calcio;1;255;58;-1;181318;2;6;-1;2;110556;66;68;64;71;1;9;51;68;69;56;181318;1;0;44;234760;1;60;2;234760;110741;0;0;0;235865;0;181318;0;0;0;0;56;7500000;54;69;58;1;235865;181318;0;2;0;-1;64;70
110745;211;9;240;30;251;224;3;53;39;222;Jagiellonia Białystok;26;45;47;-1;193632;2;11;-1;2;1871;68;67;68;67;1;23;66;67;67;47;193632;0;138;36;193632;0;62;2;193632;110745;0;2;0;197169;0;193632;0;0;0;0;73;3744000;77;67;72;2;193632;193632;0;3;0;-1;76;67
110746;211;0;0;0;128;255;116;53;190;0;Pogoń Szczecin;1;20;43;-1;165724;2;15;-1;2;873;68;66;68;66;1;14;51;65;65;33;165724;1;48;41;212014;1;44;2;212014;110746;0;2;0;209453;0;165724;0;0;0;0;51;2100000;33;66;44;2;209453;165724;0;6;0;-1;78;66
110747;211;31;236;255;255;199;36;50;32;255;Cracovia;26;39;27;-1;202589;2;11;-1;2;1873;65;65;65;65;1;19;68;63;63;28;202589;1;2;59;202589;0;27;2;202589;110747;0;0;0;225013;1;202589;0;0;0;0;70;4392000;63;65;43;2;225013;202589;0;4;0;-1;43;65
110749;211;82;253;1;1;255;0;51;255;1;Zagłębie Lubin;26;255;68;-1;201114;2;8;-1;2;111092;67;66;67;65;1;16;40;65;65;52;201114;2;0;42;201172;0;52;2;165667;110749;0;0;0;180810;0;201114;0;0;0;0;37;3912000;42;66;32;2;201114;201114;0;4;0;-1;42;65
110756;211;0;255;0;255;236;0;54;27;205;Arsenal Tula;1;36;47;-1;193191;2;5;-1;2;100767;69;70;69;71;1;37;51;71;71;63;193191;1;96;43;199058;1;47;4;224600;110756;0;0;0;193191;0;193191;0;0;0;0;51;2875000;63;70;47;3;210703;193191;0;2;0;-1;73;71
110765;240;1;1;1;1;255;255;37;255;1;Incheon United;1;255;45;-1;204722;2;11;-1;1;982;64;65;64;62;1;126;39;66;66;64;212532;1;32;43;204722;1;68;4;204722;110765;0;0;0;204722;0;222697;0;0;0;0;39;1700000;34;65;34;9;207565;222697;0;2;0;-1;74;62
110770;211;20;222;255;255;232;1;46;20;255;FC Sion;17;1;47;-1;108061;2;14;-1;2;324;68;68;67;70;1;7;50;66;66;67;108061;1;273;57;108061;0;31;4;108061;110770;0;0;0;199890;0;108061;0;0;0;0;50;6000000;67;69;31;1;199890;108061;0;7;0;-1;77;69
110776;240;0;255;1;1;255;0;37;21;1;Gaziantep F.K.;37;20;36;-1;271386;2;13;-1;1;101028;70;72;70;71;1;37;56;73;72;36;200700;1;0;66;200700;0;64;2;200700;110776;0;2;0;275065;0;200700;0;1;0;1;39;4000000;47;71;38;2;275065;271386;0;9;0;-1;50;71
110781;170;111;10;255;255;103;41;21;173;255;Club León;1;49;74;-1;186302;2;17;-1;2;1880;71;72;72;74;1;-101;52;71;72;37;186302;0;40;38;214169;0;67;4;214169;110781;0;1;0;253385;1;186302;0;0;0;0;50;3600000;69;72;61;-6;253385;186302;0;8;0;-1;67;74
110806;211;0;64;255;255;64;0;39;0;255;AEL FC;18;0;45;-1;275492;2;13;-1;1;110541;50;50;50;50;1;22;43;50;50;52;223119;1;0;46;275492;0;44;2;275492;110806;0;0;0;275404;0;275492;0;0;0;0;39;600000;53;50;56;2;275404;275492;1;6;0;-1;41;50
110822;211;3;159;255;255;185;25;54;18;255;FC Ufa;1;35;47;-1;199752;2;5;-1;2;111264;70;70;70;71;1;55;53;69;69;35;197893;0;8;55;199752;1;50;2;199752;110822;0;2;0;148255;0;199752;0;0;0;0;52;3366000;35;70;50;5;197893;199752;0;1;0;-1;54;71
110827;242;75;25;255;255;233;200;43;233;255;Real Oviedo;6;255;59;-1;183853;2;7;-1;2;459;71;71;72;70;1;-5;49;72;71;57;189211;1;256;47;183853;1;51;2;183853;110827;0;0;0;157270;1;183853;0;0;0;0;50;1650000;51;70;41;1;157270;183853;0;2;0;-1;67;70
110831;242;0;255;255;255;230;0;43;0;255;CD Lugo;6;0;49;-1;227990;2;4;-1;2;450;70;70;72;70;1;-7;36;68;68;66;227990;0;41;48;179528;1;44;2;179528;110831;0;1;0;188128;0;227990;0;0;0;0;38;1560000;38;69;38;1;188128;227990;0;1;0;-1;38;70
110832;242;0;255;255;255;222;0;37;0;255;Granada CF;5;0;25;-1;255781;2;9;-1;2;449;72;74;73;74;1;-3;71;73;73;38;255781;0;64;65;261204;0;34;2;261204;110832;0;0;0;261204;0;255781;0;0;0;0;70;8000000;71;73;51;1;261204;255781;0;2;0;-1;41;74
110839;242;70;40;85;155;240;175;42;240;55;SD Huesca;6;255;58;-1;209695;2;4;-1;2;244;70;71;71;69;1;0;40;70;68;54;209695;1;258;44;157479;1;56;2;157479;110839;0;2;0;200519;0;209695;0;0;0;0;39;3000000;34;70;34;1;200519;209695;0;1;0;-1;64;69
110854;242;1;1;35;233;138;1;41;34;39;CF Reus;6;34;45;-1;229359;2;3;-1;2;15019;68;68;68;70;1;1;52;69;68;54;229359;0;8;51;229359;0;69;2;229359;110854;0;0;0;174013;0;229359;0;0;0;0;53;1525000;54;69;69;1;229359;229359;0;1;0;-1;55;68
110876;211;255;255;0;0;255;255;48;0;0;Zorya Luhansk;1;0;55;-1;266518;2;16;-1;1;101059;50;50;50;50;1;39;46;50;50;53;266518;1;0;48;266518;0;43;2;266518;110876;0;0;0;230584;0;266518;0;0;0;0;54;1500000;50;50;56;2;229670;266518;0;8;0;-1;54;50
110886;211;136;10;255;255;0;55;44;0;255;PFC Ludogorets;1;0;53;-1;181411;2;15;-1;0;259;62;65;62;67;1;27;44;63;63;47;181411;0;0;58;181411;0;54;2;181411;110886;0;0;0;206295;0;181411;0;1;0;1;53;2000000;55;65;53;2;206295;181411;1;10;0;-1;45;67
110890;41;20;235;255;255;235;20;51;20;255;Crawley Town FC;3;20;48;-1;206558;2;3;-1;1;112259;62;63;63;64;1;0;52;62;62;69;183530;0;72;39;206558;0;63;4;183530;110890;0;2;0;183530;0;206558;0;0;0;0;52;600000;69;62;63;0;183530;206558;0;3;0;-1;69;64
110911;202;17;237;1;1;237;17;41;17;1;Foggia FC;1;17;59;-1;198079;2;4;-1;2;1848;65;68;67;68;1;15;70;68;67;34;198079;1;0;57;178215;0;60;2;178215;110911;0;2;0;201914;0;198079;0;0;0;1;69;2000000;65;67;68;1;201914;198079;1;1;0;-1;64;69
110913;53;241;244;182;43;233;0;51;222;51;Waasl. Beveren;1;12;76;-1;215480;2;9;-1;2;2007;67;68;68;72;1;4;50;68;67;68;206269;1;9;41;215480;1;78;2;215480;110913;0;2;0;205985;0;215480;0;0;0;0;51;1100000;57;68;44;1;205985;215480;0;1;0;-1;78;72
110915;202;255;255;1;1;255;255;44;255;1;A.C. Cesena;9;255;67;-1;190499;2;9;-1;1;189;66;67;67;68;1;12;50;65;66;65;190499;1;256;35;190499;1;65;2;190499;110915;0;2;0;171721;0;190499;0;0;0;0;53;3000000;37;67;41;1;227617;190499;0;2;0;-1;75;69
110929;211;176;252;1;1;1;52;-26;1;1;Kaizer Chiefs;1;1;60;-1;190471;2;10;-1;1;110929;69;70;69;69;1;27;39;68;68;64;190471;0;24;54;190471;1;58;9;190471;110929;0;0;0;165247;0;190471;0;0;0;0;39;2192000;54;70;34;2;165247;190471;0;5;0;-1;54;69
110930;211;1;1;255;255;255;1;-26;255;255;Orlando Pirates;1;255;43;-1;211260;2;9;-1;2;110929;70;68;70;65;1;27;73;66;66;54;211260;0;16;61;211260;0;46;2;211260;110930;0;0;0;207785;1;211260;0;0;0;0;73;1625000;64;68;76;2;211260;211260;0;5;0;-1;80;65
110955;240;51;0;0;255;255;102;31;255;0;Shanghai Greenland Shenhua;2;255;60;-1;196147;2;20;-1;1;111768;50;50;50;50;1;121;40;50;50;60;196147;1;0;40;196147;0;60;2;196147;110955;0;0;0;196147;0;196147;0;1;0;1;45;15000000;52;50;45;8;196147;196147;0;6;0;-1;40;50
110975;90;255;255;200;54;255;255;-33;0;112;Uni. Católica;1;0;75;-1;170719;2;18;-1;2;15029;68;69;68;68;1;-70;51;69;69;65;170719;0;144;39;170719;0;75;2;170719;110975;0;0;0;196069;0;170719;0;0;0;0;53;1800000;33;69;49;-3;170719;170719;0;6;0;-1;75;68
110976;90;112;19;255;255;5;73;-33;60;255;Wanderers;1;5;46;-1;213601;2;13;-1;2;112584;66;65;66;63;1;-71;53;64;64;55;213601;0;256;56;213601;1;66;5;213601;110976;0;0;0;172619;0;213601;0;0;0;0;50;940000;55;65;66;-3;172619;213601;0;4;0;-1;72;63
110977;90;0;234;0;255;1;0;-33;1;242;Unión Española;1;1;46;-1;203803;2;17;-1;1;101097;68;69;68;67;1;-70;40;69;69;45;203803;1;136;38;217990;1;52;2;217990;110977;0;0;0;214695;0;203803;0;0;0;0;38;1000000;58;69;38;-3;215267;203803;0;4;0;-1;78;67
110978;65;120;232;255;255;239;20;-26;140;255;CD Cobresal;1;24;47;-1;214437;2;10;-1;2;112533;65;65;64;66;1;-69;42;64;65;48;215120;1;0;48;214743;1;44;4;229165;110978;0;2;0;215120;0;214437;0;0;0;0;44;700000;54;65;44;-3;215120;214437;0;4;0;-1;56;66
110980;90;98;42;255;255;255;54;-34;242;255;CD Viñazur;1;0;66;-1;216020;2;20;-1;2;15029;73;72;73;71;1;-71;68;70;71;65;216020;1;128;79;216020;0;65;2;216020;110980;0;0;0;223248;1;216020;0;0;0;0;68;3000000;79;72;71;-3;223248;216020;0;7;0;-1;55;72
111019;216;45;235;255;255;0;46;-34;93;255;Argentinos Juniors;1;163;48;-1;253135;2;12;-1;2;101088;68;66;69;66;1;-58;53;66;64;45;253135;1;65;55;215148;1;57;2;215148;111019;0;2;0;176920;0;253135;0;0;0;0;49;3000000;45;66;57;-3;176920;253135;0;9;0;-1;51;66
111022;216;154;1;212;1;1;212;-31;154;154;Club Atlético Belgrano de Córdoba;1;212;26;-1;165787;2;8;-1;2;112670;69;69;69;66;1;-64;67;69;67;34;165787;0;322;56;215178;0;27;4;215178;111022;0;0;0;165787;0;165787;0;0;0;0;70;3000000;62;68;42;-3;165787;165787;0;5;0;-1;62;68
111045;197;1;1;255;255;255;1;-28;255;255;Figueirense;32;255;49;-1;166082;2;9;-1;2;111976;66;67;66;67;1;-49;54;68;68;52;166082;0;64;51;166082;0;50;2;166082;111045;0;1;0;135097;2;166082;0;0;0;1;63;600000;53;67;60;-3;166082;166082;0;6;0;-1;41;67
111048;0;0;0;0;255;0;255;-25;0;0;Paraná Clube;4;255;50;-1;268005;2;8;-1;1;1039;50;50;50;50;1;-48;50;50;50;50;268005;1;0;50;181392;0;50;2;181392;111048;0;0;0;190228;0;268005;0;0;0;0;50;400000;50;50;50;-3;271062;268005;0;5;0;-1;50;50
111057;197;27;233;36;36;249;35;-23;220;36;Sport Club do Recife;1;32;50;-1;204969;2;15;-1;0;111044;64;68;64;68;1;-43;44;66;66;58;204969;0;0;60;197670;0;57;1;212029;111057;0;0;0;203119;0;204969;0;1;0;1;44;500000;45;68;55;-3;203119;204969;1;6;0;-1;56;68
111059;0;255;255;0;0;128;255;-19;128;0;Ceará Sporting Club;1;128;50;-1;208896;2;9;-1;1;1598;50;50;50;50;1;-44;50;50;50;50;208896;1;0;50;208896;0;50;2;208896;111059;0;0;0;208896;0;208896;0;0;0;0;50;300000;50;50;50;-3;165804;208896;0;8;0;-1;50;50
111065;215;14;144;102;51;237;26;41;207;51;Real Salt Lake;1;22;47;-1;215886;2;7;-1;2;694;70;68;70;70;1;-112;69;67;67;58;215886;0;130;34;186529;1;44;4;186529;111065;0;0;0;248870;0;215886;0;0;0;1;71;21000000;68;68;74;-7;206633;215886;0;4;0;-1;78;70
111072;211;11;200;150;150;0;27;51;0;150;World XI;1;0;57;-1;177003;2;20;-1;2;1;0;0;0;0;1;7;38;0;0;49;199564;2;0;1;177003;1;56;2;177003;111072;0;2;0;177003;0;177003;0;1;0;1;65;0;77;0;51;1;177003;1;0;20;0;-1;49;0
111082;211;237;255;149;0;255;0;54;255;69;Arka Gdynia;26;255;45;-1;224014;2;8;-1;2;111091;63;65;63;65;1;18;36;65;65;41;224014;1;4;22;224014;0;49;2;176261;111082;0;0;0;189715;1;224014;0;0;0;0;38;7625000;53;65;33;2;224014;224014;0;3;0;-1;53;65
111083;211;0;240;1;255;240;5;50;215;228;Korona Kielce;26;1;43;-1;238005;2;5;-1;2;1873;66;65;66;65;1;20;39;64;64;39;197961;1;16;24;176210;1;57;2;176210;111083;0;1;0;189569;0;176210;0;0;0;0;36;1545000;41;65;31;2;176210;176210;0;2;0;-1;71;65
111086;211;51;0;15;196;0;153;50;83;13;Piast Gliwice;26;205;60;-1;182053;2;8;-1;1;874;67;66;67;64;1;18;52;65;65;54;182053;1;32;55;182053;0;64;2;182053;111086;0;2;0;155422;0;182053;0;1;0;1;52;2500000;34;66;38;2;182053;182053;0;2;0;-1;54;64
111091;211;156;0;255;255;0;73;54;64;255;Lechia Gdańsk;26;0;60;-1;163297;2;12;-1;2;110746;69;69;69;70;1;18;39;65;65;34;163297;1;152;54;163297;0;52;2;163297;111091;0;2;0;185405;0;163297;0;1;0;1;39;3375000;54;69;34;2;194083;163297;0;5;0;-1;64;70
111092;211;142;0;255;255;187;80;51;10;255;Śląsk Wrocław;26;4;46;-1;176636;2;15;-1;2;1871;67;67;67;72;1;16;38;66;66;53;176636;1;52;55;204381;1;63;2;222163;111092;0;0;0;155657;0;176636;0;0;0;0;37;1875000;57;67;37;2;155657;176636;0;5;0;-1;57;72
111099;240;230;255;80;20;30;52;-26;120;140;South Africa;1;50;27;-1;225139;2;10;-1;1;111130;72;72;72;71;1;27;39;72;72;39;220245;0;528;37;225139;1;40;2;225139;111099;0;0;0;219911;0;222560;0;0;0;0;38;0;58;72;38;2;206126;225139;0;4;0;-1;68;71
111107;211;223;0;43;255;0;223;-34;215;255;Kazakhstan;1;215;50;-1;213420;2;20;-1;1;1357;50;50;50;50;1;-58;50;50;50;50;213420;1;0;50;192294;0;50;2;192294;111107;0;0;0;168808;0;213420;0;0;0;0;50;0;50;50;50;-3;192294;213420;0;3;0;-1;50;50
111108;211;255;255;1;255;245;255;-12;1;1;Peru;1;2;66;-1;236259;2;10;-1;2;111459;72;71;72;71;1;-77;49;68;68;70;236259;0;80;40;236259;0;70;2;236259;111108;0;2;0;150525;1;236259;0;0;0;0;53;0;56;71;46;-5;150525;236259;0;3;0;-1;80;71
111109;216;225;252;168;0;200;22;10;25;54;Colombia;1;1;48;-1;198710;2;10;-1;1;111487;78;78;78;80;1;-74;66;77;77;63;198710;0;400;41;198710;1;41;4;198710;111109;0;0;0;198710;0;198710;0;0;0;0;68;0;73;78;71;-5;198710;198710;0;7;0;-1;45;80
111111;211;0;255;0;0;255;0;49;0;128;Morocco;1;0;50;-1;235212;2;20;-1;1;111448;50;50;50;50;1;-123;50;50;50;50;235212;1;257;50;235212;0;50;2;235212;111111;0;0;0;208295;0;235212;0;0;0;0;50;0;50;50;50;0;229010;235212;0;9;0;-1;50;50
111112;71;128;255;255;255;0;0;5;153;255;Côte d'Ivoire;1;51;60;-1;260942;2;10;-1;1;1395;78;77;78;76;1;-4;72;76;76;35;260942;2;288;46;260942;1;61;4;260942;111112;0;0;0;260942;1;260942;0;0;0;0;70;0;79;77;69;0;260942;260942;0;6;0;-1;65;76
111114;240;128;1;255;255;1;1;24;128;255;Saudi Arabia;1;1;44;-1;191269;2;10;-1;2;111115;73;72;73;73;1;46;66;73;73;63;191269;1;256;69;191269;1;42;4;191269;111114;0;0;0;191269;1;191269;0;0;0;0;69;0;73;72;72;3;210602;191269;0;4;0;-1;48;73
111115;211;144;5;255;255;255;68;35;0;255;Iran;1;0;49;-1;215871;2;20;-1;2;1387;0;0;0;0;1;51;49;0;0;53;215871;1;256;48;215871;0;51;2;215871;111115;0;0;0;194354;1;215871;0;1;1;1;47;0;54;0;47;3;241788;215871;1;6;0;-1;53;0
111117;240;0;0;0;215;0;0;40;0;0;Fatih Karagümrük SK;37;0;46;-1;200094;2;15;-1;2;111339;73;74;74;75;1;29;49;71;71;66;200094;0;353;74;200094;1;59;4;200094;111117;0;1;0;206104;0;200094;0;0;0;0;51;6000000;66;73;59;2;220131;200094;0;12;0;-1;73;75
111130;211;0;210;1;1;255;0;30;255;1;Egypt;1;255;44;-1;209331;2;10;-1;2;111099;71;72;71;79;1;31;49;70;70;31;213051;0;800;64;209331;0;58;4;256675;111130;0;0;0;209331;1;209331;0;0;0;0;52;0;31;72;58;2;209331;209331;0;5;0;-1;64;79
111131;65;40;30;255;255;34;180;54;44;255;Finn Harps;1;184;47;-1;230711;2;3;-1;2;445;58;57;58;56;1;-7;72;56;56;69;140453;1;330;37;217992;1;31;2;217992;111131;0;2;0;231674;1;230711;0;0;0;0;66;500000;79;57;61;0;199023;230711;0;1;0;-1;37;56
111138;215;223;222;237;133;222;224;45;223;199;Minnesota United FC;1;224;29;-1;152828;2;1;-1;2;693;68;67;68;68;1;-93;36;66;66;23;152828;2;2;45;176075;1;40;2;176075;111138;0;1;0;234468;0;152828;0;0;0;0;40;25500000;55;67;35;-6;234468;152828;0;1;0;-1;55;68
111139;215;82;11;12;12;255;160;46;255;12;Impact Montréal;1;255;44;-1;176376;2;3;-1;2;111651;66;67;66;70;1;-74;73;67;67;62;176376;1;320;66;176376;0;44;2;176376;111139;0;0;0;176376;0;176376;0;1;0;1;71;19000000;72;67;74;-5;176376;176376;0;4;0;-1;40;70
111140;215;59;0;17;234;0;14;46;59;232;Portland Timbers;1;14;46;-1;203067;2;6;-1;2;111144;73;70;73;69;1;-123;53;68;68;55;203067;1;8;48;190577;1;42;2;190577;111140;0;0;0;213620;0;203067;0;0;0;0;51;31500000;55;70;42;-8;219806;203067;0;3;0;-1;48;69
111144;215;198;148;148;0;148;82;48;198;85;Seattle Sounders FC;1;82;59;-1;197225;2;8;-1;2;111140;73;71;73;69;1;-122;36;69;69;40;210423;1;72;50;210423;1;42;2;197225;111144;0;1;0;197225;0;197225;0;1;0;1;40;32500000;50;71;40;-8;197225;197225;0;4;0;-1;70;69
111205;211;42;92;255;255;111;16;51;42;255;Classic XI;1;1;55;-1;166691;2;10;-1;2;111072;92;93;92;92;1;7;50;93;93;50;166691;1;0;50;166691;0;35;2;166691;111205;0;0;0;166691;1;166691;0;1;0;1;75;0;65;93;50;1;166119;166691;0;10;0;-1;35;92
111235;37;32;1;28;218;255;91;48;255;41;1. FC Heidenheim;1;255;66;-1;200954;2;6;-1;2;110178;69;70;70;66;1;10;53;70;68;32;200954;1;50;52;224980;1;52;2;257136;111235;0;2;0;178032;0;200954;0;0;0;0;50;8000000;60;68;56;1;178032;200954;0;5;0;-1;62;67
111239;37;1;225;1;1;255;25;48;255;1;Ingolstadt;18;255;67;-1;199661;2;9;-1;2;100409;72;72;74;71;1;11;53;71;71;40;199661;1;0;70;234418;1;60;2;234418;111239;0;2;0;216377;0;199661;0;0;0;0;53;4500000;70;71;56;1;161644;199661;0;8;0;-1;70;72
111264;211;1;1;26;234;255;1;56;80;150;FC Ural;1;0;48;-1;208737;2;6;-1;2;110234;69;68;69;67;1;60;50;67;67;47;208737;2;160;31;208737;1;47;2;210574;111264;0;2;0;201436;0;208737;0;0;0;0;49;4666000;47;68;47;5;208737;208737;0;4;0;-1;31;67
111273;55;102;12;255;255;17;70;48;147;255;Red Star FC;1;101;44;-1;202546;2;4;-1;2;73;66;67;66;66;1;2;48;66;67;47;202546;0;64;54;220448;1;52;2;220448;111273;0;2;0;222969;0;202546;0;0;0;0;51;1000000;49;67;49;1;210536;202546;0;2;0;-1;56;67
111285;65;105;65;255;255;73;225;52;110;255;Limerick FC;1;208;47;-1;193317;2;11;-1;1;422;56;56;56;56;1;-8;73;56;56;62;189810;2;274;38;189810;1;54;2;193317;111285;0;1;0;189810;0;193317;0;0;0;0;73;525000;72;56;64;0;193317;193317;0;1;0;-1;38;56
111299;211;220;249;255;0;255;32;38;255;0;Panaitolikos GFS;1;255;46;-1;186568;2;12;-1;0;110378;66;65;66;63;1;21;47;66;66;46;186568;0;261;55;223276;0;39;2;223276;111299;0;0;0;172895;0;186568;0;0;0;0;42;700000;55;66;44;2;186568;186568;1;9;0;-1;52;63
111300;211;0;0;255;255;0;255;39;0;255;PAS Lamia;1;255;46;-1;250010;2;10;-1;1;111300;50;50;50;50;1;23;47;50;50;42;250010;1;0;40;50018;0;40;2;50018;111300;0;0;0;150206;0;250010;0;0;0;0;36;600000;44;50;56;2;150206;250010;1;8;0;-1;48;50
111311;211;27;233;255;255;0;35;35;0;255;Platanias FC;1;0;45;-1;157901;2;10;-1;0;111311;65;64;65;62;1;24;50;63;63;45;220831;0;10;53;229246;0;40;2;229246;111311;0;0;0;185033;0;157901;0;1;0;1;45;900000;40;64;47;2;170428;157901;1;7;0;-1;42;62
111327;90;93;39;1;1;99;168;-36;153;1;CD Huachipato;1;228;43;-1;214459;2;16;-1;2;112534;64;65;64;70;1;-73;53;66;66;40;214459;2;328;56;214459;1;62;2;214459;111327;0;2;0;214459;1;214459;0;0;0;0;49;1100000;40;65;62;-3;214459;214459;0;4;0;-1;76;70
111328;90;255;255;100;20;238;255;-33;46;141;CD Palestino;1;36;48;-1;214458;2;13;-1;2;101097;60;64;60;69;1;-70;53;66;66;60;214458;0;256;80;214458;0;54;2;188269;111328;0;2;0;188269;0;188269;0;0;0;0;53;880000;60;65;54;-3;188269;214458;0;4;0;-1;50;69
111339;240;51;51;255;255;200;153;41;0;255;Kasimpaşa SK;37;0;75;-1;226517;2;9;-1;2;101014;70;72;72;69;1;28;53;74;71;35;226517;1;384;69;226517;1;65;4;226517;111339;0;2;0;226517;0;226517;0;0;0;1;53;5000000;60;70;51;2;201878;226517;0;6;0;-1;35;70
111379;60;0;240;1;1;255;0;49;255;1;S. Großaspach;1;255;26;-1;238682;2;5;-1;2;550;65;66;66;65;1;9;52;66;65;23;238682;1;8;57;238686;1;26;2;238686;111379;0;2;0;238682;0;238682;0;0;0;0;50;500000;34;65;43;1;238682;238682;0;2;0;-1;57;65
111393;240;1;255;9;252;229;1;-34;25;210;Adelaide United;35;55;67;-1;203024;2;14;-1;1;111393;64;65;65;65;1;138;40;65;64;35;203024;0;34;40;203024;0;55;2;203024;111393;0;2;0;203024;0;169410;0;0;0;0;40;2000000;35;64;35;9;169410;203024;0;5;0;-1;35;66
111395;240;118;244;1;1;251;36;-27;82;1;Brisbane Roar;35;0;66;-1;199418;2;18;-1;2;1792;70;65;69;62;1;153;53;62;64;66;199418;0;128;46;107263;1;66;4;107263;111395;0;0;0;180726;0;199418;0;0;0;0;49;2000000;35;67;42;10;180726;199418;1;3;0;-1;46;62
111396;240;210;255;155;0;255;0;-33;196;82;Central Coast;35;35;45;-1;238360;2;13;-1;1;111398;65;63;64;61;1;151;72;61;63;53;238360;1;0;47;238360;1;53;4;238360;111396;0;0;0;213488;0;238360;0;0;0;0;72;2000000;63;64;63;10;238360;238360;0;3;0;-1;47;59
111397;240;46;3;255;255;137;94;-37;148;255;Melb. Victory;35;152;45;-1;184202;2;20;-1;2;111395;68;65;66;68;1;144;52;64;65;39;184202;1;8;67;184202;1;53;2;184202;111397;0;0;0;213321;1;184202;0;0;0;0;50;2000000;39;66;53;10;213321;184202;0;4;0;-1;57;67
111398;240;86;2;39;193;207;155;-32;173;45;Newcastle Jets;35;99;26;-1;202208;2;12;-1;2;111396;65;66;67;66;1;151;72;65;64;39;202208;1;321;43;202208;1;36;2;235054;111398;0;2;0;181477;0;202208;0;0;0;0;73;2000000;62;65;62;10;202208;202208;0;2;0;-1;42;67
111399;240;40;93;255;255;90;130;-31;50;255;Perth Glory;35;110;45;-1;189836;2;10;-1;2;111766;67;65;66;69;1;115;50;64;65;62;189836;0;320;33;189836;1;54;2;189836;111399;0;0;0;162471;1;189836;0;0;0;0;53;2000000;62;66;54;8;162471;189836;0;1;0;-1;80;69
111400;240;200;140;107;5;255;255;-33;255;62;Sydney FC;35;255;67;-1;209359;2;17;-1;2;112427;69;70;72;68;1;151;39;69;67;55;209359;1;24;39;183564;1;55;2;183564;111400;0;0;0;152814;0;209359;0;0;0;1;40;2000000;35;67;35;10;152814;209359;0;6;0;-1;65;68
111434;202;28;237;133;128;237;36;45;28;130;U.S. Cremonese;1;36;75;-1;207471;2;4;-1;2;190;68;67;66;70;1;10;39;65;69;42;207471;1;0;31;207471;1;72;2;207471;111434;0;0;0;207471;0;207471;0;0;0;0;37;1500000;32;69;32;1;207471;207471;0;1;0;-1;32;69
111448;211;255;255;0;0;255;255;4;0;128;Algeria;1;0;44;-1;204485;2;20;-1;1;111130;50;50;50;50;1;12;60;50;50;55;204485;1;0;60;204485;0;60;2;204485;111448;0;0;0;204485;0;204485;0;1;0;1;52;0;45;50;65;1;204485;204485;0;10;0;-1;40;50
111451;211;136;0;255;255;12;55;-16;144;255;Bolivia;1;88;48;-1;247885;2;10;-1;2;111459;67;67;67;75;1;-68;53;66;66;70;247885;1;64;52;247885;1;46;4;247885;111451;0;2;0;246065;0;247885;0;0;0;0;50;0;70;67;46;-4;220545;247885;0;1;0;-1;72;75
111455;211;1;255;255;255;1;1;43;1;255;Canada;1;1;29;-1;234396;2;10;-1;2;1387;69;68;69;68;1;-79;71;66;66;31;242380;1;68;64;234396;1;24;5;234396;111455;0;0;0;234396;0;242380;0;0;0;0;68;0;70;68;50;-5;243630;242380;0;2;0;-1;70;68
111456;211;0;0;0;255;255;193;14;223;0;Cape Verde;1;0;37;-1;196899;2;20;-1;1;111545;50;50;50;50;1;-23;64;50;50;54;196899;1;0;50;196899;0;36;2;196899;111456;0;0;0;196899;0;196899;0;0;0;0;71;0;65;50;54;0;196899;196899;0;7;0;-1;38;50
111459;211;0;255;128;0;255;0;-33;255;64;Chile;1;255;68;-1;184941;2;10;-1;2;111108;80;79;80;79;1;-70;38;77;77;35;184941;1;176;48;184941;1;55;4;184941;111459;0;0;0;184941;1;184941;0;0;0;0;40;0;45;79;35;-3;184941;184941;0;7;0;-1;45;79
111461;211;128;0;0;255;0;0;0;64;255;Gabon;1;128;43;-1;188567;2;20;-1;1;111112;50;50;50;50;1;9;47;50;50;47;189175;1;0;50;189175;0;47;2;189175;111461;0;0;0;188567;0;189175;0;0;0;0;55;0;61;50;46;0;188567;188567;0;6;0;-1;58;50
111462;71;255;255;128;0;182;0;7;7;128;Ghana;4;36;36;-1;209989;2;20;-1;0;1393;77;75;77;76;1;-1;53;67;67;49;209989;0;0;56;209989;0;45;1;209989;111462;0;0;0;209989;0;209989;0;1;0;1;49;0;36;75;52;0;197756;209989;1;13;0;-1;34;76
111465;211;225;255;155;1;218;0;0;12;55;Ecuador;1;24;58;-1;246058;2;10;-1;2;111108;75;73;75;75;1;-78;53;70;70;48;246058;1;0;78;246058;1;50;4;246058;111465;0;0;0;220295;1;256079;0;0;0;0;51;0;71;73;32;-5;220295;256079;0;5;0;-1;78;75
111466;240;1;1;255;255;255;255;28;128;255;India;1;1;48;-1;217225;2;10;-1;1;1415;58;60;58;63;1;77;50;58;58;37;231933;1;256;43;217225;1;31;2;228198;111466;0;1;0;190939;0;217225;0;0;0;0;50;0;37;60;31;6;190939;217225;0;1;0;-1;47;63
111473;240;255;255;1;1;229;255;-41;230;1;New Zealand;1;229;74;-1;255360;2;10;-1;1;1415;65;67;65;72;1;174;70;65;65;50;255360;0;0;40;255360;0;80;2;255360;111473;0;1;0;192123;0;255360;0;0;0;0;69;0;69;67;76;12;192123;255360;0;2;0;-1;40;72
111475;211;91;5;0;255;255;250;39;255;0;Panama;1;255;50;-1;273204;2;20;-1;1;1383;50;50;50;50;1;-77;50;50;50;50;273204;1;0;50;234726;0;50;2;234726;111475;0;0;0;217045;0;273204;0;0;0;0;50;0;50;50;50;-5;243545;273204;0;5;0;-1;50;50
111481;211;255;255;0;0;0;0;39;0;128;Jamaica;1;0;52;-1;229906;2;20;-1;1;111475;50;50;50;50;1;-77;61;50;50;46;229906;1;0;50;225441;0;47;2;225441;111481;0;0;0;216939;0;229906;0;0;0;0;62;0;48;50;67;-5;190717;229906;0;7;0;-1;52;50
111483;211;255;255;0;0;255;128;6;0;128;Togo;1;0;47;-1;183820;2;20;-1;1;1395;50;50;50;50;1;1;54;50;50;46;159175;1;0;47;169281;0;52;2;183820;111483;0;0;0;216258;0;183820;0;0;0;0;45;0;60;50;56;0;216258;183820;0;10;0;-1;57;50
111487;211;211;244;225;0;239;55;10;65;75;Venezuela;1;56;26;-1;233531;2;10;-1;2;111109;71;72;71;74;1;-64;68;72;72;21;233531;1;320;56;233531;1;34;4;233531;111487;0;0;0;189250;0;233531;0;0;0;0;71;0;62;72;62;-4;189250;233531;0;2;0;-1;52;74
111489;211;128;255;0;0;255;0;-15;255;128;Zambia;1;255;41;-1;172332;2;20;-1;1;111112;50;50;50;50;1;28;39;50;50;47;172332;1;0;47;271004;0;43;2;271004;111489;0;0;0;209911;0;172332;0;0;0;0;45;0;45;50;47;2;209911;172332;0;10;0;-1;46;50
111527;211;255;255;244;244;150;255;25;0;232;Qatar;1;75;49;-1;268782;2;20;-1;1;111114;63;64;63;67;1;51;44;61;61;52;268782;1;260;60;215897;0;53;5;215897;111527;0;2;0;180561;1;268782;0;1;0;1;24;0;82;64;47;2;180561;268782;1;2;0;-1;68;67
111539;202;63;12;255;255;12;152;41;63;255;Vizela;1;152;40;-1;228589;2;4;-1;2;112513;66;65;66;64;1;12;53;66;66;57;223302;1;64;54;213795;1;48;2;223302;111539;0;1;0;213795;0;228589;0;0;0;0;47;2000000;48;65;52;1;228589;228589;0;2;0;-1;51;64
111545;211;128;0;0;255;255;255;14;255;0;DR Congo;1;255;50;-1;202940;2;20;-1;1;1395;50;50;50;50;1;17;50;50;50;50;202940;1;0;50;197885;0;50;2;189157;111545;0;0;0;179544;0;202940;0;0;0;0;50;0;50;50;50;0;177392;202940;0;5;0;-1;50;50
111548;211;57;0;255;255;0;156;39;0;255;Honduras;1;0;45;-1;239782;2;20;-1;2;111481;0;0;0;0;1;-77;48;0;0;47;239782;2;384;67;186674;1;44;4;186674;111548;0;0;0;175092;1;239782;0;1;0;1;46;0;52;0;47;-5;205495;239782;1;7;0;-1;48;0
111550;211;153;0;0;255;255;0;12;0;255;Mali;1;0;48;-1;236480;2;20;-1;2;111112;69;70;69;71;1;-7;54;67;67;52;236480;0;0;58;219789;1;43;2;219789;111550;0;2;0;225151;2;236480;0;1;0;1;64;0;49;70;45;0;225151;236480;1;8;0;-1;53;71
111560;53;4;226;10;10;250;26;50;250;10;Excel Mouscron;1;250;26;-1;188390;2;4;-1;2;100081;67;66;66;68;1;3;67;65;66;27;188390;1;0;43;204442;0;40;2;188390;111560;0;0;0;223074;0;188390;0;0;0;0;69;1000000;77;67;57;1;237555;188390;0;1;0;-1;47;64
111592;6;0;0;0;0;0;0;0;0;0;Free Agents;1;0;50;-1;191744;2;5;-1;0;111592;0;0;0;0;1;0;50;0;0;50;191744;1;0;50;188427;0;50;2;188427;111592;0;0;0;200454;1;191744;0;0;0;0;50;0;50;0;50;0;200454;191744;0;5;0;-1;50;0
111596;38;97;0;255;255;0;161;41;97;255;MLS All Stars;1;161;55;154;172114;2;10;-1;2;1;79;77;79;80;1;-37;50;72;72;65;172114;1;0;50;190557;0;55;2;190557;111596;0;0;0;176376;1;172114;0;0;0;0;65;0;65;77;50;-5;176376;172114;0;10;0;-1;50;80
111651;215;0;240;255;255;68;0;44;84;255;Toronto FC;1;97;74;-1;198219;2;3;-1;2;111139;72;71;72;75;1;-79;38;70;70;62;155887;0;160;52;198219;1;72;4;198219;111651;0;1;0;198219;0;198219;0;1;0;1;37;32000000;52;71;32;-5;198219;198219;0;4;0;-1;52;75
111657;202;255;255;164;29;255;0;41;255;93;Frosinone Calcio;9;0;27;-1;212446;2;7;-1;2;189;68;71;70;73;1;13;39;72;70;35;212446;0;260;53;231050;1;31;2;231050;111657;0;1;0;258788;0;212446;0;0;0;0;38;7000000;43;70;33;1;231050;212446;0;2;0;-1;43;74
111674;240;1;1;255;255;255;1;24;128;255;Al-Shabab FC;39;1;46;-1;208418;2;7;-1;2;112139;66;67;66;69;1;46;52;65;64;49;208418;1;1;43;218996;1;61;4;218996;111674;0;0;0;218996;1;208418;0;0;0;1;50;2500000;49;66;61;3;191834;208418;0;5;0;-1;47;69
111678;170;28;237;1;1;255;36;32;255;1;Club Tijuana;24;255;49;-1;244932;2;11;-1;2;1880;70;72;70;76;1;-116;70;71;70;35;244932;0;32;53;229595;0;55;4;229595;111678;0;1;0;227394;1;244932;0;0;0;0;66;7000000;65;71;65;-8;227394;244932;0;7;0;-1;49;76
111701;240;0;64;255;255;64;128;35;0;255;Al-Ain FC;1;128;53;-1;275547;2;20;-1;1;130091;50;50;50;50;1;51;56;50;50;47;275547;1;2;53;275547;0;55;2;272317;111701;0;0;0;275547;0;275547;0;1;0;1;45;12000000;57;50;49;3;270190;275547;1;7;0;-1;53;50
111706;216;58;1;138;1;250;138;-32;250;58;Godoy Cruz;1;250;74;-1;240744;2;10;-1;2;120002;64;70;66;70;1;-68;49;71;70;61;240744;1;264;31;240744;1;71;2;240744;111706;0;1;0;215070;0;240744;0;0;0;0;49;4000000;56;69;37;-3;240744;240744;0;3;0;-1;31;71
111707;216;221;255;42;65;65;1;-38;166;166;Club Atlético Aldosivi;1;42;38;-1;219879;2;8;-1;2;110394;65;66;65;66;1;-57;69;66;66;50;219879;1;8;41;219879;1;61;2;219879;111707;0;2;0;139799;1;219879;0;0;0;0;68;3000000;57;66;47;-3;139799;219879;0;1;0;-1;76;66
111710;216;216;249;51;5;255;5;-34;255;114;Defensa y Justicia;1;255;59;-1;214971;2;5;-1;2;110394;67;68;68;68;1;-58;36;67;67;50;214971;1;128;45;214971;1;60;4;231507;111710;0;2;0;224510;0;214971;0;0;0;1;40;5000000;50;68;40;-3;202154;214971;0;3;0;-1;50;68
111711;216;255;255;8;251;255;255;-34;255;5;Club Atlético Huracán;1;255;26;-1;255319;2;9;-1;2;1013;70;70;69;64;1;-58;71;67;69;38;223097;1;256;54;223097;0;33;2;223097;111711;0;0;0;223097;1;255319;0;0;0;0;69;5000000;62;71;62;-3;255319;255319;0;5;0;-1;52;64
111715;216;51;11;37;210;11;123;-34;51;1;Club Atlético Tigre;1;123;45;-1;193535;2;11;-1;1;101088;69;70;70;69;1;-58;69;70;70;34;193535;1;256;45;215193;1;48;2;215196;111715;0;2;0;215193;0;193535;0;0;0;0;67;2500000;64;69;78;-3;215193;193535;0;4;0;-1;44;70
111716;216;255;255;21;200;255;255;-31;255;30;Club Atlético Unión;1;255;43;-1;256167;2;9;-1;2;110406;68;68;68;66;1;-60;53;69;68;65;211272;1;48;69;256167;0;63;4;211272;111716;0;1;0;211272;0;256167;0;0;0;0;52;4000000;65;68;63;-3;225073;256167;0;1;0;-1;69;64
111722;240;9;156;1;255;156;19;4;9;255;Deportes Tolima;1;19;43;-1;199964;2;14;-1;2;112528;68;69;68;71;1;-75;51;71;70;63;199964;1;22;65;199964;1;51;5;199964;111722;0;1;0;214021;1;199964;0;0;0;0;53;1800000;63;69;51;-5;199964;199964;0;3;0;-1;65;70
111723;240;40;188;133;57;255;38;1;200;49;Deportivo Pasto;1;1;58;-1;172112;2;12;-1;2;101106;67;69;68;68;1;-77;39;68;67;59;172112;1;512;48;218727;1;53;5;218727;111723;0;1;0;214093;0;172112;0;0;0;0;39;1500000;49;68;39;-5;214338;172112;0;3;0;-1;49;68
111724;240;128;255;255;255;255;0;36;128;255;Shandong Luneng Taishan;2;0;55;-1;182343;2;20;-1;1;111724;50;50;50;50;1;117;50;50;50;50;182343;1;1;60;182343;0;55;2;182343;111724;0;0;0;182224;0;182343;0;1;0;1;55;18000000;58;50;55;8;182224;182343;1;6;0;-1;40;50
111727;211;255;255;0;0;255;0;35;255;0;Sepahan;43;255;56;-1;273002;2;20;-1;1;130185;50;50;50;50;1;51;55;50;50;55;273002;1;0;56;273008;0;55;2;273002;111727;0;0;0;273002;0;273002;0;1;0;1;57;1000000;50;50;55;3;273000;273002;0;10;0;-1;53;50
111740;211;0;255;0;255;255;0;42;255;255;Montenegro;1;255;53;-1;181820;2;20;-1;1;1328;50;50;50;50;1;19;57;50;50;47;181820;1;0;55;181820;0;44;2;181820;111740;0;0;0;181820;0;181820;0;0;0;0;45;0;59;50;54;1;181820;181820;1;7;0;-1;48;50
111766;240;210;254;1;1;255;6;-41;255;1;Well. Phoenix;35;255;67;-1;183272;2;8;-1;2;111399;66;64;66;64;1;174;49;64;64;53;224769;0;16;54;183272;1;53;2;183272;111766;0;0;0;195620;1;183272;0;0;0;0;51;2000000;36;64;37;12;195620;183272;0;1;0;-1;53;64
111768;240;128;0;0;255;0;64;40;128;255;Beijing Guoan;2;64;40;-1;221820;2;20;-1;1;110955;50;50;50;50;1;116;60;50;50;60;221820;1;0;40;221820;0;60;2;221820;111768;0;0;0;228017;0;221820;0;0;0;0;50;25000000;55;50;48;8;228017;221820;0;6;0;-1;60;50
111811;202;0;255;255;255;255;0;38;0;255;AC Monza;1;0;55;-1;251988;2;5;-1;2;1745;67;67;69;69;1;12;55;65;64;54;239613;1;24;70;219812;1;48;2;219812;111811;0;0;0;239613;0;251988;0;0;0;0;54;15000000;58;66;69;1;234147;251988;0;1;0;-1;61;70
111817;55;28;13;255;255;29;68;2;62;255;Paris FC;1;148;44;-1;257118;2;3;-1;2;73;64;67;66;66;1;48;50;68;64;57;257118;0;0;39;240054;0;63;2;240054;111817;0;2;0;203933;1;257118;0;0;0;0;52;800000;57;65;63;1;203933;257118;0;1;0;-1;39;68
111821;240;2;207;1;1;255;38;48;255;1;Admira Wacker;16;255;47;-1;183691;2;11;-1;1;1785;64;64;63;65;1;16;51;61;62;43;183691;1;4;80;203853;0;46;2;203853;111821;0;1;0;183691;0;183691;0;1;0;1;53;2813000;43;64;46;1;183691;183691;0;4;0;-1;50;70
111822;240;255;255;1;1;252;255;46;252;1;Wolfsberger AC;1;252;25;-1;202518;2;4;-1;2;209;63;64;63;64;1;14;71;65;63;31;202375;0;8;45;202518;1;37;2;188856;111822;0;2;0;188131;0;202375;0;0;0;0;73;2500000;61;63;61;1;202375;202518;0;1;0;-1;61;64
111839;240;14;226;0;255;226;14;23;14;255;Guangzhou Evergrande Taobao;2;14;60;-1;158293;2;20;-1;1;130036;50;50;50;50;1;180;60;50;50;59;158293;1;257;60;158293;0;50;2;158293;111839;0;0;0;158293;0;158293;0;1;0;1;50;50000000;50;50;65;8;192064;158293;0;7;0;-1;55;50
111928;215;60;1;1;1;255;166;37;255;1;San Jose Earthquakes;1;255;29;-1;205401;2;5;-1;1;697;70;69;70;69;1;-121;68;68;68;24;164559;0;84;69;205401;1;21;2;205401;111928;0;0;0;205401;0;205401;0;0;0;0;70;23500000;75;69;69;-8;205401;205401;0;2;0;-1;45;69
111968;70;105;255;1;1;250;180;52;100;1;Wexford Youths;1;175;46;-1;208416;2;3;-1;2;111131;54;53;54;54;1;-6;50;54;54;47;208416;2;258;43;208416;0;39;2;208416;111968;0;2;0;231249;0;208416;0;0;0;0;48;500000;41;53;43;0;212278;208416;0;1;0;-1;39;54
111974;243;102;0;1;1;255;0;44;255;1;U.S. Sassuolo;9;255;46;-1;210935;2;10;-1;2;189;75;74;72;76;1;10;38;73;75;38;210935;1;4;52;210935;1;48;2;210935;111974;0;0;0;210935;1;210935;0;0;0;0;37;13500000;32;76;32;1;210935;210935;0;7;0;-1;32;75
111993;202;0;191;255;255;191;0;45;0;255;A.S. Cittadella;9;0;44;-1;7674;2;3;-1;2;112954;67;67;69;65;1;11;38;65;65;53;7674;1;2;36;210566;0;60;2;210566;111993;0;2;0;7674;0;7674;0;0;0;0;36;1500000;56;66;36;1;7674;7674;0;1;0;-1;66;67
112001;197;113;0;255;255;0;0;49;113;255;América Futebol Clube (MG);1;0;42;-1;187945;2;10;-1;1;1035;50;50;50;50;1;-123;41;50;50;43;187945;1;0;60;187945;0;56;2;187945;112001;0;0;0;176959;0;187945;0;1;0;1;55;200000;41;50;59;-8;176741;187945;0;9;0;-1;50;50
112026;243;255;255;25;250;255;18;41;255;25;Benevento Calcio;1;18;45;-1;172233;2;8;-1;2;110734;72;72;73;72;1;14;52;71;72;54;172233;0;0;53;242003;0;48;2;242003;112026;0;1;0;220915;1;172233;0;0;0;0;50;6000000;54;72;48;1;220915;172233;0;2;0;-1;52;72
112048;211;0;0;0;255;255;255;39;255;0;Haïti;1;128;50;-1;205330;2;20;-1;1;111481;50;50;50;50;1;-77;50;50;50;50;205330;1;0;50;205330;0;50;2;205330;112048;0;0;0;178363;0;205330;0;0;0;0;50;0;50;50;50;-5;189259;189259;0;5;0;-1;50;50
112075;240;240;230;255;70;255;45;48;1;60;SKN St. Pölten;1;1;43;-1;234653;2;3;-1;2;111821;63;62;63;63;1;15;69;57;59;50;234653;1;0;76;234653;0;54;2;234653;112075;0;2;0;208036;0;234653;0;0;0;0;73;2700000;80;62;64;1;208036;234653;0;2;0;-1;50;66
112096;240;1;255;1;1;255;1;26;255;153;Al-Ettifaq FC;39;255;41;-1;181291;2;5;-1;2;112391;63;62;63;64;1;50;46;58;60;47;181291;1;17;45;181291;0;42;4;181291;112096;0;1;0;224962;0;181291;0;0;0;0;52;4000000;48;63;45;3;211591;181291;0;1;0;-1;54;65
112115;240;128;255;51;1;255;1;37;255;102;Gangwon FC;1;255;43;-1;155352;2;9;-1;1;1474;66;65;68;65;1;128;49;62;63;61;155352;1;8;48;208304;0;42;4;208304;112115;0;2;0;176403;0;155352;0;0;0;0;51;2600000;61;65;42;9;176403;155352;0;4;0;-1;68;65
112116;90;150;100;255;255;177;255;-34;207;255;CD O'Higgins;1;245;74;-1;173245;2;16;-1;2;111327;65;66;65;67;1;-70;70;68;68;37;219091;1;128;33;173245;1;67;2;173245;112116;0;2;0;199827;1;173245;0;0;0;0;72;950000;77;66;71;-3;226549;173245;0;5;0;-1;67;67
112130;211;177;34;255;255;30;76;57;170;255;J-Södra;1;70;49;-1;231508;2;4;-1;2;1439;62;62;62;62;1;14;52;60;60;49;177353;1;8;31;231508;0;65;2;231508;112130;0;0;0;231508;1;231508;0;0;0;1;49;500000;49;62;65;1;231508;231508;0;1;0;-1;31;62
112134;215;10;0;68;171;78;68;40;143;138;Philadelphia Union;1;201;48;-1;177390;2;2;-1;2;689;69;69;69;69;1;-75;52;68;68;39;177390;1;0;45;191173;1;39;2;191173;112134;0;1;0;191173;0;177390;0;1;0;1;53;21000000;39;69;39;-5;202220;177390;0;1;0;-1;45;69
112139;240;204;255;204;1;1;1;24;1;1;Al-Nassr FC;39;1;60;-1;216352;2;8;-1;2;605;70;70;70;70;1;48;36;70;70;35;216352;1;1;55;209281;1;61;2;216352;112139;0;2;0;20801;0;216352;0;0;0;0;40;19000000;45;70;35;3;20801;216352;0;4;0;-1;45;70
112169;211;255;255;255;0;255;0;56;235;128;Falkenbergs FF;1;0;47;-1;220981;2;6;-1;2;432;61;60;61;61;1;12;66;60;60;50;220981;1;256;42;220981;1;40;5;220981;112169;0;0;0;164455;0;220981;0;0;0;0;58;520000;43;60;51;1;191063;220981;0;2;0;-1;61;61
112171;211;120;255;203;52;240;0;59;130;147;AFC Eskilstuna;1;0;28;-1;237513;2;1;-1;2;705;61;63;61;63;1;16;67;62;62;34;237513;1;0;75;237513;0;32;2;237513;112171;0;1;0;237513;0;237513;0;0;0;1;69;560000;74;63;54;1;237513;237513;0;1;0;-1;44;63
112172;37;1;221;68;12;255;68;51;255;32;RB Leipzig;1;255;60;-1;195365;2;11;-1;2;22;80;79;80;80;1;12;49;76;75;46;195365;1;508;77;236703;1;64;2;236703;112172;0;2;0;195365;0;195365;0;0;0;1;49;40000000;66;78;70;1;195365;195365;0;10;0;-1;36;80
112190;211;38;0;255;255;0;110;50;38;255;adidas All-Star;1;110;45;155;158023;2;10;-1;2;1318;87;87;87;87;1;11;20;87;87;50;176635;0;0;70;218667;1;55;2;218667;112190;0;2;0;158023;1;158023;0;0;0;0;50;50000000;50;87;35;1;158023;158023;0;10;0;-1;50;87
112199;211;73;0;255;255;0;150;59;87;255;Sarpsborg 08 FF;13;170;48;-1;200369;2;4;-1;2;1463;64;64;64;65;1;11;53;65;65;35;184229;2;256;46;184229;0;39;2;184229;112199;0;2;0;184229;0;200369;0;0;0;0;53;600000;35;64;39;1;191083;200369;0;5;0;-1;45;65
112218;211;141;37;255;255;0;97;45;154;255;FC Krasnodar;38;109;66;-1;204691;2;8;-1;1;110231;74;76;74;76;1;40;38;75;75;35;204691;1;132;55;204691;0;55;2;204691;112218;0;1;0;187491;0;204691;0;0;0;0;40;16830000;55;75;35;3;187491;204691;0;5;0;-1;55;78
112224;240;173;108;255;255;255;223;-37;25;255;Melbourne City;35;37;68;-1;178589;2;9;-1;2;111397;65;66;67;67;1;144;49;63;65;46;199159;1;50;76;199159;1;66;4;178589;112224;0;2;0;162407;0;199159;0;0;0;1;49;2000000;66;66;70;10;162407;199159;0;3;0;-1;36;72
112225;202;135;30;255;255;217;194;45;35;255;Novara;9;25;49;-1;200881;2;7;-1;2;112398;67;66;65;71;1;8;40;64;67;50;200881;0;0;27;189736;1;56;2;189736;112225;0;0;0;189736;0;200881;0;0;0;0;37;3000000;42;68;32;1;186140;200881;0;2;0;-1;62;70
112254;41;153;255;1;1;255;1;51;212;1;Newport County A.F.C.;3;88;76;-1;223381;2;2;-1;2;1961;61;60;60;61;1;-2;66;58;60;42;204222;2;64;43;204222;0;72;2;204222;112254;0;2;0;190492;0;223381;0;0;0;0;69;625000;65;61;68;0;193557;223381;0;1;0;-1;42;60
112258;240;204;255;1;1;255;1;35;255;1;GwangJu FC;1;255;75;-1;233560;2;8;-1;2;1478;61;62;61;62;1;126;37;61;61;44;192470;0;256;54;233560;1;74;4;233560;112258;0;2;0;237999;1;233560;0;0;0;1;39;1500000;44;62;34;9;229166;233560;0;2;0;-1;44;62
112259;41;91;1;5;251;1;199;51;91;239;AFC Wimbledon;3;199;25;-1;197990;2;4;-1;1;1798;65;65;65;64;1;0;69;64;64;29;197990;0;74;45;197990;1;37;2;197990;112259;0;0;0;197932;0;178713;0;0;0;0;73;700000;61;64;61;0;178713;197990;0;3;0;-1;61;64
112260;41;20;235;255;255;215;20;53;10;255;Fleetwood Town FC;3;10;60;-1;178417;2;3;-1;2;1926;64;63;63;62;1;-3;36;62;63;51;178417;1;386;51;211597;1;61;2;211597;112260;0;0;0;202312;0;178417;0;0;0;0;36;950000;51;63;31;0;189808;178417;0;3;0;-1;51;63
112261;211;90;0;255;255;0;166;51;100;255;Orenburg;1;150;43;-1;217657;2;4;-1;2;110756;67;68;67;65;1;55;64;68;68;38;141198;1;0;52;141198;1;52;2;141198;112261;0;0;0;147743;0;217657;0;0;0;0;51;3500000;59;68;39;5;147743;217657;0;2;0;-1;68;65
112264;37;0;0;0;0;0;0;49;0;0;Team 112264;1;0;50;-1;1;2;0;-1;1;1;50;50;50;50;1;-123;50;50;50;50;1;1;0;50;1;0;50;2;1;112264;0;0;0;1;0;1;0;0;0;0;50;0;50;50;50;-8;1;1;0;1;0;-1;50;50
112276;55;234;252;27;214;255;27;47;255;11;US Orléans Loiret Football;1;0;47;-1;198816;2;4;-1;2;110326;67;66;69;66;1;1;67;66;65;32;198816;0;322;49;190015;1;37;2;190015;112276;0;0;0;234972;0;198816;0;0;0;0;72;500000;62;66;67;1;234972;198816;0;2;0;-1;63;65
112387;240;153;1;255;255;1;1;21;153;255;Al-Ahli Saudi FC;39;1;58;-1;204485;2;18;-1;2;607;72;71;72;78;1;39;53;68;70;62;204485;0;0;56;204485;1;56;2;204485;112387;0;0;0;210926;0;204485;0;0;0;0;50;10000000;50;72;46;3;193887;204485;0;5;0;-1;52;78
112389;240;1;153;255;255;1;1;25;1;255;Al-Faisaly FC;39;1;49;-1;205215;2;11;-1;2;112990;64;67;66;69;1;45;71;65;65;36;205215;1;9;45;189819;1;49;2;205215;112389;0;0;0;210156;0;205215;0;0;0;0;68;2300000;66;66;79;3;205215;205215;0;2;0;-1;45;70
112390;240;1;1;1;1;255;153;25;255;153;Al-Fateh FC;39;255;48;-1;188000;2;14;-1;2;112883;65;64;67;66;1;49;51;62;63;48;188000;2;74;65;188000;0;46;4;188000;112390;0;2;0;209565;0;211212;0;0;0;0;50;2400000;48;64;46;3;188000;188000;0;3;0;-1;72;66
112391;240;1;153;1;255;153;1;26;153;128;Al-Qadisiyah FC;1;153;43;-1;228627;2;2;-1;2;112096;65;65;66;62;1;50;53;64;63;65;228627;1;1;58;228627;1;52;4;228627;112391;0;1;0;241850;0;228627;0;0;0;0;51;1500000;65;65;52;3;241850;228627;0;1;0;-1;58;62
112392;240;1;255;1;1;255;1;26;255;1;Al-Raed FC;39;255;47;-1;210786;2;4;-1;2;71;65;64;64;71;1;43;67;64;65;64;210786;1;133;55;210786;1;59;4;210786;112392;0;2;0;210786;0;210786;0;0;0;0;70;1800000;74;65;69;3;210786;210786;0;1;0;-1;55;68
112393;240;204;255;204;1;1;1;26;1;1;Al-Taawoun FC;39;1;48;-1;209218;2;5;-1;2;112392;63;65;64;65;1;43;50;64;64;52;209218;1;17;35;209218;1;51;4;209218;112393;0;0;0;209218;0;209218;0;0;0;1;53;1700000;52;65;51;3;209218;209218;0;2;0;-1;65;65
112398;202;255;255;1;1;255;255;45;0;1;Vercelli;1;0;48;-1;209594;2;4;-1;2;112225;66;67;69;65;1;8;52;67;65;59;178425;0;64;53;209594;1;68;2;209594;112398;0;2;0;209594;0;209594;0;0;0;1;50;1500000;59;66;68;1;209594;209594;0;1;0;-1;62;66
112408;45;1;255;255;255;204;1;21;204;255;Al-Wehdah Club;39;204;42;-1;214255;2;6;-1;2;607;61;64;61;64;1;39;50;63;63;50;210748;2;1;47;232335;0;45;5;232335;112408;0;2;0;210748;0;232335;0;0;0;0;55;2000000;50;63;50;3;209001;214255;0;1;0;-1;50;66
112425;51;255;255;255;0;245;0;56;245;0;Hobro IK;1;0;45;-1;227866;2;1;-1;2;1786;63;64;63;68;1;9;50;64;64;62;164637;2;72;36;155517;1;62;2;196064;112425;0;2;0;227866;0;227866;0;0;0;0;49;650000;62;64;62;1;227866;227866;0;0;0;-1;76;68
112427;240;33;255;1;1;255;46;-33;255;1;WS Wanderers;1;255;47;-1;200107;2;15;-1;2;111400;64;66;65;68;1;151;51;66;65;33;200107;2;134;34;143101;1;48;2;143101;112427;0;0;0;180753;1;200107;0;0;0;1;52;2000000;33;66;48;10;180753;200107;0;6;0;-1;74;69
112428;1;255;255;0;0;128;255;0;128;0;Team 112428;1;128;50;-1;1;2;10;-1;1;1;50;50;50;50;1;0;50;50;50;50;1;1;0;50;1;0;50;2;1;112428;0;0;0;1;0;1;0;0;0;0;50;1000000;50;50;50;0;1;1;0;10;0;-1;50;50
112476;197;128;0;255;255;255;1;-24;255;255;Associação Chapecoense de Futebol;1;255;30;-1;275567;2;5;-1;2;111976;68;68;68;68;1;-52;52;67;67;34;275567;0;256;54;275512;0;45;4;213102;112476;0;2;0;213102;1;275567;0;0;0;0;62;700000;52;68;67;-3;213102;275567;0;3;0;-1;54;68
112508;211;255;255;1;1;255;255;50;255;1;Sandecja;1;255;29;-1;163848;2;0;-1;2;110747;62;65;64;66;1;20;68;65;62;28;190529;2;16;56;163848;1;31;2;190529;112508;0;0;0;191146;0;190529;0;0;0;0;68;1575000;75;62;55;2;185117;190529;0;0;0;-1;75;67
112510;211;100;50;0;255;50;200;50;100;153;Termalica;1;200;29;-1;220143;2;7;-1;2;110749;66;64;64;65;1;20;39;60;62;40;220143;1;68;50;220143;1;29;2;220143;112510;0;1;0;223997;0;220143;0;0;0;0;40;3120000;35;66;35;2;223731;220143;0;3;0;-1;65;64
112513;240;255;255;220;31;10;0;40;100;92;FC Arouca;1;250;50;-1;213582;2;4;-1;2;111539;70;71;70;72;1;-8;62;70;70;37;213582;2;8;39;213582;1;39;2;213582;112513;0;0;0;236255;0;213582;0;0;0;0;61;2500000;33;71;55;0;236255;213582;0;2;0;-1;59;72
112516;240;244;244;0;30;244;0;40;244;140;Tondela;1;0;25;-1;224538;2;5;-1;1;518;68;68;67;67;1;-8;71;67;68;31;224538;0;324;36;224538;1;38;6;224538;112516;0;0;0;235706;0;224538;0;0;0;0;73;800000;62;68;72;0;224538;224538;0;2;0;-1;36;67
112523;240;146;1;63;1;255;63;4;255;146;La Equidad;1;255;68;-1;196151;2;13;-1;2;112834;66;66;66;65;1;-74;52;66;66;36;226604;2;10;40;196151;1;56;2;196151;112523;0;1;0;196151;0;196151;0;0;0;0;49;1400000;49;66;60;-5;196151;196151;0;2;0;-1;36;65
112526;240;114;251;22;1;251;33;6;114;116;Envigado;1;33;28;-1;233403;2;14;-1;2;112578;63;65;64;62;1;-75;49;67;65;37;233403;1;16;34;233403;1;21;4;233403;112526;0;2;0;199686;0;233403;0;1;0;1;52;1596000;66;64;50;-5;199686;233403;0;4;0;-1;64;63
112527;240;1;226;37;1;226;38;5;1;106;Patriotas;1;38;68;-1;214085;2;9;-1;2;112019;67;66;69;65;1;-73;40;67;66;33;214085;1;9;25;236850;1;53;4;236850;112527;0;0;0;214314;0;214085;0;0;0;0;38;1651000;33;66;33;-5;214314;214085;0;2;0;-1;33;66
112528;240;238;246;61;33;246;29;2;238;121;Atlético Huila;1;29;74;-1;221246;2;11;-1;1;111722;62;63;63;64;1;-75;50;64;65;53;214477;1;0;43;221246;1;63;2;221246;112528;0;2;0;229883;0;221246;0;0;0;0;51;1666000;52;63;69;-5;229883;221246;0;2;0;-1;63;61
112531;90;163;1;255;128;1;227;-20;1;255;Deportes Iquique;1;1;45;-1;158790;2;12;-1;2;112533;65;64;65;64;1;-70;59;63;63;41;158790;2;320;61;158790;1;38;4;158790;112531;0;2;0;215085;2;158790;0;0;0;0;43;690000;55;64;45;-3;219170;158790;0;3;0;-1;58;64
112533;90;193;66;255;255;1;255;-23;1;255;CD Antofagasta;1;1;49;-1;216034;2;9;-1;2;110978;68;68;68;68;1;-70;52;66;67;34;216034;1;64;75;216034;1;69;2;216034;112533;0;2;0;214412;1;216034;0;0;0;0;53;640000;34;68;69;-3;223665;216034;0;2;0;-1;45;69
112534;90;242;255;160;0;255;0;-36;248;50;Universidad de Concepción;1;149;48;-1;215118;2;5;-1;2;111327;65;67;65;66;1;-73;51;65;65;50;215118;1;576;56;191725;1;46;4;191725;112534;0;2;0;229201;0;215118;0;0;0;0;45;750000;48;67;59;-3;237569;215118;0;3;0;-1;41;66
112537;0;255;255;0;255;255;255;23;255;128;Beijing Renhe;2;255;50;-1;1;2;0;-1;1;111768;50;50;50;50;1;180;50;50;50;50;1;1;0;50;1;0;50;2;1;112537;0;0;0;1;0;1;0;0;0;0;50;610000;50;50;50;8;1;1;0;0;0;-1;50;50
112552;55;229;240;18;228;1;39;49;1;30;Quevilly Rouen;1;1;60;-1;239038;2;3;-1;2;212;63;62;62;67;1;1;40;61;62;42;187938;1;128;47;225950;1;52;2;225950;112552;0;1;0;187938;1;239038;0;0;0;1;37;500000;42;63;32;1;199378;239038;0;1;0;-1;42;67
112558;45;1;204;204;1;1;1;37;153;1;Suwon FC;1;1;44;-1;228554;2;4;-1;2;983;64;64;64;62;1;127;48;63;63;50;191888;0;20;60;202961;1;55;4;202961;112558;0;0;0;228554;0;228554;0;0;0;0;55;1800000;54;64;38;9;181493;228554;0;1;0;-1;53;62
112578;240;1;130;29;196;178;19;6;144;1;Rionegro Águilas;1;57;35;-1;220522;2;10;-1;2;112526;68;68;68;68;1;-75;48;66;65;41;220522;1;0;50;220522;1;49;4;220522;112578;0;2;0;140271;0;220522;0;0;0;0;55;1500000;53;68;41;-5;219647;220522;0;3;0;-1;32;68
112579;240;242;255;1;1;255;1;7;242;1;Al. Petrolera;1;1;29;-1;198690;2;5;-1;2;112992;65;65;65;69;1;-73;67;64;64;34;198690;1;328;36;198690;0;37;4;198690;112579;0;2;0;214094;0;198690;0;0;0;0;67;1596000;70;65;50;-5;214094;198690;0;2;0;-1;40;69
112584;90;196;255;102;21;255;13;-33;196;57;Everton de Viña;1;13;45;-1;199940;2;13;-1;2;110976;68;66;67;66;1;-71;53;64;67;35;234499;1;153;68;199940;1;58;4;199940;112584;0;2;0;166693;0;199940;0;0;0;0;50;800000;35;68;58;-3;204849;199940;0;2;0;-1;52;65
112606;215;52;102;255;255;253;141;28;228;255;Orlando City Soccer Club;1;146;58;-1;207629;2;1;-1;2;112828;69;68;69;69;1;-81;68;68;68;66;207629;1;136;42;176575;1;44;2;176575;112606;0;0;0;202223;0;207629;0;1;0;1;69;25000000;79;68;80;-5;202223;207629;0;5;0;-1;46;69
112655;90;255;255;28;187;255;255;50;255;23;Curicó Unido;18;255;50;-1;159366;2;2;-1;1;112655;50;50;50;50;1;6;50;50;50;50;159366;1;0;50;159366;0;50;2;159366;112655;0;0;0;159366;0;159366;0;0;0;0;50;600000;50;50;50;1;216048;159366;0;1;0;-1;50;50
112668;90;250;250;250;0;1;0;-33;1;70;San Luis de Quillota;1;1;54;-1;214917;2;5;-1;1;110976;65;64;65;63;1;-71;33;64;64;54;226246;1;0;45;216514;1;54;2;219104;112668;0;2;0;174547;1;214917;0;0;0;0;50;520000;35;64;65;-3;212943;214917;0;1;0;-1;50;63
112670;216;27;5;255;252;5;68;-31;27;251;Club Atlético Talleres;1;68;43;-1;215199;2;8;-1;2;120002;66;66;65;67;1;-64;51;67;65;68;215199;1;144;55;215199;1;59;4;215199;112670;0;2;0;215251;0;215199;0;0;0;0;53;5000000;68;66;59;-3;215251;215199;0;4;0;-1;65;65
112678;170;255;255;1;255;10;255;18;53;1;Atlético de San Luis;1;226;66;-1;229839;2;4;-1;2;110150;69;69;69;69;1;-98;69;69;70;48;240338;0;0;79;240338;0;68;2;240338;112678;0;0;0;216520;0;229839;0;0;0;0;67;5000000;72;69;74;-5;220685;240338;0;4;0;-1;58;69
112689;216;255;255;0;113;255;255;-38;255;56;Club Atlético Platense;1;255;58;-1;177537;2;7;-1;1;111019;65;65;65;65;1;-62;70;65;64;32;177537;0;266;52;177537;1;50;4;177537;112689;0;1;0;158984;0;177537;0;0;0;0;67;3000000;61;66;78;-3;171975;177537;0;3;0;-1;62;65
112690;216;0;255;255;255;255;0;5;0;255;Barracas Central;1;0;34;-1;214809;2;8;-1;2;112965;64;64;64;64;1;-73;53;60;60;46;214809;1;70;46;229459;0;32;4;229459;112690;0;2;0;229459;0;214809;0;0;0;0;53;2000000;36;64;57;-5;229459;214809;0;2;0;-1;61;64
112695;164;0;255;0;0;255;0;45;0;0;RFC Seraing;1;0;56;-1;262710;2;2;-1;1;232;50;50;50;50;1;23;53;50;50;47;262710;1;0;56;243953;0;47;2;243953;112695;0;0;0;246740;0;262710;0;0;0;0;47;1000000;68;50;46;2;244685;243953;1;2;0;-1;46;50
112709;90;128;0;255;255;0;64;-20;128;255;Deportes Temuco;1;64;50;-1;176907;2;4;-1;1;111327;50;50;50;50;1;-70;50;50;50;50;176907;1;0;50;176907;0;50;2;176907;112709;0;0;0;176907;0;176907;0;0;0;0;50;690000;50;50;50;-3;214837;176907;0;1;0;-1;50;50
112713;216;103;3;255;255;3;41;-34;103;255;Club Atlético Sarmiento;1;41;62;-1;142707;2;4;-1;2;112689;64;66;64;65;1;-60;72;67;67;61;242002;1;0;42;242002;1;65;4;242002;112713;0;0;0;142707;0;142707;0;0;0;0;67;3000000;54;66;69;-3;142707;142707;0;2;0;-1;69;65
112791;243;150;0;254;254;20;234;44;170;254;S.P.A.L.;1;254;59;-1;205633;2;4;-1;2;189;73;72;71;75;1;11;36;70;71;57;205633;1;136;52;205633;1;51;2;205633;112791;0;0;0;215433;0;205633;0;0;0;0;37;5000000;47;73;37;1;215433;205633;0;1;0;-1;67;75
112809;240;40;20;255;255;246;63;41;198;255;FC Famalicão;1;5;43;-1;226877;2;8;-1;2;1892;72;71;71;70;1;-8;51;71;72;48;226877;1;0;67;226877;1;61;2;226877;112809;0;0;0;236830;1;226877;0;0;0;0;50;5000000;48;71;61;0;226877;226877;0;2;0;-1;47;69
112828;215;165;101;255;255;40;215;41;59;255;New York City Football Club;1;75;44;-1;183895;2;1;-1;2;689;72;69;72;71;1;-74;37;66;68;42;183895;1;0;36;183895;1;67;9;183895;112828;0;0;0;183895;0;183895;0;0;0;0;36;31000000;41;69;31;-5;183895;183895;0;5;0;-1;41;72
112834;45;29;15;65;15;220;65;4;0;29;Fortaleza CEIF;1;48;36;-1;221581;2;3;-1;2;112523;60;59;60;60;1;-74;58;58;58;49;214116;2;256;55;221581;1;33;4;221581;112834;0;2;0;176611;0;221581;0;0;0;0;55;500000;53;59;64;-5;221581;221581;0;2;0;-1;49;60
112883;45;255;255;1;1;1;1;26;1;128;Al-Khaleej FC;1;1;47;-1;236357;2;8;-1;2;112390;60;63;60;65;1;50;39;59;61;51;225062;1;64;49;236357;1;53;6;236357;112883;0;2;0;211395;0;236357;0;0;0;0;51;1500000;55;63;47;3;199145;236357;0;1;0;-1;53;65
112885;215;0;128;32;35;163;11;33;145;31;Atlanta United FC;1;97;58;-1;235467;2;1;-1;2;112606;70;69;70;72;1;-84;32;68;68;47;235467;2;392;17;237662;1;41;2;235467;112885;0;2;0;235467;0;235467;0;0;0;0;31;38000000;35;69;35;-5;235467;235467;0;1;0;-1;77;72
112893;215;0;0;192;255;0;0;57;0;128;Inter Miami CF;3;0;44;-1;158023;2;10;-1;2;112606;65;65;65;64;1;-4;47;65;64;36;158023;1;8;47;158023;0;44;2;158023;112893;0;2;0;158023;0;158023;0;0;0;1;48;15000000;42;65;57;0;158023;158023;0;10;0;-1;48;64
112903;240;184;23;255;255;39;254;8;72;255;Jaguares;1;165;45;-1;214533;2;3;-1;2;101101;66;67;67;66;1;-75;55;68;65;50;214533;2;280;55;231706;1;42;9;231706;112903;0;2;0;214372;0;214533;0;1;0;1;50;1634000;45;66;45;-5;214445;214533;0;1;0;-1;50;69
112904;216;150;61;255;255;61;194;-34;150;255;Temperley;1;194;76;-1;142728;2;7;-1;2;110394;65;65;64;65;1;-58;52;64;63;44;142728;1;0;54;142728;0;74;2;142728;112904;0;1;0;142728;0;142728;0;0;0;0;52;500000;49;65;68;-3;216053;142728;0;2;0;-1;74;64
112934;240;49;242;255;255;64;54;3;185;255;Cortuluá;1;79;27;-1;227161;2;4;-1;2;101102;67;65;66;67;1;-76;51;59;60;34;227161;2;256;48;227161;0;38;4;227161;112934;0;2;0;239264;0;227161;0;0;0;1;51;1596000;63;65;64;-5;231563;227161;0;2;0;-1;78;67
112954;202;0;255;255;255;255;0;45;0;255;Vicenza;1;0;43;-1;190076;2;5;-1;2;206;67;67;67;70;1;11;54;66;68;54;190076;1;8;49;201408;1;48;2;202644;112954;0;2;0;202644;1;190076;0;0;0;0;60;2000000;62;68;56;1;199529;190076;0;1;0;-1;67;71
112965;216;0;0;255;255;0;0;-31;0;255;Central Córdoba;1;0;27;-1;241605;2;5;-1;2;120002;66;66;66;62;1;-68;40;64;65;23;251212;1;0;53;251212;0;24;4;251212;112965;0;0;0;251212;0;241605;0;0;0;0;38;3000000;33;66;33;-3;214965;241605;0;1;0;-1;33;62
112968;240;123;94;127;207;94;138;4;123;189;Tigres Colombia;1;138;28;-1;221246;2;2;-1;2;101104;63;62;63;62;1;-74;50;62;62;29;221246;1;256;51;214382;0;28;4;214382;112968;0;2;0;221253;0;221246;0;0;0;0;52;1615000;52;63;33;-5;219447;221246;0;1;0;-1;49;61
112990;240;204;1;1;1;255;255;28;255;1;Al-Batin FC;39;255;60;-1;237293;2;5;-1;1;112389;61;62;61;62;1;45;53;60;62;62;235600;0;264;42;237293;1;64;2;235600;112990;0;0;0;235608;0;237293;0;0;0;0;50;1500000;70;63;46;3;237293;237293;0;1;0;-1;42;63
112992;240;237;255;45;1;255;1;7;237;122;Atl. Bucaramanga;1;1;76;-1;193339;2;5;-1;2;112579;67;66;68;67;1;-73;50;65;64;55;229108;1;256;45;229108;0;65;4;229108;112992;0;1;0;231713;1;229108;0;0;0;0;53;950000;32;66;39;-5;214185;229108;0;3;0;-1;65;67
112996;0;0;0;64;176;0;0;-30;0;151;Los Ángeles FC;32;0;50;-1;169416;2;0;-1;1;697;50;50;50;50;1;-51;50;50;50;50;169416;1;25;50;169416;0;50;2;169416;112996;0;0;0;169416;0;169416;0;0;0;0;50;37000000;50;50;50;-3;169416;169416;0;0;0;-1;50;50
113057;240;1;1;1;244;255;255;25;255;177;Al-Fayha FC;1;255;26;-1;209051;2;3;-1;1;112390;67;66;67;66;1;45;69;61;61;36;210805;0;0;33;209051;1;36;2;209051;113057;0;2;0;238902;0;209051;0;0;0;0;72;2000000;77;66;57;3;238902;209051;0;1;0;-1;77;66
113134;170;128;0;0;234;0;0;16;128;0;FC Juárez;1;0;35;-1;224150;2;11;-1;2;1970;70;69;68;72;1;-93;44;63;67;60;224150;0;20;50;224150;1;45;5;224150;113134;0;1;0;224150;0;224150;0;0;0;0;50;2000000;58;70;49;-6;224150;224150;0;7;0;-1;54;71
113142;240;127;255;80;35;254;39;36;254;160;Alanyaspor;1;254;76;-1;234870;2;4;-1;2;741;70;70;70;74;1;32;68;68;68;42;234870;2;400;72;234870;1;72;2;234870;113142;0;2;0;234870;1;234870;0;0;0;0;69;6000000;71;70;76;2;234870;234870;0;2;0;-1;42;73
113147;202;211;163;255;255;163;228;44;211;255;Entella Chiavari;1;228;25;-1;220054;2;2;-1;2;110741;66;67;66;67;1;9;73;65;67;26;220054;1;64;51;220054;1;33;2;220054;113147;0;0;0;215982;0;220054;0;0;0;0;70;1500000;71;67;71;1;215982;220054;0;1;0;-1;51;68
113173;211;18;235;1;1;230;25;63;15;1;Östersunds FK;1;20;68;-1;213750;2;5;-1;2;1596;68;67;69;66;1;14;39;67;66;50;213750;0;4;55;213750;1;70;2;231500;113173;0;0;0;176724;0;213750;0;1;0;1;40;600000;60;66;40;1;176724;213750;0;2;0;-1;60;67
113216;242;66;15;28;232;5;121;37;56;169;UCAM Murcia CF;6;110;33;-1;203680;2;2;-1;2;468;67;66;65;68;1;-1;38;66;69;37;203680;0;0;33;203680;1;36;2;203680;113216;0;1;0;203680;0;203680;0;0;0;0;33;1500000;43;67;38;1;203680;203680;0;1;0;-1;61;67
113219;240;233;244;1;1;244;1;24;233;1;Ohod Club;1;1;49;-1;242157;2;3;-1;1;112990;61;60;61;55;1;39;71;59;59;68;242113;1;0;40;239637;0;56;6;213333;113219;0;2;0;216082;0;242157;0;0;0;0;67;1500000;78;60;66;3;242113;242113;0;1;0;-1;40;55
113259;240;255;255;0;0;255;0;38;255;0;Yeni Malatyaspor;1;0;43;-1;183519;2;3;-1;2;113259;69;69;68;71;1;38;50;69;70;62;183519;1;0;72;183519;1;46;2;183519;113259;0;0;0;143799;0;183519;0;0;0;0;50;2000000;62;69;46;3;183519;183519;0;1;0;-1;72;73
113458;211;70;1;1;1;1;126;59;70;1;IK Sirius;1;126;66;-1;176928;2;1;-1;2;433;64;64;64;65;1;17;39;62;63;39;176928;1;0;39;176928;0;59;2;176928;113458;0;2;0;237348;0;188959;0;0;0;0;39;500000;49;64;39;1;176928;176928;0;1;0;-1;49;66
113459;211;40;20;255;255;20;100;63;40;255;Kristiansund;1;120;28;-1;198519;2;2;-1;2;417;62;63;62;63;1;7;53;64;64;31;198519;1;64;39;198519;1;39;2;198519;113459;0;2;0;198642;0;198519;0;0;0;0;52;500000;40;63;63;1;202769;198519;0;1;0;-1;39;63
113704;211;255;255;1;1;255;255;60;255;1;FC Tosno;1;255;25;-1;194528;2;3;-1;2;312;65;68;67;69;1;30;68;68;68;27;194528;1;72;36;194528;1;24;2;228763;113704;0;0;0;187652;0;194528;0;0;0;0;69;2002000;71;67;80;3;194662;194528;0;1;0;-1;36;71
113720;51;225;166;255;255;200;253;56;240;255;FC Helsingør;1;255;75;-1;236517;2;1;-1;2;113720;59;58;59;57;1;12;36;56;58;34;239156;1;0;54;236517;0;64;2;236517;113720;0;2;0;239153;0;236517;0;0;0;1;39;500000;44;59;34;1;229647;236517;0;1;0;-1;44;57
113796;240;0;198;255;255;198;0;38;0;255;Ümraniyespor;37;0;43;-1;198312;2;6;-1;2;111117;70;70;70;73;1;27;49;70;71;56;198312;2;48;70;198312;1;35;2;254296;113796;0;0;0;227512;0;198312;0;0;0;1;52;3500000;56;71;35;2;230624;198312;0;3;0;-1;39;72
114510;240;1;1;255;255;0;1;33;0;255;Casa Pia;25;0;42;-1;232985;2;2;-1;2;10020;69;70;69;70;1;-17;55;72;71;57;232985;1;256;47;232985;0;42;2;232985;114510;0;2;0;178614;1;200984;0;0;0;0;56;3000000;46;70;47;0;200984;200984;0;2;0;-1;57;70
114554;242;0;0;0;255;255;169;41;0;255;FC Andorra;6;0;43;-1;204887;2;4;-1;2;110062;70;71;72;72;1;-2;70;70;68;51;204887;1;8;59;204887;1;53;2;204887;114554;0;1;0;204887;0;204887;0;0;0;0;72;4000000;61;70;63;1;255398;204887;0;1;0;-1;59;75
114899;170;0;128;255;255;128;128;19;0;255;Mazatlán FC;24;128;49;-1;273204;2;11;-1;2;1880;70;72;71;75;1;-101;66;71;70;31;273204;0;256;43;273204;1;57;6;273204;114899;0;0;0;246732;0;273204;0;0;0;0;68;2000000;61;71;67;-6;246732;273204;0;5;0;-1;43;79
120002;216;255;255;241;98;255;255;-26;255;188;Club Atlético Tucumán;1;255;47;-1;219174;2;7;-1;1;111716;69;69;69;69;1;-65;51;70;69;33;219174;2;264;32;219174;1;68;4;219174;120002;0;1;0;232692;0;219174;0;0;0;0;50;3000000;33;69;68;-3;232692;219174;1;2;0;-1;62;69
120014;216;52;55;58;238;238;53;-31;53;53;Club Atlético Patronato;1;58;47;-1;254344;2;4;-1;1;111716;66;68;67;68;1;-60;51;65;64;38;235827;1;0;65;235827;1;39;4;235827;120014;0;2;0;234458;0;254344;0;1;0;1;53;2000000;38;67;39;-3;235827;254344;0;1;0;-1;65;67
120023;211;255;255;0;0;255;255;-35;255;0;Danubio;2;255;33;-1;272436;2;15;-1;2;120036;67;67;67;69;1;-58;48;67;67;50;272436;1;257;48;272436;0;44;2;272436;120023;0;2;0;230992;1;272436;0;1;0;1;61;1350000;50;67;48;0;230992;272436;1;10;0;-1;52;69
120029;211;255;255;153;2;227;255;-35;15;85;Club Nacional de Football;101;20;55;-1;186408;2;20;-1;2;120030;56;57;56;56;1;-58;35;57;57;40;182860;1;328;48;251663;0;50;2;251663;120029;0;2;0;186408;2;186408;0;1;0;1;55;9000000;70;57;80;0;186408;186408;1;16;0;-1;35;56
120030;211;0;0;36;255;37;0;-35;37;211;Peñarol;2;37;45;-1;170664;2;20;-1;2;120029;66;66;66;64;1;-58;55;67;67;45;170664;1;0;45;170664;0;45;2;170664;120030;0;2;0;227549;1;170664;0;1;0;1;65;9000000;65;66;45;0;227549;170664;1;15;0;-1;50;64
120036;211;32;87;255;255;87;123;-35;32;255;Defensor Sporting;2;123;46;-1;250940;2;16;-1;2;120023;75;76;75;77;1;-58;40;77;77;55;250940;1;261;50;271685;0;46;4;215233;120036;0;2;0;186746;1;250940;0;1;0;1;49;2000000;49;76;38;0;215016;250940;1;11;0;-1;52;77
120037;240;29;29;255;255;29;29;-35;29;255;Libertad;2;29;50;-1;204699;2;17;-1;2;120043;73;73;73;74;1;-58;62;72;72;57;204699;1;132;54;204977;0;52;2;204977;120037;0;2;0;198653;2;204699;0;1;0;1;55;6000000;60;73;55;0;204699;204699;1;11;0;-1;60;74
120039;71;29;29;0;255;29;29;-35;29;255;Guaraní;2;29;43;-1;256555;2;15;-1;2;120043;75;76;75;76;1;-58;61;75;75;52;256555;1;64;56;256555;0;43;2;256555;120039;0;2;0;256555;1;256555;0;1;0;1;56;2000000;46;76;55;0;207768;256555;1;6;0;-1;48;76
120041;240;41;11;4;187;11;87;-35;41;0;Cerro Porteño;2;87;42;-1;198138;2;20;-1;2;120043;67;66;67;68;1;-58;52;65;65;54;198138;1;320;48;198138;0;48;2;198138;120041;0;2;0;198138;1;198138;0;1;0;1;51;5000000;41;66;41;0;223099;198138;1;12;0;-1;62;68
120043;211;255;255;0;0;255;255;-35;255;0;Olimpia;2;255;50;-1;219835;2;20;-1;2;120041;66;67;66;68;1;-58;64;66;66;60;219835;1;0;53;219835;0;54;2;219835;120043;0;2;0;209523;2;219835;0;1;0;1;61;4000000;60;67;54;0;209523;219835;1;12;0;-1;58;68
120049;240;34;4;255;255;4;89;-35;34;255;Alianza Lima;2;89;47;-1;179695;2;20;-1;2;120062;71;72;71;72;1;-58;36;72;72;48;179695;1;0;56;272325;0;48;2;234180;120049;0;2;0;228270;1;179695;0;1;0;1;50;2400000;53;72;52;0;196433;179695;1;16;0;-1;56;72
120055;211;29;29;24;209;29;29;-35;29;20;Melgar;1;29;34;-1;271619;2;6;-1;2;120065;74;73;74;75;1;-58;37;70;70;52;271619;1;64;56;271619;0;46;2;271619;120055;0;2;0;237031;0;271619;0;1;0;1;52;1000000;52;73;39;0;237031;271619;1;4;0;-1;53;75
120059;211;184;124;255;255;124;243;-35;184;255;Sporting Cristal;2;243;50;-1;196852;2;19;-1;2;120062;75;75;75;77;1;-58;44;74;74;55;196852;1;0;53;196852;0;45;2;196852;120059;0;2;0;196852;1;196852;0;1;0;1;50;1800000;55;75;60;0;210219;196852;1;11;0;-1;55;77
120062;211;238;244;19;160;244;204;-35;238;16;Universitario;2;204;48;-1;272279;2;20;-1;2;120049;66;66;66;68;1;-58;68;65;65;60;272279;1;0;50;272273;0;52;2;272273;120062;0;2;0;272265;1;272279;0;1;0;1;55;2700000;69;66;40;0;272265;272279;1;10;0;-1;70;68
120065;211;255;255;0;0;255;0;-35;255;0;Barcelona SC;2;0;42;-1;189454;2;20;-1;2;120073;85;85;85;86;1;-58;37;83;83;53;189454;1;132;54;189454;0;52;2;189454;120065;0;2;0;189454;2;189454;0;1;0;1;33;5000000;49;85;48;0;189454;189454;1;9;0;-1;34;86
120070;211;23;0;202;181;0;47;-35;23;189;Emelec;2;47;35;-1;205119;2;18;-1;2;120065;72;71;72;69;1;-58;50;71;71;50;205119;1;0;45;205119;0;45;2;205119;120070;0;2;0;205119;1;205119;0;1;0;1;50;3000000;50;71;50;0;205119;205119;1;8;0;-1;65;69
120073;211;255;255;128;0;193;255;-35;0;64;Liga de Quito;2;0;45;-1;236270;2;20;-1;2;120065;77;75;77;76;1;-58;50;72;72;50;236270;1;0;56;264520;0;55;2;264520;120073;0;2;0;191856;1;236270;0;1;0;1;50;2500000;50;75;50;0;191856;271110;1;10;0;-1;50;76
120079;211;186;117;128;0;117;255;-35;186;64;Bolivar;2;255;52;-1;207454;2;20;-1;2;120086;58;60;58;60;1;-58;56;61;61;54;241131;1;64;56;216751;0;49;2;248052;120079;0;2;0;216751;1;207454;0;1;0;1;53;4000000;60;60;67;0;207454;207454;1;11;0;-1;68;60
120086;211;32;32;6;255;0;32;-35;0;193;The Strongest;2;0;52;-1;236242;2;20;-1;2;120079;60;60;60;60;1;-58;51;59;59;55;236242;1;0;50;220544;0;37;2;220544;120086;0;2;0;220544;1;236242;0;1;0;1;47;1000000;54;60;74;0;220544;236242;1;9;0;-1;67;60
120093;211;20;190;32;32;190;24;-35;20;32;Caracas;2;24;45;-1;217090;2;20;-1;2;120098;64;66;64;68;1;-58;50;65;65;50;217090;0;5;50;217090;1;55;2;217090;120093;0;0;0;209073;0;217090;0;1;0;1;78;1000000;50;66;65;0;209073;217090;1;10;0;-1;65;68
120098;211;255;255;32;32;255;0;-35;255;32;Deportivo Tachira;2;0;34;-1;261648;2;20;-1;2;120093;67;68;67;68;1;-58;49;67;67;41;261648;0;320;48;261648;1;45;2;261648;120098;0;0;0;196873;1;261648;0;1;0;1;64;2000000;50;68;51;0;261648;261648;1;7;0;-1;63;68
120110;211;255;255;0;0;255;255;-35;255;0;Zamora;2;255;50;-1;260555;2;14;-1;1;120093;50;50;50;50;1;-58;50;50;50;50;260555;1;0;50;260555;0;50;2;260555;120110;0;0;0;260555;0;260555;0;0;0;0;50;1000000;50;50;50;0;220766;260555;0;3;0;-1;50;50
120112;211;0;255;255;255;255;0;-35;0;255;Independiente Petrolero;1;0;50;-1;188977;2;12;-1;1;120113;50;50;50;50;1;-58;50;50;50;50;188977;1;0;50;188977;0;50;2;188977;120112;0;0;0;174606;0;188977;0;0;0;0;50;1500000;50;50;50;0;174606;188977;0;1;0;-1;50;50
120113;211;0;255;160;0;255;0;-35;0;0;Wilstermann;2;0;50;-1;184890;2;15;-1;1;120079;50;50;50;50;1;-58;50;50;50;50;233569;1;0;50;184890;0;50;2;184890;120113;0;0;0;212094;0;184890;0;0;0;0;50;1000000;50;50;50;0;50013;184890;0;4;0;-1;50;50
120114;211;0;0;0;0;0;255;-35;0;0;Zulia;2;255;50;-1;260811;2;10;-1;1;120110;50;50;50;50;1;-58;50;50;50;50;260811;1;0;50;260814;0;50;2;260814;120114;0;0;0;260811;0;260811;0;0;0;0;50;600000;50;50;50;0;260811;260811;0;1;0;-1;50;50
120115;240;26;210;255;255;210;30;3;26;255;América de Cali;1;30;48;-1;165784;2;20;-1;2;101102;68;68;68;69;1;-76;69;70;69;50;165784;2;8;71;214572;0;56;2;214572;120115;0;1;0;214187;0;165784;0;0;0;0;67;2000000;80;68;66;-5;200207;165784;0;11;0;-1;60;71
130010;241;255;255;0;0;128;255;0;128;0;Team 130010;2;128;50;-1;50029;2;10;-1;1;18;50;50;50;50;1;0;50;50;50;50;50029;1;0;50;50029;0;50;2;50029;130010;0;0;0;50029;0;50029;0;0;0;0;50;1000000;50;50;50;0;50029;50029;0;10;0;-1;50;50
130011;241;255;255;0;0;128;255;0;128;0;Team 130011;2;128;50;-1;1;2;10;-1;1;106;50;50;50;50;1;0;50;50;50;50;1;1;0;50;1;0;50;2;1;130011;0;0;0;1;0;1;0;0;0;0;50;1000000;50;50;50;0;1;1;0;10;0;-1;50;50
130014;211;220;249;150;4;249;32;35;220;55;APOEL FC;1;32;30;-1;205851;2;20;-1;0;223;65;68;65;68;1;33;50;64;64;50;205851;0;0;50;200112;0;50;1;200112;130014;0;0;0;214973;0;205851;0;1;0;1;60;10556000;50;68;50;2;205851;205851;1;8;0;-1;50;68
130015;211;255;255;168;0;0;255;49;128;84;Dynamo Kyiv;1;255;45;-1;231012;2;20;-1;1;101059;0;0;0;0;1;-123;50;0;0;52;231012;0;0;50;231012;1;44;2;231012;130015;0;0;0;244374;2;231012;0;1;0;1;37;12500000;49;0;49;-8;206424;231012;1;15;0;-1;51;0
130016;211;128;0;243;243;35;255;50;60;243;Dnipro Dnipropetrovsk;1;124;50;-1;275842;2;18;-1;0;130015;72;72;72;73;1;30;70;68;68;70;275842;0;0;50;215594;0;75;1;215594;130016;0;0;0;182084;0;275842;0;1;0;1;50;10000000;75;72;50;2;182084;275842;1;10;0;-1;60;73
130017;211;55;4;225;225;182;150;42;7;225;Dinamo Zagreb;1;36;50;-1;266063;2;20;-1;0;263;66;67;66;67;1;15;70;64;64;70;266063;0;0;50;266063;0;75;1;266063;130017;0;0;0;216350;0;266063;0;1;0;1;50;12000000;75;67;50;1;216350;266063;1;10;0;-1;60;67
130019;211;255;255;128;0;255;255;35;255;64;Apollon Limassol;1;255;50;-1;172481;2;18;-1;1;130014;50;50;50;50;1;32;50;50;50;50;213902;1;0;50;172481;0;50;2;172481;130019;0;0;0;168244;0;172481;0;0;0;0;50;1000000;50;50;50;2;172481;172481;0;5;0;-1;50;50
130022;211;220;249;102;10;249;32;32;220;10;Maccabi Tel-Aviv;1;32;50;-1;184515;2;20;-1;0;399;66;66;66;67;1;34;70;63;63;70;268701;0;0;50;217525;0;75;1;240249;130022;0;0;0;217526;0;184515;0;1;0;1;50;5000000;75;66;85;2;169996;184515;1;10;0;-1;60;67
130023;240;0;255;0;255;255;0;31;0;255;Shanghai SIPG;2;0;57;-1;192598;2;18;-1;1;130023;50;50;50;50;1;121;60;50;50;50;192598;1;0;45;192598;0;50;2;192598;130023;0;0;0;224604;0;192598;0;1;0;1;65;23000000;50;50;59;8;224604;192598;0;5;0;-1;42;50
130027;240;0;255;255;255;255;0;44;0;255;Dinamo Bucureşti;1;0;57;-1;200271;2;18;-1;1;106000;50;50;50;50;1;26;44;50;50;57;200271;1;0;53;200271;0;44;2;200271;130027;0;0;0;237989;0;200271;0;0;0;0;58;2100000;53;50;43;2;184433;200271;0;10;0;-1;46;50
130028;240;0;255;255;255;0;0;34;128;255;Henan Jianye;2;192;40;-1;278144;2;10;-1;1;111724;50;50;50;50;1;113;45;50;50;45;278144;1;0;55;279524;0;55;2;279524;130028;0;0;0;184136;0;278144;0;0;0;0;55;7000000;55;50;55;8;184136;278144;0;1;0;-1;45;50
130029;211;36;36;225;225;36;36;44;36;225;Partizan;1;36;50;-1;198648;2;20;-1;0;101078;62;65;62;62;1;20;70;64;64;70;198648;0;0;50;217520;0;75;1;217520;130029;0;0;0;277514;0;198648;0;1;0;1;50;6000000;75;65;50;1;271054;198648;1;10;0;-1;60;62
130030;211;55;4;32;249;225;150;54;225;220;BATE Borisov;1;225;60;-1;270018;2;20;-1;0;130090;65;65;65;66;1;28;70;62;62;50;270018;0;0;50;270018;0;60;1;270018;130030;0;0;0;270018;0;270018;0;1;0;1;60;7000000;50;65;50;3;270018;270018;1;10;0;-1;50;66
130031;240;0;255;128;0;255;0;29;0;64;Chongqing Lifan;2;0;40;-1;211108;2;10;-1;1;130031;50;50;50;50;1;106;45;50;50;40;211108;1;0;40;211108;0;55;2;211108;130031;0;0;0;278051;0;211108;0;0;0;0;55;6000000;50;50;45;8;184858;211108;0;2;0;-1;60;50
130032;240;0;255;0;255;255;0;45;255;0;Changchun Yatai;2;0;40;-1;199727;2;14;-1;1;130039;50;50;50;50;1;126;60;50;50;45;182387;1;0;40;199727;0;55;2;199727;130032;0;0;0;182387;0;199727;0;0;0;0;40;10000000;60;50;55;8;182387;199727;0;4;0;-1;55;50
130033;45;128;0;0;0;0;0;30;128;128;Hangzhou Greentown;2;0;40;-1;186777;2;10;-1;1;110955;50;50;50;50;1;120;45;50;50;45;186777;1;0;55;186777;0;55;2;186777;130033;0;0;0;179840;0;186777;0;0;0;0;45;8500000;65;50;50;8;179840;186777;0;3;0;-1;40;50
130034;240;0;255;0;0;255;0;42;255;0;Liaoning Whowin;2;255;45;-1;208277;2;13;-1;1;130038;50;50;50;50;1;123;60;50;50;45;208277;1;0;50;208277;0;60;2;208277;130034;0;0;0;208277;0;208277;0;0;0;0;65;8000000;55;50;60;8;208277;208277;0;2;0;-1;50;50
130035;211;1;102;255;255;76;204;34;1;255;S-Hiroshima;1;153;46;-1;232619;2;10;-1;1;130186;69;68;69;67;1;132;39;67;64;54;222988;1;2;37;232619;1;67;2;232619;130035;0;1;0;192982;0;232619;0;0;0;1;38;6500000;33;67;33;9;202401;222988;0;5;0;-1;33;67
130036;240;128;0;192;0;0;255;23;96;128;Guangzhou R&F;2;191;40;-1;192349;2;13;-1;1;111839;50;50;50;50;1;180;45;50;50;50;192349;1;0;58;192349;0;52;2;192349;130036;0;0;0;201026;0;192349;0;0;0;0;60;13000000;50;50;45;8;192349;192349;0;4;0;-1;58;50
130038;240;0;206;0;206;232;0;40;232;0;Hebei China Fortune;2;0;40;-1;180432;2;10;-1;1;130034;50;50;50;50;1;120;45;50;50;65;180432;1;0;45;180432;0;55;2;180432;130038;0;0;0;182409;0;180432;0;1;0;0;60;40000000;45;50;55;8;182409;180432;1;2;0;-1;40;50
130039;240;0;204;0;204;253;0;49;197;0;Yanbian Funde;2;2;40;-1;177515;2;9;-1;1;130032;50;50;50;50;1;123;65;50;50;55;177515;1;0;60;278102;0;55;2;177515;130039;0;0;0;279297;0;177515;0;0;0;0;55;7000000;40;50;55;8;177515;177515;0;1;0;-1;55;50
130040;211;128;0;255;255;0;0;54;128;255;AC Omonia;1;64;55;-1;219751;2;15;-1;1;130014;50;50;50;50;1;28;55;50;50;46;219751;1;0;56;219751;0;55;2;219751;130040;0;0;0;219751;0;219751;0;0;0;0;47;6000000;55;50;56;3;169465;219751;0;5;0;-1;56;50
130052;45;128;0;255;255;0;255;38;128;255;Shijiazhuang Ever Bright;2;255;45;-1;176495;2;7;-1;1;111724;50;50;50;50;1;114;60;50;50;45;176495;1;0;50;192671;0;55;2;192671;130052;0;0;0;192671;0;176495;0;0;0;0;55;6500000;45;50;45;8;192671;176495;0;1;0;-1;60;50
130053;240;128;0;0;255;0;192;32;128;255;Jiangsu Suning;2;192;60;-1;178311;2;15;-1;1;130053;50;50;50;50;1;118;40;50;50;51;178311;1;0;60;178311;0;50;2;178311;130053;0;0;0;217153;0;178311;0;0;0;0;55;50000000;45;50;55;8;217153;178311;0;5;0;-1;60;50
130054;240;0;128;255;255;128;255;39;0;255;Tianjin Teda;2;255;45;-1;170159;2;16;-1;1;130054;50;50;50;50;1;117;55;50;50;55;170159;1;0;40;170159;0;45;2;170159;130054;0;0;0;182360;0;170159;0;0;0;0;45;8500000;55;50;55;8;213013;170159;0;3;0;-1;45;50
130055;240;181;106;255;255;106;255;39;181;255;Tianjin Quanjian;2;255;50;-1;175598;2;10;-1;1;130054;50;50;50;50;1;117;50;50;50;50;175598;1;0;50;222248;0;50;2;222248;130055;0;0;0;182422;0;175598;0;0;0;0;50;13000000;50;50;50;8;182422;175598;0;3;0;-1;50;50
130056;240;56;0;113;0;0;113;39;56;56;Guizhou Hengfeng Zhicheng;2;113;50;-1;204060;2;10;-1;1;130038;50;50;50;50;1;117;50;50;50;50;204060;1;0;50;204060;0;50;2;204060;130056;0;0;0;278501;0;204060;0;0;0;0;50;13000000;50;50;50;8;278501;204060;0;2;0;-1;50;50
130080;211;255;255;128;0;255;0;54;255;128;Astana FC;2;0;65;-1;210239;2;15;-1;1;130081;50;50;50;50;1;28;60;50;50;60;210239;1;260;57;206362;0;56;2;206362;130080;0;0;0;206362;0;210239;0;0;0;0;57;2500000;50;50;65;3;216405;210239;0;4;0;-1;66;50
130081;240;221;254;0;0;254;37;53;221;0;Kairat Almaty;4;37;47;-1;213420;2;14;-1;2;130080;59;58;59;59;1;-6;51;56;56;45;213420;1;260;46;188572;1;42;2;213420;130081;0;2;0;213420;1;213420;0;0;0;0;48;1900000;40;58;38;0;213420;213420;0;2;0;-1;42;59
130090;211;128;0;255;255;0;255;51;128;255;FC Dinamo Minsk;15;255;45;-1;275826;2;18;-1;1;130030;75;74;75;77;1;5;50;71;71;65;270708;0;0;5;271101;1;45;2;271101;130090;0;0;0;271101;0;270708;0;1;0;1;15;1028000;40;74;80;1;272851;270708;1;11;0;-1;30;77
130091;240;0;255;0;0;255;0;48;255;0;Al-Rayyan;1;255;50;-1;164207;2;20;-1;1;111701;50;50;50;50;1;10;50;50;50;50;164207;1;0;50;164207;0;50;2;164207;130091;0;0;0;164207;0;164207;0;0;0;0;50;7000000;50;50;50;1;164207;164207;0;6;0;-1;50;50
130092;211;0;255;0;0;255;0;40;255;0;FK Qäbälä;1;255;50;-1;220390;2;20;-1;1;130103;50;50;50;50;1;49;50;50;50;50;195482;1;0;50;220390;0;50;2;220390;130092;0;0;0;188406;0;220390;0;0;0;0;50;5000000;50;50;50;5;188406;220390;0;4;0;-1;50;50
130094;211;0;255;255;255;255;0;49;0;255;Tractor Sazi;1;0;55;-1;273121;2;15;-1;1;130185;50;50;50;50;1;17;45;50;50;55;273121;1;0;45;273121;0;55;2;273121;130094;0;0;0;273109;0;273121;0;0;0;0;45;1200000;50;50;45;1;273109;273121;0;5;0;-1;45;50
130095;211;0;255;0;0;255;0;45;0;0;Vardar Skopje;1;0;50;-1;50066;2;20;-1;1;101078;50;50;50;50;1;20;50;50;50;50;50066;1;0;50;272601;0;50;2;272601;130095;0;0;0;272601;0;50066;0;0;0;0;50;1000000;50;50;50;1;272601;50066;0;4;0;-1;50;50
130103;211;225;225;36;36;225;225;-90;225;36;FK Qarabağ Ağdam;1;225;37;-1;173770;2;16;-1;0;130092;57;59;57;61;1;51;35;58;58;45;173770;0;0;12;173770;0;50;1;173770;130103;0;0;0;206323;0;173770;0;0;0;0;67;5000000;58;59;46;-12;207929;173770;0;6;0;-1;55;61
130185;211;83;0;255;255;255;166;60;255;255;Esteghlal FC;19;255;35;-1;273072;2;20;-1;1;130094;63;62;63;67;1;11;68;60;60;52;273072;2;1;57;272086;1;60;2;272086;130185;0;1;0;177615;0;273072;0;1;0;1;64;300000;48;62;36;1;177615;273072;1;8;0;-1;48;67
130186;240;1;204;255;255;1;1;35;1;255;Urawa Reds Diamonds;1;1;58;-1;217639;2;9;-1;2;130035;69;68;69;67;1;139;40;68;69;36;217639;1;160;26;217639;1;62;4;217639;130186;0;2;0;191547;0;217639;0;0;0;0;36;8000000;46;68;36;9;191547;217639;0;5;0;-1;46;67
130189;211;0;255;0;0;255;0;41;255;0;CD Olimpia;35;255;50;-1;225433;2;16;-1;1;130192;50;50;50;50;1;69;50;50;50;50;225433;1;0;50;225433;0;50;2;225433;130189;0;0;0;199192;0;225433;0;0;0;0;50;3000000;50;50;50;5;199192;225433;0;5;0;-1;50;50
130190;211;0;174;0;0;174;0;60;0;0;Alajuelense;19;0;50;-1;190799;2;14;-1;1;130191;50;50;50;50;1;11;50;50;50;50;190799;1;0;50;190799;0;50;2;190799;130190;0;0;0;208379;0;190799;0;0;0;0;50;3000000;50;50;50;1;190799;190799;0;4;0;-1;50;50
130191;211;0;255;0;255;255;0;40;0;223;CS Herediano;1;0;38;-1;216810;2;17;-1;1;130190;50;50;50;50;1;20;46;50;50;39;216810;0;264;48;216810;1;48;2;216810;130191;0;0;0;216810;2;216810;1;1;3;1;42;3000000;40;50;37;2;174173;216810;1;5;0;-1;39;50
130192;211;82;18;255;255;18;160;49;82;255;CD Motagua;1;160;50;-1;271387;2;12;-1;1;130189;50;50;50;50;1;35;50;50;50;50;271387;1;0;50;272091;0;50;2;271503;130192;0;0;0;272091;0;271387;0;0;0;0;50;2000000;50;50;50;2;272091;271387;0;6;0;-1;50;50
130500;45;0;255;0;255;255;0;31;255;255;China Super League;18;255;50;-1;182763;2;0;-1;1;1;50;50;50;50;1;121;50;50;50;50;182763;1;0;50;178253;0;50;2;178253;130500;0;0;0;208473;0;182763;0;0;0;0;50;2500000;50;50;50;8;208473;182763;0;0;0;-1;50;50
130501;45;49;168;255;255;255;90;48;128;255;Qatar Stars League;18;255;50;-1;10535;2;0;-1;1;1;50;50;50;50;1;10;50;50;50;50;10535;1;0;50;10535;0;50;2;10535;130501;0;0;0;10535;0;10535;0;0;0;0;50;2500000;50;50;50;1;10535;10535;0;0;0;-1;50;50
130502;23;0;0;0;0;0;0;35;0;0;UAE Arabian Gulf League;1;0;50;-1;182879;2;0;-1;1;1;50;50;50;50;1;51;50;50;50;50;182879;1;0;50;182879;0;50;2;182879;130502;0;0;0;106850;0;182879;0;0;0;0;50;2500000;50;50;50;3;106850;182879;0;0;0;-1;50;50
130504;23;0;0;0;0;0;0;0;0;0;FIFPro;1;0;50;-1;197061;2;1;-1;1;1;50;50;50;50;1;0;50;50;50;50;197061;1;0;50;197061;0;50;2;197061;130504;0;0;0;197061;0;197061;0;0;0;0;50;1000000;50;50;50;0;197061;197061;0;1;0;-1;50;50
130505;23;0;0;0;0;0;0;0;0;0;FIFPro 2;1;0;50;-1;147004;2;1;-1;1;1;50;50;50;50;1;0;50;50;50;50;147004;1;0;50;134783;0;50;2;134783;130505;0;0;0;149568;0;147004;0;0;0;0;50;1000000;50;50;50;0;149568;147004;0;1;0;-1;50;50
130506;23;255;255;0;0;128;255;0;128;0;FIFPro 3;1;128;50;-1;27;2;1;-1;1;1;50;50;50;50;1;0;50;50;50;50;27;1;0;50;155408;0;50;2;155408;130506;0;0;0;110377;0;27;0;0;0;0;50;1000000;50;50;50;0;110377;27;0;1;0;-1;50;50
