attributes.acceleration,attributes.sprintspeed,attributes.agility,attributes.balance,attributes.jumping,attributes.stamina,attributes.strength,attributes.reactions,attributes.aggression,attributes.composure,attributes.interceptions,attributes.positioning,attributes.vision,attributes.ballcontrol,attributes.crossing,attributes.dribbling,attributes.finishing,attributes.freekickaccuracy,attributes.headingaccuracy,attributes.longpassing,attributes.shortpassing,attributes.marking,attributes.shotpower,attributes.longshots,attributes.standingtackle,attributes.slidingtackle,attributes.volleys,attributes.curve,attributes.penalties,attributes.gkdiving,attributes.gkhandling,attributes.gkkicking,attributes.gkreflexes,attributes.gkpositioning,stats.attack,stats.defending,stats.skill,stats.power,stats.movement,stats.mentality,stats.goalkeeper,info.contract.jointeamdate,info.contract.enddate,info.contract.isloanedout,info.nation.id,info.nation.name,info.name.firstname,info.name.lastname,info.name.playerjerseyname,info.name.knownas,info.name.firstnameid,info.name.lastnameid,info.name.playerjerseynameid,info.playerid,info.total_attributes,info.overallrating,info.potential,info.birthdate,info.age,info.teams.club_team.id,info.teams.club_team.name,info.teams.club_team.leagueid,info.teams.club_team.domesticprestige,info.teams.club_team.profitability,info.teams.club_team.slug,info.teams.club_team.jerseynumber,info.league,info.headshot,info.haircolor,info.eyecolor,info.skintone,info.headtype,info.bodytype,info.preferredfoot,info.skillmoves,info.weafoot,info.internationalrep,info.ovrmodifier,info.release_clause,info.height,info.weight,info.gender,info.defensiveworkrate,info.attackingworkrate,info.real_face,info.isretiring,info.valueUSD,info.valueEUR,info.valueGBP,info.wageUSD,info.wageEUR,info.wageGBP,info.traits.trait1,info.traits.trait2,card_attrs.pac,card_attrs.sho,card_attrs.pas,card_attrs.dri,card_attrs.def,card_attrs.phy,primary_position,other_positions,updated,added,removed,slug,real_ovrs.0,real_ovrs.1,real_ovrs.2,real_ovrs.3,real_ovrs.4,real_ovrs.5,real_ovrs.6,real_ovrs.7,real_ovrs.8,real_ovrs.9,real_ovrs.10
80,81,84,86,64,72,63,69,40,70,33,69,69,80,69,82,64,54,44,62,70,30,66,57,49,47,60,68,66,8,10,14,7,14,62,42,70,65,80,58,11,2023-01-31,2029-06-01,0,7,Belgium,Mika,Godts,Godts,Mika Godts,25081,13449,13449,258378,1901,74,85,2005-06-07T00:00:00.000Z,20,245,Ajax,10,10,6,ajax,11,10,https://cmtracker.fra1.cdn.digitaloceanspaces.com/DB/26/heads/p258378.png,6,8,2,31,2,Right,4,3,1,0,,176,70,Male,,,No,No,11000000,9500000,8000000,14500,12500,10500,Technical,,81,64,65,79,41,60,LW,LM,True,False,False,mika-godts,16,60,57,48,55,73,67,72,72,73,67
73,70,73,72,71,73,73,67,51,74,55,72,71,78,58,78,76,53,53,75,80,18,71,75,66,45,64,58,66,7,12,8,7,13,67,43,69,73,71,65,10,2020-12-27,2028-06-01,0,110,Congo DR,Mario,Stroeykens,Stroeykens,Mario Stroeykens,23733,35034,35034,260162,1956,74,86,2004-09-29T00:00:00.000Z,20,229,Anderlecht,4,10,9,anderlecht,29,4,https://cmtracker.fra1.cdn.digitaloceanspaces.com/DB/26/heads/p260162.png,0,9,5,1036,2,Right,3,3,1,0,,177,79,Male,,,No,No,12000000,10000000,8500000,22000,18500,16000,"Incisive Pass, Technical",,72,71,66,74,47,67,CM,CAM | CDM,True,False,False,mario-stroeykens,15,62,59,55,63,73,73,75,74,73,71
94,90,90,87,64,79,54,77,43,73,29,77,64,80,69,87,75,44,42,57,71,26,79,68,22,30,65,72,53,6,5,12,8,7,65,26,68,69,88,57,8,2025-07-05,2032-06-01,0,14,England,Jamie,Gittens,Gittens,Jamie Gittens,17056,13350,13350,266032,1899,78,85,2004-08-08T00:00:00.000Z,20,5,Chelsea,13,8,10,chelsea,11,13,https://cmtracker.fra1.cdn.digitaloceanspaces.com/DB/26/heads/p266032.png,0,9,9,1016,1,Right,4,4,1,1,,179,77,Male,,,Yes,No,33000000,28000000,24000000,0,0,0,"Rapid, Quick Step",,92,70,63,82,30,60,LM,LW,True,False,False,jamie-gittens,14,58,54,41,51,77,67,76,77,78,73
78,76,80,85,71,80,56,79,60,75,77,68,77,79,83,79,60,70,64,76,78,77,65,62,79,80,62,81,55,14,8,9,14,8,70,79,77,67,80,69,11,2024-07-01,2029-06-01,0,14,England,Lewis,Hall,Hall,Lewis Hall,21536,14514,14514,266127,2165,80,86,2004-09-08T00:00:00.000Z,20,13,Newcastle United,13,8,10,newcastle-united,3,13,https://cmtracker.fra1.cdn.digitaloceanspaces.com/DB/26/heads/p266127.png,1,1,2,20,2,Left,2,3,1,2,,179,71,Male,,,Yes,No,36000000,30500000,26500000,0,0,0,"Whipped Pass, Block, Press Proven",,77,62,78,80,75,67,LB,LM,True,False,False,lewis-hall,18,78,78,73,76,76,76,75,73,75,69
90,89,86,85,64,65,57,66,60,71,28,64,66,72,65,74,62,57,41,55,65,21,61,60,30,25,58,63,58,13,6,10,12,5,59,26,65,62,84,58,10,2025-08-18,2030-06-01,0,42,Scotland,Ben,Gannon-Doak,Gannon-Doak,Ben Gannon-Doak,4136,45918,45918,266815,1804,71,85,2005-11-11T00:00:00.000Z,19,1943,AFC Bournemouth,13,4,10,afc-bournemouth,11,13,https://cmtracker.fra1.cdn.digitaloceanspaces.com/DB/26/heads/p266815.png,6,2,1,4014,2,Right,4,4,1,1,,175,67,Male,,,No,No,5000000,4400000,3800000,0,0,0,Quick Step,,90,61,62,76,29,62,RM,RW,True,False,False,ben-gannon-doak,15,53,50,41,48,69,61,68,68,70,64
85,87,79,77,80,67,67,69,48,74,18,77,71,77,67,81,79,56,70,64,68,22,88,77,27,32,76,68,81,12,9,15,11,7,72,27,70,76,80,62,11,2025-07-01,2031-06-01,0,18,France,Mathys,Tel,Tel,Mathys Tel,24175,35973,35973,268421,1986,77,86,2005-04-27T00:00:00.000Z,20,18,Tottenham Hotspur,13,7,8,tottenham-hotspur,11,13,https://cmtracker.fra1.cdn.digitaloceanspaces.com/DB/26/heads/p268421.png,0,9,9,1036,2,Right,4,4,1,0,,183,77,Male,,,Yes,No,27500000,23500000,20000000,85000,72000,62000,Finesse Shot,,86,80,66,76,34,66,ST,LW | CAM,True,False,False,mathys-tel,16,54,51,44,49,74,66,74,77,76,77
68,71,70,73,83,84,75,75,80,74,72,72,74,76,64,76,69,59,68,73,76,71,72,67,73,73,65,65,56,10,10,13,11,15,69,73,70,77,72,72,12,2025-07-01,2030-06-01,0,14,England,Jobe,Bellingham,Jobe,Jobe Bellingham,17733,4104,17733,270964,2133,75,85,2005-09-23T00:00:00.000Z,19,22,Borussia Dortmund,19,9,3,borussia-dortmund,7,19,https://cmtracker.fra1.cdn.digitaloceanspaces.com/DB/26/heads/p270964.png,21,3,5,1023,4,Right,3,3,1,0,,191,75,Male,,,No,No,14500000,12000000,10500000,30000,25500,22000,"Finesse Shot, Slide Tackle, Press Proven",,70,67,69,74,71,81,CM,CDM,True,False,False,jobe-bellingham,18,73,72,73,74,73,74,73,73,72,71
76,77,81,79,70,71,61,74,51,77,23,73,76,79,68,80,73,58,55,69,75,22,74,74,28,31,68,70,70,6,10,6,7,10,68,27,72,70,78,62,8,2025-09-01,2030-06-01,0,129,Morocco,Eliesse,Ben Seghir,Ben Seghir,Eliesse Ben Seghir,10582,4140,4140,272781,1922,76,85,2005-02-16T00:00:00.000Z,20,32,Bayer 04 Leverkusen,19,9,9,bayer-04-leverkusen,17,19,https://cmtracker.fra1.cdn.digitaloceanspaces.com/DB/26/heads/p272781.png,5,4,4,605,1,Right,4,3,1,0,,178,72,Male,,,Yes,No,19500000,16500000,14000000,52000,44000,37500,Technical,,77,72,69,78,32,63,CAM,LM | CM,True,False,False,eliesse-ben-seghir,15,55,51,43,52,74,69,75,75,75,72
63,68,69,66,76,67,68,72,72,69,76,40,66,71,53,63,50,34,75,70,74,75,59,55,76,71,41,50,53,9,8,10,11,6,59,74,58,65,68,63,9,2025-07-10,2030-06-01,0,45,Spain,Yarek,Gąsiorowski,Yarek,Yarek,39387,12516,39387,278661,1886,74,85,2005-01-12T00:00:00.000Z,20,247,PSV,10,10,8,psv,3,10,https://cmtracker.fra1.cdn.digitaloceanspaces.com/DB/26/heads/p278661.png,5,4,1,55,4,Left,2,3,1,0,,192,75,Male,,,Yes,No,10000000,8500000,7500000,15000,12500,11000,,,66,50,58,68,75,71,CB,LB | CDM,True,False,False,yarek-gasiorowski,15,69,70,73,72,63,67,64,61,61,60
87,86,89,89,51,69,36,75,51,77,35,74,71,79,71,84,74,52,32,64,74,41,64,66,43,41,62,64,58,11,6,13,9,11,63,42,69,58,86,61,10,2024-01-10,2028-06-01,0,7,Belgium,Malick,Fofana,Fofana,Malick Fofana,23257,12094,12094,256420,1909,78,86,2005-03-31T00:00:00.000Z,20,66,Olympique Lyonnais,16,6,1,olympique-lyonnais,11,16,https://cmtracker.fra1.cdn.digitaloceanspaces.com/DB/26/heads/p256420.png,21,9,8,1031,7,Right,4,5,1,1,,170,60,Male,,,No,No,36500000,31000000,26500000,20000,17000,14500,"Gamechanger, Technical",,87,66,66,82,38,52,LM,LW,False,False,False,malick-fofana,16,62,58,45,56,76,69,76,75,77,68
72,80,77,79,80,76,83,73,81,68,75,72,70,71,46,74,49,47,62,70,74,75,69,68,76,74,41,47,52,9,9,6,8,6,55,75,62,76,77,70,8,2025-06-10,2033-06-01,0,38,Portugal,Dário,Cassia Luís Essugo,D.Essugo,Dário Essugo,10079,6566,45824,261530,2019,75,85,2005-03-14T00:00:00.000Z,20,5,Chelsea,13,8,10,chelsea,14,13,https://cmtracker.fra1.cdn.digitaloceanspaces.com/DB/26/heads/p261530.png,0,9,9,4525,2,Right,2,3,1,1,,178,79,Male,,,No,No,13500000,11500000,10000000,0,0,0,"Block, Bruiser",,76,59,59,74,72,80,CDM,CM | CB,False,False,False,dario-cassia-luis-essugo,15,71,71,74,74,68,71,70,69,68,66
65,52,81,85,49,81,49,78,65,77,58,61,78,81,77,80,64,76,40,78,82,58,72,77,68,61,52,75,57,9,13,12,6,13,63,63,78,66,73,66,11,2025-06-09,2029-06-01,0,21,Germany,Tom,Bischof,Bischof,Tom Bischof,36551,4657,4657,263765,2030,77,86,2005-06-28T00:00:00.000Z,20,21,Bayern München,19,10,3,bayern-munchen,20,19,https://cmtracker.fra1.cdn.digitaloceanspaces.com/DB/26/heads/p263765.png,3,5,2,1503,1,Left,3,3,1,0,30500000.0,176,66,Male,,,Yes,No,27000000,23000000,20000000,45000,38000,33000,Press Proven,,59,64,78,80,57,61,CM,CDM | RM | CAM,False,False,False,tom-bischof,17,70,67,60,70,74,76,75,72,73,65
87,90,91,87,59,71,44,76,60,69,61,73,68,79,72,80,71,52,48,66,68,61,69,66,58,40,55,62,58,13,9,10,15,10,63,53,68,62,87,65,12,2025-09-05,2029-06-01,0,38,Portugal,Roger,Fernandes,Roger,Roger Fernandes,31613,11778,31613,263828,1998,76,85,2005-11-21T00:00:00.000Z,19,607,Al Ittihad,350,10,10,al-ittihad,78,350,https://cmtracker.fra1.cdn.digitaloceanspaces.com/DB/26/heads/p263828.png,0,9,10,1016,7,Left,3,4,1,1,,166,65,Male,,,No,No,19000000,16000000,14000000,29500,25000,21500,"Finesse Shot, Rapid, Quick Step",Career Injury Prone,89,65,65,80,54,59,RM,LM | RW,False,False,False,roger-fernandes,18,67,65,57,64,75,70,74,74,76,70
38,44,38,42,62,39,65,72,22,55,13,9,62,17,17,8,9,13,12,48,51,11,60,7,16,14,7,13,15,78,74,80,80,77,20,14,20,47,47,30,78,2021-07-26,2028-06-01,0,18,France,Guillaume,Restes,Restes,Guillaume Restes,13991,31154,31154,265526,1268,78,86,2005-03-11T00:00:00.000Z,20,1809,Toulouse FC,16,4,4,toulouse-fc,1,16,https://cmtracker.fra1.cdn.digitaloceanspaces.com/DB/26/heads/p265526.png,0,3,8,1016,5,Left,1,3,1,1,58300000.0,188,82,Male,,,Yes,No,31500000,26500000,23000000,11000,9200,7900,,GK Footwork,41,18,34,39,13,47,GK,-,False,False,False,guillaume-restes,76,27,26,26,32,31,36,33,29,26,27
70,66,80,88,74,74,73,78,74,82,74,74,76,80,65,82,73,55,64,78,79,70,69,62,77,75,58,76,58,14,11,10,9,5,68,74,75,71,77,73,10,2022-05-16,2027-06-01,0,14,England,Kobbie,Mainoo,Mainoo,Kobbie Mainoo,19839,23094,23094,269136,2153,77,85,2005-04-19T00:00:00.000Z,20,11,Manchester United,13,7,6,manchester-united,37,13,https://cmtracker.fra1.cdn.digitaloceanspaces.com/DB/26/heads/p269136.png,0,9,10,1037,2,Right,3,3,1,0,,181,80,Male,,,Yes,No,27000000,23000000,20000000,71000,60000,52000,"Finesse Shot, Press Proven",,68,66,72,82,72,74,CM,CDM,False,False,False,kobbie-mainoo,17,73,73,73,76,75,77,76,75,75,72
79,72,74,88,75,77,65,65,76,64,67,65,65,71,74,70,61,45,60,69,73,66,70,60,68,68,67,69,40,9,12,14,13,6,67,68,65,70,76,63,11,2023-01-01,2028-06-01,0,7,Belgium,Kyriani,Sabbe,Sabbe,Kyriani Sabbe,20567,32255,32255,275050,2017,72,85,2005-01-26T00:00:00.000Z,20,231,Club Brugge,4,10,9,club-brugge,64,4,https://cmtracker.fra1.cdn.digitaloceanspaces.com/DB/26/heads/p275050.png,3,9,1,9,2,Right,2,3,1,2,,172,68,Male,,,No,No,6500000,5500000,4600000,17000,14500,12500,Long Throw,,76,61,66,72,66,73,RB,LB | RM,False,False,False,kyriani-sabbe,16,70,69,67,69,70,68,68,67,69,66
77,76,85,81,60,78,48,75,76,75,74,73,77,79,77,77,42,60,50,78,80,66,60,52,74,72,42,77,67,12,10,9,12,6,59,71,75,60,79,74,10,2025-07-02,2029-06-01,0,52,Argentina,Valentín,Barco,Barco,Valentín Barco,37462,3667,3667,263370,2057,76,84,2004-07-23T00:00:00.000Z,20,76,RC Strasbourg,16,6,9,rc-strasbourg,32,16,https://cmtracker.fra1.cdn.digitaloceanspaces.com/DB/26/heads/p263370.png,7,3,1,2027,7,Left,3,3,1,0,,170,66,Male,,,Yes,No,19500000,16500000,14000000,39500,33500,28500,"Slide Tackle, Technical",,77,56,75,79,67,66,CM,LM | LB | CDM,True,False,False,valentin-barco,17,75,73,67,74,75,75,73,70,72,63
72,73,72,71,70,70,63,70,68,72,52,73,73,73,68,72,68,63,59,71,74,45,68,65,59,60,58,68,52,8,7,13,13,12,66,55,70,68,72,65,11,2021-01-10,2026-06-30,1,14,England,Alfie,Devine,Devine,Alfie Devine,1534,9099,9099,264180,1975,72,84,2004-08-01T00:00:00.000Z,20,18,Tottenham Hotspur,13,7,8,tottenham-hotspur,21,14,https://cmtracker.fra1.cdn.digitaloceanspaces.com/DB/26/heads/p264180.png,19,5,4,1507,1,Right,3,4,1,0,,182,75,Male,,,Yes,No,6500000,5500000,4900000,53000,44500,38500,,,73,64,70,72,55,68,CAM,CM,True,False,False,alfie-devine,16,64,63,59,64,71,70,71,71,71,68
64,84,61,56,81,65,78,68,66,59,18,72,53,68,39,69,72,43,72,37,55,23,68,57,20,19,62,46,57,10,13,12,6,6,60,21,53,70,67,55,10,2022-03-18,2026-06-01,0,21,Germany,Nelson,Weiper,Weiper,Nelson Weiper,26862,38624,38624,268259,1679,70,84,2005-03-17T00:00:00.000Z,20,169,1. FSV Mainz 05,19,5,2,1-fsv-mainz-05,44,19,https://cmtracker.fra1.cdn.digitaloceanspaces.com/DB/26/heads/p268259.png,5,2,2,1534,4,Right,3,3,1,0,,192,83,Male,,,No,No,4600000,3900000,3300000,15000,13000,11000,,,74,65,46,64,30,73,ST,CAM | CM,True,False,False,nelson-weiper,15,45,43,43,43,62,54,62,66,64,69
73,84,57,58,84,69,76,73,74,69,75,40,48,68,53,63,28,28,73,56,71,72,45,21,77,75,28,42,42,11,6,8,13,13,51,75,52,59,69,58,11,2024-08-11,2029-06-01,0,18,France,Christian,Mawissa,Mawissa,Christian Mawissa,7277,24320,24320,272785,1773,75,84,2005-04-18T00:00:00.000Z,20,69,AS Monaco,16,8,5,as-monaco,13,16,https://cmtracker.fra1.cdn.digitaloceanspaces.com/DB/26/heads/p272785.png,0,9,10,1021,2,Left,2,5,1,0,,184,77,Male,,,Yes,No,13500000,11500000,10000000,22500,19000,16500,,,79,34,50,65,74,76,CB,LB,True,False,False,christian-mawissa,17,70,72,74,70,61,60,57,56,57,54
80,78,77,76,85,60,67,75,78,69,39,76,59,76,65,75,76,51,78,56,68,30,79,75,38,40,68,58,65,14,13,9,11,12,71,36,64,74,78,65,12,2024-01-30,2028-06-01,0,52,Argentina,Santiago,Castro,Castro,Santiago Castro,32765,6599,6599,267861,1976,76,84,2004-09-18T00:00:00.000Z,20,189,Bologna,31,6,6,bologna,9,31,https://cmtracker.fra1.cdn.digitaloceanspaces.com/DB/26/heads/p267861.png,0,3,5,10,3,Right,4,4,1,0,,182,76,Male,,,Yes,No,19500000,16500000,14500000,40500,34500,29500,,,79,73,60,75,45,73,ST,-,False,False,False,santiago-castro,19,57,56,53,55,71,64,71,74,73,75
78,75,84,82,64,72,47,77,66,77,75,71,76,78,76,79,53,42,58,74,79,74,61,51,76,74,30,54,50,11,8,11,13,12,60,75,66,59,80,70,11,2022-07-01,2030-06-01,0,14,England,Rico,Lewis,Lewis,Rico Lewis,31273,21536,21536,271574,2008,77,84,2004-11-21T00:00:00.000Z,20,10,Manchester City,13,10,8,manchester-city,82,13,https://cmtracker.fra1.cdn.digitaloceanspaces.com/DB/26/heads/p271574.png,0,3,4,530,7,Right,3,3,1,2,,170,64,Male,,,Yes,No,23500000,20000000,17000000,81000,69000,59000,Block,,77,53,67,80,71,62,RB,LB | CM,False,False,False,rico-lewis,18,75,74,69,74,75,74,74,71,73,65
83,71,87,92,59,61,37,58,62,72,54,58,68,74,64,73,56,71,55,66,70,48,70,65,39,36,60,74,69,7,10,11,8,7,61,41,72,59,79,64,9,2022-07-01,2026-06-30,1,27,Italy,Simone,Pafundi,Pafundi,Simone Pafundi,34128,28621,28621,271575,1895,68,84,2006-03-14T00:00:00.000Z,19,55,Udinese,31,4,3,udinese,20,32,https://cmtracker.fra1.cdn.digitaloceanspaces.com/DB/26/heads/p271575.png,19,3,3,2013,8,Left,3,3,1,0,,166,64,Male,,,Yes,No,3700000,3100000,2700000,7200,6100,5300,"Finesse Shot, Technical",,77,63,69,76,46,55,CAM,CM | ST,False,False,False,simone-pafundi,13,58,56,50,57,67,64,68,66,68,62
92,89,85,76,69,65,53,66,56,63,29,70,61,75,61,77,65,38,52,59,67,28,69,57,20,22,63,65,53,13,8,9,12,7,62,24,63,63,82,56,10,2024-06-14,2026-06-30,1,117,Ghana,Ibrahim,Osman,Osman,Ibrahim Osman,16045,28339,28339,274516,1794,72,84,2004-11-29T00:00:00.000Z,20,1808,Brighton & Hove Albion,13,5,9,brighton-hove-albion,23,16,https://cmtracker.fra1.cdn.digitaloceanspaces.com/DB/26/heads/p274516.png,0,9,9,1050,1,Right,3,2,1,1,,178,63,Male,,,No,No,6500000,5500000,4900000,44500,37500,32500,"Rapid, Quick Step",,91,63,59,74,30,61,LM,RM | LW,False,False,False,ibrahim-osman,16,53,49,41,48,71,62,70,70,72,68
77,81,82,75,58,70,49,69,44,72,57,71,72,74,61,75,70,60,48,70,72,34,68,71,42,41,44,73,51,10,11,9,6,15,59,39,71,64,77,62,11,2025-07-01,2026-06-30,1,57,Ecuador,Kendry,Páez,K.Paez,Kendry Páez,19267,30222,46057,274559,1882,73,84,2007-05-04T00:00:00.000Z,18,5,Chelsea,13,8,10,chelsea,16,16,https://cmtracker.fra1.cdn.digitaloceanspaces.com/DB/26/heads/p274559.png,0,9,4,1542,1,Left,4,3,1,0,,178,71,Male,,,No,No,7500000,6500000,5500000,0,0,0,"Pinged Pass, Technical, First Touch, Trickster",,79,63,68,75,44,55,CAM,RW | CM,False,False,False,kendry-paez,16,60,58,49,58,71,69,72,72,72,67
84,87,73,78,83,75,74,70,64,73,70,70,69,73,74,75,56,52,67,65,73,70,70,59,71,73,44,66,49,11,8,6,7,11,63,72,67,73,79,66,9,2025-02-02,2030-06-01,0,13,Denmark,Patrick,Dorgu,Dorgu,Patrick Dorgu,28973,9694,9694,277432,2050,75,84,2004-10-26T00:00:00.000Z,20,11,Manchester United,13,7,6,manchester-united,13,13,https://cmtracker.fra1.cdn.digitaloceanspaces.com/DB/26/heads/p277432.png,0,9,9,1021,5,Left,2,2,1,2,,185,70,Male,,,No,No,14000000,12000000,10000000,59000,50000,43500,,,86,58,67,74,70,74,LB,LM,False,False,False,patrick-dorgu,15,73,73,71,70,72,70,70,70,72,68
87,85,82,74,56,67,43,71,38,72,23,73,72,77,71,79,67,57,44,61,69,29,74,72,30,28,66,69,68,5,10,12,7,11,64,29,69,63,80,58,9,2024-08-16,2029-06-01,0,18,France,Wilson,Odobert,Odobert,Wilson Odobert,38847,27796,27796,270579,1849,75,83,2004-11-28T00:00:00.000Z,20,18,Tottenham Hotspur,13,7,8,tottenham-hotspur,28,13,https://cmtracker.fra1.cdn.digitaloceanspaces.com/DB/26/heads/p270579.png,0,9,8,1006,1,Right,3,4,1,0,,182,75,Male,,,Yes,No,14500000,12500000,10500000,74000,62000,54000,Technical,,86,70,67,76,31,51,LW,LM,True,False,False,wilson-odobert,15,55,52,39,49,74,66,73,73,75,69
75,71,72,60,56,65,60,55,53,50,18,59,59,74,68,75,68,42,32,59,67,23,60,56,27,22,48,50,57,10,13,15,12,8,57,24,60,60,67,50,12,2023-08-14,2028-06-01,0,72,Costa Rica,Josimar,Alcócer,J. Alcocer,Josimar Alcócer,17981,1390,16723,277755,1639,69,83,2004-07-07T00:00:00.000Z,20,681,Westerlo,4,3,7,westerlo,77,4,https://cmtracker.fra1.cdn.digitaloceanspaces.com/DB/26/heads/p277755.png,21,9,8,4500,5,Right,4,3,1,1,,185,74,Male,,,No,No,4000000,3400000,2900000,6000,5100,4400,,,73,58,58,64,24,59,LM,CAM | LB,True,False,False,josimar-alcocer,15,50,45,37,46,67,60,66,65,67,61
73,74,66,72,84,72,76,74,69,66,26,76,65,74,52,68,74,56,73,58,72,29,75,69,25,25,69,60,66,14,14,12,7,15,68,27,64,76,72,62,13,2024-08-30,2030-06-01,0,24,Iceland,Orri,Óskarsson,Óskarsson,Orri Óskarsson,28265,40939,40939,269186,1900,74,83,2004-08-29T00:00:00.000Z,20,457,Real Sociedad,53,7,6,real-sociedad,9,53,https://cmtracker.fra1.cdn.digitaloceanspaces.com/DB/26/heads/p269186.png,4,5,3,1532,5,Right,2,3,1,0,21800000.0,186,76,Male,,,Yes,No,11000000,9500000,8000000,29000,24500,21000,,,74,72,61,70,36,75,ST,-,False,False,False,orri-oskarsson,19,52,50,48,52,69,64,70,72,70,73
91,83,92,93,47,68,33,73,68,64,53,65,64,77,55,79,61,49,26,57,64,39,62,60,44,38,49,56,61,6,7,14,15,10,51,41,64,54,87,63,11,2024-01-31,2029-06-01,0,52,Argentina,Gianluca,Prestianni,Prestianni,Gianluca Prestianni,13216,30048,30048,269292,1823,71,83,2006-01-31T00:00:00.000Z,19,234,Benfica,308,10,10,benfica,25,308,https://cmtracker.fra1.cdn.digitaloceanspaces.com/DB/26/heads/p269292.png,4,9,2,4009,8,Right,4,3,1,1,9700000.0,166,63,Male,,,No,No,5000000,4400000,3800000,9800,8300,7200,"Inventive, Technical, Trickster, Quick Step",,87,60,58,80,40,54,RM,CAM | RW,False,False,False,gianluca-prestianni,16,60,57,47,56,70,65,70,69,71,62
74,74,62,53,74,70,66,62,71,60,66,51,55,72,60,60,44,34,65,65,69,73,66,40,73,66,34,58,49,7,13,6,8,11,55,71,58,64,65,59,9,2025-06-01,2026-06-30,1,48,Turkey,Yasin,Özcan,Yasin,Yasin Özcan,39404,40960,39404,271362,1811,69,83,2006-04-20T00:00:00.000Z,19,2,Aston Villa,13,7,9,aston-villa,58,4,https://cmtracker.fra1.cdn.digitaloceanspaces.com/DB/26/heads/p271362.png,0,3,3,1541,5,Left,2,2,1,0,,185,75,Male,,,No,No,3700000,3100000,2700000,32000,27000,23500,"Intercept, Slide Tackle, Bruiser",,74,47,57,62,69,70,CB,LB | LM,False,False,False,yasin-ozcan,15,67,68,69,68,63,63,60,60,61,59
67,79,69,62,68,68,72,69,72,73,74,52,70,74,55,74,50,49,54,71,74,72,57,53,73,73,50,59,48,6,12,11,8,13,57,73,66,64,70,65,10,2021-02-01,2027-06-01,0,45,Spain,Stefan,Bajcetic Maquieira,Stefan Bajcetic,Stefan Bajcetic,34846,3414,34847,271975,1931,73,83,2004-10-22T00:00:00.000Z,20,9,Liverpool,13,10,6,liverpool,43,13,https://cmtracker.fra1.cdn.digitaloceanspaces.com/DB/26/heads/p271975.png,0,9,4,4016,4,Right,3,3,1,1,,185,77,Male,,,No,No,7500000,6500000,5500000,56000,48000,41000,,,73,52,63,70,69,70,CDM,CM | CB,False,False,False,stefan-bajcetic-maquieira,16,70,70,70,72,67,69,67,65,66,61
60,62,63,66,59,42,46,73,60,69,33,69,71,74,68,75,70,70,67,71,75,47,73,67,50,37,71,73,65,13,8,11,7,13,71,45,73,58,65,62,11,2022-07-01,2026-06-30,1,52,Argentina,Valentín,Carboni,V. Carboni,Valentín Carboni,37462,6323,37366,272602,1878,71,83,2005-03-05T00:00:00.000Z,20,131682,Lombardia FC,31,9,2,lombardia-fc,23,31,https://cmtracker.fra1.cdn.digitaloceanspaces.com/DB/26/heads/p272602.png,0,3,4,3506,5,Left,3,3,1,0,,185,78,Male,,,No,No,5500000,4500000,3900000,16000,13500,12000,,,61,69,71,70,47,52,CAM,ST | RM | CM,False,False,False,valentin-carboni,17,56,54,51,57,69,67,71,71,70,69
75,80,79,75,75,67,68,73,76,73,72,69,70,73,54,71,67,48,66,71,77,75,66,63,73,68,56,54,45,9,10,6,13,8,64,72,64,68,77,68,10,2024-07-10,2029-06-01,0,13,Denmark,Oscar,Højlund,Højlund,Oscar Højlund,28320,15951,15951,274952,2025,72,83,2005-01-04T00:00:00.000Z,20,1824,Eintracht Frankfurt,19,8,5,eintracht-frankfurt,6,19,https://cmtracker.fra1.cdn.digitaloceanspaces.com/DB/26/heads/p274952.png,15,1,1,4001,1,Right,3,3,1,0,,184,76,Male,,,No,No,6000000,5000000,4400000,18500,15500,13500,,,78,61,62,74,71,72,CM,CDM,False,False,False,oscar-hojlund,16,70,70,72,72,70,71,72,71,70,69
49,60,57,52,69,57,78,70,61,71,58,68,73,75,60,73,59,54,61,72,74,55,74,61,59,56,49,65,51,10,13,11,13,7,61,57,68,68,58,64,11,2025-02-03,2029-06-01,0,27,Italy,Cher,Ndour,Ndour,Cher Ndour,7041,26781,26781,276682,1875,70,83,2004-07-27T00:00:00.000Z,20,110374,Fiorentina,31,6,6,fiorentina,27,31,https://cmtracker.fra1.cdn.digitaloceanspaces.com/DB/26/heads/p276682.png,21,3,7,1037,5,Right,3,4,1,0,,190,84,Male,,,Yes,No,4500000,3800000,3300000,21000,18000,15500,,,55,60,66,66,58,66,CM,CAM | CDM,False,False,False,cher-ndour,17,62,60,62,65,67,69,69,68,66,66
77,80,78,71,78,74,70,75,75,70,75,71,69,74,77,75,32,34,68,61,72,75,52,39,77,77,50,64,40,9,8,8,14,14,60,77,62,63,77,67,11,2025-06-01,2030-06-01,0,27,Italy,Michael,Kayode,Kayode,Michael Kayode,24969,19124,19124,277869,1983,77,83,2004-07-10T00:00:00.000Z,20,1925,Brentford,13,3,9,brentford,33,13,https://cmtracker.fra1.cdn.digitaloceanspaces.com/DB/26/heads/p277869.png,0,9,9,1015,2,Right,3,3,1,2,22000000.0,179,70,Male,,,No,No,18000000,15500000,13000000,52000,44500,38000,Long Throw,,79,47,63,74,74,74,RB,RM,False,False,False,michael-kayode,18,75,75,74,72,71,69,68,66,68,61
75,71,87,86,49,62,51,64,48,69,23,71,68,72,61,73,69,63,24,55,64,26,70,65,25,24,60,66,63,8,14,13,14,14,56,25,66,60,77,57,13,2025-07-14,2029-06-01,0,46,Sweden,Roony,Bardghji,Roony,Roony Bardghji,31749,3675,31749,265600,1767,70,83,2005-11-15T00:00:00.000Z,19,241,FC Barcelona,53,10,2,fc-barcelona,28,53,https://cmtracker.fra1.cdn.digitaloceanspaces.com/DB/26/heads/p265600.png,0,4,2,2511,2,Left,4,4,1,0,,173,73,Male,,,No,No,4500000,3800000,3300000,35500,30000,26000,"Gamechanger, Technical, Trickster",,73,66,63,75,24,53,RW,RM,False,False,False,roony-bardghji,18,50,45,36,46,67,61,68,68,69,63
78,79,71,74,75,80,67,67,62,60,70,58,53,77,65,75,57,30,60,53,69,72,43,48,76,71,49,50,41,14,5,12,11,6,60,73,57,63,74,58,10,2023-08-30,2028-06-01,0,45,Spain,Iván,Fresneda Corraliza,Fresneda,Fresneda,16659,12352,12351,266253,1878,74,82,2004-09-20T00:00:00.000Z,20,237,Sporting CP,308,10,9,sporting-cp,22,308,https://cmtracker.fra1.cdn.digitaloceanspaces.com/DB/26/heads/p266253.png,3,2,2,1502,2,Right,3,4,1,2,,181,79,Male,,,Yes,No,10500000,9000000,7500000,13000,11000,9600,"Block, First Touch",,79,49,53,71,70,71,RB,RM | LB,True,False,False,ivan-fresneda-corraliza,15,72,72,69,69,68,65,65,65,67,62
65,69,67,68,75,54,72,66,71,64,68,48,56,68,61,63,34,48,69,68,71,69,54,39,72,70,35,64,51,13,15,13,7,15,54,71,63,59,67,60,13,2024-07-01,2029-06-01,0,18,France,Jeanuël,Belocian,Belocian,Jeanuël Belocian,17326,4120,4120,268622,1842,70,82,2005-02-17T00:00:00.000Z,20,32,Bayer 04 Leverkusen,19,9,9,bayer-04-leverkusen,44,19,https://cmtracker.fra1.cdn.digitaloceanspaces.com/DB/26/heads/p268622.png,0,3,6,1016,2,Left,2,3,1,0,6800000.0,182,73,Male,,,Yes,No,4300000,3600000,3100000,28000,23500,20000,,,67,44,61,66,70,68,CB,LB,True,False,False,jeanuel-belocian,18,66,67,70,67,61,62,60,58,59,56
77,74,78,81,63,69,52,75,35,77,25,74,75,77,70,74,74,62,50,71,76,28,72,64,30,25,52,72,55,8,9,7,9,14,65,28,72,64,77,57,10,2023-01-01,2026-06-30,1,52,Argentina,Facundo,Buonanotte,Buonanotte,Facundo Buonanotte,11402,5748,5748,269495,1854,75,82,2004-12-23T00:00:00.000Z,20,1808,Brighton & Hove Albion,13,5,9,brighton-hove-albion,40,13,https://cmtracker.fra1.cdn.digitaloceanspaces.com/DB/26/heads/p269495.png,0,7,2,529,1,Left,3,3,1,0,,174,66,Male,,,Yes,No,13000000,11000000,9500000,60000,51000,43500,Technical,,76,65,71,77,32,55,CAM,RM | CM,True,False,False,facundo-buonanotte,17,55,51,41,52,74,69,74,73,74,70
68,76,61,61,76,73,75,68,67,68,69,29,57,63,48,51,26,30,69,66,69,70,49,24,69,65,29,29,35,8,15,8,9,12,49,68,48,60,67,55,11,2022-07-01,2028-06-01,0,7,Belgium,Jorne,Spileers,Spileers,Jorne Spileers,17943,34720,34720,271917,1692,69,82,2005-01-21T00:00:00.000Z,20,231,Club Brugge,4,10,9,club-brugge,58,4,https://cmtracker.fra1.cdn.digitaloceanspaces.com/DB/26/heads/p271917.png,2,3,1,1526,4,Right,2,3,1,0,,188,79,Male,,,Yes,No,3700000,3200000,2700000,12000,10000,8700,Long Ball Pass,Career Injury Prone,72,32,50,62,68,73,CB,RB | CDM,True,False,False,jorne-spileers,17,65,66,69,67,57,60,54,52,53,50
47,45,55,45,65,40,67,60,25,50,11,6,50,25,12,10,6,11,15,50,55,6,51,8,15,12,10,15,13,70,69,68,71,70,20,11,23,47,51,26,70,2022-01-13,2026-06-30,1,14,England,James,Beadle,Beadle,James Beadle,17050,3958,3958,273621,1228,70,82,2004-07-16T00:00:00.000Z,20,1808,Brighton & Hove Albion,13,5,9,brighton-hove-albion,25,14,https://cmtracker.fra1.cdn.digitaloceanspaces.com/DB/26/heads/p273621.png,0,9,1,1517,4,Right,1,3,1,1,,201,85,Male,,,No,No,4000000,3400000,2900000,17000,14500,12500,,"GK Footwork, GK Cross Claimer",46,16,32,41,12,49,GK,-,True,False,False,james-beadle,68,26,25,25,32,31,35,33,28,27,27
67,66,66,66,79,66,75,72,65,72,13,73,63,74,50,71,75,53,71,50,70,18,75,78,13,13,71,63,67,9,8,14,11,12,68,15,63,75,68,59,11,2021-01-09,2026-06-30,1,25,Republic of Ireland,Evan,Ferguson,Ferguson,Evan Ferguson,11207,11764,11764,259608,1809,73,82,2004-10-19T00:00:00.000Z,20,1808,Brighton & Hove Albion,13,5,9,brighton-hove-albion,11,31,https://cmtracker.fra1.cdn.digitaloceanspaces.com/DB/26/heads/p259608.png,5,1,2,68,5,Right,3,3,1,0,,188,78,Male,,,Yes,No,8000000,6500000,6000000,55000,46500,40000,Finesse Shot,,67,73,58,70,26,71,ST,-,False,False,False,evan-ferguson,17,46,42,40,45,67,61,69,71,69,72
71,65,77,79,49,63,46,72,59,70,40,60,72,72,55,71,63,59,39,70,75,52,65,63,56,50,51,62,55,12,7,7,10,6,57,53,67,58,73,60,9,2022-05-13,2028-06-01,0,21,Germany,Umut,Tohumcu,Tohumcu,Umut Tohumcu,37247,36513,36513,269084,1823,70,82,2004-08-11T00:00:00.000Z,20,10029,TSG 1899 Hoffenheim,19,5,7,tsg-1899-hoffenheim,17,19,https://cmtracker.fra1.cdn.digitaloceanspaces.com/DB/26/heads/p269084.png,3,4,2,1549,2,Right,3,4,1,0,7200000.0,175,71,Male,,,Yes,No,4500000,3800000,3300000,16500,14000,12000,,,68,60,66,74,47,54,CAM,CM,False,False,False,umut-tohumcu,15,59,57,52,60,67,67,70,67,67,62
72,69,78,77,61,71,59,69,38,70,28,71,77,79,75,80,70,66,45,71,77,33,68,67,34,30,58,73,63,10,7,9,15,14,65,33,74,66,73,58,11,2025-09-01,2030-06-01,0,97,Algeria,Badredine,Bouanani,Bouanani,Badredine Bouanani,3321,5197,5197,270465,1884,75,82,2004-12-08T00:00:00.000Z,20,36,VfB Stuttgart,19,7,5,vfb-stuttgart,27,19,https://cmtracker.fra1.cdn.digitaloceanspaces.com/DB/26/heads/p270465.png,0,9,2,1539,4,Left,3,3,1,0,,177,68,Male,,,Yes,No,13000000,11000000,9500000,30500,26000,22500,"Inventive, Technical",,71,66,73,76,34,57,RW,CAM | RM,False,False,False,badredine-bouanani,17,57,53,43,54,74,70,74,73,74,68
79,76,85,81,63,66,55,67,55,69,53,68,66,71,68,72,68,57,48,57,69,25,64,62,52,44,57,66,52,10,14,5,9,13,62,41,65,62,78,61,11,2025-01-18,2030-06-01,0,14,England,Romain,Esse,Esse,Romain Esse,31670,11079,11079,273616,1866,70,82,2005-05-13T00:00:00.000Z,20,1799,Crystal Palace,13,6,8,crystal-palace,21,13,https://cmtracker.fra1.cdn.digitaloceanspaces.com/DB/26/heads/p273616.png,21,9,10,1016,1,Left,3,2,1,0,,182,75,Male,,,No,No,4500000,3800000,3300000,39000,33000,28500,"Inventive, Technical",,78,62,64,74,44,60,RW,CAM | LW | RM,False,False,False,romain-esse,17,60,57,50,56,69,65,69,68,70,65
55,85,44,32,85,56,92,71,73,61,71,35,62,62,47,54,26,30,76,67,69,74,73,23,76,69,21,51,38,10,12,13,7,13,48,73,53,66,58,57,11,2023-07-18,2029-06-01,0,18,France,El Chadaille,Bitshiabu,Bitshiabu,El Chadaille Bitshiabu,10468,4676,4676,263193,1733,75,87,2005-05-16T00:00:00.000Z,20,112172,RB Leipzig,19,8,10,rb-leipzig,5,19,https://cmtracker.fra1.cdn.digitaloceanspaces.com/DB/26/heads/p263193.png,0,9,10,1021,6,Left,2,3,1,0,,196,95,Male,,,Yes,No,15000000,12500000,11000000,34000,29000,25000,Pinged Pass,,70,36,54,54,73,77,CB,-,True,False,False,el-chadaille-bitshiabu,17,65,67,75,69,57,60,55,54,53,55
77,75,86,90,62,84,58,86,85,77,79,81,83,85,69,86,71,47,42,82,84,59,56,70,78,72,49,74,51,8,10,11,13,7,63,70,75,66,83,76,10,2020-07-01,2026-06-01,0,45,Spain,Pablo Martín,Páez Gavira,Gavi,Gavi,28570,30223,12927,264240,2147,83,88,2004-08-05T00:00:00.000Z,20,241,FC Barcelona,53,10,2,fc-barcelona,6,53,https://cmtracker.fra1.cdn.digitaloceanspaces.com/DB/26/heads/p264240.png,3,4,2,42,2,Right,3,3,3,0,,173,70,Male,,,Yes,No,63500000,53500000,46000000,100000,84000,73000,"Tiki Taka, Press Proven, Relentless",,76,63,73,85,66,72,CM,CAM | CDM,True,False,False,pablo-martin-paez-gavira,17,77,75,70,78,80,82,81,79,80,71
78,69,83,85,54,75,43,80,44,80,55,80,84,84,82,85,76,77,41,82,84,52,80,81,57,46,70,85,71,13,10,11,10,14,71,52,83,67,79,69,12,2023-07-06,2029-06-01,0,48,Turkey,Arda,Güler,Arda Güler,Arda Güler,2526,14292,2527,264309,2121,82,89,2005-02-25T00:00:00.000Z,20,243,Real Madrid,53,10,7,real-madrid,15,53,https://cmtracker.fra1.cdn.digitaloceanspaces.com/DB/26/heads/p264309.png,3,4,1,1549,2,Left,4,3,1,1,,175,70,Male,,,Yes,No,71000000,60500000,52000000,160000,135000,115000,"Finesse Shot, Incisive Pass, Whipped Pass, Inventive, Technical",,74,76,82,83,50,54,RM,CAM | CM | RW,True,False,False,arda-guler,19,69,65,54,67,80,79,81,80,81,73
65,72,55,61,81,69,75,79,73,72,79,41,60,69,47,60,38,32,76,58,75,77,51,37,82,80,35,37,40,13,7,5,14,14,55,80,52,63,67,61,11,2024-07-18,2029-06-01,0,18,France,Leny,Yoro,Yoro,Leny Yoro,21422,39678,39678,269087,1829,78,86,2005-11-13T00:00:00.000Z,19,11,Manchester United,13,7,6,manchester-united,15,13,https://cmtracker.fra1.cdn.digitaloceanspaces.com/DB/26/heads/p269087.png,20,9,4,1542,4,Right,2,3,1,0,,190,75,Male,,,Yes,No,33500000,28500000,24500000,67000,57000,49000,,,69,40,52,66,79,75,CB,-,True,False,False,leny-yoro,19,71,73,77,73,61,65,61,59,58,57
70,72,66,67,75,77,72,75,71,75,74,68,71,74,67,74,59,55,68,74,75,73,62,60,74,73,55,60,57,15,12,13,5,6,65,74,68,70,70,70,11,2024-07-02,2030-06-01,0,14,England,Archie,Gray,Gray,Archie Gray,2521,13735,13735,270208,2044,75,86,2006-03-12T00:00:00.000Z,19,18,Tottenham Hotspur,13,7,8,tottenham-hotspur,14,13,https://cmtracker.fra1.cdn.digitaloceanspaces.com/DB/26/heads/p270208.png,0,8,2,43,4,Right,2,4,1,1,,187,70,Male,,,No,No,13500000,11500000,10000000,59000,50000,43500,,Career One Club Player,71,60,67,72,72,74,CDM,CB | RB | CM,True,False,False,archie-gray,16,73,72,72,73,71,72,71,69,70,67
94,94,92,80,61,70,47,77,63,78,54,78,76,80,77,83,75,44,40,57,72,58,69,62,60,49,53,70,57,9,8,7,8,11,64,56,67,62,88,68,9,2024-06-30,2029-06-01,0,116,Gambia,Yankuba,Minteh,Minteh,Yankuba Minteh,39361,25294,25294,271800,2013,79,86,2004-07-22T00:00:00.000Z,20,1808,Brighton & Hove Albion,13,5,9,brighton-hove-albion,11,13,https://cmtracker.fra1.cdn.digitaloceanspaces.com/DB/26/heads/p271800.png,0,3,10,1015,2,Left,4,3,1,1,,180,65,Male,,,Yes,No,41000000,35000000,30000000,77000,66000,56000,Rapid,,94,66,66,82,52,60,RM,RW,True,False,False,yankuba-minteh,16,69,66,57,63,78,71,77,77,79,71
77,71,84,86,87,92,78,85,84,85,85,79,84,87,67,84,71,72,81,86,86,83,79,73,84,81,80,76,60,8,7,5,13,13,77,83,81,82,81,80,10,2024-08-05,2029-06-01,0,38,Portugal,João Pedro,Gonçalves Neves,João Neves,João Neves,18104,13587,18099,272834,2373,86,91,2004-09-27T00:00:00.000Z,20,73,Paris Saint-Germain,16,10,10,paris-saint-germain,87,16,https://cmtracker.fra1.cdn.digitaloceanspaces.com/DB/26/heads/p272834.png,3,6,4,13,2,Right,3,4,3,1,,174,66,Male,,,Yes,No,118500000,100500000,86500000,120000,100000,87000,"Acrobatic, Long Ball Pass, Tiki Taka, Aerial Fortress, Relentless",Career One Club Player,74,74,79,85,83,85,CM,CDM,True,False,False,joao-pedro-goncalves-neves,18,81,81,82,84,81,84,82,80,79,79
87,84,76,78,91,69,73,79,72,78,77,61,67,78,66,70,39,31,69,74,79,74,55,30,77,73,36,59,34,8,5,5,9,13,58,75,63,64,81,65,8,2025-08-03,2032-06-01,0,34,Holland,Jorrel,Hato,Hato,Jorrel Hato,17947,14839,14839,272978,1976,78,89,2006-03-07T00:00:00.000Z,19,5,Chelsea,13,8,10,chelsea,21,13,https://cmtracker.fra1.cdn.digitaloceanspaces.com/DB/26/heads/p272978.png,21,9,9,1024,2,Left,2,3,1,2,,182,76,Male,,,Yes,No,34000000,29000000,25000000,0,0,0,"Pinged Pass, Jockey, Intercept, Quick Step",Career One Club Player,86,43,63,77,74,76,LB,CB | CDM,True,False,False,jorrel-hato,16,75,75,75,75,71,71,69,67,68,63
67,63,71,68,73,71,71,73,50,78,68,68,77,73,64,75,63,59,64,74,77,63,72,67,69,62,56,69,49,9,7,10,7,12,65,65,70,71,69,65,9,2023-02-11,2028-06-01,0,14,England,Lewis,Miley,L.Miley,Lewis Miley,21536,25152,46053,274246,1999,73,86,2006-05-01T00:00:00.000Z,19,13,Newcastle United,13,8,10,newcastle-united,67,13,https://cmtracker.fra1.cdn.digitaloceanspaces.com/DB/26/heads/p274246.png,3,5,2,4001,4,Right,3,4,1,0,,193,80,Male,,,No,No,8500000,7000000,6000000,0,0,0,,,65,63,70,73,65,66,CM,CDM,True,False,False,lewis-miley,15,68,67,66,69,71,73,72,70,70,68
92,88,87,84,63,74,55,69,40,73,57,70,68,77,72,80,68,48,36,50,65,60,67,56,37,33,60,75,50,5,6,12,10,8,61,44,66,63,84,60,9,2025-07-09,2030-06-01,0,129,Morocco,Chemsdine,Talbi,Talbi,Chemsdine Talbi,6998,35666,35666,275048,1895,74,87,2005-05-09T00:00:00.000Z,20,106,Sunderland,13,2,8,sunderland,7,13,https://cmtracker.fra1.cdn.digitaloceanspaces.com/DB/26/heads/p275048.png,3,5,3,531,1,Right,3,4,1,0,,175,64,Male,,,Yes,No,12000000,10000000,8500000,45500,38500,33000,Technical,,90,62,63,78,45,58,RW,RM,True,False,False,chemsdine-talbi,14,64,60,50,57,73,65,71,72,74,67
87,82,92,92,53,55,40,71,54,74,39,71,72,74,70,81,66,69,40,69,71,32,68,69,44,37,59,78,52,9,12,6,11,13,62,38,75,57,85,61,11,2024-01-25,2026-06-30,1,52,Argentina,Claudio,Echeverri,Echeverri,Claudio Echeverri,7450,10212,10212,276528,1912,74,86,2006-01-02T00:00:00.000Z,19,10,Manchester City,13,10,8,manchester-city,9,19,https://cmtracker.fra1.cdn.digitaloceanspaces.com/DB/26/heads/p276528.png,0,3,3,4020,8,Right,3,3,1,0,,170,65,Male,,,Yes,No,12000000,10000000,8500000,68000,58000,49500,,,85,64,72,81,38,51,CAM,CM | LW,True,False,False,claudio-echeverri,17,58,55,45,55,73,67,73,72,74,67
88,84,94,83,60,73,50,88,45,84,18,88,88,90,89,92,83,65,33,84,88,23,83,82,27,28,65,87,69,9,13,7,7,10,72,26,84,70,88,66,10,2022-07-01,2031-06-01,0,45,Spain,Lamine Yamal,Nasraoui Ebana,Lamine Yamal,Lamine Yamal,20874,26627,20874,277643,2077,89,95,2007-07-13T00:00:00.000Z,17,241,FC Barcelona,53,10,2,fc-barcelona,10,53,https://cmtracker.fra1.cdn.digitaloceanspaces.com/DB/26/heads/p277643.png,16,9,7,1028,1,Left,5,3,5,2,,180,72,Male,,,Yes,No,173500000,147000000,126500000,120000,100000,87000,"Finesse Shot, Gamechanger, Incisive Pass, Inventive, First Touch, Quick Step",,86,78,84,89,26,57,RM,RW,True,False,False,lamine-yamal-nasraoui-ebana,18,62,55,40,57,87,80,88,86,88,78
72,73,67,62,87,68,77,83,80,80,83,51,74,82,31,78,41,33,83,86,85,84,51,35,84,82,41,22,41,10,6,14,14,7,57,84,61,64,72,69,11,2023-07-01,2029-06-01,0,45,Spain,Pau,Cubarsí Paredes,Cubarsí,Pau Cubarsí,29000,7991,7990,278046,1967,82,88,2007-01-22T00:00:00.000Z,18,241,FC Barcelona,53,10,2,fc-barcelona,5,53,https://cmtracker.fra1.cdn.digitaloceanspaces.com/DB/26/heads/p278046.png,0,5,4,1551,1,Right,2,4,3,0,91100000.0,183,79,Male,,,Yes,No,47500000,40500000,34500000,75000,64000,55000,Long Ball Pass,,73,43,55,75,83,78,CB,-,True,False,False,pau-cubarsi-paredes,17,74,75,82,81,69,76,71,68,66,64
68,74,53,33,85,68,78,81,79,78,83,59,76,82,50,76,44,49,83,83,85,82,71,64,82,82,41,65,68,12,7,14,8,14,61,82,71,74,62,74,11,2025-06-01,2030-06-01,0,45,Spain,Dean,Huijsen,Huijsen,Dean Huijsen,8813,15743,15743,278349,2077,82,89,2005-04-14T00:00:00.000Z,20,243,Real Madrid,53,10,7,real-madrid,24,53,https://cmtracker.fra1.cdn.digitaloceanspaces.com/DB/26/heads/p278349.png,5,8,2,44,4,Right,2,5,3,0,126000000.0,196,86,Male,,,Yes,No,66000000,56000000,48000000,150000,125000,110000,"Long Ball Pass, Block, Slide Tackle, Aerial Fortress",,71,58,68,67,82,78,CB,-,True,False,False,dean-huijsen,18,75,77,81,81,71,77,73,71,69,68
90,86,91,90,56,55,47,69,43,63,23,64,59,74,64,87,61,55,33,59,67,21,64,63,28,30,51,63,48,10,6,9,11,15,56,27,68,57,86,50,11,2023-01-27,2029-06-01,0,7,Belgium,Julien,Duranville,Duranville,Julien Duranville,18235,9992,9992,262105,1755,72,87,2006-05-05T00:00:00.000Z,19,22,Borussia Dortmund,19,9,3,borussia-dortmund,16,19,https://cmtracker.fra1.cdn.digitaloceanspaces.com/DB/26/heads/p262105.png,0,9,7,1016,7,Right,5,3,1,1,12800000.0,170,67,Male,,,No,No,6500000,5500000,4800000,23000,19500,17000,"Technical, Trickster, Quick Step",,88,59,61,79,27,50,RM,LM | ST | RW,False,False,False,julien-duranville,16,53,49,37,47,71,62,70,70,73,64
92,86,91,87,69,73,59,71,57,71,35,74,75,82,68,82,73,58,45,63,71,38,83,69,47,53,60,75,54,12,14,14,10,9,64,46,72,71,86,61,12,2024-08-13,2029-06-01,0,36,Norway,Antonio,Nusa,Nusa,Antonio Nusa,2350,27553,27553,262863,2020,77,87,2005-04-17T00:00:00.000Z,20,112172,RB Leipzig,19,8,10,rb-leipzig,7,19,https://cmtracker.fra1.cdn.digitaloceanspaces.com/DB/26/heads/p262863.png,3,3,5,1001,1,Right,4,4,1,1,,183,77,Male,,,Yes,No,27500000,23000000,20000000,40500,34500,29500,"Inventive, Technical, Quick Step",,89,69,68,81,44,65,LM,CAM | LW,False,False,False,antonio-nusa,17,63,60,51,58,76,70,76,76,77,72
75,65,79,76,67,76,61,76,65,79,77,61,81,81,69,78,48,48,54,79,83,75,66,63,64,59,38,71,60,9,6,13,8,9,59,66,72,67,75,71,9,2025-01-15,2026-06-30,1,7,Belgium,Arthur,Vermeeren,Vermeeren,Arthur Vermeeren,2734,37809,37809,269859,2019,77,87,2005-02-07T00:00:00.000Z,20,112172,RB Leipzig,19,8,10,rb-leipzig,18,16,https://cmtracker.fra1.cdn.digitaloceanspaces.com/DB/26/heads/p269859.png,2,2,2,4007,1,Right,3,4,1,0,,180,74,Male,,,No,No,27000000,23000000,20000000,40500,34500,29500,"Block, Anticipate","Career One Club Player, Career Injury Prone",70,56,72,78,66,67,CM,CDM | CAM,False,False,False,arthur-vermeeren,15,72,70,67,74,73,76,74,70,72,64
80,78,74,84,80,88,75,79,76,78,79,76,79,81,68,78,66,53,66,81,82,71,76,69,80,73,49,66,59,14,11,7,15,8,67,75,72,78,79,75,11,2022-07-15,2029-06-01,0,18,France,Warren,Zaïre-Emery,Zaïre-Emery,Warren Zaïre-Emery,38548,40039,40039,270673,2199,80,87,2006-03-08T00:00:00.000Z,19,73,Paris Saint-Germain,16,10,10,paris-saint-germain,33,16,https://cmtracker.fra1.cdn.digitaloceanspaces.com/DB/26/heads/p270673.png,0,4,5,3001,2,Right,3,4,1,0,,178,68,Male,,,Yes,No,48000000,41000000,35000000,68000,57000,49500,"Tiki Taka, First Touch, Press Proven, Quick Step, Relentless",,79,66,72,79,74,80,CM,CDM | RB | CAM,False,False,False,warren-zaire-emery,19,77,77,75,79,77,79,77,76,76,73
85,82,88,87,75,80,77,85,61,89,59,81,78,89,74,91,78,68,46,74,81,52,86,83,60,52,68,82,71,9,12,7,13,5,70,55,81,81,86,74,10,2024-08-17,2029-06-01,0,18,France,Désiré,Doué,D.Doué,Désiré Doué,10097,9773,8243,271421,2228,85,91,2005-06-03T00:00:00.000Z,20,73,Paris Saint-Germain,16,10,10,paris-saint-germain,14,16,https://cmtracker.fra1.cdn.digitaloceanspaces.com/DB/26/heads/p271421.png,6,3,6,1036,2,Right,5,4,3,1,,181,79,Male,,,Yes,No,99000000,83500000,72000000,120000,100000,87000,"Gamechanger, Inventive, First Touch, Press Proven, Quick Step",,84,78,76,88,54,73,RW,LW | CM | RM,False,False,False,desire-doue,17,72,68,62,70,82,79,83,83,83,79
88,86,85,81,84,68,71,77,69,74,20,76,66,77,52,78,78,71,70,59,68,24,79,74,30,31,74,66,68,8,8,15,13,15,69,29,71,76,84,63,12,2024-07-08,2027-06-01,0,54,Brazil,Endrick Felipe,Moreira de Sousa,Endrick,Endrick,10809,25717,10808,272505,2003,77,89,2006-07-21T00:00:00.000Z,18,243,Real Madrid,53,10,7,real-madrid,9,53,https://cmtracker.fra1.cdn.digitaloceanspaces.com/DB/26/heads/p272505.png,0,9,8,3001,3,Left,4,3,1,0,65500000.0,173,67,Male,,,Yes,No,29000000,24500000,21000000,110000,94000,81000,"Power Shot, Gamechanger, Rapid, Quick Step",,87,75,64,79,35,73,ST,-,False,False,False,endrick-felipe-moreira-de-sousa,18,53,51,47,51,72,65,74,76,74,76
77,73,73,73,72,79,70,77,77,80,77,75,78,78,68,79,65,65,54,79,80,69,70,69,76,72,54,75,53,7,13,13,9,10,65,73,76,72,75,74,11,2024-07-01,2031-06-01,0,46,Sweden,Lucas,Bergvall,Bergvall,Lucas Bergvall,22230,4299,4299,272926,2139,78,87,2006-02-02T00:00:00.000Z,19,18,Tottenham Hotspur,13,7,8,tottenham-hotspur,15,13,https://cmtracker.fra1.cdn.digitaloceanspaces.com/DB/26/heads/p272926.png,15,2,2,2004,5,Right,3,3,1,0,,186,74,Male,,,No,No,35500000,30000000,26000000,76000,65000,55000,"Press Proven, Long Throw",,75,64,74,77,70,75,CM,CDM | CAM,False,False,False,lucas-bergvall,17,75,73,72,76,76,77,76,74,74,70
90,90,82,72,62,74,53,69,61,66,40,75,70,79,69,78,79,54,42,63,69,36,68,75,33,34,65,58,61,7,7,12,11,8,65,35,67,67,81,63,9,2025-01-07,2029-06-01,0,136,Senegal,Assane,Diao,A. Diao,Assane Diao,2870,9210,30,275324,1912,76,87,2005-09-07T00:00:00.000Z,19,1745,Como,31,6,10,como,38,31,https://cmtracker.fra1.cdn.digitaloceanspaces.com/DB/26/heads/p275324.png,20,9,10,1039,4,Right,4,4,1,1,,185,72,Male,,,Yes,No,19000000,16000000,14000000,57000,48500,41500,"Finesse Shot, Rapid, Quick Step",,90,71,64,74,37,63,LM,RM | LW,False,False,False,assane-diao,15,60,56,46,55,75,68,74,75,76,71
86,90,83,77,64,73,61,69,38,64,34,63,64,75,68,78,66,49,39,63,68,40,65,61,46,35,53,64,55,8,6,9,12,14,59,41,66,65,81,53,10,2023-07-01,2028-06-01,0,43,Slovakia,Leo,Sauer,Sauer,Leo Sauer,21425,32914,32914,277482,1840,73,86,2005-12-16T00:00:00.000Z,19,246,Feyenoord,10,10,5,feyenoord,16,10,https://cmtracker.fra1.cdn.digitaloceanspaces.com/DB/26/heads/p277482.png,6,4,1,37,2,Right,4,3,1,0,11100000.0,183,73,Male,,,Yes,No,8500000,7000000,6000000,11500,9700,8400,Technical,,88,61,63,74,39,59,LW,CAM | LM,False,False,False,leo-sauer,16,60,56,47,55,72,65,70,70,72,66
76,79,78,61,67,75,66,68,42,73,58,71,78,86,67,86,77,67,48,79,84,35,64,78,65,44,51,64,53,14,10,15,8,12,66,48,77,70,73,63,12,2024-08-26,2028-06-01,0,52,Argentina,Nicolás,Paz Martínez,Nico Paz,Nico Paz,27077,29119,27058,277846,1999,80,89,2004-09-08T00:00:00.000Z,20,1745,Como,31,6,10,como,10,31,https://cmtracker.fra1.cdn.digitaloceanspaces.com/DB/26/heads/p277846.png,5,5,1,3512,4,Left,4,3,1,0,,186,81,Male,,,Yes,No,54500000,46500000,40000000,83000,70000,60000,"Finesse Shot, Incisive Pass, Inventive, Technical",,78,66,73,75,50,63,CAM,CM,False,False,False,nicolas-paz-martinez,17,66,63,56,66,78,77,79,77,78,72
85,84,83,74,80,72,67,74,50,75,35,78,77,86,74,86,79,67,69,70,75,32,79,79,30,26,78,80,70,14,14,6,14,8,75,30,78,76,80,65,12,2023-03-13,2029-06-01,0,48,Turkey,Kenan,Yıldız,Yıldız,Kenan Yıldız,19260,39221,39221,277954,2070,80,89,2005-05-04T00:00:00.000Z,20,45,Juventus,31,10,9,juventus,10,31,https://cmtracker.fra1.cdn.digitaloceanspaces.com/DB/26/heads/p277954.png,3,5,3,1501,5,Right,4,5,1,0,,185,75,Male,,,Yes,No,54500000,46500000,40000000,99000,84000,72000,"Gamechanger, Incisive Pass, Whipped Pass, Technical",,85,77,74,80,38,67,CAM,LM | LW | CM,False,False,False,kenan-yildiz,18,59,56,48,56,79,72,79,80,80,78
41,39,52,37,61,37,59,68,16,54,14,5,64,29,23,24,7,8,15,66,52,11,56,5,10,18,5,12,15,78,75,75,77,74,21,13,28,44,48,28,76,2024-07-01,2029-06-01,0,7,Belgium,Maarten,Vandevoordt,Vandevoordt,Maarten Vandevoordt,22767,37575,37575,242879,1282,76,86,2002-02-26T00:00:00.000Z,23,112172,RB Leipzig,19,8,10,rb-leipzig,26,19,https://cmtracker.fra1.cdn.digitaloceanspaces.com/DB/26/heads/p242879.png,6,4,2,2019,5,Right,1,3,1,1,,192,81,Male,,,No,No,17000000,14500000,12500000,24500,21000,18000,Long Ball Pass,"GK Far Throw, GK Footwork, GK Cross Claimer",40,16,38,44,14,43,GK,-,True,False,False,maarten-vandevoordt,75,29,27,25,34,35,40,37,32,31,28
53,56,63,57,68,43,68,69,38,57,9,9,61,41,12,26,10,11,11,56,47,8,57,11,14,14,11,31,16,78,76,76,83,78,19,12,33,50,60,32,79,2019-07-01,2027-06-01,0,22,Greece,Konstantinos,Tzolakis,Tzolakis,Konstantinos Tzolakis,19987,37091,37091,252552,1418,79,86,2002-11-08T00:00:00.000Z,22,280,Olympiacos,76,10,9,olympiacos,88,76,https://cmtracker.fra1.cdn.digitaloceanspaces.com/DB/26/heads/p252552.png,3,4,2,2504,4,Right,1,3,1,1,,194,80,Male,,,No,No,36000000,30500000,26000000,20500,17500,15000,,GK Cross Claimer,55,19,36,52,11,54,GK,-,True,False,False,konstantinos-tzolakis,77,30,28,27,35,38,41,40,36,34,32
71,69,71,75,74,84,76,78,84,80,79,70,76,78,66,75,60,53,57,76,81,79,78,65,77,77,63,78,62,8,11,14,13,5,66,78,72,76,73,76,11,2023-08-16,2028-06-01,0,52,Argentina,Alan,Varela,Varela,Alan Varela,1298,37620,37620,260599,2163,80,86,2001-07-04T00:00:00.000Z,23,236,FC Porto,308,10,6,fc-porto,22,308,https://cmtracker.fra1.cdn.digitaloceanspaces.com/DB/26/heads/p260599.png,0,4,2,1503,2,Right,3,3,1,1,56100000.0,177,73,Male,,,Yes,No,36000000,30500000,26500000,17500,14500,12500,"Dead Ball, Incisive Pass, Block, Slide Tackle, Aerial Fortress, Press Proven",,70,66,72,76,74,80,CDM,CM,True,False,False,alan-varela,17,76,75,75,78,73,76,74,72,72,70
80,84,76,79,75,80,71,78,74,79,78,71,68,78,79,79,49,51,56,62,77,77,61,46,80,78,41,80,41,10,12,8,13,13,61,79,70,67,80,69,12,2023-08-08,2028-06-01,0,14,England,Tino,Livramento,Livramento,Tino Livramento,36435,21909,21909,262118,2084,80,86,2002-11-12T00:00:00.000Z,22,13,Newcastle United,13,8,10,newcastle-united,21,13,https://cmtracker.fra1.cdn.digitaloceanspaces.com/DB/26/heads/p262118.png,3,5,1,34,2,Right,3,4,1,2,,181,71,Male,,,Yes,No,37500000,31500000,27000000,0,0,0,Jockey,,82,52,70,78,74,75,RB,LB | RM,True,False,False,tino-livramento,19,78,77,75,75,74,72,71,70,73,66
73,71,70,68,88,65,78,79,78,80,80,46,72,74,59,73,41,26,81,75,76,80,55,38,85,77,42,54,39,8,10,14,13,11,60,81,61,65,73,66,12,2023-08-11,2029-06-01,0,18,France,Castello,Lukeba,Castello JR,Castello Lukeba,6585,22380,6586,262138,1979,80,88,2002-12-17T00:00:00.000Z,22,112172,RB Leipzig,19,8,10,rb-leipzig,23,19,https://cmtracker.fra1.cdn.digitaloceanspaces.com/DB/26/heads/p262138.png,0,9,8,1024,2,Left,2,2,2,0,,183,84,Male,,,Yes,No,52500000,44500000,38000000,56000,48000,41000,,,72,44,60,74,81,77,CB,LB,True,False,False,castello-lukeba,18,73,75,79,77,67,71,67,64,65,61
71,68,76,77,80,65,77,77,79,78,78,60,75,78,62,77,43,50,70,76,79,78,63,60,78,77,43,70,50,7,7,5,13,11,60,78,71,69,74,70,9,2023-08-18,2030-06-01,0,7,Belgium,Romeo,Lavia,Lavia,Romeo Lavia,31693,21099,21099,263620,2058,78,85,2004-01-06T00:00:00.000Z,21,5,Chelsea,13,8,10,chelsea,45,13,https://cmtracker.fra1.cdn.digitaloceanspaces.com/DB/26/heads/p263620.png,21,9,9,1036,2,Right,3,3,1,1,,181,76,Male,,,Yes,No,31500000,27000000,23000000,0,0,0,Technical,,70,53,69,77,76,75,CDM,CM,True,False,False,romeo-lavia,16,73,73,76,76,70,74,71,68,69,64
84,83,80,77,73,75,60,77,47,63,35,80,75,79,74,77,80,52,59,68,75,41,72,70,30,30,65,65,65,14,15,13,12,14,71,34,69,70,81,61,14,2021-07-02,2029-06-01,0,45,Spain,Diego,López Noguerol,Diego López,Diego López,9256,22565,9276,264238,1979,78,86,2002-05-13T00:00:00.000Z,23,461,Valencia CF,53,7,6,valencia-cf,16,53,https://cmtracker.fra1.cdn.digitaloceanspaces.com/DB/26/heads/p264238.png,0,3,1,2501,1,Right,3,4,1,1,71300000.0,172,62,Male,,,Yes,No,37000000,31000000,27000000,39500,33500,29000,"Low Driven Shot, Rapid",,84,72,68,76,39,64,LM,RM | LW,True,False,False,diego-lopez-noguerol,20,60,56,48,56,77,70,77,77,77,75
88,85,86,83,74,76,60,72,60,71,48,74,81,81,72,83,74,52,57,74,81,47,74,71,55,53,53,75,59,6,9,11,11,8,68,52,73,71,83,66,9,2025-07-01,2030-06-01,0,45,Spain,Alberto,Moleiro González,A. Moleiro,Moleiro,1347,25549,66,264388,2064,80,87,2003-09-30T00:00:00.000Z,21,483,Villarreal CF,53,8,6,villarreal-cf,20,53,https://cmtracker.fra1.cdn.digitaloceanspaces.com/DB/26/heads/p264388.png,0,7,2,3510,2,Right,4,4,1,1,81600000.0,172,67,Male,,,No,No,50500000,43000000,37000000,39500,33500,28500,"Incisive Pass, Technical, First Touch",,87,68,73,79,52,68,LM,CAM | LW,True,False,False,alberto-moleiro-gonzalez,15,67,65,58,65,78,75,79,78,79,73
73,74,68,69,85,79,74,75,77,69,77,28,58,67,44,40,39,28,77,70,73,77,65,49,80,76,29,33,49,8,6,13,7,8,53,78,48,71,72,60,9,2025-07-24,2030-06-01,0,45,Spain,Cristhian,Mosquera Ibargüen,Mosquera,Mosquera,7916,25826,25825,264846,1844,77,85,2004-06-27T00:00:00.000Z,21,1,Arsenal,13,10,9,arsenal,3,13,https://cmtracker.fra1.cdn.digitaloceanspaces.com/DB/26/heads/p264846.png,0,9,9,1011,5,Right,2,3,1,0,,188,79,Male,,,Yes,No,26000000,22000000,19000000,81000,69000,59000,Intercept,Career One Club Player,74,43,51,65,77,79,CB,-,True,False,False,cristhian-mosquera-ibarguen,14,70,72,76,74,58,64,57,55,55,56
81,83,63,58,89,75,82,78,73,74,78,52,71,76,58,72,25,30,74,79,78,75,40,22,80,74,34,52,39,12,11,7,13,9,54,77,62,62,73,65,11,2019-07-01,2029-06-01,0,38,Portugal,Tomás,Lemos Araújo,Tomás A.,Tomás Araújo,36592,21394,36593,266096,1917,78,86,2002-05-16T00:00:00.000Z,23,234,Benfica,308,10,10,benfica,44,308,https://cmtracker.fra1.cdn.digitaloceanspaces.com/DB/26/heads/p266096.png,0,3,2,29,5,Right,3,2,1,0,,187,81,Male,,,Yes,No,34500000,29000000,25000000,20500,17000,15000,"Long Ball Pass, Jockey",,82,35,61,70,76,80,CB,RB,True,False,False,tomas-lemos-araujo,18,74,75,77,77,69,71,66,63,64,58
73,74,77,71,75,73,69,74,67,74,75,77,80,78,63,76,75,62,68,78,81,74,73,74,75,69,52,65,63,5,12,13,14,11,68,73,72,73,74,73,11,2021-07-01,2029-06-01,0,45,Spain,Javier,Guerra Moreno,Javi Guerra,Javi Guerra,17262,13932,17244,266436,2140,77,86,2003-05-13T00:00:00.000Z,22,461,Valencia CF,53,7,6,valencia-cf,8,53,https://cmtracker.fra1.cdn.digitaloceanspaces.com/DB/26/heads/p266436.png,3,4,1,44,4,Right,3,4,1,0,,187,77,Male,,,Yes,No,28000000,23500000,20500000,37000,31500,27000,"Incisive Pass, Inventive",,74,69,72,75,72,71,CM,CDM,True,False,False,javier-guerra-moreno,17,73,72,72,75,75,77,77,76,75,74
84,86,80,74,79,89,76,81,81,76,78,76,77,82,79,80,65,45,55,76,76,73,77,60,76,75,50,79,43,6,7,11,14,8,65,75,73,77,81,72,10,2025-07-15,2031-06-01,0,45,Spain,Álvaro,Fernández Carreras,A. Carreras,Álvaro Carreras,40821,11798,23,268889,2174,80,88,2003-03-23T00:00:00.000Z,22,243,Real Madrid,53,10,7,real-madrid,18,53,https://cmtracker.fra1.cdn.digitaloceanspaces.com/DB/26/heads/p268889.png,6,4,1,4,4,Left,3,4,1,2,,186,75,Male,,,Yes,No,53500000,45000000,39000000,155000,130000,110000,"Long Ball Pass, Relentless",,85,62,72,79,71,81,LB,LM,True,False,False,alvaro-fernandez-carreras,16,79,78,74,77,79,77,77,76,77,73
72,81,79,73,75,83,74,79,75,85,77,76,78,80,47,75,77,53,61,77,83,76,74,69,70,60,67,64,53,14,7,7,8,12,67,69,70,75,77,74,10,2023-07-01,2029-06-01,0,46,Sweden,Hugo,Larsson,Larsson,Hugo Larsson,15717,20984,20984,268896,2141,78,86,2004-06-27T00:00:00.000Z,21,1824,Eintracht Frankfurt,19,8,5,eintracht-frankfurt,16,19,https://cmtracker.fra1.cdn.digitaloceanspaces.com/DB/26/heads/p268896.png,16,2,2,4010,4,Right,3,3,1,0,,187,74,Male,,,Yes,No,37000000,31500000,27000000,29000,24500,21000,"Pinged Pass, Tiki Taka, Intercept, Press Proven, Relentless",,77,69,67,79,69,77,CM,CDM,True,False,False,hugo-larsson,17,72,71,72,76,75,78,77,77,74,75
71,68,52,62,83,76,78,73,82,66,78,45,41,70,42,62,24,38,73,72,73,77,75,60,75,75,34,52,44,8,8,13,11,10,50,76,59,75,66,60,10,2024-08-30,2029-06-01,0,22,Greece,Konstantinos,Koulierakis,Koulierakis,Konstantinos Koulierakis,19987,20116,20116,270077,1871,76,85,2003-11-28T00:00:00.000Z,21,175,VfL Wolfsburg,19,6,8,vfl-wolfsburg,4,19,https://cmtracker.fra1.cdn.digitaloceanspaces.com/DB/26/heads/p270077.png,3,4,2,4001,5,Left,2,2,1,0,,185,78,Male,,,No,No,18500000,15500000,13500000,32500,27500,24000,Jockey,,70,47,53,64,76,80,CB,-,True,False,False,konstantinos-koulierakis,16,69,71,75,73,60,64,59,58,57,58
78,82,63,66,93,80,90,73,83,74,76,24,38,69,28,71,20,24,79,73,71,79,40,22,82,76,24,25,39,8,6,15,6,6,45,79,53,65,73,56,9,2023-01-31,2027-06-01,0,108,Côte d'Ivoire,Ousmane,Diomande,O. Diomande,Ousmane Diomande,28441,9430,27689,270531,1783,80,87,2003-12-04T00:00:00.000Z,21,237,Sporting CP,308,10,9,sporting-cp,26,308,https://cmtracker.fra1.cdn.digitaloceanspaces.com/DB/26/heads/p270531.png,0,9,9,3000,5,Right,2,3,3,0,,190,93,Male,,,Yes,No,47000000,40000000,34000000,20000,17000,14500,"Precision Header, Long Ball Pass, Jockey, Block, Aerial Fortress, Bruiser",Career One Club Player,80,28,43,69,78,87,CB,-,True,False,False,ousmane-diomande,14,70,72,79,74,59,62,56,54,54,52
75,74,75,77,80,81,79,78,78,80,82,67,76,79,65,81,63,50,67,79,80,76,85,75,81,78,67,75,50,11,6,8,13,14,69,79,73,80,76,73,11,2023-08-29,2028-06-01,0,103,Cameroon,Carlos,Baleba,Baleba,Carlos Baleba,6381,3494,3494,272500,2205,80,86,2004-01-03T00:00:00.000Z,21,1808,Brighton & Hove Albion,13,5,9,brighton-hove-albion,17,13,https://cmtracker.fra1.cdn.digitaloceanspaces.com/DB/26/heads/p272500.png,21,9,10,1016,2,Left,3,3,3,1,,183,77,Male,,,Yes,No,36500000,31000000,27000000,77000,65000,56000,"Power Shot, Aerial Fortress, Technical",,75,68,71,78,77,80,CDM,CM,True,False,False,carlos-baleba,18,77,77,77,79,75,78,76,75,74,73
69,56,72,70,78,77,72,80,57,79,76,62,77,83,73,78,66,66,71,85,86,80,64,65,76,77,66,73,50,6,9,15,7,9,73,78,77,72,70,67,10,2023-05-06,2029-06-01,0,21,Germany,Aleksandar,Pavlović,Pavlović,Aleksandar Pavlović,1445,29097,29097,275298,2130,80,87,2004-05-03T00:00:00.000Z,21,21,Bayern München,19,10,3,bayern-munchen,45,19,https://cmtracker.fra1.cdn.digitaloceanspaces.com/DB/26/heads/p275298.png,0,3,3,3,4,Right,3,4,1,1,,188,75,Male,,,Yes,No,47500000,40000000,34500000,53000,45000,38500,Tiki Taka,,63,62,77,77,76,71,CDM,CM,True,False,False,aleksandar-pavlovic,16,76,75,75,78,75,79,76,73,73,70
49,38,36,45,68,33,69,76,28,50,9,6,64,29,11,13,9,13,12,32,37,9,58,8,11,11,6,13,18,77,76,77,84,83,15,11,20,48,49,30,80,2023-08-10,2028-06-01,0,49,Ukraine,Anatoliy,Trubin,Trubin,Anatoliy Trubin,2016,36875,36875,250753,1258,80,87,2001-08-01T00:00:00.000Z,23,234,Benfica,308,10,10,benfica,1,308,https://cmtracker.fra1.cdn.digitaloceanspaces.com/DB/26/heads/p250753.png,20,3,3,3513,4,Right,1,2,3,1,79200000.0,199,86,Male,,,Yes,No,42500000,36000000,31000000,13500,11500,10000,,GK Footwork,44,18,28,42,10,50,GK,-,False,False,False,anatoliy-trubin,79,25,24,25,29,30,33,33,31,28,28
66,73,61,53,80,81,73,77,77,73,76,53,71,78,77,76,51,71,76,81,77,76,68,65,79,76,37,77,42,6,6,15,5,6,64,77,77,74,66,66,8,2024-07-04,2029-06-01,0,7,Belgium,Zeno,Debast,Debast,Zeno Debast,40100,8823,8823,254262,2059,78,86,2003-10-24T00:00:00.000Z,21,237,Sporting CP,308,10,9,sporting-cp,6,308,https://cmtracker.fra1.cdn.digitaloceanspaces.com/DB/26/heads/p254262.png,6,4,1,12,4,Right,3,4,1,1,,191,76,Male,,,Yes,No,35000000,30000000,25500000,17000,14500,12500,Long Ball Pass,,70,53,76,70,77,78,CDM,CB | CM,False,False,False,zeno-debast,14,76,76,76,77,72,74,70,68,69,66
85,79,84,85,78,85,63,77,70,79,29,79,78,81,72,84,79,66,68,74,78,33,79,77,39,38,76,75,68,15,10,12,10,6,75,37,76,77,82,68,11,2024-07-04,2029-06-01,0,22,Greece,Christos,Tzolis,Tzolis,Christos Tzolis,7297,37092,37092,256948,2111,80,87,2002-01-30T00:00:00.000Z,23,231,Club Brugge,4,10,9,club-brugge,8,4,https://cmtracker.fra1.cdn.digitaloceanspaces.com/DB/26/heads/p256948.png,6,3,4,525,2,Right,4,4,1,1,,179,73,Male,,,Yes,No,50000000,42500000,36500000,39000,33000,28500,"Finesse Shot, Low Driven Shot, Incisive Pass, Rapid, Quick Step",,82,76,74,82,41,74,LM,LW,False,False,False,christos-tzolis,17,62,58,51,59,79,74,79,79,79,77
77,74,77,80,81,91,80,74,78,76,74,65,76,75,68,70,64,62,62,76,80,76,76,70,72,68,63,64,60,8,7,14,5,13,68,72,70,80,77,72,10,2025-08-07,2030-06-01,0,47,Switzerland,Ardon,Jashari,Jashari,Ardon Jashari,2535,17206,17206,257186,2156,77,86,2002-07-30T00:00:00.000Z,22,131681,Milano FC,31,9,5,milano-fc,30,31,https://cmtracker.fra1.cdn.digitaloceanspaces.com/DB/26/heads/p257186.png,3,3,2,1524,1,Left,2,4,1,1,,181,81,Male,,,No,No,26500000,22500000,19000000,41000,35000,30000,"Long Ball Pass, Relentless",,76,66,71,75,70,83,CDM,CM,False,False,False,ardon-jashari,15,74,74,73,76,73,75,73,71,71,70
78,77,80,80,58,69,45,79,53,68,29,81,80,81,79,82,76,60,46,78,81,31,73,69,48,41,67,76,54,9,7,14,9,6,70,40,76,63,79,61,9,2025-08-29,2030-06-01,0,45,Spain,Yeremy Jesús,Pino Santos,Yeremy,Yeremy Pino,39502,29667,39501,259377,1964,80,88,2002-10-20T00:00:00.000Z,22,1799,Crystal Palace,13,6,8,crystal-palace,10,13,https://cmtracker.fra1.cdn.digitaloceanspaces.com/DB/26/heads/p259377.png,0,4,5,1509,1,Right,3,4,2,0,,172,65,Male,,,Yes,No,56000000,47500000,40500000,98000,83000,72000,Rapid,,78,70,76,78,39,56,CAM,LW | RW | CM,False,False,False,yeremy-jesus-pino-santos,15,62,58,47,59,79,74,79,78,79,72
83,91,80,61,88,73,79,75,61,71,27,75,70,78,68,79,77,59,73,64,74,34,77,74,27,23,70,75,69,13,14,11,9,14,73,28,71,79,78,63,13,2025-07-05,2030-06-01,0,18,France,Yoan,Bonny,Bonny,Yoan Bonny,39583,5034,5034,259565,2016,77,86,2003-10-25T00:00:00.000Z,21,131682,Lombardia FC,31,9,2,lombardia-fc,14,31,https://cmtracker.fra1.cdn.digitaloceanspaces.com/DB/26/heads/p259565.png,21,9,10,1024,4,Right,4,3,1,0,,189,86,Male,,,Yes,No,28000000,24000000,20500000,29000,24500,21000,"Finesse Shot, Gamechanger",,87,74,68,74,37,75,ST,CAM,False,False,False,yoan-bonny,19,57,54,49,54,75,68,75,76,76,77
82,80,80,77,79,80,68,78,68,73,58,80,81,81,75,83,76,68,68,80,79,61,79,80,58,57,69,77,78,13,9,13,9,12,74,59,78,78,80,73,12,2019-07-01,2026-06-30,1,49,Ukraine,Georgiy,Sudakov,Sudakov,Georgiy Sudakov,13074,35109,35109,259913,2209,80,87,2002-09-01T00:00:00.000Z,22,101059,Shakhtar Donetsk,76,10,3,shakhtar-donetsk,10,308,https://cmtracker.fra1.cdn.digitaloceanspaces.com/DB/26/heads/p259913.png,6,4,3,2021,2,Right,3,4,1,0,,177,68,Male,,,No,No,50500000,43000000,37000000,29500,25000,21500,"Incisive Pass, First Touch, Quick Step",,81,77,77,79,60,74,CAM,CM | LM,False,False,False,georgiy-sudakov,18,71,69,65,70,79,77,80,79,79,77
79,87,75,69,93,84,83,73,62,77,39,81,63,81,56,79,81,56,82,59,74,45,85,75,42,35,75,63,70,10,8,5,6,14,74,41,68,84,77,66,9,2025-08-09,2030-06-01,0,44,Slovenia,Benjamin,Šeško,Šeško,Benjamin Šeško,4195,41111,41111,260592,2066,80,88,2003-05-31T00:00:00.000Z,22,11,Manchester United,13,7,6,manchester-united,30,13,https://cmtracker.fra1.cdn.digitaloceanspaces.com/DB/26/heads/p260592.png,20,4,3,3507,4,Right,4,4,3,0,,195,86,Male,,,Yes,No,56500000,47500000,41000000,115000,97000,83000,"Power Shot, Precision Header, Acrobatic, Gamechanger, Aerial Fortress, Technical",,83,78,62,76,49,81,ST,-,False,False,False,benjamin-sesko,16,61,59,57,59,74,69,75,78,75,80
88,87,93,90,55,69,40,79,50,72,31,76,74,83,74,85,74,58,40,71,78,34,72,73,42,38,71,75,59,9,6,7,14,15,68,38,75,62,88,61,11,2025-07-24,2030-06-01,0,38,Portugal,Francisco,F. da Conceição,F.Conceição,Francisco Conceição,12229,11333,11340,261050,1982,79,86,2002-12-14T00:00:00.000Z,22,45,Juventus,31,10,9,juventus,7,31,https://cmtracker.fra1.cdn.digitaloceanspaces.com/DB/26/heads/p261050.png,3,4,1,12,8,Left,4,2,1,0,,168,61,Male,,,Yes,No,42000000,35500000,30500000,110000,93000,80000,"Finesse Shot, Technical, Quick Step",,88,71,72,84,37,54,CAM,RM | RW | CM,False,False,False,francisco-f-da-conceicao,18,62,58,45,57,79,72,79,78,80,72
75,74,84,75,62,77,58,78,54,81,48,74,82,84,76,84,72,67,46,74,80,46,66,71,52,44,59,80,70,8,10,9,8,5,67,48,78,67,78,69,8,2020-07-01,2028-06-01,0,18,France,Maghnes,Akliouche,Akliouche,Maghnes Akliouche,22967,977,977,264862,2033,80,86,2002-02-25T00:00:00.000Z,23,69,AS Monaco,16,8,5,as-monaco,11,16,https://cmtracker.fra1.cdn.digitaloceanspaces.com/DB/26/heads/p264862.png,3,2,2,602,1,Left,4,3,1,1,,183,63,Male,,,Yes,No,39500000,33500000,28500000,39500,33500,29000,"Low Driven Shot, Inventive",,75,69,77,81,47,63,RM,CAM | RW,False,False,False,maghnes-akliouche,15,66,62,54,64,78,76,79,77,78,71
56,55,48,42,74,61,71,77,81,72,81,28,61,70,38,56,23,22,73,62,72,79,57,39,82,80,39,35,35,6,12,12,6,9,49,81,49,61,56,60,9,2021-07-09,2028-06-01,0,27,Italy,Giorgio,Scalvini,Scalvini,Giorgio Scalvini,13317,32994,32994,265188,1714,77,86,2003-12-11T00:00:00.000Z,21,115845,Bergamo Calcio,31,7,7,bergamo-calcio,42,31,https://cmtracker.fra1.cdn.digitaloceanspaces.com/DB/26/heads/p265188.png,6,2,2,1537,5,Right,2,3,1,0,,194,75,Male,,,No,No,26000000,22000000,19000000,45500,38500,33500,"Block, Intercept, Anticipate, Bruiser",,56,37,48,61,79,72,CB,-,False,False,False,giorgio-scalvini,16,68,70,77,73,55,63,57,54,52,51
87,83,86,77,70,70,68,73,40,71,33,74,74,81,73,83,74,57,58,58,72,24,75,74,35,27,64,78,59,7,14,7,9,6,69,29,72,72,82,59,9,2025-07-16,2030-06-01,0,7,Belgium,Johan,Bakayoko,Bakayoko,Johan Bakayoko,17765,3435,3435,265450,1941,78,85,2003-04-20T00:00:00.000Z,22,112172,RB Leipzig,19,8,10,rb-leipzig,9,19,https://cmtracker.fra1.cdn.digitaloceanspaces.com/DB/26/heads/p265450.png,0,9,10,1024,2,Left,4,3,1,0,,179,76,Male,,,Yes,No,33500000,28500000,24500000,55000,46500,40000,"Finesse Shot, Gamechanger, Whipped Pass, Technical, Quick Step",,85,70,69,79,35,62,RW,RM,False,False,False,johan-bakayoko,15,58,54,45,53,76,68,76,76,77,74
39,51,51,55,79,68,85,69,74,71,72,35,60,56,33,47,24,41,80,73,71,76,79,65,77,74,31,22,31,12,6,14,13,9,48,76,48,76,53,58,11,2024-07-01,2029-06-01,0,4,Austria,Leopold,Querfeld,Querfeld,Leopold Querfeld,21464,30343,30343,265576,1743,75,85,2003-12-20T00:00:00.000Z,21,1831,1. FC Union Berlin,19,5,7,1-fc-union-berlin,14,19,https://cmtracker.fra1.cdn.digitaloceanspaces.com/DB/26/heads/p265576.png,16,2,2,2019,5,Right,2,3,1,0,,190,83,Male,,,No,No,14000000,12000000,10000000,25000,21000,18000,Long Ball Pass,,45,44,50,58,76,77,CB,-,False,False,False,leopold-querfeld,16,62,65,74,71,51,62,54,52,48,53
83,76,83,78,68,86,51,74,38,70,30,74,76,82,75,84,76,79,58,74,79,28,72,78,40,38,69,79,69,15,8,11,14,15,72,36,80,71,79,60,13,2024-07-30,2029-06-01,0,52,Argentina,Matías,Soulé,Soulé,Matías Soulé,24267,34636,34636,265695,2030,79,85,2003-04-15T00:00:00.000Z,22,52,Roma,31,7,6,roma,18,31,https://cmtracker.fra1.cdn.digitaloceanspaces.com/DB/26/heads/p265695.png,3,3,3,1,2,Left,4,4,1,0,,176,69,Male,,,Yes,No,33500000,28000000,24500000,59000,50000,43000,"Finesse Shot, Dead Ball, Incisive Pass, Technical",,80,73,77,79,39,61,CAM,RM | CM,False,False,False,matias-soule,19,62,58,46,57,78,73,78,77,78,73
68,78,62,63,84,72,85,69,76,60,77,40,47,67,40,46,23,28,73,57,75,75,35,18,77,71,27,22,39,13,15,5,12,12,48,75,44,59,68,57,12,2022-08-19,2029-06-01,0,57,Ecuador,Joel,Ordoñez,Ordoñez,Joel Ordoñez,17749,28211,28211,268611,1711,76,87,2004-04-21T00:00:00.000Z,21,231,Club Brugge,4,10,9,club-brugge,4,4,https://cmtracker.fra1.cdn.digitaloceanspaces.com/DB/26/heads/p268611.png,0,9,9,1023,4,Right,2,3,1,0,,188,80,Male,,,Yes,No,18500000,15500000,13500000,23500,20000,17000,,,73,30,45,61,75,79,CB,-,False,False,False,joel-ordonez,18,68,70,75,71,56,59,54,52,52,51
69,79,64,68,85,73,79,78,69,77,24,82,68,75,57,70,83,50,79,58,69,29,78,70,23,28,76,62,72,10,10,11,6,15,73,27,63,77,72,66,11,2025-01-11,2030-06-01,0,13,Denmark,Mika,Biereth,Mika,Mika Biereth,25081,4552,25081,270050,1946,78,85,2003-02-08T00:00:00.000Z,22,69,AS Monaco,16,8,5,as-monaco,14,16,https://cmtracker.fra1.cdn.digitaloceanspaces.com/DB/26/heads/p270050.png,15,5,2,47,5,Right,3,3,1,0,,187,78,Male,,,No,No,34000000,29000000,25000000,37500,31500,27000,,Career One Club Player,74,77,61,72,37,77,ST,-,False,False,False,mika-biereth,17,53,51,49,52,71,65,72,75,72,77
78,81,57,58,83,83,83,75,70,77,74,34,68,73,45,69,31,26,76,76,77,80,60,22,81,77,51,36,40,12,10,8,8,6,56,80,56,67,70,61,9,2022-04-02,2027-06-01,0,38,Portugal,António João,Tavares Silva,António S.,António Silva,2390,35873,2392,270086,1885,78,86,2003-10-30T00:00:00.000Z,21,234,Benfica,308,10,10,benfica,4,308,https://cmtracker.fra1.cdn.digitaloceanspaces.com/DB/26/heads/p270086.png,6,7,1,3518,5,Right,2,2,2,0,,187,82,Male,,,Yes,No,35000000,29500000,25500000,17000,14500,12500,"Long Ball Pass, Block",Career One Club Player,80,40,55,68,78,80,CB,-,False,False,False,antonio-joao-tavares-silva,16,73,74,77,76,65,69,63,60,60,58
64,65,69,71,75,80,73,75,71,70,74,36,66,76,54,59,25,35,70,76,84,78,52,30,80,77,30,41,45,7,6,10,8,14,53,79,58,62,69,61,9,2024-07-01,2028-06-01,0,7,Belgium,Matte,Smets,Smets,Matte Smets,24220,34363,34363,271032,1846,76,86,2004-01-04T00:00:00.000Z,21,673,Genk,4,9,8,genk,6,4,https://cmtracker.fra1.cdn.digitaloceanspaces.com/DB/26/heads/p271032.png,2,3,1,2002,2,Right,2,3,1,0,26300000.0,184,76,Male,,,No,No,18500000,15500000,13500000,20000,17000,14500,"Long Ball Pass, Intercept, Anticipate, Slide Tackle, Press Proven, Bruiser",,65,36,59,70,76,75,CB,-,False,False,False,matte-smets,16,72,73,75,76,63,69,63,58,59,54
77,71,77,69,88,91,75,79,78,80,78,77,79,80,56,77,69,52,81,79,82,69,73,72,81,81,53,68,54,5,10,15,8,12,69,77,72,80,75,75,10,2023-01-06,2030-06-01,0,54,Brazil,Andrey,N. dos Santos,Andrey Santos,Andrey Santos,2103,26372,2104,273018,2196,80,87,2004-05-03T00:00:00.000Z,21,5,Chelsea,13,8,10,chelsea,17,13,https://cmtracker.fra1.cdn.digitaloceanspaces.com/DB/26/heads/p273018.png,0,9,7,1009,2,Right,3,3,1,0,,180,75,Male,,,Yes,No,50500000,42500000,36500000,0,0,0,"Precision Header, Tiki Taka, Slide Tackle, Aerial Fortress",,74,66,69,77,78,83,CM,CDM,False,False,False,andrey-n-dos-santos,16,76,77,78,79,76,79,77,76,74,75
87,78,87,85,59,74,36,69,45,78,28,69,76,82,67,84,74,67,52,64,75,42,73,72,32,28,65,73,68,6,8,13,5,13,67,34,74,63,82,61,9,2025-08-01,2030-06-01,0,26,Israel,Oscar,Gloukh,Oscar,Oscar Gloukh,28320,13408,28320,274288,1934,77,85,2004-04-01T00:00:00.000Z,21,245,Ajax,10,10,6,ajax,10,10,https://cmtracker.fra1.cdn.digitaloceanspaces.com/DB/26/heads/p274288.png,3,3,1,2022,2,Right,4,4,1,0,,171,68,Male,,,No,No,28000000,23500000,20500000,17000,14000,12000,"Low Driven Shot, Gamechanger, Incisive Pass, Inventive, Technical, First Touch",,83,70,70,81,36,54,CAM,LW | CM,False,False,False,oscar-gloukh,14,58,54,43,54,75,69,76,76,76,70
78,90,63,56,87,64,79,77,79,69,79,44,58,69,47,61,34,40,75,64,69,77,49,36,78,78,37,48,46,12,7,9,5,8,53,78,57,63,73,63,9,2025-01-20,2029-06-01,0,191,Uzbekistan,Abdukodir,Khusanov,Khusanov,Abdukodir Khusanov,275,19470,19470,277031,1872,78,86,2004-02-29T00:00:00.000Z,21,10,Manchester City,13,10,8,manchester-city,45,13,https://cmtracker.fra1.cdn.digitaloceanspaces.com/DB/26/heads/p277031.png,21,9,4,547,5,Right,2,3,1,0,,186,84,Male,,,Yes,No,35000000,29500000,25500000,86000,73000,63000,"Jockey, Bruiser",,84,41,54,66,77,77,CB,-,False,False,False,abdukodir-khusanov,15,71,73,77,72,62,64,61,59,60,58
75,83,57,50,94,74,90,79,74,73,33,83,54,69,48,71,83,50,82,57,67,30,81,72,32,21,70,56,60,11,12,11,8,8,70,28,61,83,69,63,10,2024-08-27,2029-06-01,0,45,Spain,Samuel,Omorodion Aghehowa,Samu. A,Samu,32576,28113,32574,277581,1918,79,86,2004-05-05T00:00:00.000Z,21,236,FC Porto,308,10,6,fc-porto,9,308,https://cmtracker.fra1.cdn.digitaloceanspaces.com/DB/26/heads/p277581.png,0,9,9,1036,5,Right,3,3,1,0,,193,90,Male,,,Yes,No,42500000,36000000,31000000,16500,14000,12000,"Precision Header, Enforcer",,79,75,55,67,40,83,ST,-,False,False,False,samuel-omorodion-aghehowa,17,53,51,52,53,69,63,69,74,70,78
76,75,77,72,87,75,75,80,34,70,26,86,65,76,56,75,82,49,80,57,69,22,78,69,17,20,73,65,75,6,9,8,6,13,72,20,65,77,76,60,9,2024-09-02,2029-06-01,0,54,Brazil,Marcos Leonardo,Santos Almeida,M. Leonardo,Marcos Leonardo,23607,32774,22653,277797,1903,79,85,2003-05-02T00:00:00.000Z,22,605,Al Hilal,350,10,10,al-hilal,9,350,https://cmtracker.fra1.cdn.digitaloceanspaces.com/DB/26/heads/p277797.png,0,9,5,1543,3,Right,4,4,1,0,,175,72,Male,,,No,No,33500000,28500000,24500000,52000,43500,37500,"Chip Shot, Gamechanger",,76,77,60,75,33,68,ST,CAM | CM,False,False,False,marcos-leonardo-santos-almeida,16,52,49,43,49,72,66,73,76,74,78
76,85,68,69,84,69,83,78,83,77,28,79,63,79,53,76,82,60,69,58,69,26,86,81,33,32,81,58,68,6,6,10,5,9,71,31,67,81,76,67,8,2025-01-31,2026-06-30,1,56,Colombia,Jhon,Durán,J.Duran,Jhon Durán,17523,10016,16829,247172,1989,79,85,2003-12-13T00:00:00.000Z,21,112139,Al Nassr,350,9,10,al-nassr,10,68,https://cmtracker.fra1.cdn.digitaloceanspaces.com/DB/26/heads/p247172.png,21,9,9,1038,5,Left,3,2,1,0,,187,70,Male,,,Yes,No,33500000,28500000,24500000,44500,38000,32500,Precision Header,,81,80,60,75,38,80,ST,-,True,False,False,jhon-duran,14,55,52,51,54,72,66,73,77,74,78
79,83,79,78,87,83,72,79,77,76,22,81,69,83,45,79,80,46,80,70,75,32,79,69,28,26,75,52,77,6,12,7,8,13,71,29,66,78,80,67,10,2025-08-29,2030-06-01,0,38,Portugal,Fábio Daniel,Soares Silva,Fábio Silva,Fábio Silva,12481,34401,12491,252037,2007,79,85,2002-07-19T00:00:00.000Z,22,22,Borussia Dortmund,19,9,3,borussia-dortmund,21,19,https://cmtracker.fra1.cdn.digitaloceanspaces.com/DB/26/heads/p252037.png,19,5,2,1502,4,Right,4,3,1,0,,185,75,Male,,,Yes,No,33500000,28500000,24500000,55000,46500,40000,First Touch,Career One Club Player,81,77,60,79,38,80,ST,LW | LM,True,False,False,fabio-daniel-soares-silva,17,55,52,50,56,75,70,77,78,75,79
88,82,92,89,65,70,45,77,42,78,59,78,77,80,75,83,77,60,53,71,76,51,78,69,57,49,65,77,63,13,15,8,6,11,70,53,75,66,86,67,11,2021-01-07,2030-06-01,0,108,Côte d'Ivoire,Amad,Diallo,Amad,Amad,1811,9189,1811,254088,2079,79,85,2002-07-11T00:00:00.000Z,22,11,Manchester United,13,7,6,manchester-united,16,13,https://cmtracker.fra1.cdn.digitaloceanspaces.com/DB/26/heads/p254088.png,0,9,8,1031,1,Left,4,4,1,0,,173,67,Male,,,Yes,No,33500000,28000000,24500000,100000,85000,73000,Technical,,85,72,73,83,54,56,CAM,RW | RB | CM,True,False,False,amad-diallo,18,68,65,56,64,78,74,78,78,79,74
66,67,67,57,77,80,79,76,85,75,73,72,79,81,70,78,70,59,69,79,83,74,76,68,79,70,58,62,60,14,14,10,7,12,70,75,72,76,67,74,12,2025-02-03,2029-06-01,0,45,Spain,Nicolás,González Iglesias,Nico,Nico González,27077,13545,27054,255069,2146,79,85,2002-01-03T00:00:00.000Z,23,10,Manchester City,13,10,8,manchester-city,14,13,https://cmtracker.fra1.cdn.digitaloceanspaces.com/DB/26/heads/p255069.png,3,4,3,3,5,Right,3,3,1,1,,188,88,Male,,,Yes,No,30000000,25500000,22000000,115000,96000,82000,Press Proven,,67,67,72,72,73,80,CDM,CM,True,False,False,nicolas-gonzalez-iglesias,18,75,74,75,78,75,78,76,75,74,73
57,55,52,45,73,30,72,76,17,35,19,4,43,23,10,15,8,15,15,35,40,12,57,7,17,14,6,11,21,79,76,76,81,75,16,15,20,48,57,24,78,2023-07-03,2028-06-01,0,34,Holland,Bart,Verbruggen,Verbruggen,Bart Verbruggen,3774,37776,37776,258498,1271,78,84,2002-08-18T00:00:00.000Z,22,1808,Brighton & Hove Albion,13,5,9,brighton-hove-albion,1,13,https://cmtracker.fra1.cdn.digitaloceanspaces.com/DB/26/heads/p258498.png,5,5,2,1532,4,Right,1,4,1,1,,193,89,Male,,,Yes,No,21500000,18500000,16000000,45500,38500,33000,,GK Footwork,56,17,26,41,15,48,GK,-,True,False,False,bart-verbruggen,77,28,28,28,30,30,31,31,29,28,29
73,78,72,65,71,71,72,75,70,68,75,71,73,82,69,81,77,78,52,78,81,41,77,79,74,64,69,74,60,13,14,13,9,6,70,60,79,74,73,70,11,2025-06-05,2030-06-01,0,45,Spain,Gabriel,Veiga Novas,Gabri Veiga,Gabri Veiga,12603,37711,12602,258729,2125,78,85,2002-05-27T00:00:00.000Z,23,236,FC Porto,308,10,6,fc-porto,10,308,https://cmtracker.fra1.cdn.digitaloceanspaces.com/DB/26/heads/p258729.png,3,4,4,3514,2,Right,4,4,2,0,,184,71,Male,,,Yes,No,33500000,28000000,24500000,16000,13500,11500,"Low Driven Shot, Gamechanger, First Touch",,76,72,76,74,61,71,CAM,CM | LM,True,False,False,gabriel-veiga-novas,17,71,69,66,72,76,77,77,76,76,74
76,81,70,63,88,70,84,77,83,77,22,79,59,78,55,78,80,52,73,50,69,29,85,74,25,23,78,68,77,8,9,10,10,11,71,26,66,81,74,67,10,2025-06-04,2031-06-01,0,14,England,Liam,Delap,Delap,Liam Delap,21617,8896,8896,259031,1971,78,85,2003-02-08T00:00:00.000Z,22,5,Chelsea,13,8,10,chelsea,9,13,https://cmtracker.fra1.cdn.digitaloceanspaces.com/DB/26/heads/p259031.png,2,7,3,4010,5,Right,3,5,1,0,,186,90,Male,,,Yes,No,34000000,29000000,25000000,0,0,0,"Power Shot, Enforcer",,79,79,59,74,34,81,ST,-,True,False,False,liam-delap,16,53,50,49,51,71,64,72,76,73,78
87,81,84,77,74,85,68,76,76,76,76,75,74,77,79,77,30,50,53,74,76,75,65,50,76,75,45,76,45,10,6,14,11,8,57,76,71,69,81,71,10,2023-01-29,2030-06-01,0,18,France,Malo,Gusto,Gusto,Malo Gusto,23288,14148,14148,259307,2081,79,84,2003-05-19T00:00:00.000Z,22,5,Chelsea,13,8,10,chelsea,27,13,https://cmtracker.fra1.cdn.digitaloceanspaces.com/DB/26/heads/p259307.png,20,3,5,525,1,Right,3,3,3,2,,178,74,Male,,,Yes,No,29500000,25000000,21500000,0,0,0,"Jockey, Block, Slide Tackle, Rapid",,84,52,72,78,71,76,RB,RM,True,False,False,malo-gusto,16,77,76,72,75,75,74,72,69,72,63
86,89,74,70,85,79,77,78,81,78,79,76,75,79,80,80,64,51,68,65,77,77,74,59,77,74,58,64,46,8,14,11,14,10,70,76,68,75,80,73,12,2022-08-16,2030-06-01,0,27,Italy,Destiny,Udogie,Udogie,Destiny Udogie,9077,37155,37155,259583,2177,80,84,2002-11-28T00:00:00.000Z,22,18,Tottenham Hotspur,13,7,8,tottenham-hotspur,13,13,https://cmtracker.fra1.cdn.digitaloceanspaces.com/DB/26/heads/p259583.png,0,3,8,1024,5,Left,3,3,3,2,,186,73,Male,,,Yes,No,34000000,28500000,24500000,105000,89000,77000,"Whipped Pass, Block, Quick Step",,88,63,69,77,75,81,LB,LM,True,False,False,destiny-udogie,18,78,78,76,76,77,74,75,76,77,73
74,74,67,75,75,79,68,77,79,71,78,69,70,74,71,72,45,55,67,72,76,77,53,51,75,77,50,63,60,12,7,11,5,13,62,77,68,66,74,72,10,2023-08-01,2030-06-01,0,61,Venezuela,Jon Mikel,Aramburu,Aramburu,Jon Mikel Aramburu,17826,2477,2477,259848,2042,77,85,2002-07-23T00:00:00.000Z,22,457,Real Sociedad,53,7,6,real-sociedad,2,53,https://cmtracker.fra1.cdn.digitaloceanspaces.com/DB/26/heads/p259848.png,3,4,4,0,2,Right,2,3,1,2,,176,71,Male,,,Yes,No,26500000,22500000,19500000,35500,30000,25500,,,74,55,68,73,75,75,RB,-,True,False,False,jon-mikel-aramburu,16,75,75,74,75,71,72,69,67,69,64
71,66,75,72,84,85,71,83,76,80,80,77,78,80,72,81,65,60,70,80,82,77,69,67,80,76,54,67,54,14,8,14,8,8,69,78,74,76,74,75,11,2021-08-27,2030-06-01,0,136,Senegal,Pape Matar,Sarr,P.M.Sarr,Pape Matar Sarr,28781,32873,28541,259868,2184,80,85,2002-09-14T00:00:00.000Z,22,18,Tottenham Hotspur,13,7,8,tottenham-hotspur,29,13,https://cmtracker.fra1.cdn.digitaloceanspaces.com/DB/26/heads/p259868.png,0,9,10,1042,1,Right,2,3,1,0,,184,70,Male,,,Yes,No,38000000,32000000,27500000,110000,94000,81000,,,69,64,73,79,77,79,CM,CDM,True,False,False,pape-matar-sarr,17,78,77,77,79,77,79,77,75,75,72
81,83,72,65,79,80,72,74,75,73,73,70,72,77,71,75,68,38,62,67,72,75,65,62,74,72,58,73,50,9,6,12,11,7,67,74,66,72,75,69,9,2020-08-01,2028-06-01,0,45,Spain,José Ángel,Carmona Navarro,Carmona,Carmona,18032,6443,6440,264172,2073,76,84,2002-01-29T00:00:00.000Z,23,481,Sevilla FC,53,8,4,sevilla-fc,2,53,https://cmtracker.fra1.cdn.digitaloceanspaces.com/DB/26/heads/p264172.png,3,5,3,1526,2,Right,3,3,1,2,36800000.0,183,80,Male,,,Yes,No,18500000,16000000,13500000,28000,24000,20500,Intercept,,82,62,66,73,71,77,RB,RM | CM,True,False,False,jose-angel-carmona-navarro,15,74,74,72,73,74,72,72,72,73,70
80,80,72,67,76,84,65,76,84,68,75,74,69,77,77,75,62,34,65,65,74,75,68,56,77,75,55,60,40,15,9,10,10,5,67,76,63,70,75,69,10,2020-06-01,2029-06-01,0,35,Northern Ireland,Conor,Bradley,Bradley,Conor Bradley,7667,5327,5327,264298,2054,78,84,2003-07-09T00:00:00.000Z,21,9,Liverpool,13,10,6,liverpool,12,13,https://cmtracker.fra1.cdn.digitaloceanspaces.com/DB/26/heads/p264298.png,6,5,2,3,1,Right,3,3,1,2,,181,75,Male,,,Yes,No,25000000,21000000,18000000,81000,69000,59000,Relentless,,80,59,63,73,73,77,RB,RM,True,False,False,conor-bradley,17,76,76,74,74,74,72,72,72,73,70
88,88,83,78,69,70,57,73,68,70,18,75,72,82,72,86,72,63,50,65,72,25,73,70,32,28,60,66,53,7,5,6,9,12,66,29,73,68,82,60,8,2023-09-01,2029-06-01,0,129,Morocco,Abdessamad,Ezzalzouli,Ez Abde,Abde,250,11290,45877,264432,1917,78,84,2001-12-17T00:00:00.000Z,23,449,Real Betis Balompié,53,6,5,real-betis-balompie,10,53,https://cmtracker.fra1.cdn.digitaloceanspaces.com/DB/26/heads/p264432.png,3,5,4,1050,1,Right,4,3,1,1,50600000.0,177,72,Male,,,Yes,No,26000000,22000000,19000000,30500,26000,22500,"Gamechanger, Inventive, Technical",,88,67,68,79,31,66,LM,LW,True,False,False,abdessamad-ezzalzouli,15,57,52,43,52,77,68,76,77,78,72
76,68,82,81,54,71,48,69,44,70,45,70,76,76,75,76,65,79,41,75,77,42,62,68,48,46,50,75,62,15,10,15,9,10,62,46,77,61,76,62,12,2025-07-15,2029-06-01,0,45,Spain,Pablo,Torre Carral,Pablo Torre,Pablo Torre,28559,36676,28580,267976,1930,74,84,2003-04-03T00:00:00.000Z,22,453,RCD Mallorca,53,3,8,rcd-mallorca,20,53,https://cmtracker.fra1.cdn.digitaloceanspaces.com/DB/26/heads/p267976.png,19,5,2,1509,1,Right,4,4,1,0,21800000.0,173,63,Male,,,No,No,11000000,9500000,8000000,26500,22500,19500,,,72,63,76,76,44,54,CAM,CM,True,False,False,pablo-torre-carral,17,62,59,49,60,73,71,73,71,73,65
78,70,85,81,68,66,62,72,62,62,31,73,72,77,69,82,65,59,51,61,71,26,82,72,30,21,72,75,65,12,10,12,10,6,66,26,71,70,78,61,10,2024-08-14,2028-06-01,0,21,Germany,Brajan,Gruda,Gruda,Brajan Gruda,5346,13857,13857,272612,1910,74,84,2004-05-31T00:00:00.000Z,21,1808,Brighton & Hove Albion,13,5,9,brighton-hove-albion,8,13,https://cmtracker.fra1.cdn.digitaloceanspaces.com/DB/26/heads/p272612.png,6,3,1,36,2,Left,4,3,1,0,,178,70,Male,,,Yes,No,11000000,9500000,8000000,55000,47000,40500,"Pinged Pass, Technical, First Touch, Long Throw",,74,72,68,77,32,65,CAM,RM | CM,True,False,False,brajan-gruda,16,54,50,44,52,72,67,73,73,74,70
65,75,34,43,78,72,82,79,75,76,78,43,52,69,34,57,35,24,80,69,78,81,59,29,81,82,34,29,33,10,9,11,10,12,53,82,50,64,60,60,11,2020-01-13,2030-06-01,0,14,England,Jarrad,Branthwaite,Branthwaite,Jarrad Branthwaite,17197,5380,5380,247649,1778,79,85,2002-06-27T00:00:00.000Z,23,7,Everton,13,4,4,everton,32,13,https://cmtracker.fra1.cdn.digitaloceanspaces.com/DB/26/heads/p247649.png,1,2,1,47,5,Left,2,5,1,0,,195,74,Male,,,Yes,No,29500000,25000000,21500000,59000,50000,43500,"Intercept, Slide Tackle, Aerial Fortress",,70,39,48,60,80,77,CB,-,False,False,False,jarrad-branthwaite,17,70,73,79,75,60,65,59,58,56,58
74,72,76,75,70,84,65,76,74,80,75,68,78,81,62,78,53,62,57,79,83,74,70,69,76,76,54,60,52,14,12,6,13,11,62,76,72,72,75,72,12,2025-07-03,2029-06-01,0,27,Italy,Samuele,Ricci,Ricci,Samuele Ricci,32584,31252,31252,253473,2109,78,85,2001-08-21T00:00:00.000Z,23,131681,Milano FC,31,9,5,milano-fc,4,31,https://cmtracker.fra1.cdn.digitaloceanspaces.com/DB/26/heads/p253473.png,3,1,3,4010,2,Right,3,3,1,1,,181,72,Male,,,Yes,No,31000000,26500000,22500000,44000,37000,32000,"Inventive, Jockey",,73,61,71,78,72,73,CDM,CM,False,False,False,samuele-ricci,19,75,74,72,77,74,77,75,72,72,67
62,59,64,66,75,77,68,62,79,61,75,55,62,77,35,69,40,36,73,71,75,76,50,33,76,74,36,40,56,13,7,11,5,14,52,76,59,61,63,65,10,2024-07-30,2028-06-01,0,48,Turkey,Emin,Bayram,Emin Bayram,Emin Bayram,10756,3940,10757,255558,1832,74,85,2003-04-02T00:00:00.000Z,22,681,Westerlo,4,3,7,westerlo,40,4,https://cmtracker.fra1.cdn.digitaloceanspaces.com/DB/26/heads/p255558.png,0,9,4,1502,5,Right,2,2,1,0,,192,78,Male,,,No,No,10500000,9000000,7500000,11500,9700,8400,"Long Ball Pass, Intercept, Aerial Fortress",,61,45,53,67,75,75,CB,-,False,False,False,emin-bayram,15,67,68,73,73,62,68,63,61,59,58
72,78,67,54,88,76,83,79,77,80,78,44,68,76,55,72,43,44,78,78,81,80,56,46,80,78,44,58,64,10,6,15,9,11,61,80,66,70,70,69,11,2025-08-12,2029-06-01,0,21,Germany,Malick,Thiaw,Thiaw,Malick Thiaw,23257,36187,36187,256261,2028,79,85,2001-08-08T00:00:00.000Z,23,13,Newcastle United,13,8,10,newcastle-united,12,13,https://cmtracker.fra1.cdn.digitaloceanspaces.com/DB/26/heads/p256261.png,0,9,6,1036,4,Right,2,4,1,0,,194,89,Male,,,Yes,No,29500000,25000000,21500000,0,0,0,Slide Tackle,,75,50,64,71,79,81,CB,-,False,False,False,malick-thiaw,17,75,76,79,78,68,72,68,65,65,63
64,84,45,44,85,72,82,77,76,74,76,44,51,63,38,54,29,23,78,54,66,80,54,24,78,70,24,31,43,12,8,8,11,6,47,76,45,64,63,61,9,2025-01-30,2029-06-01,0,18,France,Chrislain,Matsima,Matsima,Chrislain Matsima,7267,24209,24209,258432,1728,77,85,2002-05-15T00:00:00.000Z,23,100409,FC Augsburg,19,4,6,fc-augsburg,5,19,https://cmtracker.fra1.cdn.digitaloceanspaces.com/DB/26/heads/p258432.png,0,9,9,2516,4,Right,2,3,1,0,,193,80,Male,,,No,No,26000000,22000000,19000000,33500,28000,24500,,,74,36,44,60,76,79,CB,-,False,False,False,chrislain-matsima,16,67,70,76,70,57,59,55,55,53,55
76,84,64,56,90,73,85,80,77,74,79,35,57,68,55,60,33,40,77,76,77,82,50,34,82,79,28,36,40,14,11,10,13,11,54,81,56,67,72,61,12,2025-08-12,2030-06-01,0,49,Ukraine,Illia,Zabarnyi,Zabarnyi,Illia Zabarnyi,16231,39872,39872,258781,1906,80,85,2002-09-01T00:00:00.000Z,22,73,Paris Saint-Germain,16,10,10,paris-saint-germain,6,16,https://cmtracker.fra1.cdn.digitaloceanspaces.com/DB/26/heads/p258781.png,6,2,2,1531,5,Right,2,3,1,0,,189,80,Male,,,Yes,No,34500000,29500000,25000000,80000,68000,59000,"Long Ball Pass, Jockey, Intercept, Aerial Fortress",Career One Club Player,80,37,57,67,80,81,CB,-,False,False,False,illia-zabarnyi,19,74,76,80,76,63,67,61,58,60,57
75,75,79,78,78,64,75,78,57,76,59,73,77,80,70,85,68,52,65,74,79,53,70,63,64,63,59,67,60,12,12,9,10,11,69,60,72,70,77,67,11,2025-08-26,2030-06-01,0,14,England,Carney,Chukwuemeka,Chukwuemeka,Carney Chukwuemeka,6448,7310,7310,259356,2070,77,84,2003-10-20T00:00:00.000Z,21,22,Borussia Dortmund,19,9,3,borussia-dortmund,17,19,https://cmtracker.fra1.cdn.digitaloceanspaces.com/DB/26/heads/p259356.png,0,3,8,1024,4,Right,4,3,1,0,32300000.0,187,77,Male,,,Yes,No,25500000,21500000,18500000,37000,31500,27000,"Incisive Pass, Technical, First Touch",,75,66,70,79,61,69,CAM,CM,False,False,False,carney-chukwuemeka,18,69,67,65,68,76,74,76,75,76,72
81,76,77,81,82,81,84,80,67,74,57,78,81,84,71,84,77,59,57,71,78,55,86,74,53,44,68,76,57,8,12,11,15,10,71,51,75,82,79,69,12,2020-11-01,2029-06-01,0,129,Morocco,Ismael,Saibari,Saibari,Ismael Saibari,16547,32359,32359,259480,2149,80,85,2001-07-18T00:00:00.000Z,23,247,PSV,10,10,8,psv,34,10,https://cmtracker.fra1.cdn.digitaloceanspaces.com/DB/26/heads/p259480.png,0,3,4,1539,5,Right,4,4,1,0,,185,81,Male,,,No,No,37500000,32000000,27500000,29000,24500,21000,"Gamechanger, Press Proven",,79,73,73,80,53,79,CAM,CM,False,False,False,ismael-saibari,18,68,65,62,68,79,76,79,79,79,77
78,79,60,60,77,80,69,76,76,68,70,75,66,76,77,72,61,50,65,74,78,71,69,55,75,71,53,71,40,11,12,11,8,14,67,73,69,70,71,66,12,2025-07-01,2030-06-01,0,27,Italy,Matteo,Ruggeri,Ruggeri,Matteo Ruggeri,24222,31953,31953,259584,2048,76,84,2002-07-11T00:00:00.000Z,22,240,Atlético de Madrid,53,9,7,atletico-de-madrid,3,53,https://cmtracker.fra1.cdn.digitaloceanspaces.com/DB/26/heads/p259584.png,3,3,1,24,4,Left,3,2,1,2,,187,69,Male,,,No,No,19000000,16000000,14000000,49500,42000,36000,"Whipped Pass, Aerial Fortress",,79,59,69,69,70,76,LB,LM,False,False,False,matteo-ruggeri,18,75,74,72,73,74,73,71,71,72,69
80,78,87,87,62,74,54,77,64,73,34,70,79,82,71,85,71,67,45,72,78,37,67,66,38,37,68,78,63,6,7,10,14,6,67,38,77,65,82,64,9,2019-07-01,2029-06-01,0,22,Greece,Giannis,Konstantelias,Konstantelias,Giannis Konstantelias,13225,19984,19984,259633,1987,78,84,2003-03-05T00:00:00.000Z,22,393,PAOK,76,9,9,paok,65,76,https://cmtracker.fra1.cdn.digitaloceanspaces.com/DB/26/heads/p259633.png,6,9,2,2002,1,Right,4,4,1,0,,178,66,Male,,,No,No,26500000,22500000,19500000,31000,26500,22500,"Incisive Pass, First Touch, Trickster",Career Injury Prone,79,68,74,82,38,64,CAM,RW | CM,False,False,False,giannis-konstantelias,15,61,57,48,59,77,72,77,76,77,70
77,77,86,82,63,85,57,76,82,78,61,76,79,81,70,81,69,68,45,74,79,60,66,66,56,58,64,67,58,7,14,10,6,14,66,58,75,68,80,73,11,2023-07-17,2028-06-01,0,24,Iceland,Hákon Arnar,Haraldsson,Haraldsson,Hákon Arnar Haraldsson,15897,14715,14715,262088,2092,78,84,2003-04-10T00:00:00.000Z,22,65,LOSC Lille,16,7,5,losc-lille,10,16,https://cmtracker.fra1.cdn.digitaloceanspaces.com/DB/26/heads/p262088.png,4,2,1,8,1,Right,3,4,1,0,,178,71,Male,,,Yes,No,26500000,22500000,19500000,32500,27500,23500,"Incisive Pass, Technical",,77,67,73,81,56,72,CAM,LM | CM,False,False,False,hakon-arnar-haraldsson,17,70,67,62,70,77,75,77,75,76,70
66,73,60,62,84,77,79,78,84,79,81,50,73,77,65,70,38,36,79,72,79,81,60,40,81,80,36,67,40,15,14,8,14,10,60,81,65,68,68,68,13,2020-02-26,2029-06-01,0,14,England,Levi,Colwill,Colwill,Levi Colwill,21523,7610,7610,262859,2008,80,84,2003-02-26T00:00:00.000Z,22,5,Chelsea,13,8,10,chelsea,6,13,https://cmtracker.fra1.cdn.digitaloceanspaces.com/DB/26/heads/p262859.png,0,3,5,1519,4,Left,2,3,3,0,,187,83,Male,,,Yes,No,32500000,27500000,24000000,0,0,0,Block,,70,44,65,71,80,81,CB,-,False,False,False,levi-colwill,20,76,77,80,78,69,72,67,65,65,62
54,52,52,51,64,40,55,75,28,64,20,14,60,33,17,23,8,12,15,53,56,21,54,9,16,19,9,23,16,77,74,72,78,74,21,19,29,45,57,34,75,2025-07-29,2030-06-01,0,14,England,James,Trafford,Trafford,James Trafford,17050,36759,36759,263063,1388,76,84,2002-10-10T00:00:00.000Z,22,10,Manchester City,13,10,8,manchester-city,1,13,https://cmtracker.fra1.cdn.digitaloceanspaces.com/DB/26/heads/p263063.png,3,5,3,1512,4,Right,1,3,1,1,,194,88,Male,,,Yes,No,17000000,14500000,12500000,52000,44000,38000,Long Ball Pass,"GK Far Throw, GK Footwork, GK Cross Claimer",53,18,37,50,18,47,GK,-,False,False,False,james-trafford,75,33,32,29,37,38,42,40,36,34,31
81,84,81,79,58,71,50,73,49,67,40,76,67,79,70,80,70,49,40,60,69,41,73,74,48,45,50,75,55,12,10,10,14,13,60,45,69,66,80,59,12,2025-07-01,2028-06-01,0,18,France,Yoann,Cathline,Y. Cathline,Yoann Cathline,39585,6630,39198,263268,1913,75,84,2002-07-22T00:00:00.000Z,22,1903,FC Utrecht,10,7,5,fc-utrecht,10,10,https://cmtracker.fra1.cdn.digitaloceanspaces.com/DB/26/heads/p263268.png,0,9,10,1021,2,Right,3,2,1,0,21200000.0,176,68,Male,,,No,No,15000000,12500000,11000000,13500,11500,9800,"Whipped Pass, Technical",,83,66,65,77,43,57,LW,LM,False,False,False,yoann-cathline,18,62,59,49,57,74,68,73,74,75,69
31,33,30,36,53,24,51,65,27,40,14,8,36,19,10,8,5,12,13,28,23,8,59,17,14,10,8,12,15,74,70,79,76,74,12,11,16,41,39,24,75,2025-01-27,2029-06-01,0,21,Germany,Jonas,Urbig,Urbig,Jonas Urbig,17835,37290,37290,263887,1082,74,84,2003-08-08T00:00:00.000Z,21,21,Bayern München,19,10,3,bayern-munchen,40,19,https://cmtracker.fra1.cdn.digitaloceanspaces.com/DB/26/heads/p263887.png,19,1,2,2021,5,Right,1,4,1,1,,189,83,Male,,,Yes,No,9500000,8000000,7000000,17500,15000,12500,,"GK Footwork, GK Cross Claimer",32,19,20,33,12,39,GK,-,False,False,False,jonas-urbig,72,20,20,22,23,21,24,23,23,20,24
65,69,62,55,79,76,70,71,71,64,71,48,42,67,59,66,30,34,76,65,68,74,52,45,79,76,42,51,50,12,8,11,8,10,55,77,57,65,65,58,10,2025-08-13,2030-06-01,0,7,Belgium,Koni,De Winter,De Winter,Koni De Winter,19971,8795,8795,265774,1826,74,84,2002-06-12T00:00:00.000Z,23,131681,Milano FC,31,9,5,milano-fc,5,31,https://cmtracker.fra1.cdn.digitaloceanspaces.com/DB/26/heads/p265774.png,0,4,7,4001,5,Right,2,3,1,0,,191,78,Male,,,Yes,No,10500000,8500000,7500000,34000,28500,24500,,,67,45,53,64,75,74,CB,-,False,False,False,koni-de-winter,16,70,71,73,70,61,62,58,57,58,56
88,84,87,88,59,74,45,77,66,71,40,78,73,79,75,80,77,61,44,66,74,36,78,79,37,29,79,75,56,6,15,14,7,13,70,34,73,67,85,64,11,2025-08-30,2032-06-01,0,52,Argentina,Alejandro,Garnacho,Garnacho,Alejandro Garnacho,1433,12857,12857,268438,2010,78,84,2004-07-01T00:00:00.000Z,21,5,Chelsea,13,8,10,chelsea,49,13,https://cmtracker.fra1.cdn.digitaloceanspaces.com/DB/26/heads/p268438.png,15,3,2,11,1,Right,3,4,1,1,,180,72,Male,,,Yes,No,26500000,22500000,19500000,0,0,0,"Finesse Shot, Acrobatic, Technical, Quick Step",,86,75,71,80,37,61,LM,LW | CAM,False,False,False,alejandro-garnacho,17,61,57,47,57,77,71,77,77,78,73
84,79,84,83,48,60,34,72,44,76,24,73,75,77,73,82,67,58,48,72,76,40,66,65,34,31,55,69,63,11,12,9,8,15,64,35,72,55,81,60,11,2019-07-12,2029-06-01,0,36,Norway,Oscar,Bobb,Bobb,Oscar Bobb,28320,4847,4847,277295,1867,76,84,2003-07-12T00:00:00.000Z,21,10,Manchester City,13,10,8,manchester-city,52,13,https://cmtracker.fra1.cdn.digitaloceanspaces.com/DB/26/heads/p277295.png,3,3,6,3000,1,Left,4,3,1,0,,174,70,Male,,,Yes,No,20000000,17000000,14500000,88000,74000,64000,Technical,,82,65,71,79,35,47,RW,LW | RM,False,False,False,oscar-bobb,18,57,53,42,53,75,69,75,74,75,68
61,70,60,60,81,63,76,77,84,70,77,35,59,72,59,66,34,34,76,72,78,80,56,31,82,77,30,58,46,11,14,15,8,12,56,80,61,62,66,62,12,2024-01-01,2028-06-01,0,54,Brazil,Lucas,Lopes Beraldo,Beraldo,Lucas Beraldo,22230,22067,4250,279709,1884,78,84,2003-11-24T00:00:00.000Z,21,73,Paris Saint-Germain,16,10,10,paris-saint-germain,4,16,https://cmtracker.fra1.cdn.digitaloceanspaces.com/DB/26/heads/p279709.png,3,9,2,2504,2,Left,2,2,1,0,,182,78,Male,,,Yes,No,24000000,20500000,17500000,58000,49000,42500,"Pinged Pass, Slide Tackle",,66,39,60,68,78,76,CB,-,False,False,False,lucas-lopes-beraldo,18,72,73,78,75,63,66,61,59,59,57
88,87,86,86,70,74,52,78,73,76,76,68,72,80,77,81,64,62,58,70,79,74,72,68,72,78,57,71,45,9,10,12,9,15,67,75,73,68,85,69,11,2024-06-28,2029-06-01,0,34,Holland,Ian,Maatsen,Maatsen,Ian Maatsen,16010,22771,22771,248465,2149,79,84,2002-03-10T00:00:00.000Z,23,2,Aston Villa,13,7,9,aston-villa,22,13,https://cmtracker.fra1.cdn.digitaloceanspaces.com/DB/26/heads/p248465.png,0,3,8,3000,1,Left,3,2,1,2,,178,68,Male,,,Yes,No,29000000,24500000,21500000,100000,85000,73000,"Slide Tackle, Rapid",,88,62,72,81,72,67,LB,LM,True,False,False,ian-maatsen,18,77,76,71,74,77,74,76,75,77,70
79,77,76,77,85,75,70,81,61,78,38,81,75,82,66,84,80,54,79,69,78,39,80,72,27,23,77,73,86,7,6,10,14,8,76,30,73,77,78,70,9,2025-07-02,2032-06-01,0,54,Brazil,João Pedro,Junqueira de Jesus,João Pedro,João Pedro,18104,18334,18104,252042,2067,80,84,2001-09-26T00:00:00.000Z,23,5,Chelsea,13,8,10,chelsea,20,13,https://cmtracker.fra1.cdn.digitaloceanspaces.com/DB/26/heads/p252042.png,0,3,5,1503,4,Right,4,4,1,0,,188,82,Male,,,Yes,No,36000000,30500000,26500000,0,0,0,Rapid,,78,79,69,80,41,73,ST,CAM,True,False,False,joao-pedro-junqueira-de-jesus,16,59,55,51,58,77,72,78,79,78,79
84,80,68,70,88,69,77,77,75,77,76,65,68,74,65,72,45,35,72,68,70,78,67,60,81,77,53,62,43,9,13,8,8,8,61,79,63,73,76,68,10,2019-07-01,2028-06-01,0,38,Portugal,Eduardo Filipe,Quaresma,E. Quaresma,Eduardo Quaresma,10299,30327,10147,252144,2042,77,84,2002-03-02T00:00:00.000Z,23,237,Sporting CP,308,10,9,sporting-cp,72,308,https://cmtracker.fra1.cdn.digitaloceanspaces.com/DB/26/heads/p252144.png,3,4,2,29,2,Right,3,3,1,0,,184,79,Male,,,Yes,No,23000000,19500000,17000000,19000,16000,14000,"Jockey, Anticipate, Slide Tackle",,82,56,61,73,77,77,CB,RB,True,False,False,eduardo-filipe-quaresma,16,74,75,76,74,70,70,69,68,68,66
86,86,82,77,77,84,53,79,54,73,43,82,68,82,67,80,82,51,72,60,74,45,80,76,39,21,75,74,65,6,8,8,13,6,74,35,70,74,82,65,9,2024-08-12,2029-06-01,0,21,Germany,Maximilian,Beier,Beier,Maximilian Beier,24334,4046,4046,254117,2028,79,84,2002-10-17T00:00:00.000Z,22,22,Borussia Dortmund,19,9,3,borussia-dortmund,14,19,https://cmtracker.fra1.cdn.digitaloceanspaces.com/DB/26/heads/p254117.png,2,8,1,8,4,Right,3,3,1,0,,185,72,Male,,,Yes,No,32000000,27500000,23500000,55000,46500,40000,"Finesse Shot, Gamechanger, Rapid, Quick Step",Career One Club Player,86,77,66,79,44,67,ST,CAM | LM,True,False,False,maximilian-beier,16,62,59,51,58,77,71,77,79,78,78
89,88,81,79,76,75,67,76,67,80,45,79,75,83,74,85,75,65,55,67,76,45,79,74,45,30,65,76,75,5,13,6,15,12,69,40,76,75,83,71,11,2025-07-18,2030-06-01,0,14,England,Noni,Madueke,Madueke,Noni Madueke,27351,22914,22914,254796,2097,80,84,2002-03-10T00:00:00.000Z,23,1,Arsenal,13,10,9,arsenal,20,13,https://cmtracker.fra1.cdn.digitaloceanspaces.com/DB/26/heads/p254796.png,0,9,9,1023,1,Left,4,3,1,0,,182,75,Male,,,Yes,No,35500000,30000000,26000000,135000,115000,99000,"Low Driven Shot, Technical, Quick Step",,89,75,72,81,44,71,RW,RM,True,False,False,noni-madueke,18,64,60,54,61,79,73,78,79,80,76
79,65,91,91,55,90,48,77,54,74,46,79,77,78,68,82,78,50,39,69,76,49,75,74,42,50,68,70,54,11,9,10,9,6,66,47,70,69,81,64,9,2020-07-01,2027-06-01,0,21,Germany,Paul,Nebel,Nebel,Paul Nebel,29016,26802,26802,257075,1993,78,84,2002-10-10T00:00:00.000Z,22,169,1. FSV Mainz 05,19,5,2,1-fsv-mainz-05,8,19,https://cmtracker.fra1.cdn.digitaloceanspaces.com/DB/26/heads/p257075.png,0,7,2,44,386,Right,4,4,1,0,54100000.0,169,67,Male,,,Yes,No,26500000,22500000,19500000,32000,27000,23000,"Low Driven Shot, Incisive Pass, Technical, Relentless",,72,71,68,82,45,62,CAM,CM | RM,True,False,False,paul-nebel,16,65,61,51,62,76,73,77,76,77,71
69,69,79,86,56,74,51,78,78,78,78,73,78,78,66,79,66,59,46,78,79,74,78,80,77,76,59,75,61,9,11,7,15,7,64,76,74,68,77,75,10,2023-01-30,2027-06-01,0,46,Sweden,Yasin,Ayari,Ayari,Yasin Ayari,39404,3083,3083,257400,2127,77,84,2003-10-06T00:00:00.000Z,21,1808,Brighton & Hove Albion,13,5,9,brighton-hove-albion,26,13,https://cmtracker.fra1.cdn.digitaloceanspaces.com/DB/26/heads/p257400.png,0,9,4,602,1,Right,3,3,1,1,,172,69,Male,,,No,No,23500000,20000000,17500000,62000,52000,45000,Incisive Pass,,69,70,73,80,70,65,CDM,CM,True,False,False,yasin-ayari,17,74,73,70,76,74,77,76,74,74,69
79,78,88,85,61,71,56,73,37,80,41,68,79,80,70,82,65,68,44,78,77,34,65,64,39,37,51,67,55,10,6,14,10,13,62,37,75,64,81,60,11,2024-08-29,2026-06-30,1,129,Morocco,Bilal,El Khannouss,El Khannouss,Bilal El Khannouss,4569,10491,10491,257504,1925,76,84,2004-05-10T00:00:00.000Z,21,95,Leicester City,14,10,6,leicester-city,11,19,https://cmtracker.fra1.cdn.digitaloceanspaces.com/DB/26/heads/p257504.png,0,4,3,601,1,Right,4,3,1,0,,180,70,Male,,,Yes,No,20000000,17000000,14500000,37000,31500,27000,"Long Ball Pass, Inventive, Technical",Career One Club Player,79,61,73,81,39,56,CAM,LM | CM,True,False,False,bilal-el-khannouss,16,61,57,47,58,75,72,76,73,75,67
74,72,69,69,86,77,78,80,79,76,78,74,69,77,75,75,64,65,77,70,79,77,77,70,79,81,67,76,50,9,11,5,11,6,73,79,73,78,73,71,9,2024-07-29,2029-06-01,0,27,Italy,Riccardo,Calafiori,Calafiori,Riccardo Calafiori,31251,6095,6095,257711,2182,80,84,2002-05-19T00:00:00.000Z,23,1,Arsenal,13,10,9,arsenal,33,13,https://cmtracker.fra1.cdn.digitaloceanspaces.com/DB/26/heads/p257711.png,6,5,2,2019,5,Left,3,5,1,2,,188,86,Male,,,No,No,33000000,28000000,24000000,120000,100000,87000,Long Ball Pass,,73,67,72,74,78,80,LB,CB | CDM,True,False,False,riccardo-calafiori,16,77,77,78,77,74,74,73,74,73,73
83,83,86,82,54,56,47,71,45,68,23,74,74,80,73,83,69,43,31,68,72,30,69,60,26,22,46,73,47,7,14,11,9,6,59,26,70,58,81,56,10,2025-07-15,2030-06-01,0,45,Spain,Raúl,Moro Prescoli,Moro,Raúl Moro,30926,25772,25771,258139,1785,76,84,2002-12-05T00:00:00.000Z,22,245,Ajax,10,10,6,ajax,7,10,https://cmtracker.fra1.cdn.digitaloceanspaces.com/DB/26/heads/p258139.png,0,4,2,4001,7,Right,3,3,1,0,,169,67,Male,,,Yes,No,20000000,17000000,14500000,19500,16500,14000,"Inventive, Technical",,83,61,67,78,26,51,LW,RW | LM,True,False,False,raul-moro-prescoli,15,54,49,38,50,75,67,75,74,76,67
67,65,72,70,68,74,59,76,70,76,72,67,80,78,75,77,61,71,68,80,81,71,68,69,72,69,57,74,62,12,13,5,12,13,69,71,76,68,70,72,11,2025-08-05,2030-06-01,0,14,England,Tyler,Morton,Morton,Tyler Morton,37056,25795,25795,265459,2104,76,83,2002-10-31T00:00:00.000Z,22,66,Olympique Lyonnais,16,6,1,olympique-lyonnais,23,16,https://cmtracker.fra1.cdn.digitaloceanspaces.com/DB/26/heads/p265459.png,6,1,2,3506,4,Right,3,3,1,1,,185,73,Male,,,Yes,No,17000000,14500000,12500000,19500,16500,14500,,,66,64,77,75,70,68,CDM,CM,True,False,False,tyler-morton,19,73,72,70,74,74,76,74,72,73,68
78,78,80,72,57,65,54,70,51,62,23,71,67,77,71,77,74,63,38,57,72,25,72,74,30,35,55,68,59,6,12,9,12,6,62,30,69,65,76,56,9,2023-07-03,2026-06-01,0,129,Morocco,Ilias,Akhomach,I. Akhomach,Ilias Akhomach,16214,948,45889,265578,1820,74,83,2004-04-16T00:00:00.000Z,21,483,Villarreal CF,53,8,6,villarreal-cf,11,53,https://cmtracker.fra1.cdn.digitaloceanspaces.com/DB/26/heads/p265578.png,0,3,4,1542,1,Left,4,4,1,1,,175,70,Male,,,Yes,No,11000000,9500000,8000000,26000,22000,19000,,,78,68,66,73,30,57,RM,RW,True,False,False,ilias-akhomach,15,55,51,41,50,72,65,72,72,74,68
64,68,55,51,83,72,76,72,78,62,75,51,60,66,60,61,24,29,79,63,66,76,30,22,75,74,26,39,38,14,5,9,6,11,51,75,52,57,62,61,9,2021-07-01,2029-06-01,0,45,Spain,Enrique Jesús,Salas Valiente,Kike Salas,Kike Salas,10868,32418,19525,271755,1740,75,83,2002-04-23T00:00:00.000Z,23,481,Sevilla FC,53,8,4,sevilla-fc,4,53,https://cmtracker.fra1.cdn.digitaloceanspaces.com/DB/26/heads/p271755.png,6,3,4,1526,5,Left,2,3,1,0,26400000.0,188,80,Male,,,Yes,No,14000000,11500000,10000000,27000,23000,19500,"Precision Header, Aerial Fortress",,66,32,53,61,76,77,CB,LB | CDM,True,False,False,enrique-jesus-salas-valiente,15,69,70,74,70,61,62,57,55,57,52
69,70,65,62,79,72,74,75,75,68,73,54,62,71,47,48,25,40,71,65,74,74,31,22,79,73,25,33,48,7,7,13,9,11,49,76,52,56,69,64,10,2024-07-10,2026-06-30,1,45,Spain,Rafael,Marín Zamora,Rafa Marín,Rafa Marín,30555,24025,30547,277244,1771,74,83,2002-05-19T00:00:00.000Z,23,48,Napoli,31,8,9,napoli,4,53,https://cmtracker.fra1.cdn.digitaloceanspaces.com/DB/26/heads/p277244.png,3,4,4,28,4,Right,2,3,1,0,,191,83,Male,,,Yes,No,10500000,8500000,7500000,61000,52000,44500,,,70,34,54,65,74,75,CB,-,True,False,False,rafael-marin-zamora,16,69,70,74,72,60,64,59,56,56,53
76,69,90,90,48,72,34,75,61,78,54,80,80,79,77,81,64,62,40,72,79,52,78,80,58,48,62,71,59,10,10,6,7,14,65,53,73,63,80,69,10,2019-07-28,2026-06-30,1,14,England,Harvey,Elliott,Elliott,Harvey Elliott,14791,10636,10636,246174,2016,78,84,2003-04-04T00:00:00.000Z,22,9,Liverpool,13,10,6,liverpool,9,13,https://cmtracker.fra1.cdn.digitaloceanspaces.com/DB/26/heads/p246174.png,2,1,2,4001,8,Left,3,3,1,0,,168,64,Male,,,Yes,No,26500000,22500000,19500000,105000,87000,75000,Finesse Shot,,73,71,74,82,50,54,CAM,CM | RW,False,False,False,harvey-elliott,17,67,63,54,64,76,75,77,76,77,69
90,86,84,76,70,74,69,75,48,79,35,73,76,80,74,82,72,63,44,64,75,27,74,74,26,28,63,81,59,7,12,15,5,6,66,27,74,73,83,62,9,2025-09-02,2030-06-01,0,18,France,Dilane,Bakwa,Bakwa,Dilane Bakwa,9334,3459,3459,250789,1966,78,84,2002-08-26T00:00:00.000Z,22,14,Nottingham Forest,13,6,10,nottingham-forest,29,13,https://cmtracker.fra1.cdn.digitaloceanspaces.com/DB/26/heads/p250789.png,0,9,10,1024,2,Left,4,2,1,1,,180,75,Male,,,Yes,No,26500000,22500000,19500000,0,0,0,"Dead Ball, Gamechanger, Technical",,88,69,72,79,32,65,RM,RW,False,False,False,dilane-bakwa,15,59,54,44,54,77,70,77,76,78,72
74,72,69,68,75,77,74,72,67,68,48,80,58,73,47,72,83,51,74,61,69,44,79,68,40,34,71,64,70,11,14,9,10,10,69,40,65,75,71,66,11,2023-07-07,2030-06-01,0,95,United States,Ricardo,Pepi,Pepi,Ricardo Pepi,31233,29300,29300,251223,1956,76,84,2003-01-09T00:00:00.000Z,22,247,PSV,10,10,8,psv,9,10,https://cmtracker.fra1.cdn.digitaloceanspaces.com/DB/26/heads/p251223.png,0,9,4,1503,4,Right,3,3,1,0,,185,74,Male,,,No,No,20000000,17000000,14500000,23500,20000,17000,"Finesse Shot, Gamechanger",,73,75,58,70,48,73,ST,-,False,False,False,ricardo-pepi,17,57,56,55,58,69,66,70,73,70,75
77,72,87,85,55,75,46,79,57,74,65,77,78,82,70,83,71,59,44,75,80,64,73,67,65,53,54,72,62,13,15,12,8,8,64,61,75,64,80,69,12,2025-08-09,2028-06-01,0,18,France,Enzo,Millot,Millot,Enzo Millot,10880,25181,25181,252259,2057,78,84,2002-07-17T00:00:00.000Z,22,112387,Al Ahli,350,8,10,al-ahli,10,350,https://cmtracker.fra1.cdn.digitaloceanspaces.com/DB/26/heads/p252259.png,3,3,7,2002,1,Left,4,2,1,0,,174,66,Male,,,Yes,No,26500000,22500000,19500000,43500,36500,31500,"Incisive Pass, Inventive, Technical, First Touch",,75,67,72,82,58,58,CAM,CM,False,False,False,enzo-millot,18,70,68,61,70,77,76,78,76,77,70
75,77,79,77,72,85,62,77,78,74,78,68,79,80,67,78,52,71,62,80,82,76,72,76,77,76,68,74,60,9,12,11,10,9,67,77,77,74,77,73,11,2025-07-01,2028-06-01,0,27,Italy,Nicolò,Rovella,Rovella,Nicolò Rovella,27083,31862,31862,255001,2183,79,84,2001-12-04T00:00:00.000Z,23,115841,Latium,31,7,1,latium,6,31,https://cmtracker.fra1.cdn.digitaloceanspaces.com/DB/26/heads/p255001.png,1,2,2,2020,1,Right,3,4,3,1,,179,70,Male,,,No,No,28500000,24500000,21000000,36500,31000,26500,"Incisive Pass, Inventive, Intercept, Anticipate, Relentless",,76,66,76,78,74,74,CDM,CM,False,False,False,nicolo-rovella,17,77,76,74,78,75,78,76,73,73,68
50,52,60,50,63,35,58,74,26,48,6,6,58,28,11,19,7,14,11,40,43,13,56,9,14,16,8,14,18,75,75,75,80,77,16,15,23,45,58,27,77,2025-07-01,2029-06-01,0,27,Italy,Elia,Caprile,Caprile,Elia Caprile,10561,6299,6299,255303,1289,77,84,2001-08-25T00:00:00.000Z,23,1842,Cagliari,31,2,2,cagliari,1,31,https://cmtracker.fra1.cdn.digitaloceanspaces.com/DB/26/heads/p255303.png,0,3,4,1532,5,Right,1,3,1,1,,191,74,Male,,,No,No,21000000,18000000,15500000,7900,6700,5700,,"GK Far Throw, GK Cross Claimer, GK Deflector",51,17,30,47,12,46,GK,-,False,False,False,elia-caprile,76,27,26,25,30,32,35,35,32,30,28
77,72,83,80,50,61,42,68,61,73,30,69,70,78,68,80,71,65,40,65,73,28,84,80,38,32,51,68,63,10,7,9,11,13,61,33,72,64,76,61,10,2025-09-01,2029-06-01,0,58,Paraguay,Julio César,Enciso,Enciso,Julio César Enciso,18241,10797,10797,255434,1870,74,84,2004-01-23T00:00:00.000Z,21,76,RC Strasbourg,16,6,9,rc-strasbourg,19,16,https://cmtracker.fra1.cdn.digitaloceanspaces.com/DB/26/heads/p255434.png,3,3,2,3509,2,Right,3,3,1,0,,173,64,Male,,,Yes,No,11000000,9500000,8000000,35500,30000,26000,Technical,,75,70,68,77,34,54,CAM,ST,False,False,False,julio-cesar-enciso,16,55,52,43,53,72,67,73,73,74,68
88,80,86,86,77,70,66,73,67,71,42,70,73,77,77,78,69,71,59,71,73,47,84,75,48,45,69,76,64,13,7,7,5,7,70,47,75,75,83,65,8,2024-07-16,2029-06-01,0,117,Ghana,Abdul,Fatawu,A.Fatawu,Abdul Fatawu,276,11577,133,267680,2071,76,83,2004-03-08T00:00:00.000Z,21,95,Leicester City,14,10,6,leicester-city,7,14,https://cmtracker.fra1.cdn.digitaloceanspaces.com/DB/26/heads/p267680.png,21,9,10,1038,2,Left,4,4,1,1,,177,73,Male,,,Yes,No,18000000,15000000,13000000,36000,30500,26500,"Power Shot, Gamechanger, Technical",,84,72,74,79,48,70,RM,RW,False,False,False,abdul-fatawu,15,64,61,56,61,75,70,74,74,75,72
72,72,74,74,67,77,59,65,68,70,70,65,77,79,49,76,54,35,57,78,80,70,59,53,67,67,55,60,44,11,10,15,11,9,59,68,66,63,72,66,12,2025-07-18,2029-06-01,0,52,Argentina,Máximo,Perrone,Perrone,Máximo Perrone,26262,29387,29387,267991,1949,73,83,2003-01-07T00:00:00.000Z,22,1745,Como,31,6,10,como,23,31,https://cmtracker.fra1.cdn.digitaloceanspaces.com/DB/26/heads/p267991.png,3,3,1,4016,1,Left,2,3,1,1,,178,64,Male,,,Yes,No,7500000,6500000,5500000,54000,46000,39500,,,72,55,63,73,66,68,CDM,CM,False,False,False,maximo-perrone,16,69,68,67,72,70,73,72,69,68,64
85,82,77,75,68,72,60,74,69,76,74,72,67,76,76,78,48,50,46,72,74,71,69,59,76,77,52,65,53,10,7,15,13,7,60,75,69,66,79,69,11,2023-07-06,2028-06-01,0,38,Portugal,Tiago,Carvalho Santos,Tiago S.,Tiago Santos,36302,6514,36322,270559,2045,77,83,2002-07-23T00:00:00.000Z,22,65,LOSC Lille,16,7,5,losc-lille,22,16,https://cmtracker.fra1.cdn.digitaloceanspaces.com/DB/26/heads/p270559.png,0,3,5,1028,2,Right,3,3,1,2,,175,71,Male,,,Yes,No,18500000,16000000,13500000,28000,24000,20500,,,84,59,67,76,69,67,RB,RM,False,False,False,tiago-carvalho-santos,16,75,74,69,72,73,72,71,70,72,65
70,61,69,67,85,76,85,75,80,71,80,65,64,69,59,65,62,41,75,72,75,75,72,60,78,76,69,52,68,13,11,14,8,5,68,77,60,76,69,72,11,2024-07-08,2029-06-01,0,34,Holland,Ryan,Flamingo,Flamingo,Ryan Flamingo,32060,12005,12005,270633,2067,77,83,2002-12-31T00:00:00.000Z,22,247,PSV,10,10,8,psv,6,10,https://cmtracker.fra1.cdn.digitaloceanspaces.com/DB/26/heads/p270633.png,0,9,8,1004,5,Right,3,4,1,0,,185,73,Male,,,No,No,18000000,15500000,13000000,21500,18500,16000,"Precision Header, Long Ball Pass, Intercept, Anticipate, Aerial Fortress, Bruiser",,66,66,61,69,77,82,CB,-,False,False,False,ryan-flamingo,16,72,73,77,75,67,70,67,67,66,68
82,78,75,69,77,74,76,79,84,75,74,73,75,78,75,74,59,68,52,77,78,75,50,54,77,75,42,77,47,13,14,12,9,14,62,76,75,67,77,72,13,2025-06-26,2029-06-01,0,34,Holland,Quilindschy,Hartman,Hartman,Quilindschy Hartman,30354,14782,14782,271121,2111,77,83,2001-11-14T00:00:00.000Z,23,1796,Burnley,13,2,7,burnley,3,13,https://cmtracker.fra1.cdn.digitaloceanspaces.com/DB/26/heads/p271121.png,3,3,2,557,1,Left,3,3,1,2,,183,77,Male,,,Yes,No,18500000,15500000,13500000,53000,45000,38500,"Incisive Pass, Slide Tackle, Bruiser",,80,54,75,75,71,78,LB,LM,False,False,False,quilindschy-hartman,19,76,75,74,76,75,75,74,71,73,66
95,97,88,67,77,72,62,71,41,72,26,71,70,74,67,73,71,70,57,65,65,27,65,69,24,23,64,70,72,10,7,7,10,10,65,25,71,69,84,59,9,2023-08-01,2027-06-01,0,54,Brazil,Gabriel,Silva Vieira,G. Silva,Gabriel Silva,12603,34072,12553,271132,1909,74,83,2002-03-20T00:00:00.000Z,23,1438,Santa Clara,308,3,5,santa-clara,10,308,https://cmtracker.fra1.cdn.digitaloceanspaces.com/DB/26/heads/p271132.png,0,3,6,2518,2,Right,3,3,1,0,21800000.0,177,69,Male,,,No,No,11000000,9500000,8000000,10500,8700,7500,"Dead Ball, Gamechanger, Technical",,96,69,68,74,31,63,LW,ST | RM | LM,False,False,False,gabriel-silva-vieira,15,55,52,42,49,73,65,72,72,74,70
85,79,91,92,52,61,33,67,49,58,23,70,62,80,80,84,72,67,42,69,76,25,78,67,32,38,70,68,70,10,11,5,9,12,68,32,74,59,83,56,10,2024-07-01,2026-06-30,1,45,Spain,Bryan,Zaragoza Martínez,Bryan,Bryan Zaragoza,5624,40001,5624,271916,1887,77,83,2001-09-09T00:00:00.000Z,23,21,Bayern München,19,10,3,bayern-munchen,15,53,https://cmtracker.fra1.cdn.digitaloceanspaces.com/DB/26/heads/p271916.png,6,3,1,2507,8,Right,4,4,1,0,,164,61,Male,,,Yes,No,19500000,16500000,14500000,57000,48500,42000,Technical,,82,71,70,79,32,49,LW,LM,False,False,False,bryan-zaragoza-martinez,16,57,53,40,51,75,67,74,74,76,69
71,74,76,77,76,83,71,74,75,77,65,74,78,72,77,69,70,74,64,76,77,67,77,72,71,67,59,78,82,11,12,8,13,12,70,69,74,76,75,76,12,2024-08-30,2028-06-01,0,7,Belgium,Arne,Engels,Engels,Arne Engels,2658,10834,10834,272874,2179,74,83,2003-09-08T00:00:00.000Z,21,78,Celtic,50,10,9,celtic,27,50,https://cmtracker.fra1.cdn.digitaloceanspaces.com/DB/26/heads/p272874.png,5,1,1,1510,5,Right,3,3,1,0,,185,76,Male,,,Yes,No,11000000,9500000,8000000,37000,31500,27000,Dead Ball,,73,72,77,74,67,76,CM,CDM,False,False,False,arne-engels,18,72,71,69,72,74,74,73,72,73,71
66,73,53,56,82,64,79,71,75,76,73,36,54,71,38,69,26,37,74,74,71,75,54,28,74,76,41,48,45,9,6,11,9,9,50,75,60,62,64,60,9,2025-07-02,2030-06-01,0,14,England,Jarell,Quansah,Quansah,Jarell Quansah,17179,30325,30325,273651,1803,75,83,2003-01-28T00:00:00.000Z,22,32,Bayer 04 Leverkusen,19,9,9,bayer-04-leverkusen,4,19,https://cmtracker.fra1.cdn.digitaloceanspaces.com/DB/26/heads/p273651.png,3,9,6,1007,4,Right,2,3,1,0,,190,80,Male,,,No,No,14000000,12000000,10000000,54000,45500,39000,Slide Tackle,,70,38,54,66,74,75,CB,-,False,False,False,jarell-quansah,15,67,69,74,71,60,64,59,57,56,55
63,69,66,59,75,76,69,72,70,72,69,72,76,76,65,72,68,65,72,76,78,67,73,71,70,68,65,67,65,10,7,10,15,7,70,69,72,73,66,71,10,2025-02-02,2029-06-01,0,27,Italy,Cesare,Casadei,Casadei,Cesare Casadei,6772,6524,6524,273883,2075,74,83,2003-01-10T00:00:00.000Z,22,54,Torino,31,5,5,torino,22,31,https://cmtracker.fra1.cdn.digitaloceanspaces.com/DB/26/heads/p273883.png,3,2,3,1547,5,Right,2,3,1,0,,192,77,Male,,,Yes,No,11000000,9500000,8000000,31500,26500,23000,Aerial Fortress,,66,69,71,70,69,73,CM,CDM,False,False,False,cesare-casadei,16,70,70,70,72,72,74,73,72,71,71
82,84,74,72,86,66,63,62,49,63,33,73,66,72,32,75,72,74,77,52,63,36,70,70,38,30,51,51,60,9,10,13,15,14,59,35,65,71,75,58,13,2022-07-01,2028-06-01,0,108,Côte d'Ivoire,Karim,Konaté,Konaté,Karim Konaté,18926,19960,19960,274445,1857,71,83,2004-03-21T00:00:00.000Z,21,191,RB Salzburg,80,10,5,rb-salzburg,19,80,https://cmtracker.fra1.cdn.digitaloceanspaces.com/DB/26/heads/p274445.png,0,9,9,1028,2,Right,3,4,1,0,,178,68,Male,,,No,No,5500000,4600000,4000000,12000,10500,8900,"Low Driven Shot, Rapid",,83,66,56,70,43,66,ST,-,False,False,False,karim-konate,17,51,50,49,51,66,62,69,71,68,71
71,70,67,74,79,77,76,72,71,70,77,69,68,69,64,71,63,62,68,77,76,69,79,69,73,71,55,65,73,8,6,14,14,6,66,71,69,76,71,72,10,2022-07-01,2029-06-01,0,49,Ukraine,Volodymyr,Brazhko,Brazhko,Volodymyr Brazhko,38229,5406,5406,277439,2093,75,83,2002-01-23T00:00:00.000Z,23,101047,Dynamo Kyiv,76,10,3,dynamo-kyiv,6,76,https://cmtracker.fra1.cdn.digitaloceanspaces.com/DB/26/heads/p277439.png,6,9,2,55,4,Right,2,3,1,1,,190,84,Male,,,No,No,14000000,12000000,10000000,19500,16500,14500,"Power Shot, Intercept",,71,68,69,71,72,76,CDM,CM | CB,False,False,False,volodymyr-brazhko,15,71,71,72,73,70,72,70,70,69,69
77,83,76,70,69,71,64,67,59,64,48,70,67,72,69,78,70,54,52,68,70,43,73,70,52,41,62,71,55,7,10,15,5,12,65,46,69,70,75,61,10,2023-08-31,2028-06-01,0,55,Chile,Darío,Osorio,Osorio,Darío Osorio,8623,28345,28345,278012,1934,73,83,2004-01-24T00:00:00.000Z,21,1516,FC Midtjylland,1,9,9,fc-midtjylland,11,1,https://cmtracker.fra1.cdn.digitaloceanspaces.com/DB/26/heads/p278012.png,0,9,5,500,2,Left,3,3,1,0,8200000.0,184,67,Male,,,No,No,8000000,7000000,6000000,20500,17500,15000,"Gamechanger, Press Proven, Quick Step",,80,67,67,71,47,66,RW,RM,False,False,False,dario-osorio,15,62,59,54,59,72,68,71,71,72,69
66,77,64,52,87,69,79,76,73,74,76,52,62,69,61,64,29,26,83,67,72,78,51,31,80,72,31,38,40,11,14,5,14,9,56,77,53,64,67,63,11,2024-08-22,2029-06-01,0,34,Holland,Sepp,van den Berg,van den Berg,Sepp van den Berg,33419,40747,40747,242453,1852,77,83,2001-12-20T00:00:00.000Z,23,1925,Brentford,13,3,9,brentford,4,13,https://cmtracker.fra1.cdn.digitaloceanspaces.com/DB/26/heads/p242453.png,18,7,1,2015,4,Right,2,3,1,0,,192,87,Male,,,Yes,No,18000000,15000000,13000000,62000,53000,45500,Block,,72,39,54,67,78,77,CB,RB | RM,True,False,False,sepp-van-den-berg,18,71,73,77,73,64,66,62,60,60,58
73,67,64,60,80,76,77,73,69,76,73,68,75,76,58,74,51,42,68,75,78,72,59,58,75,71,43,57,51,7,12,11,15,12,60,73,65,70,68,69,12,2024-08-06,2028-06-01,0,18,France,Lucien,Agoumé,Agoumé,Lucien Agoumé,22281,727,727,246683,1996,75,83,2002-02-09T00:00:00.000Z,23,481,Sevilla FC,53,8,4,sevilla-fc,18,53,https://cmtracker.fra1.cdn.digitaloceanspaces.com/DB/26/heads/p246683.png,0,9,10,1038,4,Right,3,3,1,1,27600000.0,185,72,Male,,,Yes,No,14000000,12000000,10000000,27000,23000,19500,Aerial Fortress,,70,55,64,71,72,76,CDM,CM | CB,True,False,False,lucien-agoume,18,71,71,73,74,70,73,71,69,68,65
78,69,77,76,68,83,70,78,73,78,69,78,77,79,76,78,78,71,60,77,80,68,76,74,67,66,65,75,74,9,12,10,7,6,72,67,76,75,76,75,9,2018-05-25,2027-06-01,0,34,Holland,Kenneth,Taylor,Taylor,Kenneth Taylor,19277,35891,35891,255009,2182,77,83,2002-05-16T00:00:00.000Z,23,245,Ajax,10,10,6,ajax,8,10,https://cmtracker.fra1.cdn.digitaloceanspaces.com/DB/26/heads/p255009.png,1,2,2,4008,2,Left,3,5,1,0,,182,73,Male,,,Yes,No,19500000,16500000,14000000,19500,16500,14000,"Incisive Pass, Pinged Pass, Tiki Taka",,74,74,76,78,66,74,CM,CDM | CAM,True,False,False,kenneth-taylor,16,74,72,69,73,77,77,77,77,77,74
82,79,72,68,76,69,62,70,33,65,21,75,72,78,70,82,72,50,65,61,75,23,70,66,22,20,60,61,64,9,6,6,7,7,69,22,67,69,75,55,7,2024-01-08,2028-06-01,0,18,France,Mohamed-Ali,Cho,Cho,Mohamed-Ali Cho,25492,7197,7197,256476,1818,76,83,2004-01-19T00:00:00.000Z,21,72,OGC Nice,16,6,4,ogc-nice,25,16,https://cmtracker.fra1.cdn.digitaloceanspaces.com/DB/26/heads/p256476.png,21,9,10,1037,2,Left,3,3,1,0,,181,66,Male,,,Yes,No,18000000,15000000,13000000,24000,20500,17500,Rapid,,81,68,65,73,30,60,RW,LW | ST | RM,True,False,False,mohamed-ali-cho,14,54,49,40,49,74,67,74,75,75,72
64,82,49,52,85,76,84,77,83,74,76,67,76,78,58,76,57,42,78,77,80,78,77,67,80,79,51,72,39,7,12,12,10,9,65,79,69,78,65,70,10,2024-07-22,2029-06-01,0,7,Belgium,Amadou,Onana,Onana,Amadou Onana,1817,28127,28127,257057,2084,79,83,2001-08-16T00:00:00.000Z,23,2,Aston Villa,13,7,9,aston-villa,24,13,https://cmtracker.fra1.cdn.digitaloceanspaces.com/DB/26/heads/p257057.png,0,9,10,1007,4,Right,3,4,1,1,,192,76,Male,,,Yes,No,27000000,23000000,19500000,100000,85000,73000,"Precision Header, Slide Tackle, Aerial Fortress, Press Proven, Enforcer",,73,60,68,68,78,82,CDM,CM,True,False,False,amadou-onana,17,75,75,79,78,72,76,73,72,70,71
66,72,63,68,81,68,78,73,76,64,72,39,47,73,49,64,41,32,75,66,72,75,65,39,80,76,34,56,44,9,13,9,12,12,55,77,59,67,69,57,11,2024-07-20,2029-06-01,0,27,Italy,Lorenzo,Pirola,Pirola,Lorenzo Pirola,22099,29713,29713,257368,1863,76,83,2002-02-20T00:00:00.000Z,23,280,Olympiacos,76,10,9,olympiacos,5,76,https://cmtracker.fra1.cdn.digitaloceanspaces.com/DB/26/heads/p257368.png,6,2,2,3510,5,Left,2,3,1,0,,185,79,Male,,,Yes,No,16500000,14000000,12000000,28000,24000,20500,Jockey,,69,44,54,68,76,76,CB,LB,True,False,False,lorenzo-pirola,18,69,71,75,72,61,63,60,59,59,59
93,91,85,79,84,75,72,78,55,77,31,78,78,80,79,82,75,66,67,64,75,38,72,67,38,33,64,79,56,13,5,13,10,8,72,37,75,74,86,63,10,2025-07-11,2030-06-01,0,46,Sweden,Anthony,Elanga,Elanga,Anthony Elanga,2322,10522,10522,257470,2060,80,83,2002-04-27T00:00:00.000Z,23,13,Newcastle United,13,8,10,newcastle-united,20,13,https://cmtracker.fra1.cdn.digitaloceanspaces.com/DB/26/heads/p257470.png,0,9,8,1033,1,Right,3,5,3,0,,178,70,Male,,,Yes,No,34000000,29000000,25000000,0,0,0,"Low Driven Shot, Rapid, Quick Step, Enforcer",,92,69,74,80,41,72,RW,RM,True,False,False,anthony-elanga,16,62,59,52,57,79,71,78,78,80,76
45,45,55,40,63,35,62,74,25,55,13,10,50,40,10,18,11,11,12,47,45,17,54,10,13,13,10,12,11,77,76,72,78,77,18,15,26,45,52,28,76,2024-07-30,2031-06-01,0,13,Denmark,Filip,Jörgensen,Jörgensen,Filip Jörgensen,11913,18443,18443,258485,1286,77,83,2002-04-16T00:00:00.000Z,23,5,Chelsea,13,8,10,chelsea,12,13,https://cmtracker.fra1.cdn.digitaloceanspaces.com/DB/26/heads/p258485.png,5,4,2,4013,4,Right,1,3,1,1,,192,85,Male,,,No,No,16000000,13500000,11500000,0,0,0,,"GK Far Throw, GK Footwork",45,18,29,47,14,46,GK,-,True,False,False,filip-jorgensen,76,28,27,27,33,33,37,36,33,31,30
87,88,86,85,74,69,67,69,61,73,42,72,64,77,63,79,72,46,54,64,71,39,80,67,48,35,59,52,65,11,9,10,13,10,64,41,64,72,83,63,11,2022-09-01,2028-06-01,0,27,Italy,Wilfried,Gnonto,Gnonto,Wilfried Gnonto,38792,13427,13427,258906,1961,74,83,2003-11-05T00:00:00.000Z,21,8,Leeds United,13,2,7,leeds-united,29,13,https://cmtracker.fra1.cdn.digitaloceanspaces.com/DB/26/heads/p258906.png,0,3,10,1019,9,Right,3,4,1,0,,169,72,Male,,,No,No,11000000,9500000,8000000,42500,36000,31000,"Rapid, Quick Step",,88,69,60,78,44,68,LW,LM | RW,True,False,False,wilfried-gnonto,17,60,58,53,58,73,67,73,74,74,72
85,72,85,90,57,77,51,75,66,65,74,75,75,86,82,83,61,43,49,74,83,73,65,58,71,74,45,77,55,9,6,13,11,8,64,73,73,62,82,69,10,2025-07-01,2030-06-01,0,54,Brazil,Yan,Bueno Couto,Yan Couto,Yan Couto,39288,5688,39291,259075,2073,78,83,2002-06-03T00:00:00.000Z,23,22,Borussia Dortmund,19,9,3,borussia-dortmund,2,19,https://cmtracker.fra1.cdn.digitaloceanspaces.com/DB/26/heads/p259075.png,21,3,4,1505,7,Right,4,3,1,2,35500000.0,168,60,Male,,,Yes,No,23500000,20000000,17000000,43000,36500,31500,"Whipped Pass, Inventive, Technical, Quick Step",,79,60,72,81,68,63,RB,RM,True,False,False,yan-bueno-couto,16,77,75,68,74,78,77,77,75,77,68
71,68,69,65,76,81,71,77,77,79,79,73,78,77,57,78,73,59,67,78,80,72,73,73,77,71,55,62,49,9,14,15,12,10,67,74,71,75,70,73,12,2025-07-01,2029-06-01,0,118,Guinea,Ilaix,Moriba,Moriba,Ilaix Moriba,16188,25750,25750,259233,2125,78,83,2003-01-19T00:00:00.000Z,22,450,RC Celta de Vigo,53,6,5,rc-celta-de-vigo,6,53,https://cmtracker.fra1.cdn.digitaloceanspaces.com/DB/26/heads/p259233.png,0,9,10,1030,4,Right,4,4,1,0,46800000.0,185,73,Male,,,Yes,No,25500000,21500000,18500000,30500,26000,22500,"Slide Tackle, Technical, Bruiser",,70,66,69,74,73,76,CM,CDM,True,False,False,ilaix-moriba,18,73,73,74,77,74,77,76,75,73,73
88,87,88,85,56,70,48,72,47,79,27,70,73,77,70,80,71,53,32,65,73,30,73,67,32,30,68,65,60,8,13,6,10,14,63,31,68,63,84,60,11,2025-07-10,2030-06-01,0,108,Côte d'Ivoire,Simon,Adingra,Adingra,Simon Adingra,34126,538,538,260779,1887,76,83,2002-01-01T00:00:00.000Z,23,106,Sunderland,13,2,8,sunderland,24,13,https://cmtracker.fra1.cdn.digitaloceanspaces.com/DB/26/heads/p260779.png,0,9,10,1016,1,Right,3,3,1,0,,175,68,Male,,,Yes,No,17500000,15000000,13000000,60000,51000,43500,Technical,,88,68,67,80,30,55,LW,LM | RW,True,False,False,simon-adingra,17,57,53,41,52,75,67,74,74,75,68
82,75,74,66,83,80,68,79,67,68,74,65,74,76,77,73,55,40,75,70,80,73,59,50,77,74,55,72,48,10,7,7,9,10,69,75,67,68,76,66,9,2020-07-01,2027-06-01,0,45,Spain,Arnau,Martínez López,Arnau,Arnau Martínez,2647,23963,2647,260815,2052,78,83,2003-04-25T00:00:00.000Z,22,110062,Girona FC,53,1,9,girona-fc,4,53,https://cmtracker.fra1.cdn.digitaloceanspaces.com/DB/26/heads/p260815.png,0,5,2,2013,1,Right,2,3,1,2,,182,72,Male,,,Yes,No,24000000,20000000,17500000,32500,27500,23500,"Whipped Pass, Jockey",,79,55,69,73,75,75,RB,RM | CM,True,False,False,arnau-martinez-lopez,16,76,76,74,75,74,73,72,70,72,67
93,92,77,78,95,72,64,75,68,76,23,78,71,78,72,79,78,55,79,64,73,20,77,68,30,23,67,66,68,13,11,8,10,9,74,25,69,76,83,64,11,2023-07-01,2028-06-01,0,21,Germany,Kevin,Schade,Schade,Kevin Schade,19357,33007,33007,260926,2010,78,83,2001-11-27T00:00:00.000Z,23,1925,Brentford,13,3,9,brentford,7,13,https://cmtracker.fra1.cdn.digitaloceanspaces.com/DB/26/heads/p260926.png,3,3,4,1039,5,Right,3,4,1,1,,185,74,Male,,,Yes,No,25000000,21000000,18500000,70000,59000,51000,"Chip Shot, Precision Header, Aerial Fortress, Rapid, Quick Step, Long Throw",,93,73,67,77,35,75,LM,LW | ST,True,False,False,kevin-schade,17,56,53,47,52,77,68,76,77,78,77
73,69,84,85,67,71,64,76,76,75,70,74,76,77,73,79,66,72,52,76,77,66,71,72,72,68,53,75,52,9,10,15,8,12,65,69,76,69,78,71,11,2023-08-10,2028-06-01,0,14,England,Alex,Scott,Scott,Alex Scott,1476,33183,33183,261299,2115,76,83,2003-08-21T00:00:00.000Z,21,1943,AFC Bournemouth,13,4,10,afc-bournemouth,8,13,https://cmtracker.fra1.cdn.digitaloceanspaces.com/DB/26/heads/p261299.png,20,5,1,2019,1,Right,3,3,1,0,,178,68,Male,,,Yes,No,18000000,15000000,13000000,0,0,0,,,71,65,75,79,66,70,CAM,CDM | CM,True,False,False,alex-scott,17,72,70,68,72,74,75,75,73,74,69
74,67,73,70,72,77,69,76,68,77,76,76,77,78,56,78,66,52,58,77,78,66,78,68,76,70,52,67,59,8,12,7,8,7,62,71,71,73,72,73,9,2025-07-01,2030-06-01,0,136,Senegal,Habib,Diarra,Diarra,Habib Diarra,14361,9213,9213,264293,2073,77,83,2004-01-03T00:00:00.000Z,21,106,Sunderland,13,2,8,sunderland,19,13,https://cmtracker.fra1.cdn.digitaloceanspaces.com/DB/26/heads/p264293.png,0,3,10,1042,2,Right,2,2,1,0,,178,75,Male,,,Yes,No,20000000,17000000,14500000,51000,43000,37000,Technical,,71,67,68,75,69,72,CM,CAM | CDM,True,False,False,habib-diarra,16,72,71,70,74,73,76,75,74,72,71
80,77,68,69,64,70,53,72,58,70,51,69,74,75,73,72,68,77,51,76,72,57,78,75,54,44,67,73,60,11,14,12,10,13,67,52,75,68,74,64,12,2023-08-20,2029-06-01,0,40,Russia,Arsen,Zakharyan,Zakharyan,Arsen Zakharyan,2708,39936,39936,264701,2007,74,83,2003-05-26T00:00:00.000Z,22,457,Real Sociedad,53,7,6,real-sociedad,21,53,https://cmtracker.fra1.cdn.digitaloceanspaces.com/DB/26/heads/p264701.png,3,3,2,44,1,Right,3,4,1,1,,182,73,Male,,,Yes,No,11000000,9500000,8000000,30500,26000,22500,Finesse Shot,,79,70,74,71,51,61,RM,CM | LM | RW,True,False,False,arsen-zakharyan,18,64,62,56,63,73,70,72,72,72,69
73,61,75,84,71,89,66,82,78,77,34,87,79,80,68,75,86,81,74,69,77,37,84,79,40,52,82,72,83,7,8,9,12,6,78,43,76,78,75,73,9,2025-07-01,2029-06-01,0,34,Holland,Sem,Steijn,Steijn,Sem Steijn,33327,34872,34872,244728,2137,78,83,2001-11-12T00:00:00.000Z,23,246,Feyenoord,10,10,5,feyenoord,14,10,https://cmtracker.fra1.cdn.digitaloceanspaces.com/DB/26/heads/p244728.png,1,1,2,2005,2,Right,3,3,1,0,,173,59,Male,,,No,No,25000000,21000000,18500000,19000,16000,14000,"Finesse Shot, Chip Shot, Acrobatic, Gamechanger, Relentless",,67,84,74,79,47,76,CAM,CM,False,False,False,sem-steijn,16,62,60,55,61,76,74,78,79,77,79
76,77,77,79,85,79,76,77,59,77,56,77,77,81,73,80,76,68,73,74,76,58,76,71,62,50,71,75,70,6,10,14,10,10,74,57,76,78,78,70,10,2024-08-19,2029-06-01,0,18,France,Georginio,Rutter,Georginio,Georginio Rutter,13071,32047,13071,245637,2156,77,83,2002-04-20T00:00:00.000Z,23,1808,Brighton & Hove Albion,13,5,9,brighton-hove-albion,10,13,https://cmtracker.fra1.cdn.digitaloceanspaces.com/DB/26/heads/p245637.png,0,9,7,1046,2,Left,5,5,1,0,,182,83,Male,,,Yes,No,19500000,16500000,14500000,79000,67000,57000,"Incisive Pass, Trickster, Enforcer",,77,74,74,79,60,75,CAM,ST,False,False,False,georginio-rutter,16,69,67,64,68,77,75,77,77,77,76
78,78,69,76,88,77,83,75,69,76,23,75,76,78,69,78,77,68,72,68,75,23,84,79,32,23,73,68,66,11,10,9,10,11,74,26,72,83,76,65,11,2024-08-17,2029-06-01,0,12,Czech Republic,Adam,Hložek,Hložek,Adam Hložek,454,15383,15383,246618,2027,77,83,2002-07-25T00:00:00.000Z,22,10029,TSG 1899 Hoffenheim,19,5,7,tsg-1899-hoffenheim,23,19,https://cmtracker.fra1.cdn.digitaloceanspaces.com/DB/26/heads/p246618.png,3,4,1,528,5,Right,3,4,1,0,32300000.0,188,84,Male,,,Yes,No,20000000,17000000,14500000,38500,32500,28000,Gamechanger,,78,76,71,75,35,79,ST,RM | CAM | RW,False,False,False,adam-hlozek,17,56,52,49,55,75,70,76,77,75,77
84,81,85,82,76,74,68,76,62,75,27,76,75,79,76,83,75,43,58,66,75,33,75,67,23,14,66,68,59,13,11,11,13,5,70,24,68,72,82,63,11,2018-12-21,2030-06-01,0,45,Spain,Ander,Barrenetxea,Barrene,Barrenetxea,2027,3745,3743,246672,1954,78,83,2001-12-27T00:00:00.000Z,23,457,Real Sociedad,53,7,6,real-sociedad,7,53,https://cmtracker.fra1.cdn.digitaloceanspaces.com/DB/26/heads/p246672.png,0,4,3,1526,2,Right,3,4,1,1,45700000.0,175,74,Male,,,Yes,No,25000000,21000000,18500000,39500,33500,29000,Technical,,83,70,67,80,31,70,LM,LW,False,False,False,ander-barrenetxea,17,56,52,44,53,77,69,76,77,78,74
82,85,65,87,93,61,93,78,70,78,26,82,58,77,36,68,75,44,71,53,73,28,79,66,23,24,66,49,62,10,11,15,13,8,65,25,59,79,80,63,12,2025-09-01,2030-06-01,0,34,Holland,Brian,Brobbey,Brobbey,Brian Brobbey,5462,5518,5518,251810,1909,77,83,2002-02-01T00:00:00.000Z,23,106,Sunderland,13,2,8,sunderland,9,13,https://cmtracker.fra1.cdn.digitaloceanspaces.com/DB/26/heads/p251810.png,0,9,10,1024,3,Right,3,4,1,0,,180,78,Male,,,Yes,No,20000000,17000000,14500000,65000,55000,47500,Enforcer,,84,72,52,76,34,79,ST,-,False,False,False,brian-brobbey,18,50,49,50,52,68,63,71,74,70,76
79,74,79,81,77,72,70,75,73,78,67,71,72,81,64,77,67,56,64,74,79,69,71,74,70,61,59,67,50,6,10,10,11,11,67,67,71,73,78,69,10,2024-06-30,2028-06-01,0,108,Côte d'Ivoire,Mohammed,Diomande,Diomande,Mohammed Diomande,25497,9430,9430,255928,2099,74,83,2001-10-30T00:00:00.000Z,23,86,Rangers,50,10,9,rangers,10,50,https://cmtracker.fra1.cdn.digitaloceanspaces.com/DB/26/heads/p255928.png,21,9,9,1016,1,Left,3,5,1,1,,183,75,Male,,,No,No,10500000,9000000,7500000,41500,35000,30000,"Power Shot, Long Ball Pass, Press Proven",,77,65,69,79,66,73,CDM,CM,False,False,False,mohammed-diomande,16,71,70,69,72,74,74,75,74,74,71
68,71,73,70,81,88,78,73,76,72,79,72,72,75,62,71,64,40,74,76,78,72,67,61,80,75,38,55,46,8,13,14,7,14,64,76,64,75,71,70,12,2023-08-19,2028-06-01,0,52,Argentina,Santiago,Hezze,Hezze,Santiago Hezze,32765,15245,15245,255971,2063,78,83,2001-10-22T00:00:00.000Z,23,280,Olympiacos,76,10,9,olympiacos,32,76,https://cmtracker.fra1.cdn.digitaloceanspaces.com/DB/26/heads/p255971.png,19,9,4,1503,2,Right,3,3,1,1,,182,77,Male,,,No,No,23000000,19500000,16500000,32500,27500,23500,"Jockey, Intercept, Relentless",,70,58,64,72,76,81,CDM,CM,False,False,False,santiago-hezze,17,74,75,76,77,72,75,72,71,70,69
85,94,71,73,86,75,81,75,65,73,55,77,73,75,75,80,74,52,67,63,74,53,77,73,52,46,59,63,63,9,5,7,15,10,70,51,67,79,80,68,10,2025-06-07,2030-06-01,0,54,Brazil,Luis Henrique,Tomaz de Lima,Luis Henrique,Luis Henrique,22338,36561,22338,256632,2075,78,83,2001-12-14T00:00:00.000Z,23,131682,Lombardia FC,31,9,2,lombardia-fc,11,31,https://cmtracker.fra1.cdn.digitaloceanspaces.com/DB/26/heads/p256632.png,0,9,5,1013,2,Right,3,3,1,1,,181,85,Male,,,Yes,No,25000000,21000000,18500000,32500,27500,23500,"Rapid, Quick Step",,90,71,67,75,55,77,RM,LM | RW,False,False,False,luis-henrique-tomaz-de-lima,16,67,65,62,64,76,71,75,76,77,76
77,64,85,87,61,77,61,74,58,75,32,72,78,79,66,79,67,58,37,75,78,38,62,66,25,33,60,68,59,12,7,10,8,6,62,32,72,66,78,63,9,2024-08-23,2029-06-01,0,46,Sweden,Sebastian,Nanasi,Nanasi,Sebastian Nanasi,33217,26546,26546,256782,1894,76,83,2002-05-16T00:00:00.000Z,23,76,RC Strasbourg,16,6,9,rc-strasbourg,11,16,https://cmtracker.fra1.cdn.digitaloceanspaces.com/DB/26/heads/p256782.png,1,2,2,68,2,Right,4,3,1,0,,178,71,Male,,,No,No,17500000,15000000,13000000,47500,40000,34500,"Inventive, Technical",,71,64,71,80,33,64,CAM,LM | CM,False,False,False,sebastian-nanasi,15,57,53,44,57,74,71,75,73,74,67
73,69,82,79,70,79,55,73,84,74,86,74,75,78,68,77,73,53,68,77,78,73,70,68,77,78,57,72,61,8,8,10,6,15,69,76,72,69,76,76,10,2020-08-07,2028-06-01,0,21,Germany,Rocco,Reitz,Reitz,Rocco Reitz,31482,31062,31062,257919,2148,77,83,2002-05-29T00:00:00.000Z,23,23,Borussia M'gladbach,19,6,3,borussia-m-gladbach,27,19,https://cmtracker.fra1.cdn.digitaloceanspaces.com/DB/26/heads/p257919.png,6,9,1,50,1,Right,3,4,1,0,31300000.0,176,72,Male,,,No,No,19500000,16500000,14000000,29000,25000,21500,"Incisive Pass, Jockey, Intercept, Press Proven, Relentless",,71,67,71,77,76,72,CM,CDM,False,False,False,rocco-reitz,16,76,75,74,77,74,76,75,74,74,71
70,63,72,70,71,78,64,75,49,75,73,77,76,80,65,80,76,73,65,75,81,52,75,72,70,58,63,67,70,6,6,13,13,6,70,60,75,72,70,70,9,2022-07-01,2029-06-01,0,45,Spain,Aimar,Oroz Huarte,Aimar,Aimar Oroz,838,28258,838,258937,2079,77,83,2001-11-27T00:00:00.000Z,23,479,CA Osasuna,53,5,7,ca-osasuna,10,53,https://cmtracker.fra1.cdn.digitaloceanspaces.com/DB/26/heads/p258937.png,6,4,3,2020,1,Right,3,3,1,0,37900000.0,177,72,Male,,,Yes,No,19500000,16500000,14000000,33500,28500,24500,,Career One Club Player,67,72,73,75,64,66,CM,CAM | LM,False,False,False,aimar-oroz-huarte,15,70,68,65,71,75,77,76,76,75,73
84,86,64,62,90,70,82,74,82,72,28,79,60,74,38,75,79,48,72,49,72,32,84,70,28,19,68,60,71,12,8,9,7,14,66,27,62,80,74,66,10,2023-08-05,2026-06-30,1,13,Denmark,Rasmus,Højlund,Højlund,Rasmus Højlund,30832,15951,15951,259399,1922,77,83,2003-02-04T00:00:00.000Z,22,11,Manchester United,13,7,6,manchester-united,19,31,https://cmtracker.fra1.cdn.digitaloceanspaces.com/DB/26/heads/p259399.png,2,2,2,1548,5,Left,3,3,1,0,,191,79,Male,,,Yes,No,20000000,17000000,14500000,92000,78000,67000,"Rapid, Quick Step",,85,75,55,70,36,81,ST,-,False,False,False,rasmus-hojlund,17,52,49,50,52,70,64,71,75,71,77
81,79,83,82,62,75,51,74,58,71,53,73,72,79,67,79,73,64,49,68,71,55,75,76,57,54,59,69,63,10,7,9,8,5,64,56,72,68,80,65,8,2025-08-16,2030-06-01,0,14,England,Omari,Hutchinson,Hutchinson,Omari Hutchinson,28094,15803,15803,260145,2011,75,83,2003-10-29T00:00:00.000Z,21,14,Nottingham Forest,13,6,10,nottingham-forest,21,13,https://cmtracker.fra1.cdn.digitaloceanspaces.com/DB/26/heads/p260145.png,6,9,6,2511,1,Left,3,3,1,0,,174,65,Male,,,Yes,No,15000000,12500000,11000000,0,0,0,"Low Driven Shot, Gamechanger",Career One Club Player,80,70,69,78,54,62,CAM,RM | CM,False,False,False,omari-hutchinson,14,66,64,57,64,74,71,75,75,75,71
86,86,90,85,72,77,70,71,48,68,22,76,67,79,62,81,77,52,48,53,70,25,77,70,40,29,78,68,55,10,12,7,9,10,67,32,67,74,84,56,10,2024-07-22,2028-06-01,0,108,Côte d'Ivoire,Bénie,Traoré,Traore,Bénie Traoré,5914,36769,36767,260651,1930,75,83,2002-11-30T00:00:00.000Z,22,896,FC Basel,189,10,5,fc-basel,11,189,https://cmtracker.fra1.cdn.digitaloceanspaces.com/DB/26/heads/p260651.png,0,9,9,1004,2,Right,4,3,1,1,,172,64,Male,,,Yes,No,15000000,12500000,11000000,22000,18500,16000,"Low Driven Shot, Gamechanger, Technical, Quick Step",,86,72,62,79,33,67,LM,RM | LW,False,False,False,benie-traore,16,56,53,45,52,74,66,74,75,76,73
83,77,84,78,58,77,50,73,47,74,36,70,73,79,69,81,70,65,39,65,70,35,72,61,37,35,56,68,69,13,10,10,11,15,61,36,72,64,79,62,12,2023-01-12,2028-06-01,0,36,Norway,Andreas,Schjelderup,Schjelderup,Andreas Schjelderup,2074,33062,33062,260952,1910,75,83,2004-06-01T00:00:00.000Z,21,234,Benfica,308,10,10,benfica,21,308,https://cmtracker.fra1.cdn.digitaloceanspaces.com/DB/26/heads/p260952.png,5,1,2,4024,2,Right,3,3,1,0,,176,69,Male,,,Yes,No,15000000,12500000,11000000,16500,14000,12000,"Finesse Shot, Technical",,80,66,68,78,36,58,LW,CAM | LM,False,False,False,andreas-schjelderup,18,59,55,45,55,74,68,73,73,74,68
69,68,73,79,76,78,79,70,77,73,70,48,70,72,50,72,38,48,60,76,77,69,58,54,74,73,48,51,46,6,7,7,13,14,55,72,64,69,72,64,10,2025-09-01,2030-06-01,0,52,Argentina,Ezequiel,Fernández,Equi,Ezequiel Fernández,11280,11794,10904,262151,1943,75,83,2002-07-25T00:00:00.000Z,22,32,Bayer 04 Leverkusen,19,9,9,bayer-04-leverkusen,6,19,https://cmtracker.fra1.cdn.digitaloceanspaces.com/DB/26/heads/p262151.png,0,9,5,1519,2,Left,2,5,1,1,,178,76,Male,,,No,No,14000000,12000000,10000000,54000,45500,39000,"Long Ball Pass, Anticipate, Press Proven, Bruiser",,69,49,62,73,69,78,CDM,CM,False,False,False,ezequiel-fernandez,16,69,69,71,73,66,70,66,63,63,59
65,73,77,68,69,78,61,75,73,77,48,73,79,77,73,78,68,58,67,72,77,50,72,64,62,55,57,76,48,14,15,7,9,14,69,56,73,69,72,67,12,2025-07-02,2029-06-01,0,34,Holland,Luciano,Valente,Valente,Luciano Valente,22276,37448,37448,262221,2029,75,83,2003-10-04T00:00:00.000Z,21,246,Feyenoord,10,10,5,feyenoord,40,10,https://cmtracker.fra1.cdn.digitaloceanspaces.com/DB/26/heads/p262221.png,5,3,2,1508,5,Right,3,3,1,0,,189,78,Male,,,No,No,15000000,12500000,11000000,13500,11500,9900,Inventive,,69,64,73,75,56,70,CAM,CM,False,False,False,luciano-valente,19,66,64,61,66,74,73,74,73,73,71
52,59,32,31,74,29,79,78,26,46,13,9,50,14,12,11,8,12,13,31,27,12,57,9,12,12,8,13,14,77,74,76,80,75,14,12,17,50,51,27,77,2021-07-01,2029-06-01,0,21,Germany,Noah,Atubolu,Atubolu,Noah Atubolu,27292,2958,2958,262659,1225,78,83,2002-05-25T00:00:00.000Z,23,25,SC Freiburg,19,5,4,sc-freiburg,1,19,https://cmtracker.fra1.cdn.digitaloceanspaces.com/DB/26/heads/p262659.png,0,4,7,1024,6,Right,1,3,1,1,,190,99,Male,,,Yes,No,20000000,17000000,14500000,17000,14500,12500,,"GK Footwork, GK Far Reach",56,18,24,35,12,52,GK,-,False,False,False,noah-atubolu,76,25,25,26,26,27,28,28,28,25,28
77,77,78,86,70,76,67,76,49,79,58,68,79,83,73,84,67,73,51,77,81,62,75,72,60,58,70,74,70,7,5,7,6,10,69,60,79,72,79,68,7,2025-07-01,2030-06-01,0,10,Croatia,Martin,Baturina,Baturina,Martin Baturina,23881,3889,3889,262842,2105,78,83,2003-02-16T00:00:00.000Z,22,1745,Como,31,6,10,como,20,31,https://cmtracker.fra1.cdn.digitaloceanspaces.com/DB/26/heads/p262842.png,3,9,2,2007,2,Right,3,4,1,0,,172,68,Male,,,No,No,25500000,21500000,18500000,83000,71000,61000,"Finesse Shot, Incisive Pass, Inventive, Technical, First Touch",,77,70,76,81,58,66,CAM,CM,False,False,False,martin-baturina,14,70,68,62,69,77,76,77,76,77,71
55,64,62,64,81,60,76,69,70,69,73,28,40,62,38,51,19,21,68,60,68,73,48,30,76,68,28,31,35,7,15,13,11,11,45,73,45,59,63,53,12,2025-08-25,2029-06-01,0,21,Germany,Clemens,Riedel,Riedel,Clemens Riedel,7472,31284,31284,263575,1644,72,83,2003-07-19T00:00:00.000Z,21,452,RCD Espanyol,53,4,3,rcd-espanyol,38,53,https://cmtracker.fra1.cdn.digitaloceanspaces.com/DB/26/heads/p263575.png,1,1,1,13,5,Right,2,3,1,0,,186,83,Male,,,No,No,6000000,4900000,4200000,13000,11000,9400,Slide Tackle,,60,31,43,63,72,72,CB,-,False,False,False,clemens-riedel,17,63,65,71,67,51,56,50,48,48,48
70,68,72,63,76,70,75,75,79,75,72,72,75,77,63,77,66,54,65,75,76,73,75,73,73,68,69,70,63,6,6,8,9,6,68,72,71,74,70,73,7,2025-01-01,2030-06-01,0,58,Paraguay,Diego,Gómez,Gomez,Diego Gómez,9256,14255,13511,269278,2094,75,82,2003-03-27T00:00:00.000Z,22,1808,Brighton & Hove Albion,13,5,9,brighton-hove-albion,25,13,https://cmtracker.fra1.cdn.digitaloceanspaces.com/DB/26/heads/p269278.png,0,9,4,1546,1,Right,2,3,1,0,,183,77,Male,,,No,No,13500000,11500000,10000000,69000,58000,50000,,,69,70,69,73,70,75,CM,CDM | LM,True,False,False,diego-gomez,14,71,70,72,74,72,74,74,73,72,71
79,84,75,75,81,73,73,69,67,66,39,70,61,70,52,68,73,50,69,46,68,45,73,74,45,23,73,60,67,6,14,6,5,8,67,38,59,75,77,62,8,2022-01-04,2026-06-30,1,45,Spain,Mateo,Joseph,Mateo Joseph,Mateo Joseph,24116,17968,24118,270206,1907,72,82,2003-10-19T00:00:00.000Z,21,8,Leeds United,13,2,7,leeds-united,18,53,https://cmtracker.fra1.cdn.digitaloceanspaces.com/DB/26/heads/p270206.png,0,9,6,505,5,Right,2,3,1,0,,185,74,Male,,,No,No,6500000,5500000,4600000,36000,30500,26000,,,82,72,56,71,44,74,ST,RM | RW,True,False,False,mateo-joseph,14,56,54,53,55,67,62,68,70,69,71
70,65,74,73,68,64,55,72,66,71,68,80,73,74,63,70,69,64,67,74,80,61,72,68,65,64,71,68,58,8,9,8,6,7,70,64,70,66,71,70,8,2023-08-20,2028-06-01,0,27,Italy,Giovanni,Fabbian,Fabbian,Giovanni Fabbian,13325,11357,11357,271019,2025,73,82,2003-01-14T00:00:00.000Z,22,189,Bologna,31,6,6,bologna,80,31,https://cmtracker.fra1.cdn.digitaloceanspaces.com/DB/26/heads/p271019.png,3,5,1,2022,4,Right,3,4,1,0,,186,75,Male,,,Yes,No,8000000,7000000,6000000,34000,29000,25000,,,68,70,70,72,65,63,CM,CAM | CDM,True,False,False,giovanni-fabbian,14,67,67,65,69,71,73,73,72,71,71
81,80,83,67,64,68,63,69,54,70,47,70,71,74,74,76,70,58,42,71,73,52,80,75,55,45,62,77,58,13,13,8,14,12,65,51,72,70,76,62,12,2024-08-26,2030-06-01,0,56,Colombia,Yáser,Asprilla,Asprilla,Yáser Asprilla,39856,2861,2861,271464,1989,74,82,2003-11-19T00:00:00.000Z,21,110062,Girona FC,53,1,9,girona-fc,10,53,https://cmtracker.fra1.cdn.digitaloceanspaces.com/DB/26/heads/p271464.png,21,9,9,1015,1,Left,3,3,1,1,26400000.0,176,71,Male,,,Yes,No,11000000,9500000,8000000,22500,19000,16000,,,81,69,71,73,48,62,RM,RW | LM,True,False,False,yaser-asprilla,18,64,61,55,61,73,69,73,72,74,69
75,71,68,74,81,74,76,71,74,69,72,40,61,70,68,68,39,40,70,65,71,71,57,42,73,71,35,69,45,13,7,12,14,13,57,72,63,66,72,61,12,2025-07-01,2029-06-01,0,14,England,Bashir,Humphreys,Humphreys,Bashir Humphreys,3824,15764,15764,272777,1919,73,82,2003-03-15T00:00:00.000Z,22,1796,Burnley,13,2,7,burnley,12,13,https://cmtracker.fra1.cdn.digitaloceanspaces.com/DB/26/heads/p272777.png,0,9,7,1042,5,Left,2,5,1,2,,187,79,Male,,,Yes,No,7500000,6500000,5500000,39500,33500,28500,,,73,43,62,70,71,76,LB,CB | RB | CDM,True,False,False,bashir-humphreys,18,71,71,72,70,65,65,62,60,62,58
65,77,65,61,81,76,80,77,75,75,76,64,69,76,73,72,49,42,73,72,76,74,62,48,76,75,46,59,45,11,14,11,9,14,64,75,65,70,69,68,12,2024-07-26,2029-06-01,0,108,Côte d'Ivoire,Guéla,Doué,G.Doué,Guéla Doué,14184,9773,12562,275208,2018,77,82,2002-10-17T00:00:00.000Z,22,76,RC Strasbourg,16,6,9,rc-strasbourg,22,16,https://cmtracker.fra1.cdn.digitaloceanspaces.com/DB/26/heads/p275208.png,21,3,5,1007,5,Right,3,3,1,2,,187,84,Male,,,Yes,No,18000000,15000000,13000000,47000,40000,34500,,,71,52,65,71,75,78,RB,CB | RM,True,False,False,guela-doue,19,74,74,75,75,71,71,69,68,68,66
90,90,83,85,73,65,60,70,59,70,54,70,63,69,66,72,70,54,53,55,67,33,69,69,33,24,62,65,65,5,8,12,6,5,64,30,63,68,84,64,8,2025-07-18,2029-06-01,0,38,Portugal,Carlos Roberto,Forbs Borges,Forbs,Carlos Forbs,6412,12133,12132,277426,1894,72,82,2004-03-19T00:00:00.000Z,21,231,Club Brugge,4,10,9,club-brugge,9,4,https://cmtracker.fra1.cdn.digitaloceanspaces.com/DB/26/heads/p277426.png,0,9,10,1042,7,Left,3,2,1,1,,169,58,Male,,,No,No,6000000,5500000,4500000,18000,15000,13000,"Rapid, Quick Step",,90,68,62,75,39,64,RM,RW | LW,True,False,False,carlos-roberto-forbs-borges,13,58,55,48,54,70,63,69,70,72,69
72,68,75,67,74,63,69,72,70,69,26,72,75,75,64,73,68,62,64,68,75,41,69,62,45,42,56,73,44,9,13,10,10,7,66,43,71,68,71,60,10,2022-07-01,2028-06-01,0,45,Spain,Unai,Gómez Etxebarria,Unai G.,Unai Gómez,37251,14260,37253,277708,1902,73,82,2003-05-25T00:00:00.000Z,22,448,Athletic Club de Bilbao,53,7,10,athletic-club-de-bilbao,20,53,https://cmtracker.fra1.cdn.digitaloceanspaces.com/DB/26/heads/p277708.png,19,3,3,2020,2,Left,3,3,1,0,,183,75,Male,,,Yes,No,8000000,7000000,6000000,30000,25500,22000,,,70,62,70,72,44,69,CAM,CM | LM,True,False,False,unai-gomez-etxebarria,16,57,55,53,57,71,68,72,71,71,69
76,81,75,58,83,81,80,71,69,69,71,67,66,73,69,71,52,43,69,64,69,69,68,49,69,66,49,61,41,15,6,13,10,6,62,68,63,73,73,64,10,2025-07-23,2030-06-01,0,45,Spain,Marc,Pubill Pagès,Marc Pubill,Pubill,23525,30150,23541,266039,1979,73,82,2003-06-20T00:00:00.000Z,22,240,Atlético de Madrid,53,9,7,atletico-de-madrid,18,53,https://cmtracker.fra1.cdn.digitaloceanspaces.com/DB/26/heads/p266039.png,3,9,2,4022,5,Right,2,3,1,2,,190,86,Male,,,No,No,7500000,6500000,5500000,39500,33500,28500,"Block, Aerial Fortress, Relentless, Bruiser",,79,54,62,70,69,78,RB,RM,False,False,False,marc-pubill-pages,16,71,71,70,70,70,68,67,67,68,66
85,84,80,83,78,64,64,76,63,72,39,75,69,76,69,77,72,52,64,56,71,39,78,73,26,24,63,70,61,8,13,15,10,7,68,30,67,72,82,64,11,2025-08-24,2029-06-01,0,14,England,Jonathan,Rowe,Rowe,Jonathan Rowe,17842,31868,31868,266500,1956,75,82,2003-04-30T00:00:00.000Z,22,189,Bologna,31,6,6,bologna,11,31,https://cmtracker.fra1.cdn.digitaloceanspaces.com/DB/26/heads/p266500.png,0,9,10,1038,2,Right,3,4,1,1,,178,73,Male,,,No,No,13500000,11500000,10000000,41000,34500,29500,"Rapid, Quick Step",,85,70,65,77,38,67,LM,RM | LW,False,False,False,jonathan-rowe,17,57,54,48,54,73,66,73,75,75,73
85,79,78,80,64,62,62,72,41,72,17,71,68,78,71,80,71,58,37,61,72,29,77,71,21,23,58,75,49,11,8,11,13,9,62,25,71,68,79,53,11,2024-07-07,2028-06-01,0,117,Ghana,Ernest,Nuamah,Nuamah,Ernest Nuamah,10986,27487,27487,268763,1834,75,82,2003-11-01T00:00:00.000Z,21,66,Olympique Lyonnais,16,6,1,olympique-lyonnais,37,16,https://cmtracker.fra1.cdn.digitaloceanspaces.com/DB/26/heads/p268763.png,0,9,9,1038,2,Left,4,3,1,1,,178,71,Male,,,No,No,13500000,11500000,10000000,16500,14000,12000,"Gamechanger, Rapid, Quick Step",,82,66,68,77,25,57,RM,RW,False,False,False,ernest-nuamah,17,53,48,38,48,73,65,73,73,75,69
58,39,42,40,61,24,51,68,24,30,11,6,45,12,11,9,6,11,10,25,15,6,53,8,13,13,6,11,19,74,73,70,75,71,10,11,14,40,50,23,73,2025-07-01,2029-06-01,0,51,Serbia,Filip,Stanković,Stanković,Filip Stanković,11913,34812,34812,269271,1090,74,82,2002-02-25T00:00:00.000Z,23,205,Venezia,32,7,6,venezia,1,32,https://cmtracker.fra1.cdn.digitaloceanspaces.com/DB/26/heads/p269271.png,0,4,3,29,5,Right,1,3,1,1,,187,78,Male,,,Yes,No,9500000,8000000,7000000,2900,2400,2100,,,49,16,20,34,11,40,GK,-,False,False,False,filip-stankovic,72,20,21,20,21,23,22,23,23,22,23
79,76,77,83,57,72,43,71,42,63,20,72,70,74,65,73,75,63,50,66,73,36,68,69,38,42,57,69,75,13,8,15,8,12,64,39,69,62,78,57,12,2024-07-12,2028-06-01,0,45,Spain,Gerard,Fdez. Castellano,Peque,Peque,13086,11659,29304,270301,1874,73,82,2002-10-04T00:00:00.000Z,22,481,Sevilla FC,53,8,4,sevilla-fc,14,53,https://cmtracker.fra1.cdn.digitaloceanspaces.com/DB/26/heads/p270301.png,26,7,1,2022,2,Right,3,4,1,0,16100000.0,172,66,Male,,,Yes,No,8000000,7000000,6000000,24000,20500,17500,,,78,69,68,74,37,54,CAM,LW | ST | CM,False,False,False,gerard-fdez-castellano,17,57,54,43,52,72,67,72,72,72,68
57,50,62,56,72,66,76,60,66,66,69,43,68,71,47,57,37,48,62,68,72,66,59,40,71,64,33,36,49,13,9,7,10,5,51,67,56,63,57,61,9,2024-08-05,2029-06-01,0,4,Austria,Nikolas,Sattlberger,Sattlberger,Nikolas Sattlberger,27153,32907,32907,270995,1735,70,82,2004-01-18T00:00:00.000Z,21,673,Genk,4,9,8,genk,24,4,https://cmtracker.fra1.cdn.digitaloceanspaces.com/DB/26/heads/p270995.png,3,3,1,22,4,Right,2,3,1,1,,191,73,Male,,,No,No,4400000,3700000,3200000,11500,9900,8500,,,54,44,57,62,66,70,CDM,CM,False,False,False,nikolas-sattlberger,14,63,63,67,68,58,64,60,56,56,54
72,75,54,56,86,58,83,68,74,66,67,39,54,67,27,57,22,25,71,65,70,69,39,18,75,72,28,34,35,10,8,11,11,8,44,72,50,57,65,56,10,2025-07-17,2030-06-01,0,4,Austria,Samson,Baidoo,Baidoo,Samson Baidoo,32564,3393,3393,270997,1674,73,82,2004-03-31T00:00:00.000Z,21,64,RC Lens,16,5,3,rc-lens,6,16,https://cmtracker.fra1.cdn.digitaloceanspaces.com/DB/26/heads/p270997.png,21,9,9,1024,5,Right,2,3,1,0,,190,82,Male,,,No,No,7500000,6500000,5500000,16500,14000,12000,Long Ball Pass,,74,30,46,61,71,75,CB,-,False,False,False,samson-baidoo,15,63,65,72,68,56,60,56,53,52,51
79,78,82,81,72,80,65,63,78,67,67,66,68,73,76,73,59,61,55,67,71,68,58,57,73,71,54,69,62,12,5,7,13,9,63,71,69,67,77,68,10,2024-07-13,2028-06-01,0,27,Italy,Mattia,Zanotti,Zanotti,Mattia Zanotti,24235,39990,39990,271573,2039,73,82,2003-01-11T00:00:00.000Z,22,10032,FC Lugano,189,6,3,fc-lugano,46,189,https://cmtracker.fra1.cdn.digitaloceanspaces.com/DB/26/heads/p271573.png,19,3,3,2019,2,Right,3,3,1,2,,173,71,Male,,,No,No,7500000,6500000,5500000,9800,8300,7100,"Low Driven Shot, Jockey, Press Proven, Bruiser",,79,59,69,73,67,74,RB,RM,False,False,False,mattia-zanotti,15,72,71,68,70,71,69,69,67,70,64
61,63,62,61,71,80,74,70,69,72,68,62,73,71,67,70,61,66,60,73,77,69,62,60,72,68,56,70,60,7,6,13,9,5,65,70,70,70,64,68,8,2023-07-12,2027-06-01,0,35,Northern Ireland,Shea,Charles,Charles,Shea Charles,33717,6916,6916,276695,1988,72,82,2003-11-05T00:00:00.000Z,21,17,Southampton,14,10,7,southampton,24,14,https://cmtracker.fra1.cdn.digitaloceanspaces.com/DB/26/heads/p276695.png,0,9,6,1005,5,Right,3,3,1,0,,189,77,Male,,,No,No,6000000,5000000,4500000,32500,27500,23500,"Dead Ball, Jockey, Intercept, Aerial Fortress, Press Proven",,62,60,71,68,67,74,CM,CDM,False,False,False,shea-charles,14,70,69,69,71,69,71,69,67,67,64
81,85,77,83,69,83,61,73,73,68,67,65,67,76,70,75,48,42,50,66,71,62,60,49,71,68,39,68,47,8,15,9,13,12,56,67,66,65,80,65,12,2025-07-02,2030-06-01,0,46,Sweden,Samuel,Dahl,Dahl,Samuel Dahl,32576,8329,8329,277252,1971,73,82,2003-03-04T00:00:00.000Z,22,234,Benfica,308,10,10,benfica,26,308,https://cmtracker.fra1.cdn.digitaloceanspaces.com/DB/26/heads/p277252.png,6,2,2,4024,2,Left,3,3,1,2,,171,68,Male,,,No,No,7500000,6500000,5500000,14000,12000,10500,,,83,51,64,75,64,72,LB,LM,False,False,False,samuel-dahl,18,72,71,66,69,72,69,69,68,70,63
82,78,75,86,85,73,72,77,64,79,23,80,68,78,57,78,81,56,72,54,69,32,79,78,21,17,75,67,78,9,12,9,8,14,71,24,67,78,80,66,11,2025-08-18,2030-06-01,0,18,France,Arnaud,Kalimuendo,Kalimuendo,Arnaud Kalimuendo,2654,18688,18688,253444,1986,78,82,2002-01-20T00:00:00.000Z,23,14,Nottingham Forest,13,6,10,nottingham-forest,15,13,https://cmtracker.fra1.cdn.digitaloceanspaces.com/DB/26/heads/p253444.png,0,9,10,1015,3,Right,3,3,2,0,,178,79,Male,,,Yes,No,24000000,20500000,17500000,0,0,0,Low Driven Shot,,80,79,62,79,33,74,ST,-,True,False,False,arnaud-kalimuendo,17,53,49,46,50,73,66,74,77,75,77
85,79,87,91,49,48,34,71,68,57,58,69,68,76,68,79,65,35,36,62,70,59,64,57,63,60,39,59,45,8,11,13,10,9,56,61,63,51,83,61,11,2022-01-28,2026-06-01,0,95,United States,Kevin,Paredes,Paredes,Kevin Paredes,19357,28813,28813,255272,1852,73,82,2003-05-07T00:00:00.000Z,22,175,VfL Wolfsburg,19,6,8,vfl-wolfsburg,40,19,https://cmtracker.fra1.cdn.digitaloceanspaces.com/DB/26/heads/p255272.png,0,4,4,1005,1,Left,4,3,1,1,,175,61,Male,,,Yes,No,8000000,7000000,6000000,32500,27500,24000,Rapid,,82,57,60,77,55,50,LM,LW | LB,True,False,False,kevin-paredes,16,65,64,57,62,71,67,71,71,73,64
86,75,83,81,75,69,57,70,78,71,43,72,73,77,59,79,72,72,65,73,76,45,75,69,45,43,55,72,66,12,9,14,7,6,66,45,75,69,79,68,10,2025-07-01,2027-06-01,0,52,Argentina,Carlos,Alcaraz,Alcaraz,Carlos Alcaraz,6381,1380,1380,256402,2024,75,82,2002-11-30T00:00:00.000Z,22,7,Everton,13,4,4,everton,24,13,https://cmtracker.fra1.cdn.digitaloceanspaces.com/DB/26/heads/p256402.png,0,3,4,1546,2,Right,4,3,1,0,,176,70,Male,,,No,No,13500000,11500000,10000000,48000,41000,35000,"Technical, Quick Step",,81,68,71,77,48,70,CAM,CM | ST,True,False,False,carlos-alcaraz,15,61,59,55,61,73,70,75,74,74,72
75,76,70,75,72,84,65,77,67,68,76,71,66,76,79,76,52,53,60,72,74,74,69,51,79,77,58,66,54,6,6,6,8,6,65,77,69,69,75,67,7,2025-07-01,2030-06-01,0,18,France,Adrien,Truffert,Truffert,Adrien Truffert,594,36877,36877,256769,2044,78,82,2001-11-20T00:00:00.000Z,23,1943,AFC Bournemouth,13,4,10,afc-bournemouth,3,13,https://cmtracker.fra1.cdn.digitaloceanspaces.com/DB/26/heads/p256769.png,5,5,1,3501,2,Left,3,3,2,2,,176,72,Male,,,Yes,No,22000000,18500000,16000000,0,0,0,Whipped Pass,,76,59,68,74,73,72,LB,LM,True,False,False,adrien-truffert,14,77,76,72,74,73,72,70,70,71,67
64,65,62,54,81,73,79,69,74,72,72,61,69,73,60,69,55,45,73,72,75,70,68,57,73,72,55,64,50,10,13,15,8,11,64,72,65,72,63,67,12,2025-08-06,2030-06-01,0,18,France,Lesley,Ugochukwu,Ugochukwu,Lesley Ugochukwu,21485,37173,37173,257084,1983,74,82,2004-03-26T00:00:00.000Z,21,1796,Burnley,13,2,7,burnley,8,13,https://cmtracker.fra1.cdn.digitaloceanspaces.com/DB/26/heads/p257084.png,0,9,10,1033,5,Right,3,3,1,1,,191,88,Male,,,Yes,No,10500000,9000000,7500000,36500,31000,26500,Press Proven,,65,58,64,67,72,77,CDM,CM | CAM,True,False,False,lesley-ugochukwu,17,69,70,73,72,67,70,67,66,65,65
88,86,84,85,87,68,63,74,87,66,50,74,62,74,55,75,74,56,68,56,68,38,73,71,50,48,71,67,53,14,9,12,14,11,68,46,66,73,84,66,12,2025-07-08,2027-06-01,0,13,Denmark,Mathias,Kvistgaarden,Kvistgaarden,Mathias Kvistgaarden,24162,20494,20494,257167,2031,74,82,2002-04-15T00:00:00.000Z,23,1792,Norwich City,14,8,5,norwich-city,30,14,https://cmtracker.fra1.cdn.digitaloceanspaces.com/DB/26/heads/p257167.png,6,8,1,9,2,Right,3,3,1,0,,175,68,Male,,,No,No,11000000,9500000,8000000,33500,28500,24500,"Precision Header, Slide Tackle",Career Injury Prone,87,69,61,76,51,76,ST,LW | RW | LM,True,False,False,mathias-kvistgaarden,18,61,60,58,59,71,66,71,73,73,73
80,73,73,65,79,75,72,75,68,77,73,75,77,78,70,77,70,74,62,73,79,65,84,77,70,67,72,77,65,15,12,10,7,11,71,68,76,78,74,73,11,2024-08-02,2028-06-01,0,10,Croatia,Luka,Sučić,Sučić,Luka Sučić,22372,35084,35084,258775,2177,76,82,2002-09-08T00:00:00.000Z,22,457,Real Sociedad,53,7,6,real-sociedad,24,53,https://cmtracker.fra1.cdn.digitaloceanspaces.com/DB/26/heads/p258775.png,5,2,3,2002,4,Left,4,3,1,0,49400000.0,185,71,Male,,,Yes,No,14000000,12000000,10500000,34500,29500,25500,"Power Shot, Technical",,77,74,75,74,67,74,CM,CAM,True,False,False,luka-sucic,18,72,71,70,73,75,75,76,76,75,74
84,84,73,67,86,78,73,72,78,63,73,52,66,70,70,68,35,30,72,68,71,72,55,40,74,76,30,64,40,10,13,10,14,13,56,74,60,67,76,62,12,2023-01-01,2027-06-01,0,129,Morocco,Omar,El Hilali,Omar El Hilali,Omar El Hilali,28088,10481,45825,261654,1944,76,82,2003-09-12T00:00:00.000Z,21,452,RCD Espanyol,53,4,3,rcd-espanyol,23,53,https://cmtracker.fra1.cdn.digitaloceanspaces.com/DB/26/heads/p261654.png,0,3,4,1503,1,Right,3,3,1,2,27600000.0,183,75,Male,,,Yes,No,13500000,11500000,9500000,18000,15000,13000,Slide Tackle,Career One Club Player,84,42,62,69,73,79,RB,CB | RM,True,False,False,omar-el-hilali,18,73,74,73,72,68,67,64,62,65,59
65,76,68,75,75,80,75,71,73,75,65,72,75,74,74,72,67,67,68,68,77,62,79,72,74,71,74,72,67,11,5,9,5,10,72,69,71,77,71,72,8,2024-08-01,2029-06-01,0,38,Portugal,Paulo Guilherme,Gonçalves Bernardo,P. Bernardo,Paulo Bernardo,29057,13584,28512,263439,2123,73,82,2002-01-24T00:00:00.000Z,23,78,Celtic,50,10,9,celtic,28,50,https://cmtracker.fra1.cdn.digitaloceanspaces.com/DB/26/heads/p263439.png,20,3,3,9,1,Right,3,4,1,0,,184,78,Male,,,Yes,No,8000000,6500000,6000000,39500,33500,29000,Technical,,71,72,72,73,68,76,CM,CDM,True,False,False,paulo-guilherme-goncalves-bernardo,14,72,71,70,71,72,73,72,72,72,71
64,66,47,52,78,70,72,53,70,55,80,26,32,48,33,33,25,34,74,61,66,81,47,22,73,70,28,31,46,7,6,15,15,10,46,75,42,58,57,52,11,2025-05-09,2029-06-01,0,83,Mexico,Jesús,Orozco Chiquete,J. Orozco,Jesús Orozco Chiquete,17484,28261,16786,263836,1590,72,82,2002-02-19T00:00:00.000Z,23,111592,NG - FA,382,5,6,ng-fa,99,382,https://cmtracker.fra1.cdn.digitaloceanspaces.com/DB/26/heads/p263836.png,0,3,4,1534,5,Left,2,3,1,0,,189,76,Male,,,No,No,5500000,4900000,4200000,11500,9700,8400,,,65,32,43,48,76,73,CB,-,True,False,False,jesus-orozco-chiquete,14,62,65,72,66,46,51,43,42,42,45
93,95,86,83,68,74,56,66,54,65,27,70,62,70,64,73,63,48,47,57,65,34,75,63,27,47,56,65,56,8,10,11,8,12,59,36,63,68,85,56,10,2025-08-12,2030-06-01,0,34,Holland,Ernest,Poku,Poku,Ernest Poku,10986,29828,29828,264219,1858,72,82,2004-01-28T00:00:00.000Z,21,32,Bayer 04 Leverkusen,19,9,9,bayer-04-leverkusen,19,19,https://cmtracker.fra1.cdn.digitaloceanspaces.com/DB/26/heads/p264219.png,0,9,10,1038,2,Right,3,5,1,1,6800000.0,173,63,Male,,,No,No,6000000,5500000,4500000,36500,31000,27000,"Slide Tackle, Rapid, Quick Step",,94,64,60,74,36,63,RM,RW | CAM,True,False,False,ernest-poku,15,57,55,44,50,70,61,68,70,71,67
64,69,56,65,76,75,76,75,72,67,75,24,44,64,57,52,33,28,70,66,66,76,42,40,75,76,21,32,41,7,14,9,10,14,50,76,49,62,66,54,11,2023-07-24,2028-06-01,0,38,Portugal,Alexandre,Penetra Correia,Penetra,Alexandre Penetra,1504,29264,29263,264288,1731,74,82,2001-09-09T00:00:00.000Z,23,1906,AZ,10,8,9,az,5,10,https://cmtracker.fra1.cdn.digitaloceanspaces.com/DB/26/heads/p264288.png,0,9,4,1547,5,Right,2,2,1,0,,185,73,Male,,,No,No,10500000,8500000,7500000,16500,14000,12000,"Block, Anticipate",,67,34,49,63,74,75,CB,RB | CDM,True,False,False,alexandre-penetra-correia,18,69,71,73,70,56,59,53,51,53,51
76,74,76,70,74,71,62,72,56,71,30,77,73,80,76,78,77,84,65,72,75,24,77,75,40,35,71,78,69,15,12,12,10,10,73,33,79,72,74,63,12,2019-10-26,2026-06-30,1,27,Italy,Sebastiano,Esposito,Esposito,Sebastiano Esposito,33219,11069,11069,247888,2017,75,82,2002-07-02T00:00:00.000Z,22,131682,Lombardia FC,31,9,2,lombardia-fc,94,31,https://cmtracker.fra1.cdn.digitaloceanspaces.com/DB/26/heads/p247888.png,19,4,3,2004,1,Right,4,5,1,0,,183,76,Male,,,Yes,No,13500000,11500000,10000000,29500,25000,21500,"Dead Ball, Incisive Pass",,75,74,76,75,39,66,ST,CAM,False,False,False,sebastiano-esposito,18,58,55,48,56,75,70,75,76,76,74
91,88,88,83,59,74,46,71,47,72,18,74,71,78,69,80,76,65,41,47,72,44,71,66,38,26,54,68,69,9,9,15,10,11,63,36,68,64,85,59,11,2024-08-03,2029-06-01,0,34,Holland,Crysencio,Summerville,Summerville,Crysencio Summerville,7973,35178,35178,251954,1900,76,82,2001-10-30T00:00:00.000Z,23,19,West Ham United,13,3,8,west-ham-united,7,13,https://cmtracker.fra1.cdn.digitaloceanspaces.com/DB/26/heads/p251954.png,0,9,8,1016,7,Right,3,3,1,1,,169,64,Male,,,No,No,14000000,12000000,10000000,61000,52000,44500,"Rapid, First Touch, Quick Step",,90,68,65,79,33,57,LM,LW,False,False,False,crysencio-summerville,16,58,54,43,51,75,65,74,75,76,70
82,81,83,83,68,60,49,71,48,79,20,72,72,77,70,77,72,72,62,70,73,23,75,71,32,28,70,75,78,6,9,8,7,10,70,28,75,65,80,62,8,2018-07-01,2026-06-30,1,45,Spain,Anssumane,Fati,Ansu Fati,Ansu Fati,2312,11585,2314,253004,1933,75,82,2002-10-31T00:00:00.000Z,22,241,FC Barcelona,53,10,2,fc-barcelona,31,16,https://cmtracker.fra1.cdn.digitaloceanspaces.com/DB/26/heads/p253004.png,0,3,9,1024,402,Right,4,4,1,1,,178,66,Male,,,Yes,No,13500000,11500000,10000000,66000,56000,48000,Quick Step,,82,73,72,78,33,56,LM,LW | ST,False,False,False,anssumane-fati,14,54,51,42,50,73,67,74,74,74,71
65,69,73,75,66,84,66,73,82,74,69,68,72,73,58,71,60,57,55,73,74,70,68,60,72,71,56,64,56,14,14,14,9,12,61,71,68,69,71,71,13,2019-06-26,2027-06-01,0,14,England,Hayden,Hackney,Hackney,Hayden Hackney,14890,14374,14374,253054,2037,74,82,2002-06-26T00:00:00.000Z,23,12,Middlesbrough,14,7,6,middlesbrough,7,14,https://cmtracker.fra1.cdn.digitaloceanspaces.com/DB/26/heads/p253054.png,3,6,2,29,1,Right,3,3,1,1,,178,70,Male,,,No,No,10500000,9000000,7500000,29000,24500,21000,"Long Ball Pass, Inventive, Press Proven",,67,61,66,73,67,75,CDM,CM,False,False,False,hayden-hackney,19,70,70,69,72,69,72,70,68,68,66
80,82,76,74,68,70,65,72,61,68,40,70,73,78,65,79,70,61,49,64,73,24,68,64,44,27,59,73,71,11,9,12,14,15,64,32,71,67,77,64,13,2025-07-01,2030-06-01,0,45,Spain,Robert,Navarro Muñoz,Navarro,Robert Navarro,31443,26702,26694,253130,1929,75,82,2002-04-12T00:00:00.000Z,23,448,Athletic Club de Bilbao,53,7,10,athletic-club-de-bilbao,23,53,https://cmtracker.fra1.cdn.digitaloceanspaces.com/DB/26/heads/p253130.png,5,4,3,1502,1,Right,4,3,1,1,21800000.0,178,65,Male,,,Yes,No,13500000,11500000,9500000,35500,30000,26000,"Gamechanger, Technical",,81,67,68,75,37,66,RM,LM | RW,False,False,False,robert-navarro-munoz,18,58,54,48,56,73,68,73,73,74,69
85,91,76,79,78,78,71,71,84,78,71,74,72,76,72,81,66,54,56,71,74,70,78,74,74,69,54,60,50,15,6,14,10,6,65,71,69,76,81,72,11,2023-08-04,2026-06-30,1,95,United States,Yunus,Musah,Musah,Yunus Musah,39811,26119,26119,253177,2138,74,82,2002-11-29T00:00:00.000Z,22,131681,Milano FC,31,9,5,milano-fc,6,31,https://cmtracker.fra1.cdn.digitaloceanspaces.com/DB/26/heads/p253177.png,3,9,10,1016,2,Right,4,3,1,0,,178,71,Male,,,Yes,No,11000000,9500000,8000000,35500,30000,26000,Rapid,,88,66,67,77,68,78,CM,CDM | RM | CAM,False,False,False,yunus-musah,16,74,73,71,73,76,73,75,75,75,72
75,64,77,71,61,59,64,73,52,71,64,73,78,82,65,80,73,66,40,78,81,58,78,78,65,58,61,75,50,11,14,14,15,11,64,61,77,68,72,65,13,2025-07-01,2029-06-01,0,51,Serbia,Lazar,Samardžić,Samardžić,Lazar Samardžić,21123,32514,32514,256115,2035,76,82,2002-02-24T00:00:00.000Z,23,115845,Bergamo Calcio,31,7,7,bergamo-calcio,10,31,https://cmtracker.fra1.cdn.digitaloceanspaces.com/DB/26/heads/p256115.png,0,7,2,56,2,Left,4,3,1,0,20900000.0,184,79,Male,,,Yes,No,14000000,12000000,10000000,53000,45000,39000,"Tiki Taka, Technical",,70,69,74,76,57,59,CM,CDM | CAM,False,False,False,lazar-samardzic,19,67,65,61,69,74,75,77,75,75,71
77,74,82,86,50,62,39,71,42,73,39,75,71,78,60,76,73,53,43,69,73,49,66,65,54,32,61,65,49,14,5,8,10,10,62,45,69,57,78,59,10,2024-08-12,2029-06-01,0,38,Portugal,Fábio Leandro,Carvalho,Carvalho,Fábio Carvalho,12484,6510,6510,256725,1854,74,82,2002-08-30T00:00:00.000Z,22,1925,Brentford,13,3,9,brentford,14,13,https://cmtracker.fra1.cdn.digitaloceanspaces.com/DB/26/heads/p256725.png,0,9,5,1539,7,Right,4,4,1,0,,170,62,Male,,,No,No,11000000,9500000,8000000,55000,46500,40000,Technical,,76,65,65,78,43,48,CAM,CM,False,False,False,fabio-leandro-carvalho,16,59,56,48,58,72,69,73,73,73,68
85,87,78,80,79,80,66,72,61,74,40,79,70,81,59,80,78,51,67,65,74,35,74,65,37,29,70,68,70,8,14,9,7,13,70,34,69,73,81,66,11,2025-08-16,2029-06-01,0,38,Portugal,Tiago,B. de Melo Tomás,Tiago Tomás,Tiago Tomás,36302,3229,36327,257073,2005,76,82,2002-06-16T00:00:00.000Z,23,36,VfB Stuttgart,19,7,5,vfb-stuttgart,8,19,https://cmtracker.fra1.cdn.digitaloceanspaces.com/DB/26/heads/p257073.png,0,3,4,1533,1,Right,4,3,1,0,22800000.0,180,78,Male,,,Yes,No,14000000,12000000,10000000,37500,32000,27500,Rapid,,86,73,65,78,42,72,LW,LM | ST,False,False,False,tiago-b-de-melo-tomas,17,59,57,51,57,75,70,76,77,76,75
59,68,55,63,79,70,80,75,74,73,76,56,66,69,45,62,33,22,73,72,76,74,59,45,78,77,38,45,37,9,14,14,12,11,53,77,54,67,64,64,12,2022-01-29,2028-06-01,0,18,France,Ismaël,Doukouré,Doukoure,Ismaël Doukouré,16561,9759,9758,257090,1859,76,82,2003-07-24T00:00:00.000Z,21,76,RC Strasbourg,16,6,9,rc-strasbourg,6,16,https://cmtracker.fra1.cdn.digitaloceanspaces.com/DB/26/heads/p257090.png,0,9,10,1033,2,Right,2,3,1,0,,183,83,Male,,,Yes,No,13000000,11000000,9500000,37000,31500,27000,,,64,45,54,66,76,76,CB,CDM | CM,False,False,False,ismael-doukoure,18,69,70,75,74,62,68,63,61,59,59
74,77,78,77,76,90,76,73,88,75,70,70,73,76,69,75,60,67,57,72,75,67,70,62,72,70,60,76,56,9,5,10,7,11,65,70,74,75,76,72,9,2024-08-28,2028-06-01,0,145,Tunisia,Hannibal,Mejbri,Hannibal,Hannibal,14659,24683,14659,258171,2123,74,82,2003-01-21T00:00:00.000Z,22,1796,Burnley,13,2,7,burnley,28,13,https://cmtracker.fra1.cdn.digitaloceanspaces.com/DB/26/heads/p258171.png,6,3,3,1506,1,Right,3,3,1,0,,182,70,Male,,,Yes,No,11000000,9500000,8000000,46000,39000,33500,,,76,63,72,76,67,83,CM,CAM,False,False,False,hannibal-mejbri,15,73,72,71,74,73,73,72,71,72,68
80,80,82,76,57,67,42,75,52,67,54,71,66,73,60,75,73,41,52,64,70,54,69,61,49,51,45,56,56,10,13,10,10,14,60,52,62,60,79,61,12,2024-06-14,2029-06-01,0,38,Portugal,Rodrigo,Martins Gomes,R. Gomes,Rodrigo Gomes,31534,23905,30420,259170,1875,72,82,2003-07-07T00:00:00.000Z,21,110,Wolverhampton Wanderers,13,4,8,wolverhampton-wanderers,21,13,https://cmtracker.fra1.cdn.digitaloceanspaces.com/DB/26/heads/p259170.png,3,9,2,4004,1,Right,3,3,1,0,,175,67,Male,,,No,No,6000000,5500000,4500000,41000,35000,30000,,,80,63,60,75,52,55,LW,LM | RM,False,False,False,rodrigo-martins-gomes,18,63,61,54,60,71,67,71,71,72,68
75,73,79,82,58,75,59,67,53,74,54,69,79,75,54,74,70,74,38,74,75,45,73,73,59,53,42,75,66,13,9,12,11,13,56,53,75,68,76,66,12,2025-09-01,2030-06-01,0,47,Switzerland,Fabian,Rieder,Rieder,Fabian Rieder,11362,31285,31285,259306,1975,74,82,2002-02-16T00:00:00.000Z,23,100409,FC Augsburg,19,4,6,fc-augsburg,32,19,https://cmtracker.fra1.cdn.digitaloceanspaces.com/DB/26/heads/p259306.png,0,4,1,3510,1,Left,3,3,1,0,,179,74,Male,,,Yes,No,11000000,9500000,8000000,29500,25000,21500,"Dead Ball, Incisive Pass, Long Ball Pass, Whipped Pass, First Touch",,74,66,72,75,50,61,CAM,CM | RM,False,False,False,fabian-rieder,17,63,61,55,64,71,72,73,72,71,67
78,83,74,67,78,82,71,73,56,71,68,74,76,74,59,78,66,39,61,68,76,59,69,63,66,59,60,53,52,11,14,10,8,7,65,62,63,73,75,67,10,2022-08-17,2026-06-30,1,21,Germany,Merlin,Röhl,Röhl,Merlin Röhl,24851,32121,32121,259714,2003,74,82,2002-07-05T00:00:00.000Z,22,25,SC Freiburg,19,5,4,sc-freiburg,34,13,https://cmtracker.fra1.cdn.digitaloceanspaces.com/DB/26/heads/p259714.png,3,4,2,1509,4,Right,3,4,1,0,,192,79,Male,,,Yes,No,11000000,9500000,8000000,24500,21000,18000,"Slide Tackle, Rapid",,81,64,62,73,63,72,CAM,CM | CDM | ST,False,False,False,merlin-rohl,16,69,68,65,69,73,73,74,73,73,70
83,85,80,81,81,61,71,74,57,70,28,74,66,77,64,78,75,60,67,60,72,25,79,75,29,23,85,66,66,13,7,5,14,12,73,26,69,74,81,61,11,2025-01-24,2030-06-01,0,18,France,Elye,Wahi,Wahi,Elye Wahi,10698,38388,38388,260407,1963,75,82,2003-01-02T00:00:00.000Z,22,1824,Eintracht Frankfurt,19,8,5,eintracht-frankfurt,17,19,https://cmtracker.fra1.cdn.digitaloceanspaces.com/DB/26/heads/p260407.png,0,9,9,1549,2,Right,4,4,2,0,21800000.0,181,77,Male,,,Yes,No,13500000,11500000,10000000,31000,26500,22500,"Acrobatic, Technical, Quick Step",,84,76,65,77,34,68,ST,-,False,False,False,elye-wahi,18,54,51,46,51,73,66,73,75,75,75
80,85,79,80,59,82,48,75,69,73,76,70,74,76,61,75,72,51,47,72,76,70,72,75,72,66,58,68,52,8,9,9,12,13,63,70,69,68,80,69,11,2025-08-21,2029-06-01,0,95,United States,Paxten,Aaronson,Aaronson,Paxten Aaronson,29111,180,180,260523,2064,75,82,2003-08-26T00:00:00.000Z,21,694,Colorado Rapids,39,4,7,colorado-rapids,10,39,https://cmtracker.fra1.cdn.digitaloceanspaces.com/DB/26/heads/p260523.png,3,5,1,3503,1,Right,4,3,1,0,,175,63,Male,,,No,No,13500000,11500000,10000000,7500,6400,5500,,,83,67,67,76,66,65,CM,CDM | CAM,False,False,False,paxten-aaronson,17,73,72,66,72,74,74,75,74,74,69
71,78,73,62,77,77,79,73,73,67,68,72,76,74,68,72,67,69,59,72,73,62,76,71,66,61,66,73,62,9,6,11,8,12,67,63,72,76,72,70,10,2019-07-05,2028-06-01,0,13,Denmark,Maurits,Kjaergaard,Kjaergaard,Maurits Kjaergaard,24294,19724,19724,260876,2083,73,82,2003-06-26T00:00:00.000Z,22,191,RB Salzburg,80,10,5,rb-salzburg,14,80,https://cmtracker.fra1.cdn.digitaloceanspaces.com/DB/26/heads/p260876.png,1,8,2,2019,4,Left,4,3,1,0,,192,77,Male,,,No,No,8000000,7000000,6000000,15500,13500,11500,"Power Shot, Pinged Pass, Whipped Pass, Aerial Fortress",,75,69,72,70,63,77,CM,CDM | CAM,False,False,False,maurits-kjaergaard,15,69,68,67,70,72,72,72,72,72,70
76,73,74,81,70,74,56,76,69,74,70,73,74,76,78,77,49,71,61,71,75,72,69,68,77,74,64,74,55,11,11,12,9,10,66,75,74,68,76,70,11,2025-07-22,2029-06-01,0,18,France,Quentin,Merlin,Merlin,Quentin Merlin,30340,24851,24851,261616,2104,76,82,2002-05-16T00:00:00.000Z,23,74,Stade Rennais,16,6,5,stade-rennais,26,16,https://cmtracker.fra1.cdn.digitaloceanspaces.com/DB/26/heads/p261616.png,5,2,1,2027,1,Left,3,2,1,2,23100000.0,174,68,Male,,,Yes,No,13000000,11000000,9500000,24500,20500,18000,Whipped Pass,,75,63,74,76,71,67,LB,LM,False,False,False,quentin-merlin,17,74,73,70,72,73,73,72,71,72,66
72,77,44,62,86,77,85,73,78,77,74,36,46,66,53,63,35,32,72,59,69,78,61,32,77,75,34,45,38,12,14,14,11,7,53,77,53,69,66,59,12,2024-07-01,2030-06-01,0,18,France,Maxime,Estève,Estève,Maxime Estève,24331,11124,11124,262042,1834,76,82,2002-05-26T00:00:00.000Z,23,1796,Burnley,13,2,7,burnley,5,13,https://cmtracker.fra1.cdn.digitaloceanspaces.com/DB/26/heads/p262042.png,5,2,2,47,5,Left,2,3,1,0,,193,87,Male,,,No,No,12500000,11000000,9000000,49500,42000,36000,"Jockey, Anticipate",Career One Club Player,75,39,51,64,75,82,CB,-,False,False,False,maxime-esteve,17,70,72,76,71,60,61,56,56,57,57
66,65,71,82,63,76,59,71,71,70,70,72,74,74,62,71,61,71,56,75,75,69,65,61,70,68,50,66,56,7,11,7,8,12,61,69,72,65,71,69,9,2022-07-01,2027-06-01,0,45,Spain,Beñat,Turrientes Imaz,Turrientes,Turrientes,4479,37023,37022,262510,2005,73,82,2002-01-31T00:00:00.000Z,23,457,Real Sociedad,53,7,6,real-sociedad,8,53,https://cmtracker.fra1.cdn.digitaloceanspaces.com/DB/26/heads/p262510.png,6,2,1,24,1,Right,2,3,1,0,,181,70,Male,,,Yes,No,8000000,6500000,6000000,27500,23500,20000,,,66,61,71,73,67,67,CM,CDM,False,False,False,benat-turrientes-imaz,16,69,69,67,71,70,72,71,69,69,65
57,66,69,52,83,82,75,76,64,75,76,69,77,78,74,75,61,53,73,79,79,69,64,64,76,67,46,66,79,10,5,7,5,14,67,71,71,74,64,74,9,2025-07-20,2030-06-01,0,129,Morocco,Neil,El Aynaoui,El Aynaoui,Neil El Aynaoui,26841,10464,10464,262745,2065,76,82,2001-07-02T00:00:00.000Z,23,52,Roma,31,7,6,roma,8,31,https://cmtracker.fra1.cdn.digitaloceanspaces.com/DB/26/heads/p262745.png,6,4,2,4016,5,Right,3,3,1,0,,185,77,Male,,,Yes,No,14000000,12000000,10000000,45500,38500,33500,"Intercept, Aerial Fortress",,62,64,71,71,72,76,CM,CDM,False,False,False,neil-el-aynaoui,15,73,73,73,75,73,76,73,71,71,68
82,74,84,85,79,82,74,76,76,76,69,69,75,78,69,78,67,68,59,74,74,65,74,74,68,67,63,70,63,14,11,7,12,9,67,67,74,77,81,72,11,2025-08-26,2029-06-01,0,22,Greece,Christos,Zafeiris,Zafeiris,Christos Zafeiris,7297,39893,39893,264330,2165,75,82,2003-02-23T00:00:00.000Z,22,266,Slavia Praha,76,10,7,slavia-praha,10,76,https://cmtracker.fra1.cdn.digitaloceanspaces.com/DB/26/heads/p264330.png,3,2,2,2005,3,Right,4,4,1,0,,173,75,Male,,,No,No,13500000,11500000,10000000,26500,22500,19500,"Long Ball Pass, Technical",,78,68,72,80,66,78,CM,CDM,False,False,False,christos-zafeiris,18,72,71,69,72,74,74,75,74,74,71
83,90,84,79,79,81,67,72,33,76,35,78,75,79,71,83,75,53,68,53,69,35,77,78,22,18,73,69,72,13,14,12,9,12,72,25,68,77,82,62,12,2024-07-03,2028-06-01,0,18,France,Matthis,Abline,Abline,Matthis Abline,24230,370,370,264422,1987,76,82,2003-03-28T00:00:00.000Z,22,71,FC Nantes,16,3,2,fc-nantes,10,16,https://cmtracker.fra1.cdn.digitaloceanspaces.com/DB/26/heads/p264422.png,0,3,2,11,2,Right,3,3,1,0,,182,81,Male,,,Yes,No,14500000,12000000,10500000,21000,17500,15500,Gamechanger,,87,76,65,79,36,65,ST,LW | LM,False,False,False,matthis-abline,18,58,54,45,51,76,68,76,77,77,76
82,85,76,76,86,65,73,76,56,77,18,78,62,77,58,78,79,52,75,57,69,18,79,72,15,16,77,59,71,10,12,12,10,13,72,17,65,75,79,61,12,2023-08-30,2028-06-01,0,95,United States,Folarin,Balogun,Balogun,Folarin Balogun,12105,3530,3530,247463,1919,77,82,2001-07-03T00:00:00.000Z,23,69,AS Monaco,16,8,5,as-monaco,9,16,https://cmtracker.fra1.cdn.digitaloceanspaces.com/DB/26/heads/p247463.png,21,3,10,1012,2,Right,3,4,1,0,,178,66,Male,,,Yes,No,19000000,16000000,14000000,35000,29500,25500,Acrobatic,,84,76,60,77,28,70,ST,CAM,False,False,False,folarin-balogun,18,50,47,42,47,72,64,73,75,74,77
64,68,52,60,84,67,83,78,76,78,81,50,67,74,62,70,46,44,77,75,77,80,65,62,80,78,47,65,45,5,5,9,7,9,62,80,66,73,65,67,7,2016-06-29,2028-06-01,0,14,England,Trevoh,Chalobah,Chalobah,Trevoh Chalobah,36804,6819,6819,230918,1990,79,82,1999-07-05T00:00:00.000Z,25,5,Chelsea,13,8,10,chelsea,23,13,https://cmtracker.fra1.cdn.digitaloceanspaces.com/DB/26/heads/p230918.png,0,9,9,1042,4,Right,3,3,1,0,,192,75,Male,,,Yes,No,24500000,20500000,18000000,0,0,0,"Intercept, Slide Tackle",,66,53,65,69,79,78,CB,RB,True,False,False,trevoh-chalobah,14,73,74,79,77,67,71,67,65,65,64
74,74,66,67,84,59,77,82,72,76,81,56,66,77,68,69,48,45,74,80,77,83,78,64,78,77,45,52,47,13,10,10,10,10,63,80,65,73,73,67,11,2024-07-01,2028-06-01,0,163,Japan,Hiroki,Ito,Ito,Hiroki Ito,15347,16601,16601,234205,2049,78,82,1999-05-12T00:00:00.000Z,26,21,Bayern München,19,10,3,bayern-munchen,21,19,https://cmtracker.fra1.cdn.digitaloceanspaces.com/DB/26/heads/p234205.png,6,3,2,555,5,Left,2,3,2,0,,188,84,Male,,,Yes,No,20500000,17500000,15000000,62000,53000,45500,"Jockey, Block",,74,56,65,73,79,73,CB,LB,True,False,False,hiroki-ito,18,74,75,78,77,69,72,69,68,68,67
72,77,73,72,79,85,78,82,87,81,80,80,78,79,75,76,72,73,68,79,82,79,81,74,80,79,70,73,63,7,6,15,9,9,74,80,76,80,76,79,10,2024-08-21,2029-06-01,0,14,England,Conor,Gallagher,Gallagher,Conor Gallagher,7667,12696,12696,238216,2273,80,82,2000-02-06T00:00:00.000Z,25,240,Atlético de Madrid,53,9,7,atletico-de-madrid,4,53,https://cmtracker.fra1.cdn.digitaloceanspaces.com/DB/26/heads/p238216.png,5,2,1,4003,2,Right,3,4,3,0,,182,77,Male,,,Yes,No,31000000,26500000,22500000,76000,65000,56000,"Block, Intercept, Relentless",Career Injury Prone,75,73,77,77,77,82,CM,LM | CDM,True,False,False,conor-gallagher,16,79,78,78,80,77,79,77,77,76,76
79,73,86,84,76,78,69,80,83,83,76,71,77,82,78,83,67,75,62,82,84,75,82,74,81,76,64,79,72,9,12,10,15,16,71,78,81,76,81,77,13,2019-08-04,2027-06-01,0,97,Algeria,Ismaël,Bennacer,Bennacer,Ismaël Bennacer,16561,4204,4204,226754,2293,80,82,1997-12-01T00:00:00.000Z,27,211,Dinamo Zagreb,76,10,2,dinamo-zagreb,99,76,https://cmtracker.fra1.cdn.digitaloceanspaces.com/DB/26/heads/p226754.png,0,3,3,1508,2,Left,3,3,3,1,,175,70,Male,,,Yes,No,27000000,23000000,19500000,29000,24500,21000,"Incisive Pass, Tiki Taka, Technical",,76,72,79,83,74,77,CDM,CM,False,False,False,ismael-bennacer,20,78,77,75,79,78,79,78,77,78,74
79,78,77,78,91,74,90,80,80,79,74,27,57,76,37,65,24,30,75,70,76,78,65,21,78,75,26,36,38,13,6,8,10,16,48,77,56,69,79,60,11,2022-07-01,2029-06-01,0,95,United States,Cameron,Carter-Vickers,Carter-Vickers,Cameron Carter-Vickers,6184,6499,6499,228174,1887,79,82,1997-12-31T00:00:00.000Z,27,78,Celtic,50,10,9,celtic,20,50,https://cmtracker.fra1.cdn.digitaloceanspaces.com/DB/26/heads/p228174.png,0,3,4,1523,3,Right,2,2,1,0,,183,92,Male,,,Yes,No,23500000,20000000,17000000,69000,58000,50000,"Pinged Pass, Jockey, Aerial Fortress, Bruiser",,79,34,51,76,76,84,CB,-,False,False,False,cameron-carter-vickers,18,71,72,78,75,62,66,61,58,58,56
68,59,74,83,60,77,68,70,73,68,76,56,70,77,61,68,47,77,44,77,78,72,72,65,73,73,50,72,47,13,10,5,12,13,56,73,75,69,71,65,11,2023-09-06,2027-06-01,0,48,Turkey,Doğucan,Haspolat,Haspolat,Doğucan Haspolat,9521,14819,14819,235661,2008,76,82,2000-02-11T00:00:00.000Z,25,681,Westerlo,4,3,7,westerlo,34,4,https://cmtracker.fra1.cdn.digitaloceanspaces.com/DB/26/heads/p235661.png,0,3,2,3518,2,Right,3,3,1,1,,177,75,Male,,,No,No,12500000,10500000,9000000,14500,12000,10500,"Dead Ball, Intercept",,64,56,73,73,68,70,CDM,CM,False,False,False,dogucan-haspolat,18,71,70,69,74,67,72,68,65,66,61
68,72,72,74,75,80,81,75,80,77,72,76,75,82,63,81,60,68,59,76,79,72,74,68,74,65,59,70,62,13,9,10,11,12,64,71,76,76,73,74,11,2025-01-31,2028-06-01,0,214,Comoros,Zaydou,Youssouf,Y. Zaydou,Zaydou Youssouf,40032,39726,39212,236830,2144,77,82,1999-07-11T00:00:00.000Z,25,112390,Al Fateh,350,6,2,al-fateh,33,350,https://cmtracker.fra1.cdn.digitaloceanspaces.com/DB/26/heads/p236830.png,0,9,8,1033,2,Left,3,3,1,1,,182,77,Male,,,No,No,16500000,14000000,12000000,22500,19000,16500,Press Proven,,70,67,72,77,68,79,CDM,CM | CB,False,False,False,zaydou-youssouf,18,73,71,72,75,74,76,75,74,73,71
84,79,81,80,90,79,76,78,78,77,23,78,75,82,68,82,79,70,77,76,79,44,79,78,43,40,73,72,70,9,11,11,6,9,76,43,77,81,81,67,10,2025-02-05,2030-06-01,0,56,Colombia,Juan Camilo,Hernández Suárez,C. Hernández,Cucho Hernández,18139,15186,45533,237034,2136,79,82,1999-04-22T00:00:00.000Z,26,449,Real Betis Balompié,53,6,5,real-betis-balompie,19,53,https://cmtracker.fra1.cdn.digitaloceanspaces.com/DB/26/heads/p237034.png,0,3,5,2518,2,Right,4,4,1,0,,175,73,Male,,,Yes,No,27500000,23000000,20000000,42000,36000,31000,"Acrobatic, Quick Step",,82,76,73,80,45,81,ST,CAM,False,False,False,juan-camilo-hernandez-suarez,16,61,59,56,61,78,73,79,79,78,79
65,79,53,46,89,66,90,77,85,72,77,43,52,68,44,59,26,31,81,62,69,77,49,25,80,76,31,46,42,12,13,6,15,11,51,78,54,64,64,62,12,2025-07-01,2030-06-01,0,4,Austria,Kevin,Danso,Danso,Kevin Danso,19357,8546,8546,237985,1817,79,82,1998-09-19T00:00:00.000Z,26,18,Tottenham Hotspur,13,7,8,tottenham-hotspur,4,13,https://cmtracker.fra1.cdn.digitaloceanspaces.com/DB/26/heads/p237985.png,0,9,8,5002,5,Right,2,3,2,0,,190,85,Male,,,Yes,No,24000000,20500000,17500000,115000,98000,84000,"Long Ball Pass, Aerial Fortress, Long Throw, Bruiser",,72,36,51,63,78,83,CB,-,False,False,False,kevin-danso,19,69,71,79,73,59,62,57,56,55,56
78,68,82,88,76,84,65,80,82,79,72,64,71,76,66,72,58,67,66,74,79,71,71,67,77,72,58,69,58,14,14,13,7,11,66,74,72,73,80,71,12,2023-01-31,2028-06-01,0,7,Belgium,Nicolas,Raskin,Raskin,Nicolas Raskin,27068,30830,30830,239810,2149,77,82,2001-02-23T00:00:00.000Z,24,86,Rangers,50,10,9,rangers,43,50,https://cmtracker.fra1.cdn.digitaloceanspaces.com/DB/26/heads/p239810.png,3,7,2,2015,2,Right,3,4,1,1,,178,74,Male,,,Yes,No,17000000,14500000,12500000,50000,42500,37000,"Pinged Pass, Tiki Taka, Jockey, Intercept, Anticipate, Press Proven, Relentless",,73,63,71,80,72,77,CDM,CM,False,False,False,nicolas-raskin,19,74,74,73,75,72,74,72,71,71,68
55,55,73,68,73,85,78,76,80,75,84,67,69,76,41,72,35,44,67,76,77,81,65,58,82,81,36,44,38,6,14,14,14,10,52,82,63,72,66,69,12,2017-07-01,2026-06-30,1,38,Portugal,Florentino,Morris Luís,Florentino,Florentino,12051,25780,12051,234569,1969,80,83,1999-08-19T00:00:00.000Z,25,234,Benfica,308,10,10,benfica,16,13,https://cmtracker.fra1.cdn.digitaloceanspaces.com/DB/26/heads/p234569.png,0,9,9,1024,1,Right,2,3,1,1,,184,76,Male,,,Yes,No,29500000,25000000,21500000,26000,22000,19000,"Precision Header, Pinged Pass, Intercept, Anticipate, Slide Tackle, Press Proven, Bruiser",Career One Club Player,55,50,59,73,79,79,CDM,CM | CB,True,False,False,florentino-morris-luis,18,72,73,78,79,66,74,68,65,63,62
67,79,62,67,82,78,81,80,84,79,79,63,70,76,64,71,44,32,74,76,79,78,45,41,81,80,29,52,44,13,5,12,13,13,58,80,62,66,71,70,12,2020-07-02,2026-06-30,1,52,Argentina,Facundo,Medina,F. Medina,Facundo Medina,11402,24617,11313,236804,1993,79,83,1999-05-28T00:00:00.000Z,26,64,RC Lens,16,5,3,rc-lens,32,16,https://cmtracker.fra1.cdn.digitaloceanspaces.com/DB/26/heads/p236804.png,22,4,3,2505,2,Left,3,2,2,0,,184,77,Male,,,Yes,No,25500000,21500000,18500000,36000,30500,26000,"Jockey, Slide Tackle, Bruiser",,73,44,62,73,78,81,CB,LB,True,False,False,facundo-medina,18,76,76,79,78,70,73,69,66,67,63
72,78,55,57,87,82,86,79,72,73,26,82,70,78,45,69,82,55,75,54,73,29,76,79,27,23,74,57,69,7,14,14,9,8,70,27,63,82,69,66,11,2025-07-01,2030-06-01,0,36,Norway,Jørgen Strand,Larsen,Strand Larsen,Jørgen Strand Larsen,18445,20981,35014,238756,1936,78,83,2000-02-06T00:00:00.000Z,25,110,Wolverhampton Wanderers,13,4,8,wolverhampton-wanderers,9,13,https://cmtracker.fra1.cdn.digitaloceanspaces.com/DB/26/heads/p238756.png,3,3,2,3,4,Right,3,3,1,0,,194,79,Male,,,Yes,No,24500000,21000000,18000000,84000,71000,61000,,,75,77,59,69,36,82,ST,-,True,False,False,jorgen-strand-larsen,17,53,51,50,54,71,67,73,76,72,78
67,68,70,78,74,84,72,79,71,79,67,78,81,78,74,76,77,74,66,79,81,66,81,76,70,65,74,78,77,14,12,5,6,13,75,67,77,78,73,76,10,2024-08-26,2026-06-30,1,13,Denmark,Matt,O'Riley,O'Riley,Matt O'Riley,24219,27679,27679,240734,2210,78,83,2000-11-21T00:00:00.000Z,24,1808,Brighton & Hove Albion,13,5,9,brighton-hove-albion,17,16,https://cmtracker.fra1.cdn.digitaloceanspaces.com/DB/26/heads/p240734.png,3,4,5,2019,4,Left,3,4,1,0,,187,80,Male,,,Yes,No,25000000,21000000,18500000,84000,71000,61000,"Finesse Shot, Chip Shot, Incisive Pass, Slide Tackle, Technical, First Touch",,68,77,78,77,67,75,CAM,CM | CDM,True,False,False,matt-o-riley,18,73,71,69,74,76,78,77,76,76,75
45,39,44,48,68,19,71,77,21,66,12,4,56,37,13,25,6,11,13,50,48,18,59,8,10,14,9,12,30,77,76,79,80,78,18,14,27,45,51,32,78,2025-06-03,2030-06-01,0,25,Republic of Ireland,Caoimhin,Kelleher,Kelleher,Caoimhin Kelleher,6275,19233,19233,240913,1323,79,82,1998-11-23T00:00:00.000Z,26,1925,Brentford,13,3,9,brentford,1,13,https://cmtracker.fra1.cdn.digitaloceanspaces.com/DB/26/heads/p240913.png,2,10,1,37,4,Right,1,4,1,1,,188,81,Male,,,Yes,No,21000000,17500000,15000000,54000,45500,39500,,,42,19,32,50,13,45,GK,-,True,False,False,caoimhin-kelleher,77,27,26,27,33,34,37,37,33,31,30
76,69,69,68,89,76,80,75,73,75,77,69,69,77,70,76,66,30,79,74,76,76,65,45,81,78,38,56,45,12,11,13,10,12,66,79,63,71,72,68,12,2024-08-30,2026-06-30,1,34,Holland,Lutsharel,Geertruida,Geertruida,Lutsharel Geertruida,22454,12991,12991,241187,2055,78,82,2000-07-18T00:00:00.000Z,24,112172,RB Leipzig,19,8,10,rb-leipzig,6,13,https://cmtracker.fra1.cdn.digitaloceanspaces.com/DB/26/heads/p241187.png,21,9,9,4502,5,Right,2,3,2,0,,185,84,Male,,,Yes,No,21500000,18000000,15500000,48500,41000,35500,"Pinged Pass, Jockey, Intercept",Career Injury Prone,73,55,63,73,78,80,CB,RB | LB | RM,True,False,False,lutsharel-geertruida,18,75,76,77,76,73,73,71,71,71,70
66,70,72,68,78,82,81,77,79,76,78,75,79,81,67,77,60,55,68,79,81,78,81,72,80,74,49,51,52,12,12,12,12,14,65,78,69,79,71,74,13,2024-07-11,2028-06-01,0,136,Senegal,Pape,Gueye,Gueye,Pape Gueye,28778,13948,13948,241707,2148,79,82,1999-01-24T00:00:00.000Z,26,483,Villarreal CF,53,8,6,villarreal-cf,18,53,https://cmtracker.fra1.cdn.digitaloceanspaces.com/DB/26/heads/p241707.png,0,3,10,1031,4,Left,2,3,1,0,39100000.0,189,79,Male,,,Yes,No,27000000,23000000,19500000,50000,42500,36500,Aerial Fortress,,68,65,69,75,76,80,CM,CDM,True,False,False,pape-gueye,19,76,75,77,79,75,78,76,74,73,72
68,79,74,73,71,83,74,80,74,82,71,79,79,82,67,84,75,51,55,79,83,72,77,73,77,71,69,75,60,6,13,7,7,11,70,74,75,76,75,75,9,2018-02-01,2027-06-01,0,14,England,Curtis,Jones,Jones,Curtis Jones,8045,17850,17850,242434,2181,80,83,2001-01-30T00:00:00.000Z,24,9,Liverpool,13,10,6,liverpool,17,13,https://cmtracker.fra1.cdn.digitaloceanspaces.com/DB/26/heads/p242434.png,20,3,2,1502,390,Right,4,4,1,0,,185,75,Male,,,Yes,No,34000000,29000000,25000000,120000,100000,88000,"Finesse Shot, Press Proven",,74,72,72,79,69,76,CAM,CM | CDM,True,False,False,curtis-jones,16,75,74,72,77,78,79,79,78,78,75
70,73,73,73,78,79,64,78,75,73,78,66,68,74,77,74,45,55,66,69,74,79,60,47,79,82,36,67,45,10,11,7,15,14,60,80,68,66,74,68,12,2022-07-10,2029-06-01,0,50,Wales,Neco,Williams,Williams,Neco Williams,26809,38820,38820,243057,2034,79,82,2001-04-13T00:00:00.000Z,24,14,Nottingham Forest,13,6,10,nottingham-forest,3,13,https://cmtracker.fra1.cdn.digitaloceanspaces.com/DB/26/heads/p243057.png,3,8,2,1536,1,Right,2,3,1,2,,183,72,Male,,,Yes,No,26000000,22000000,19000000,0,0,0,,,72,50,68,74,77,74,LB,RB,True,False,False,neco-williams,19,77,76,75,75,71,71,68,67,69,63
62,55,69,57,70,76,69,79,74,79,78,66,78,78,76,75,60,78,65,80,80,75,84,77,77,76,53,79,66,10,7,7,12,5,67,76,78,76,65,74,9,2022-09-01,2026-06-01,0,14,England,James,Garner,Garner,James Garner,17050,12858,12858,243657,2132,78,82,2001-03-13T00:00:00.000Z,24,7,Everton,13,4,4,everton,37,13,https://cmtracker.fra1.cdn.digitaloceanspaces.com/DB/26/heads/p243657.png,6,2,1,4,1,Right,3,3,1,1,,182,80,Male,,,Yes,No,21500000,18500000,16000000,54000,45500,39500,"Intercept, Slide Tackle",,59,68,79,73,74,72,CDM,CM,True,False,False,james-garner,16,75,74,74,77,73,77,74,72,71,69
87,88,78,67,87,76,75,78,71,78,74,75,72,78,76,82,38,28,71,65,78,77,54,45,77,75,27,72,37,13,8,7,6,11,58,77,65,68,80,68,9,2022-07-19,2029-06-01,0,14,England,Djed,Spence,Spence,Djed Spence,9488,34712,34712,243702,2031,79,83,2000-08-09T00:00:00.000Z,24,18,Tottenham Hotspur,13,7,8,tottenham-hotspur,24,13,https://cmtracker.fra1.cdn.digitaloceanspaces.com/DB/26/heads/p243702.png,0,9,8,1029,1,Right,3,3,1,2,,184,71,Male,,,No,No,27500000,23500000,20000000,100000,85000,73000,Rapid,,88,46,65,77,75,77,LB,RB,True,False,False,djed-spence,16,77,77,75,74,75,73,73,71,73,66
74,74,81,72,72,82,64,74,58,72,72,72,78,80,68,74,61,68,60,79,81,68,72,70,64,63,60,72,65,14,14,6,7,8,66,65,75,72,75,70,10,2022-07-01,2027-06-01,0,83,Mexico,Marcel,Ruiz,M. Ruiz,Marcel Ruiz,23552,31976,45626,244973,2099,77,82,2000-10-26T00:00:00.000Z,24,111592,NG - FA,382,5,6,ng-fa,99,382,https://cmtracker.fra1.cdn.digitaloceanspaces.com/DB/26/heads/p244973.png,6,5,2,4,1,Right,3,3,1,0,,182,69,Male,,,No,No,18500000,16000000,13500000,18000,15000,13000,Long Ball Pass,,74,67,74,76,65,69,CM,CAM | CDM,True,False,False,marcel-ruiz,17,72,71,67,72,74,76,75,73,73,69
70,75,68,65,84,74,78,78,79,78,80,60,74,80,65,71,56,31,79,80,83,81,58,50,82,79,42,65,44,11,9,12,7,11,65,81,66,69,72,70,10,2021-07-01,2026-06-01,0,45,Spain,Eric,García Martret,Eric,Eric García,10941,12822,10941,245037,2059,80,85,2001-01-09T00:00:00.000Z,24,241,FC Barcelona,53,10,2,fc-barcelona,24,53,https://cmtracker.fra1.cdn.digitaloceanspaces.com/DB/26/heads/p245037.png,3,4,3,1509,2,Right,2,3,2,0,51000000.0,182,76,Male,,,Yes,No,34000000,29000000,25000000,88000,74000,64000,"Precision Header, Long Ball Pass, Anticipate",,73,52,66,73,80,79,CB,RB | CDM,True,False,False,eric-garcia-martret,17,76,77,80,79,72,75,72,70,70,67
77,79,75,71,77,64,68,75,78,78,51,84,75,78,64,77,81,52,80,69,74,45,83,76,39,22,70,72,81,6,14,12,10,6,74,36,70,74,76,75,10,2025-02-03,2029-06-01,0,83,Mexico,Santiago,Giménez,Gimenez,Santiago Giménez,32765,13297,13296,245152,2063,79,84,2001-04-18T00:00:00.000Z,24,131681,Milano FC,31,9,5,milano-fc,7,31,https://cmtracker.fra1.cdn.digitaloceanspaces.com/DB/26/heads/p245152.png,5,10,3,2017,5,Left,3,4,2,0,,185,79,Male,,,Yes,No,31500000,27000000,23000000,56000,47500,41000,Precision Header,,78,79,68,76,47,72,ST,-,True,False,False,santiago-gimenez,16,59,57,56,60,75,71,76,78,76,78
86,74,92,93,53,69,50,74,64,80,58,76,81,83,74,82,70,83,39,74,80,44,78,76,57,51,73,85,75,12,8,9,10,8,68,51,82,66,84,73,10,2025-07-23,2030-06-01,0,52,Argentina,Thiago,Almada,Almada,Thiago Almada,36180,1674,1674,245371,2121,79,86,2001-04-26T00:00:00.000Z,24,240,Atlético de Madrid,53,9,7,atletico-de-madrid,11,53,https://cmtracker.fra1.cdn.digitaloceanspaces.com/DB/26/heads/p245371.png,0,9,4,2017,2,Right,4,4,3,0,,171,63,Male,,,No,No,41500000,35000000,30500000,67000,57000,49000,"Finesse Shot, Incisive Pass, First Touch, Quick Step",,80,75,80,84,50,59,CAM,LW | CM,True,False,False,thiago-almada,16,67,64,55,66,78,75,79,77,78,71
66,77,69,65,86,78,79,78,81,76,77,64,59,74,67,68,41,36,84,65,73,77,62,36,81,80,39,52,48,7,10,8,5,13,61,80,59,69,71,68,9,2025-08-13,2030-06-01,0,18,France,Bafodé,Diakité,Diakité,Bafodé Diakité,3347,9187,9187,246565,1981,79,84,2001-01-06T00:00:00.000Z,24,1943,AFC Bournemouth,13,4,10,afc-bournemouth,18,13,https://cmtracker.fra1.cdn.digitaloceanspaces.com/DB/26/heads/p246565.png,0,3,9,1037,2,Right,2,4,1,0,47400000.0,184,82,Male,,,Yes,No,28500000,24000000,20500000,0,0,0,"Precision Header, Jockey, Aerial Fortress",,72,48,59,72,80,81,CB,-,True,False,False,bafode-diakite,16,75,76,79,75,68,68,65,65,65,64
58,56,64,65,59,79,67,73,76,74,75,72,74,78,54,76,66,54,45,79,81,76,74,73,76,69,61,63,62,7,9,14,6,9,62,74,70,71,64,73,9,2024-07-01,2026-06-30,1,52,Argentina,Enzo,Barrenechea,Barrenechea,Enzo Barrenechea,10880,3744,3744,246871,2024,77,82,2001-05-22T00:00:00.000Z,24,2,Aston Villa,13,7,9,aston-villa,5,308,https://cmtracker.fra1.cdn.digitaloceanspaces.com/DB/26/heads/p246871.png,4,5,5,1541,4,Right,3,3,1,1,,186,81,Male,,,Yes,No,17000000,14500000,12500000,85000,72000,62000,Aerial Fortress,,57,68,68,72,68,70,CDM,CM,True,False,False,enzo-barrenechea,15,71,69,70,76,71,76,73,71,70,68
55,68,46,47,84,80,83,78,77,75,79,33,50,66,50,64,29,25,81,66,70,80,46,19,79,80,22,39,35,9,10,6,9,13,51,80,52,63,59,59,10,2023-07-04,2029-06-01,0,25,Republic of Ireland,Nathan,Collins,Collins,Nathan Collins,26665,7594,7594,248484,1753,79,82,2001-04-30T00:00:00.000Z,24,1925,Brentford,13,3,9,brentford,22,13,https://cmtracker.fra1.cdn.digitaloceanspaces.com/DB/26/heads/p248484.png,5,5,2,3512,5,Right,2,3,1,0,,193,81,Male,,,Yes,No,25500000,21500000,18500000,73000,62000,53000,"Block, Intercept, Anticipate, Aerial Fortress",Career One Club Player,62,31,50,63,80,81,CB,-,True,False,False,nathan-collins,17,71,73,78,74,59,62,56,54,54,53
69,78,65,60,78,67,81,77,83,76,81,40,60,72,42,71,38,44,77,69,75,79,48,38,81,80,40,50,46,14,12,9,6,14,55,80,62,63,70,65,11,2022-08-31,2029-06-01,0,18,France,Wesley,Fofana,Fofana,Wesley Fofana,38691,12094,12094,248695,1920,79,82,2000-12-17T00:00:00.000Z,24,5,Chelsea,13,8,10,chelsea,29,13,https://cmtracker.fra1.cdn.digitaloceanspaces.com/DB/26/heads/p248695.png,0,9,7,1036,5,Right,2,3,3,0,,185,84,Male,,,Yes,No,25500000,21500000,18500000,0,0,0,Jockey,,74,42,57,70,80,77,CB,-,True,False,False,wesley-fofana,18,71,73,79,75,63,67,63,61,61,59
67,67,67,65,82,77,76,75,84,78,79,63,74,78,68,73,62,52,76,78,79,73,75,69,78,72,68,69,55,7,12,14,7,12,71,75,70,76,69,73,11,2024-07-05,2029-06-01,0,34,Holland,Mats,Wieffer,Wieffer,Mats Wieffer,24206,38750,38750,248793,2131,78,82,1999-11-16T00:00:00.000Z,25,1808,Brighton & Hove Albion,13,5,9,brighton-hove-albion,27,13,https://cmtracker.fra1.cdn.digitaloceanspaces.com/DB/26/heads/p248793.png,19,5,1,3503,4,Right,3,3,1,1,,188,78,Male,,,Yes,No,21000000,18000000,15500000,87000,73000,63000,"Block, Intercept, Press Proven, Bruiser",,67,65,70,73,76,80,CDM,RB | CM,True,False,False,mats-wieffer,16,74,74,76,77,72,75,72,71,70,70
77,72,79,72,83,82,82,80,82,75,78,75,75,84,70,83,71,53,68,78,82,74,86,76,81,71,55,70,54,11,10,11,10,9,70,76,74,82,76,74,11,2025-07-01,2029-06-01,0,18,France,Kouadio Manu,Koné,Manu Kone,Kouadio Manu Koné,20098,19994,23469,250723,2219,80,84,2001-05-17T00:00:00.000Z,24,52,Roma,31,7,6,roma,17,31,https://cmtracker.fra1.cdn.digitaloceanspaces.com/DB/26/heads/p250723.png,0,3,10,4502,5,Right,4,3,2,0,,185,80,Male,,,Yes,No,35500000,30000000,26000000,61000,52000,44500,"Power Shot, Pinged Pass, Technical, Relentless",,75,70,71,79,74,82,CM,CDM,True,False,False,kouadio-manu-kone,17,77,76,77,79,78,79,78,78,77,76
78,82,85,77,71,81,68,75,81,77,71,77,79,82,74,75,79,76,54,80,79,67,88,84,68,62,70,83,67,7,7,9,12,5,72,66,80,79,80,76,8,2023-07-14,2028-06-01,0,60,Uruguay,Rodrigo,Zalazar,Zalazar,Rodrigo Zalazar,31534,39944,39944,251377,2230,79,82,1999-08-12T00:00:00.000Z,25,1896,Sporting de Braga,308,8,8,sporting-de-braga,10,308,https://cmtracker.fra1.cdn.digitaloceanspaces.com/DB/26/heads/p251377.png,4,4,4,1531,2,Right,3,4,1,0,50000000.0,178,70,Male,,,Yes,No,27500000,23000000,20000000,21500,18000,15500,"Finesse Shot, Power Shot, Gamechanger, Incisive Pass, Whipped Pass, Aerial Fortress, Technical",,80,78,79,79,64,75,CAM,CM | LM,True,False,False,rodrigo-zalazar,15,73,72,68,74,78,78,78,78,78,76
87,85,81,66,70,78,52,78,48,79,23,83,78,78,78,78,82,43,58,63,74,45,74,68,45,53,73,64,67,14,7,13,13,5,73,48,66,69,80,63,11,2023-09-01,2028-06-01,0,50,Wales,Brennan,Johnson,Johnson,Brennan Johnson,5437,17792,17792,251421,2003,79,83,2001-05-23T00:00:00.000Z,24,18,Tottenham Hotspur,13,7,8,tottenham-hotspur,22,13,https://cmtracker.fra1.cdn.digitaloceanspaces.com/DB/26/heads/p251421.png,6,3,5,1033,4,Right,3,4,1,0,,186,73,Male,,,Yes,No,29500000,25000000,21500000,115000,96000,83000,"Rapid, Quick Step",,86,75,67,77,45,62,RW,RM | LW,True,False,False,brennan-johnson,17,64,61,51,57,78,70,77,78,79,75
78,75,79,78,76,87,67,77,79,82,75,75,81,80,85,78,70,73,65,79,78,76,78,74,76,75,68,78,78,11,8,7,8,7,74,76,78,77,78,79,9,2025-07-05,2030-06-01,0,7,Belgium,Maxim,De Cuyper,De Cuyper,Maxim De Cuyper,24330,8738,8738,251479,2261,80,86,2000-12-22T00:00:00.000Z,24,1808,Brighton & Hove Albion,13,5,9,brighton-hove-albion,29,13,https://cmtracker.fra1.cdn.digitaloceanspaces.com/DB/26/heads/p251479.png,6,1,1,3,1,Left,2,4,1,2,,183,72,Male,,,Yes,No,36500000,31000000,27000000,91000,77000,67000,"Long Ball Pass, Whipped Pass, Jockey, Press Proven",,77,74,79,79,73,77,LB,LM,True,False,False,maxim-de-cuyper,15,78,77,74,77,78,78,77,76,77,73
68,75,55,65,89,79,85,75,88,75,77,73,70,72,56,69,62,54,82,74,75,75,78,68,76,74,65,55,76,9,5,6,6,14,68,75,65,80,68,77,8,2024-07-01,2026-06-30,1,12,Czech Republic,Ladislav,Krejčí,Krejčí,Ladislav Krejčí,20754,20223,20223,252064,2125,78,82,1999-04-20T00:00:00.000Z,26,110062,Girona FC,53,1,9,girona-fc,37,13,https://cmtracker.fra1.cdn.digitaloceanspaces.com/DB/26/heads/p252064.png,3,3,1,44,5,Left,3,3,1,0,,191,87,Male,,,Yes,No,20500000,17500000,15000000,37500,31500,27000,"Pinged Pass, Bruiser",,72,70,64,69,77,85,CB,CM | CDM,True,False,False,ladislav-krejci,15,72,73,78,76,70,73,70,71,68,72
62,62,68,72,69,70,74,76,87,74,80,70,73,74,62,74,65,58,55,78,77,74,67,65,78,78,45,70,62,6,10,16,13,8,61,77,71,69,68,75,11,2024-08-30,2029-06-01,0,60,Uruguay,Manuel,Ugarte,Ugarte,Manuel Ugarte,23481,37169,37169,253306,2072,78,82,2001-04-11T00:00:00.000Z,24,11,Manchester United,13,7,6,manchester-united,25,13,https://cmtracker.fra1.cdn.digitaloceanspaces.com/DB/26/heads/p253306.png,6,7,1,1512,2,Right,3,3,3,1,,182,77,Male,,,Yes,No,21500000,18500000,16000000,85000,72000,62000,"Intercept, Slide Tackle, Bruiser",,62,62,70,73,73,75,CDM,CM,True,False,False,manuel-ugarte,16,72,72,74,76,70,74,72,70,69,67
83,84,85,83,70,78,73,75,65,70,48,76,78,79,73,82,70,50,44,66,74,53,75,68,47,45,57,64,52,12,13,9,13,14,64,49,69,73,82,65,13,2022-07-01,2027-06-01,0,4,Austria,Patrick,Wimmer,Wimmer,Patrick Wimmer,28973,38856,38856,254566,2028,77,83,2001-05-30T00:00:00.000Z,24,175,VfL Wolfsburg,19,6,8,vfl-wolfsburg,39,19,https://cmtracker.fra1.cdn.digitaloceanspaces.com/DB/26/heads/p254566.png,5,2,2,3503,1,Right,5,4,2,0,,182,77,Male,,,Yes,No,19500000,16500000,14500000,44500,38000,32500,"Acrobatic, Inventive, Rapid, First Touch, Relentless",,84,66,68,79,47,72,CAM,LM | CM | ST,True,False,False,patrick-wimmer,19,66,62,56,63,77,72,76,76,77,72
54,66,56,45,81,65,84,75,78,74,78,33,63,75,31,66,45,23,76,63,74,77,59,44,81,77,24,35,33,7,6,14,7,7,50,79,53,67,60,60,9,2025-08-21,2030-06-01,0,18,France,Loïc,Badé,Badé,Loïc Badé,22196,3325,3325,255106,1776,78,83,2000-04-11T00:00:00.000Z,25,32,Bayer 04 Leverkusen,19,9,9,bayer-04-leverkusen,5,19,https://cmtracker.fra1.cdn.digitaloceanspaces.com/DB/26/heads/p255106.png,6,3,7,1023,5,Right,2,3,1,0,,191,89,Male,,,Yes,No,22000000,18500000,16000000,71000,60000,52000,"Jockey, Intercept, Anticipate, Aerial Fortress",,60,40,48,65,78,77,CB,-,True,False,False,loic-bade,14,68,69,78,74,60,66,62,60,58,59
87,82,86,84,91,64,67,76,73,71,30,78,73,82,66,83,79,52,74,63,75,44,79,72,38,35,67,73,68,10,8,14,12,8,73,39,71,75,83,66,11,2025-08-21,2030-06-01,0,129,Morocco,Amine,Adli,Adli,Amine Adli,1908,556,556,255223,2064,78,82,2000-05-10T00:00:00.000Z,25,1943,AFC Bournemouth,13,4,10,afc-bournemouth,21,13,https://cmtracker.fra1.cdn.digitaloceanspaces.com/DB/26/heads/p255223.png,0,9,5,5001,1,Left,4,3,1,0,39500000.0,174,72,Male,,,Yes,No,23500000,20000000,17000000,0,0,0,"Gamechanger, Technical",,85,74,67,80,44,74,ST,LM | CAM,True,False,False,amine-adli,17,59,57,54,57,76,70,77,78,78,77
76,83,73,69,83,76,73,80,80,80,82,60,59,74,70,64,43,44,75,65,77,82,66,59,83,79,54,65,49,12,5,13,11,9,64,82,63,72,77,69,10,2025-07-01,2029-06-01,0,18,France,Pierre,Kalulu,Kalulu,Pierre Kalulu,29583,18715,18715,255654,2073,80,85,2000-06-05T00:00:00.000Z,25,45,Juventus,31,10,9,juventus,15,31,https://cmtracker.fra1.cdn.digitaloceanspaces.com/DB/26/heads/p255654.png,0,9,9,1038,2,Right,2,3,1,0,,182,80,Male,,,Yes,No,33000000,28000000,24000000,120000,100000,87000,Block,,80,55,63,73,80,78,CB,RB | RM | CDM,True,False,False,pierre-kalulu,17,77,78,79,76,69,70,67,66,67,65
47,49,39,59,73,58,72,74,70,60,74,33,42,71,25,36,18,24,75,64,75,75,32,16,76,74,21,31,36,14,13,14,8,14,43,75,46,51,54,53,13,2021-07-01,2026-06-30,1,45,Spain,Jon,Pacheco Dozagarat,J. Pacheco,Pacheco,17819,28590,45757,255854,1562,74,82,2001-01-08T00:00:00.000Z,24,457,Real Sociedad,53,7,6,real-sociedad,5,53,https://cmtracker.fra1.cdn.digitaloceanspaces.com/DB/26/heads/p255854.png,6,3,1,1519,1,Left,2,3,1,0,,184,77,Male,,,Yes,No,10500000,8500000,7500000,29000,24500,21000,,,48,26,44,57,75,68,CB,-,True,False,False,jon-pacheco-dozagarat,19,62,65,73,70,49,58,50,47,45,46
75,76,69,69,86,74,78,83,73,78,37,84,70,79,47,78,81,50,77,67,75,22,81,73,41,26,79,68,69,13,11,6,7,14,72,30,69,79,75,69,11,2024-08-16,2029-06-01,0,54,Brazil,F. Evanilson,de Lima Barbosa,Evanilson,Evanilson,11301,40593,11214,256612,2016,80,83,1999-10-06T00:00:00.000Z,25,1943,AFC Bournemouth,13,4,10,afc-bournemouth,9,13,https://cmtracker.fra1.cdn.digitaloceanspaces.com/DB/26/heads/p256612.png,0,9,4,2518,2,Right,3,4,1,0,,183,80,Male,,,Yes,No,33500000,28500000,24500000,0,0,0,,,76,78,63,76,41,78,ST,-,True,False,False,f-evanilson-de-lima-barbosa,18,56,54,53,58,74,71,76,78,74,79
68,71,62,48,85,82,81,79,74,68,88,74,76,77,75,74,59,74,76,75,76,70,85,78,79,78,54,71,51,7,14,8,11,7,68,76,75,83,66,72,10,2025-07-22,2029-06-01,0,21,Germany,Anton,Stach,Stach,Anton Stach,2333,34770,34770,257191,2155,79,82,1998-11-15T00:00:00.000Z,26,8,Leeds United,13,2,7,leeds-united,18,13,https://cmtracker.fra1.cdn.digitaloceanspaces.com/DB/26/heads/p257191.png,19,3,2,35,4,Right,3,4,2,1,,194,88,Male,,,Yes,No,24500000,20500000,18000000,72000,61000,53000,"Power Shot, Intercept, Slide Tackle, Aerial Fortress, Relentless, Bruiser",,70,67,75,68,78,81,CDM,CM,True,False,False,anton-stach,17,77,77,78,78,74,76,73,73,72,73
66,68,64,56,82,82,82,80,82,77,83,29,70,75,68,70,23,37,75,76,77,81,70,58,81,77,24,53,32,7,6,12,10,11,54,80,63,75,67,63,10,2025-02-02,2029-06-01,0,7,Belgium,Arthur,Theate,Theate,Arthur Theate,2734,36151,36151,257278,1944,80,84,2000-05-25T00:00:00.000Z,25,1824,Eintracht Frankfurt,19,8,5,eintracht-frankfurt,3,19,https://cmtracker.fra1.cdn.digitaloceanspaces.com/DB/26/heads/p257278.png,3,2,1,9,5,Left,2,3,1,0,,185,78,Male,,,Yes,No,31000000,26500000,22500000,41500,35500,30500,"Precision Header, Aerial Fortress",,67,39,64,70,79,82,CB,LB,True,False,False,arthur-theate,16,76,76,79,79,66,71,64,61,62,57
77,72,72,78,75,84,68,68,78,61,66,55,65,72,50,66,53,52,62,76,77,67,71,61,82,80,43,56,55,11,13,12,14,10,57,77,65,72,74,64,12,2022-01-01,2025-06-01,0,83,Mexico,Erik,Lira,Lira,Erik Lira,10953,21806,21806,257784,2002,75,82,2000-05-08T00:00:00.000Z,25,111592,NG - FA,382,5,6,ng-fa,99,382,https://cmtracker.fra1.cdn.digitaloceanspaces.com/DB/26/heads/p257784.png,0,3,4,1510,8,Right,2,3,1,1,,170,70,Male,,,No,No,12000000,10500000,9000000,16500,14000,12000,,,75,56,63,70,71,76,CDM,CM | CB,True,False,False,erik-lira,18,71,71,72,73,67,70,67,65,65,63
74,70,77,76,76,79,72,78,78,70,82,68,74,75,73,72,58,60,63,79,75,75,70,66,78,73,58,73,54,5,8,7,7,14,66,76,72,73,75,71,9,2023-07-01,2028-06-01,0,4,Austria,Nicolas,Seiwald,Seiwald,Nicolas Seiwald,27068,33280,33280,257876,2117,78,84,2001-05-04T00:00:00.000Z,24,112172,RB Leipzig,19,8,10,rb-leipzig,13,19,https://cmtracker.fra1.cdn.digitaloceanspaces.com/DB/26/heads/p257876.png,16,7,1,4001,2,Right,2,3,1,1,38000000.0,180,80,Male,,,Yes,No,24000000,20500000,17500000,48500,41000,35500,"Anticipate, Press Proven",Career Injury Prone,72,62,72,75,74,76,CDM,CM | CB,True,False,False,nicolas-seiwald,16,75,75,75,77,72,75,72,70,71,68
79,86,75,59,91,76,84,76,58,78,25,80,69,80,77,81,79,52,76,69,75,32,78,72,39,18,71,68,61,7,10,7,5,6,76,30,70,81,75,62,7,2025-08-08,2030-06-01,0,108,Côte d'Ivoire,Evann,Guessand,Guessand,Evann Guessand,11215,13942,13942,258444,1999,79,84,2001-07-01T00:00:00.000Z,24,2,Aston Villa,13,7,9,aston-villa,29,13,https://cmtracker.fra1.cdn.digitaloceanspaces.com/DB/26/heads/p258444.png,0,3,10,1002,5,Right,3,3,1,1,,188,79,Male,,,Yes,No,31500000,26500000,23000000,105000,89000,77000,"Precision Header, Low Driven Shot, Rapid",,83,74,68,75,38,77,RM,RW | ST,True,False,False,evann-guessand,14,58,55,51,56,77,70,76,78,78,78
66,68,55,60,90,70,79,79,83,78,79,35,74,73,50,70,35,65,77,80,80,80,70,50,80,83,30,70,55,11,9,8,5,7,55,81,72,72,66,68,8,2020-09-10,2027-06-01,0,34,Holland,Jan Paul,van Hecke,van Hecke,Jan Paul van Hecke,17074,40709,40709,258908,2004,80,83,2000-06-08T00:00:00.000Z,25,1808,Brighton & Hove Albion,13,5,9,brighton-hove-albion,6,13,https://cmtracker.fra1.cdn.digitaloceanspaces.com/DB/26/heads/p258908.png,4,2,2,3510,4,Right,2,3,1,0,,189,79,Male,,,Yes,No,29500000,25000000,21500000,100000,86000,74000,"Long Ball Pass, Aerial Fortress",,67,46,70,69,80,81,CB,-,True,False,False,jan-paul-van-hecke,15,73,74,79,78,65,72,66,63,62,60
71,79,41,36,91,71,91,72,64,65,18,76,52,79,35,75,81,55,78,52,75,22,79,75,35,21,72,57,66,9,8,12,9,14,69,26,64,82,60,57,11,2025-09-01,2029-06-01,0,133,Nigeria,Toluwalase,Arokodare,Tolu,Toluwalase Arokodare,36549,2677,36548,258911,1836,78,82,2000-11-23T00:00:00.000Z,24,110,Wolverhampton Wanderers,13,4,8,wolverhampton-wanderers,14,13,https://cmtracker.fra1.cdn.digitaloceanspaces.com/DB/26/heads/p258911.png,21,9,9,1021,5,Right,2,3,1,0,,197,97,Male,,,No,No,24000000,20500000,17500000,77000,65000,56000,"Power Shot, Precision Header, Low Driven Shot, Enforcer",,75,75,54,61,35,79,ST,-,True,False,False,toluwalase-arokodare,16,50,48,49,51,68,64,70,74,70,77
70,66,78,82,76,82,73,78,80,77,76,66,75,77,65,71,60,49,70,75,77,77,70,63,78,73,52,60,47,15,8,13,8,9,65,76,67,73,75,71,11,2019-07-01,2031-06-01,0,45,Spain,Beñat,Prados Díaz,Prados,Beñat Prados,4479,29998,29997,263617,2096,78,84,2001-02-08T00:00:00.000Z,24,448,Athletic Club de Bilbao,53,7,10,athletic-club-de-bilbao,24,53,https://cmtracker.fra1.cdn.digitaloceanspaces.com/DB/26/heads/p263617.png,3,2,2,1501,2,Right,2,3,1,1,47100000.0,180,72,Male,,,Yes,No,24000000,20500000,17500000,40500,34000,29500,"Long Ball Pass, Slide Tackle, Aerial Fortress",Career One Club Player,68,60,67,77,75,78,CDM,CM | CB,True,False,False,benat-prados-diaz,17,74,74,75,76,71,74,72,70,70,68
79,78,76,79,77,77,67,75,71,74,72,72,74,76,77,78,63,72,68,67,76,71,62,59,74,74,61,74,49,8,8,6,7,6,69,73,74,69,78,69,7,2022-01-01,2028-06-01,0,54,Brazil,Vanderson,de Oliveira Campos,Vanderson,Vanderson,37573,40601,37573,263781,2107,77,83,2001-06-21T00:00:00.000Z,24,69,AS Monaco,16,8,5,as-monaco,2,16,https://cmtracker.fra1.cdn.digitaloceanspaces.com/DB/26/heads/p263781.png,0,4,3,1036,2,Right,3,3,2,2,,173,74,Male,,,Yes,No,18500000,15500000,13500000,30500,25500,22000,"Jockey, Intercept, Technical",,79,61,73,76,72,73,RB,RM | CM,True,False,False,vanderson-de-oliveira-campos,14,75,74,72,73,75,73,73,72,74,69
30,36,33,35,56,26,60,69,24,36,12,6,55,35,16,13,7,9,6,40,43,10,59,10,13,12,15,8,13,76,74,78,75,77,18,12,21,43,41,25,76,2018-07-01,2026-06-30,1,45,Spain,Julen,Agirrezabala,Agirrezabala,Agirrezabala,18215,704,704,263880,1167,76,83,2000-12-26T00:00:00.000Z,24,448,Athletic Club de Bilbao,53,7,10,athletic-club-de-bilbao,25,53,https://cmtracker.fra1.cdn.digitaloceanspaces.com/DB/26/heads/p263880.png,6,4,1,12,4,Left,1,3,1,1,,187,80,Male,,,Yes,No,15000000,13000000,11000000,20500,17500,15000,,GK Cross Claimer,33,18,29,37,11,42,GK,-,True,False,False,julen-agirrezabala,74,25,24,24,30,29,34,32,29,27,27
92,91,88,80,68,79,50,74,56,72,65,76,72,82,72,82,74,54,52,59,70,67,73,78,66,58,71,74,53,10,7,10,8,9,68,64,71,70,85,66,9,2020-07-01,2028-06-01,0,130,Mozambique,Geny,Cipriano Catamo,Geny,Geny Catamo,13048,7387,13048,266097,2092,78,84,2001-01-26T00:00:00.000Z,24,237,Sporting CP,308,10,9,sporting-cp,10,308,https://cmtracker.fra1.cdn.digitaloceanspaces.com/DB/26/heads/p266097.png,0,4,7,3000,1,Left,4,3,1,1,,173,71,Male,,,Yes,No,26000000,22000000,19000000,21500,18000,15500,"Finesse Shot, Low Driven Shot, Gamechanger, Inventive, Rapid",,92,71,67,80,62,63,RM,LM | CAM | RW,True,False,False,geny-cipriano-catamo,15,72,70,63,67,77,72,76,77,78,73
40,43,45,34,67,37,73,79,27,62,15,11,50,45,11,20,11,12,13,50,47,20,55,11,15,17,11,12,13,80,78,73,82,78,19,18,28,49,49,30,79,2025-07-16,2030-06-01,0,51,Serbia,Đorđe,Petrović,Petrović,Đorđe Petrović,41059,29456,29456,269626,1337,80,85,1999-10-08T00:00:00.000Z,25,1943,AFC Bournemouth,13,4,10,afc-bournemouth,1,13,https://cmtracker.fra1.cdn.digitaloceanspaces.com/DB/26/heads/p269626.png,21,4,2,3518,4,Right,1,2,1,1,,194,89,Male,,,Yes,No,29000000,24500000,21000000,0,0,0,,GK Footwork,42,19,30,48,16,51,GK,-,True,False,False,dorde-petrovic,79,30,29,30,36,35,40,37,35,32,32
75,73,77,76,78,79,73,80,79,80,65,77,83,81,82,80,72,79,68,84,83,69,83,76,70,65,67,84,55,14,14,10,9,6,75,68,82,78,77,74,11,2024-08-04,2029-06-01,0,54,Brazil,Gabriel Davi,Gomes Sara,G. Sara,Gabriel Sara,12609,13507,12551,270571,2246,80,83,1999-06-26T00:00:00.000Z,26,325,Galatasaray,68,10,7,galatasaray,8,68,https://cmtracker.fra1.cdn.digitaloceanspaces.com/DB/26/heads/p270571.png,0,4,5,1007,3,Left,4,4,1,0,,177,79,Male,,,Yes,No,32500000,27500000,23500000,68000,58000,49500,"Power Shot, Dead Ball, Incisive Pass, Long Ball Pass, Inventive",,74,72,83,79,67,77,CM,CAM | RM | CDM,True,False,False,gabriel-davi-gomes-sara,18,74,73,71,75,79,79,79,78,78,76
39,40,34,34,61,19,58,77,22,30,9,6,69,16,11,9,5,13,13,23,17,5,58,9,13,10,9,14,15,79,76,77,83,81,11,10,15,41,45,26,80,2024-07-18,2028-06-01,0,54,Brazil,Bento Matheus,Krepski,Bento,Bento,4236,20229,4235,73562,1134,80,85,1999-06-10T00:00:00.000Z,26,112139,Al Nassr,350,9,10,al-nassr,24,350,https://cmtracker.fra1.cdn.digitaloceanspaces.com/DB/26/heads/p73562.png,5,2,2,2001,5,Right,1,2,3,1,,190,80,Male,,,No,No,28500000,24500000,21000000,34500,29500,25500,,GK Deflector,40,17,25,33,10,40,GK,-,False,False,False,bento-matheus-krepski,79,20,20,21,22,24,26,27,26,23,24
42,42,45,48,70,38,71,66,36,56,23,16,57,35,18,20,15,24,24,49,48,25,55,16,19,18,15,20,24,80,76,73,84,78,24,21,30,50,49,36,79,2024-07-01,2030-06-01,0,37,Poland,Kamil,Grabara,Grabara,Kamil Grabara,18757,13679,13679,228383,1426,79,84,1999-01-08T00:00:00.000Z,26,175,VfL Wolfsburg,19,6,8,vfl-wolfsburg,1,19,https://cmtracker.fra1.cdn.digitaloceanspaces.com/DB/26/heads/p228383.png,3,3,2,1502,5,Right,1,3,1,1,,195,85,Male,,,No,No,24000000,20000000,17500000,36000,30500,26500,,"GK Far Throw, GK Footwork, GK Cross Claimer",42,24,36,45,22,54,GK,-,False,False,False,kamil-grabara,77,31,31,33,37,35,39,37,34,32,33
52,48,48,38,67,44,62,75,26,46,15,6,41,21,13,13,8,13,14,30,35,13,57,8,11,16,7,12,11,78,77,76,80,76,16,14,18,48,53,25,78,2025-07-03,2030-06-01,0,136,Senegal,Yehvann,Diouf,Diouf,Yehvann Diouf,39463,9442,9442,235633,1237,78,83,1999-11-16T00:00:00.000Z,25,72,OGC Nice,16,6,4,ogc-nice,80,16,https://cmtracker.fra1.cdn.digitaloceanspaces.com/DB/26/heads/p235633.png,0,3,5,1007,4,Right,1,3,1,1,,190,74,Male,,,Yes,No,19500000,16500000,14000000,19000,16000,14000,,"GK Far Throw, GK Cross Claimer",50,16,24,40,14,50,GK,-,False,False,False,yehvann-diouf,77,27,27,25,28,29,29,29,28,26,28
28,25,41,28,67,37,82,73,25,58,11,8,49,15,12,13,8,14,10,33,35,15,53,7,10,14,5,13,18,79,76,71,81,79,14,13,18,50,39,29,78,2025-07-05,2029-06-01,0,37,Poland,Marcin,Bułka,Bułka,Marcin Bułka,23584,5652,5652,238186,1193,79,84,1999-10-04T00:00:00.000Z,25,131798,NEOM SC,350,3,9,neom-sc,99,350,https://cmtracker.fra1.cdn.digitaloceanspaces.com/DB/26/heads/p238186.png,2,2,2,8,5,Right,1,2,1,1,,199,99,Male,,,Yes,No,24000000,20500000,17500000,18500,15500,13500,,GK Footwork,27,17,26,38,12,53,GK,-,False,False,False,marcin-bulka,77,23,22,26,28,25,29,27,25,22,25
87,84,89,88,58,76,47,73,61,76,32,74,75,80,76,82,75,67,52,72,77,34,80,78,38,35,73,81,67,6,9,8,7,7,71,36,77,68,85,65,8,2017-07-04,2029-06-01,0,48,Turkey,Yunus,Akgün,Yunus,Yunus Akgün,39811,945,39811,239892,2024,79,82,2000-07-07T00:00:00.000Z,24,325,Galatasaray,68,10,7,galatasaray,11,68,https://cmtracker.fra1.cdn.digitaloceanspaces.com/DB/26/heads/p239892.png,20,7,4,4015,2,Left,4,3,1,1,37500000.0,173,65,Male,,,Yes,No,28500000,24000000,20500000,56000,47500,41000,"Finesse Shot, Gamechanger, Rapid, Quick Step",,86,75,75,81,38,61,RM,LM | CAM | RW,False,False,False,yunus-akgun,14,61,57,47,57,78,72,77,77,78,73
46,42,55,34,65,34,65,70,38,59,15,8,58,26,13,15,8,11,13,26,39,20,56,7,14,12,7,15,12,79,74,75,80,77,16,16,19,46,50,32,77,2024-06-14,2029-06-01,0,40,Russia,Matvey,Safonov,Safonov,Matvey Safonov,24256,32322,32322,240225,1268,78,82,1999-02-25T00:00:00.000Z,26,73,Paris Saint-Germain,16,10,10,paris-saint-germain,39,16,https://cmtracker.fra1.cdn.digitaloceanspaces.com/DB/26/heads/p240225.png,5,2,2,1508,5,Right,1,2,1,1,28900000.0,192,82,Male,,,No,No,18000000,15000000,13000000,51000,43000,37000,,GK Far Throw,44,16,27,43,15,51,GK,-,False,False,False,matvey-safonov,76,27,26,28,30,30,32,32,30,28,28
43,53,56,55,74,81,70,79,83,70,80,23,45,72,41,55,22,28,85,65,78,81,59,41,84,78,34,47,42,11,5,12,14,14,52,81,54,65,58,58,12,2017-07-01,2029-06-01,0,27,Italy,Matteo,Gabbia,Gabbia,Matteo Gabbia,24222,12583,12583,240277,1780,79,83,1999-10-21T00:00:00.000Z,25,131681,Milano FC,31,9,5,milano-fc,46,31,https://cmtracker.fra1.cdn.digitaloceanspaces.com/DB/26/heads/p240277.png,6,3,2,2517,4,Right,2,3,1,0,,185,78,Male,,,No,No,26000000,22000000,19000000,54000,45500,39000,"Precision Header, Long Ball Pass, Slide Tackle",Career Injury Prone,48,37,51,65,82,77,CB,-,False,False,False,matteo-gabbia,18,70,72,79,76,55,64,55,52,51,52
79,75,79,74,79,76,71,76,61,79,44,83,76,80,77,81,85,76,68,69,78,45,80,80,41,32,73,78,78,6,12,8,7,9,77,40,77,78,77,71,9,2025-01-31,2029-06-01,0,97,Algeria,Amine,Gouiri,Gouiri,Amine Gouiri,1908,13654,13654,240753,2115,79,84,2000-02-16T00:00:00.000Z,25,219,Olympique de Marseille,16,8,6,olympique-de-marseille,9,16,https://cmtracker.fra1.cdn.digitaloceanspaces.com/DB/26/heads/p240753.png,0,3,1,4010,2,Right,4,3,2,0,,181,80,Male,,,Yes,No,31000000,26000000,22500000,54000,46000,39500,"Finesse Shot, Gamechanger, Technical",,77,80,76,78,46,72,ST,CAM,False,False,False,amine-gouiri,15,63,59,55,61,78,73,78,79,79,78
70,66,82,86,65,78,62,80,68,81,69,78,84,80,79,81,74,78,52,82,83,60,72,74,74,64,68,82,64,6,10,14,7,11,72,66,81,71,77,74,10,2022-08-10,2030-06-01,0,13,Denmark,Mikkel,Damsgaard,Damsgaard,Mikkel Damsgaard,25115,8445,8445,241508,2184,80,83,2000-07-03T00:00:00.000Z,24,1925,Brentford,13,3,9,brentford,24,13,https://cmtracker.fra1.cdn.digitaloceanspaces.com/DB/26/heads/p241508.png,6,3,2,17,1,Right,4,3,1,0,,180,70,Male,,,Yes,No,34000000,29000000,25000000,83000,70000,61000,"Incisive Pass, Pinged Pass, Whipped Pass, Inventive, Technical",,68,72,81,82,64,68,CAM,CM,False,False,False,mikkel-damsgaard,16,73,71,67,74,78,79,79,77,78,72
82,83,90,83,55,85,41,79,81,78,80,76,77,81,74,79,63,73,58,74,77,78,68,69,77,74,65,76,68,7,14,6,8,13,68,77,77,64,84,77,10,2017-06-23,2029-06-01,0,54,Brazil,Mauro Jaqueson,J. Ferreira Santos,Mauro JR,Mauro Júnior,24298,16753,24297,241509,2192,80,83,1999-05-06T00:00:00.000Z,26,247,PSV,10,10,8,psv,17,10,https://cmtracker.fra1.cdn.digitaloceanspaces.com/DB/26/heads/p241509.png,0,9,4,1523,1,Left,4,3,1,2,,171,62,Male,,,No,No,30000000,25500000,22000000,31000,26500,22500,Inventive,Career Injury Prone,83,68,75,82,73,66,LB,CDM | RB | LM,False,False,False,mauro-jaqueson-j-ferreira-santos,17,78,77,71,76,77,77,77,75,77,70
76,70,82,83,64,78,58,75,68,76,75,75,80,79,81,79,73,76,47,76,81,72,77,75,74,72,69,78,78,11,7,9,10,11,71,73,78,71,78,76,10,2024-07-12,2030-06-01,0,45,Spain,Sergio,Gómez Martín,Sergio Gómez,Sergio Gómez,33457,14262,33468,241811,2195,79,82,2000-09-04T00:00:00.000Z,24,457,Real Sociedad,53,7,6,real-sociedad,17,53,https://cmtracker.fra1.cdn.digitaloceanspaces.com/DB/26/heads/p241811.png,6,4,2,4003,2,Left,4,3,1,1,52200000.0,173,71,Male,,,Yes,No,28500000,24000000,20500000,44000,37000,32000,"Dead Ball, Inventive",Career One Club Player,73,75,79,79,68,67,LM,CM | LB,False,False,False,sergio-gomez-martin,16,76,74,69,75,77,77,77,76,77,71
61,74,55,36,78,50,75,70,70,77,79,44,66,72,66,66,57,71,75,74,76,80,85,70,82,80,52,68,57,10,13,9,6,7,66,81,71,72,60,66,9,2022-08-18,2026-06-01,0,34,Holland,Perr,Schuurs,Schuurs,Perr Schuurs,29378,33140,33140,241854,2011,77,82,1999-11-26T00:00:00.000Z,25,54,Torino,31,5,5,torino,3,31,https://cmtracker.fra1.cdn.digitaloceanspaces.com/DB/26/heads/p241854.png,18,8,3,4003,5,Right,2,3,1,0,24800000.0,191,85,Male,,,Yes,No,16500000,14000000,12000000,40000,34000,29500,,,68,61,70,63,79,68,CB,-,False,False,False,perr-schuurs,15,71,73,77,74,65,69,66,65,65,66
70,86,60,51,82,85,88,75,77,70,78,59,66,72,31,69,35,34,70,76,79,80,64,39,78,74,33,35,42,12,14,10,15,14,50,78,58,72,69,66,13,2025-01-01,2027-06-01,0,18,France,Oumar,Solet,Solet,Oumar Solet,28431,34471,34471,242238,1923,78,83,2000-02-07T00:00:00.000Z,25,55,Udinese,31,4,3,udinese,28,31,https://cmtracker.fra1.cdn.digitaloceanspaces.com/DB/26/heads/p242238.png,0,9,10,1021,5,Right,2,4,1,0,34700000.0,192,88,Male,,,Yes,No,22000000,18500000,16000000,23000,19500,16500,"Long Ball Pass, Block",,78,45,54,66,76,83,CB,-,False,False,False,oumar-solet,20,71,73,77,77,66,71,66,65,62,62
79,75,85,81,75,70,60,79,72,84,45,82,80,81,76,82,79,67,68,72,79,35,82,79,47,47,80,83,70,13,12,14,14,13,77,43,77,74,80,73,14,2025-07-29,2027-06-01,0,38,Portugal,João,Félix Sequeira,João Félix,João Félix,18064,12505,18079,242444,2160,80,83,1999-11-10T00:00:00.000Z,25,112139,Al Nassr,350,9,10,al-nassr,79,350,https://cmtracker.fra1.cdn.digitaloceanspaces.com/DB/26/heads/p242444.png,6,4,4,2019,390,Right,5,4,3,0,,181,70,Male,,,Yes,No,33000000,28000000,24000000,56000,47000,40500,"Finesse Shot, Technical, First Touch",,77,79,76,82,48,69,CAM,ST | LM,False,False,False,joao-felix-sequeira,20,64,61,56,62,78,75,79,79,79,77
74,72,81,82,51,70,33,78,66,78,53,78,85,84,60,81,72,51,49,83,89,43,70,74,55,50,56,69,55,12,15,14,9,12,66,50,74,60,78,70,13,2022-08-04,2027-06-01,0,45,Spain,Ricard,Puig Martí,Riqui Puig,Riqui Puig,31230,30164,31366,242816,2004,79,82,1999-08-13T00:00:00.000Z,25,697,Los Angeles Galaxy,39,10,2,los-angeles-galaxy,10,39,https://cmtracker.fra1.cdn.digitaloceanspaces.com/DB/26/heads/p242816.png,6,3,4,20,7,Right,3,3,3,0,43300000.0,169,56,Male,,,No,No,27500000,23000000,20000000,13000,11000,9400,"Finesse Shot, Incisive Pass, Long Ball Pass, Inventive, First Touch",,73,68,73,81,50,55,CM,CAM,False,False,False,ricard-puig-marti,19,65,62,54,67,77,79,81,78,77,71
72,69,71,66,73,64,67,78,76,81,73,71,82,81,74,78,66,75,62,86,82,76,73,75,76,68,68,77,60,14,12,9,14,10,71,74,80,71,72,74,12,2025-09-10,2028-06-01,0,18,France,Yacine,Adli,Adli,Yacine Adli,39231,556,556,243627,2179,78,83,2000-07-29T00:00:00.000Z,24,111674,Al Shabab,350,6,8,al-shabab,29,350,https://cmtracker.fra1.cdn.digitaloceanspaces.com/DB/26/heads/p243627.png,0,4,3,1503,4,Right,3,3,1,1,,186,78,Male,,,Yes,No,23000000,19500000,16500000,32500,27500,23500,Long Ball Pass,Career Injury Prone,71,69,79,76,71,70,CDM,CM,False,False,False,yacine-adli,19,73,73,72,76,76,78,77,75,75,71
75,69,86,87,70,73,56,76,72,81,53,78,80,82,81,82,75,77,65,79,80,45,79,75,51,42,75,82,70,11,12,12,14,8,76,46,81,71,79,73,12,2023-07-08,2028-06-01,0,167,Korea Republic,Kang In,Lee,Kang In,Lee Kang In,18815,21231,18815,243780,2153,79,84,2001-02-19T00:00:00.000Z,24,73,Paris Saint-Germain,16,10,10,paris-saint-germain,19,16,https://cmtracker.fra1.cdn.digitaloceanspaces.com/DB/26/heads/p243780.png,21,4,4,559,2,Left,4,3,2,0,,173,66,Male,,,Yes,No,31500000,26500000,23000000,86000,73000,63000,"Dead Ball, Whipped Pass, Inventive, Technical",,72,75,80,82,51,68,RW,CM | RM,False,False,False,kang-in-lee,18,66,63,57,65,78,76,79,78,78,75
59,60,56,55,82,75,79,74,77,75,75,28,40,70,55,68,38,31,79,68,75,77,59,33,78,77,27,48,39,6,12,13,7,7,55,78,57,66,61,56,9,2024-08-22,2030-06-01,0,104,Cape Verde Islands,Logan,Costa,Costa,Logan Costa,21999,7808,7808,243923,1802,77,84,2001-04-01T00:00:00.000Z,24,483,Villarreal CF,53,8,6,villarreal-cf,2,53,https://cmtracker.fra1.cdn.digitaloceanspaces.com/DB/26/heads/p243923.png,0,9,9,1036,4,Right,2,3,1,0,44800000.0,190,85,Male,,,Yes,No,23000000,19500000,17000000,35500,30000,25500,Long Ball Pass,,60,37,53,66,77,78,CB,-,False,False,False,logan-costa,15,70,71,76,73,60,63,57,56,57,56
91,88,86,92,74,73,76,77,68,80,59,77,75,83,70,88,76,49,55,68,76,60,81,74,66,46,76,67,64,6,12,7,10,7,71,58,71,76,87,71,9,2025-07-10,2031-06-01,0,117,Ghana,Mohammed,Kudus,Kudus,Mohammed Kudus,25497,20363,20363,245155,2157,80,83,2000-08-02T00:00:00.000Z,24,18,Tottenham Hotspur,13,7,8,tottenham-hotspur,20,13,https://cmtracker.fra1.cdn.digitaloceanspaces.com/DB/26/heads/p245155.png,0,9,9,1005,2,Left,4,3,3,0,,177,70,Male,,,Yes,No,34000000,29000000,25000000,120000,100000,87000,First Touch,,90,75,68,84,57,73,RW,RM | ST,False,False,False,mohammed-kudus,16,70,67,64,68,79,75,79,79,80,77
74,84,62,56,80,76,79,76,78,73,81,44,57,69,58,66,26,23,79,74,76,80,52,24,83,80,28,33,32,5,8,6,6,10,54,81,53,63,71,61,7,2025-07-01,2029-06-01,0,108,Côte d'Ivoire,Odilon,Kossounou,Kossounou,Odilon Kossounou,27790,20060,20060,246875,1838,80,85,2001-01-04T00:00:00.000Z,24,115845,Bergamo Calcio,31,7,7,bergamo-calcio,3,31,https://cmtracker.fra1.cdn.digitaloceanspaces.com/DB/26/heads/p246875.png,0,9,10,1015,4,Right,2,3,3,0,,191,82,Male,,,Yes,No,34000000,29000000,25000000,67000,57000,49000,,,79,34,54,67,81,78,CB,-,False,False,False,odilon-kossounou,14,75,76,79,76,65,67,61,59,60,57
65,69,68,60,87,55,90,76,79,78,33,82,74,82,48,84,81,58,78,60,75,38,91,77,31,26,79,70,72,14,5,7,12,7,73,32,71,80,68,70,9,2023-07-22,2026-06-30,1,133,Nigeria,Victor,Boniface,Boniface,Victor Boniface,37896,5021,5021,247679,2011,80,84,2000-12-23T00:00:00.000Z,24,32,Bayer 04 Leverkusen,19,9,9,bayer-04-leverkusen,44,19,https://cmtracker.fra1.cdn.digitaloceanspaces.com/DB/26/heads/p247679.png,0,3,10,3003,6,Right,4,3,3,0,,190,91,Male,,,Yes,No,36000000,30500000,26500000,87000,74000,64000,"Power Shot, Enforcer",,67,80,64,75,41,78,ST,-,False,False,False,victor-boniface,16,53,51,54,56,72,69,76,79,75,80
68,77,66,64,82,71,75,76,75,66,78,53,58,73,72,68,44,23,77,60,74,80,52,37,79,81,29,67,37,11,6,10,12,9,60,80,59,64,71,62,10,2021-04-10,2029-06-01,0,10,Croatia,Josip,Stanišić,Stanišić,Josip Stanišić,17982,34803,34803,250955,1910,78,82,2000-04-02T00:00:00.000Z,25,21,Bayern München,19,10,3,bayern-munchen,44,19,https://cmtracker.fra1.cdn.digitaloceanspaces.com/DB/26/heads/p250955.png,5,5,1,2017,4,Right,2,4,1,0,,187,77,Male,,,Yes,No,20500000,17500000,15000000,59000,50000,43500,"Long Ball Pass, Anticipate",,73,42,59,69,79,76,CB,RB | LB | RM,False,False,False,josip-stanisic,16,75,76,77,73,67,66,64,63,65,61
74,68,76,61,86,69,84,74,60,79,40,78,79,85,58,85,77,66,71,72,78,40,76,75,36,35,75,68,77,6,11,12,14,8,72,37,76,78,71,69,11,2024-07-14,2029-06-01,0,34,Holland,Joshua,Zirkzee,Zirkzee,Joshua Zirkzee,17974,40336,40336,250961,2053,77,83,2001-05-22T00:00:00.000Z,24,11,Manchester United,13,7,6,manchester-united,11,13,https://cmtracker.fra1.cdn.digitaloceanspaces.com/DB/26/heads/p250961.png,3,3,6,1007,5,Right,4,3,1,0,,193,89,Male,,,Yes,No,20000000,17000000,14500000,92000,78000,67000,"Technical, First Touch",,71,76,70,77,44,75,ST,CAM,False,False,False,joshua-zirkzee,16,59,56,55,60,76,73,78,78,76,77
89,86,89,88,78,76,68,77,73,75,73,73,76,82,76,84,60,43,59,71,80,72,65,62,76,75,46,74,39,11,10,10,15,15,65,75,71,70,86,69,13,2024-07-01,2028-06-01,0,95,United States,Sergiño,Dest,Dest,Sergiño Dest,33483,9073,9073,251804,2146,79,83,2000-11-03T00:00:00.000Z,24,247,PSV,10,10,8,psv,8,10,https://cmtracker.fra1.cdn.digitaloceanspaces.com/DB/26/heads/p251804.png,0,3,5,1016,2,Right,4,4,1,2,34700000.0,173,68,Male,,,Yes,No,27500000,23500000,20000000,25500,21500,18500,"Inventive, Technical, Quick Step, Relentless",,88,58,70,83,71,74,RB,LB | RM,False,False,False,sergino-dest,19,77,76,72,75,78,76,77,76,78,70
86,69,81,82,87,79,85,82,80,79,78,78,78,81,67,79,75,58,65,78,82,74,85,83,76,70,65,72,60,5,8,12,8,11,71,74,74,84,80,76,9,2022-07-28,2026-06-01,0,34,Holland,Quinten,Timber,Q. Timber,Quinten Timber,30362,36404,30265,251806,2258,80,85,2001-06-17T00:00:00.000Z,24,246,Feyenoord,10,10,5,feyenoord,8,10,https://cmtracker.fra1.cdn.digitaloceanspaces.com/DB/26/heads/p251806.png,21,3,8,1024,2,Right,3,3,1,0,46500000.0,179,71,Male,,,Yes,No,37500000,31500000,27000000,22000,18500,16000,"Power Shot, Incisive Pass, Technical, Bruiser",,78,74,73,81,73,83,CM,CDM | CAM,False,False,False,quinten-timber,16,76,75,76,78,78,79,79,79,78,77
72,87,73,60,89,79,85,79,84,75,78,66,64,76,73,74,55,40,80,70,75,77,81,51,81,80,50,67,46,11,6,7,7,13,67,80,66,77,75,69,9,2025-08-29,2030-06-01,0,108,Côte d'Ivoire,Wilfried,Singo,Singo,Wilfried Singo,38792,34178,34178,252802,2111,80,85,2000-12-25T00:00:00.000Z,24,325,Galatasaray,68,10,7,galatasaray,90,68,https://cmtracker.fra1.cdn.digitaloceanspaces.com/DB/26/heads/p252802.png,0,9,10,1012,5,Right,3,2,1,0,57300000.0,190,79,Male,,,Yes,No,34000000,29000000,25000000,56000,47500,41000,"Precision Header, Intercept, Aerial Fortress, Rapid",,80,58,65,73,79,84,CB,RB,False,False,False,wilfried-singo,16,77,78,80,77,72,72,70,71,71,71
82,80,81,79,59,70,55,73,83,78,42,76,71,78,71,79,75,62,34,64,74,48,82,78,50,40,65,76,66,11,5,7,11,9,64,46,72,69,79,70,9,2025-07-13,2030-06-01,0,45,Spain,Borja,Sainz Eguskiza,Borja Sainz,Borja Sainz,5106,32381,5113,252929,2014,76,82,2001-02-01T00:00:00.000Z,24,236,FC Porto,308,10,6,fc-porto,17,308,https://cmtracker.fra1.cdn.digitaloceanspaces.com/DB/26/heads/p252929.png,0,3,2,1503,1,Right,3,3,1,0,26400000.0,178,75,Male,,,No,No,14000000,12000000,10000000,15000,12500,11000,"Low Driven Shot, Gamechanger, Technical",,81,74,70,78,43,67,LW,LM,False,False,False,borja-sainz-eguskiza,15,63,59,53,61,75,70,75,75,76,71
86,89,68,66,93,79,81,74,84,76,45,81,78,77,69,78,77,61,77,68,74,42,87,75,52,39,74,75,78,14,10,12,13,10,75,45,72,83,77,74,12,2025-08-09,2028-06-01,0,60,Uruguay,Darwin,Núñez,Darwin,Darwin Núñez,8621,27643,8621,253072,2162,79,82,1999-06-24T00:00:00.000Z,26,605,Al Hilal,350,10,10,al-hilal,7,350,https://cmtracker.fra1.cdn.digitaloceanspaces.com/DB/26/heads/p253072.png,0,9,4,2002,4,Right,3,3,3,0,38500000.0,187,81,Male,,,Yes,No,27500000,23000000,20000000,59000,49500,42500,"Rapid, Quick Step, Relentless",,88,79,71,73,51,84,ST,LW | LM,False,False,False,darwin-nunez,18,64,62,61,63,77,72,76,78,77,79
77,78,73,80,76,81,74,75,77,70,76,69,64,75,75,73,45,33,59,68,74,76,70,52,78,75,40,70,45,12,12,5,14,7,59,77,64,71,77,67,10,2021-07-31,2028-06-01,0,18,France,Melvin,Bard,Bard,Melvin Bard,24742,3670,3670,254548,2028,78,82,2000-11-06T00:00:00.000Z,24,72,OGC Nice,16,6,4,ogc-nice,26,16,https://cmtracker.fra1.cdn.digitaloceanspaces.com/DB/26/heads/p254548.png,2,1,1,4003,2,Left,3,3,1,2,,173,65,Male,,,Yes,No,22000000,18500000,16000000,28000,23500,20500,"Whipped Pass, Intercept, Slide Tackle, Long Throw",,78,54,64,74,73,77,LB,LM | CB,False,False,False,melvin-bard,17,76,75,74,74,71,71,69,68,69,65
82,82,85,81,82,76,73,75,72,78,28,80,71,81,72,82,80,73,69,68,76,39,81,76,40,40,80,71,82,12,9,9,7,5,76,40,75,78,81,69,9,2025-09-02,2031-06-01,0,20,Georgia,Georges,Mikautadze,Mikautadze,Georges Mikautadze,13061,25092,25092,254551,2117,78,83,2000-10-31T00:00:00.000Z,24,483,Villarreal CF,53,8,6,villarreal-cf,9,53,https://cmtracker.fra1.cdn.digitaloceanspaces.com/DB/26/heads/p254551.png,0,3,3,1510,2,Right,4,4,1,0,39100000.0,176,71,Male,,,No,No,25500000,21500000,18500000,43500,37000,32000,"Finesse Shot, Gamechanger, Technical, First Touch",,82,80,72,80,43,76,ST,-,False,False,False,georges-mikautadze,15,61,58,54,58,77,71,77,78,78,78
65,75,57,45,86,83,83,76,80,70,74,34,31,70,65,68,43,38,78,59,65,76,56,36,74,76,25,40,43,12,14,8,13,10,56,76,55,69,64,56,12,2024-07-31,2028-06-01,0,51,Serbia,Strahinja,Pavlović,Pavlović,Strahinja Pavlović,35009,29097,29097,254840,1828,76,83,2001-05-24T00:00:00.000Z,24,131681,Milano FC,31,9,5,milano-fc,31,31,https://cmtracker.fra1.cdn.digitaloceanspaces.com/DB/26/heads/p254840.png,5,5,1,7,5,Left,2,3,1,0,,194,85,Male,,,No,No,16500000,14000000,12000000,38500,32500,28000,Bruiser,,70,40,50,64,76,83,CB,-,False,False,False,strahinja-pavlovic,19,72,73,76,70,61,60,56,57,59,58
65,57,67,64,80,82,76,76,81,66,75,64,71,76,58,69,59,52,75,76,77,76,79,72,79,75,50,47,54,6,7,12,9,14,64,77,64,78,66,69,10,2023-08-10,2028-06-01,0,38,Portugal,Samuel,Almeida Costa,Samu,Samú Costa,32576,1683,32568,255566,2046,78,83,2000-11-27T00:00:00.000Z,24,453,RCD Mallorca,53,3,8,rcd-mallorca,12,53,https://cmtracker.fra1.cdn.digitaloceanspaces.com/DB/26/heads/p255566.png,21,3,5,3,1,Left,2,2,1,1,67800000.0,183,75,Male,,,Yes,No,23000000,19500000,16500000,32500,27500,23500,"Intercept, Aerial Fortress, Press Proven",,61,63,64,70,76,80,CDM,CM,False,False,False,samuel-almeida-costa,16,72,73,76,76,69,74,70,69,67,69
75,79,62,48,88,71,87,77,71,79,83,37,64,77,45,73,27,22,74,75,74,78,43,29,78,76,26,29,39,8,15,7,14,11,50,78,56,64,69,63,11,2023-08-20,2028-06-01,0,10,Croatia,Josip,Šutalo,Šutalo,Josip Šutalo,17982,41155,41155,256325,1841,78,82,2000-02-28T00:00:00.000Z,25,245,Ajax,10,10,6,ajax,37,10,https://cmtracker.fra1.cdn.digitaloceanspaces.com/DB/26/heads/p256325.png,21,9,2,1501,5,Right,2,3,1,0,,185,82,Male,,,No,No,20500000,17500000,15000000,21500,18500,15500,"Intercept, Anticipate",,77,34,52,69,78,79,CB,-,False,False,False,josip-sutalo,18,72,74,78,76,65,68,64,60,61,56
73,73,77,71,89,79,79,81,78,75,44,85,63,78,58,76,82,48,83,63,72,43,82,68,47,34,75,64,75,15,9,7,15,7,74,42,66,80,75,70,11,2023-11-22,2028-06-01,0,38,Portugal,Gonçalo Matias,Ramos,G.Ramos,Gonçalo Ramos,13573,30712,12567,256903,2068,80,84,2001-06-20T00:00:00.000Z,24,73,Paris Saint-Germain,16,10,10,paris-saint-germain,9,16,https://cmtracker.fra1.cdn.digitaloceanspaces.com/DB/26/heads/p256903.png,0,3,5,1503,5,Right,2,4,1,0,,185,82,Male,,,Yes,No,36000000,30500000,26500000,93000,79000,68000,"Finesse Shot, Precision Header, Low Driven Shot, Aerial Fortress, Press Proven",,73,78,61,76,50,81,ST,-,False,False,False,goncalo-matias-ramos,18,60,59,59,61,73,70,74,76,74,79
86,92,84,74,73,81,65,75,59,74,62,76,70,81,76,83,74,57,53,63,71,59,75,68,67,65,67,74,60,10,14,10,12,15,69,64,72,73,83,67,13,2025-07-31,2030-06-01,0,47,Switzerland,Dan,Ndoye,Ndoye,Dan Ndoye,8446,26782,26782,257980,2125,79,82,2000-10-25T00:00:00.000Z,24,14,Nottingham Forest,13,6,10,nottingham-forest,14,13,https://cmtracker.fra1.cdn.digitaloceanspaces.com/DB/26/heads/p257980.png,0,9,7,1050,2,Right,3,3,1,1,,184,79,Male,,,Yes,No,28500000,24000000,20500000,0,0,0,"Gamechanger, Incisive Pass, Rapid, Quick Step",,89,70,69,79,61,70,LM,RM | LW,False,False,False,dan-ndoye,19,73,71,64,68,77,72,76,76,78,74
49,48,50,47,67,44,68,76,23,46,14,11,49,18,14,16,12,12,12,25,28,12,55,10,14,15,10,14,15,77,75,73,78,75,16,14,17,49,54,27,76,2020-06-01,2030-06-01,0,45,Spain,Leo,Román Riquelme,Leo Román,Leo Román,21425,31713,21432,258466,1252,77,83,2000-07-06T00:00:00.000Z,24,453,RCD Mallorca,53,3,8,rcd-mallorca,1,53,https://cmtracker.fra1.cdn.digitaloceanspaces.com/DB/26/heads/p258466.png,0,4,5,1503,4,Right,1,3,1,1,31000000.0,189,83,Male,,,Yes,No,16000000,13500000,11500000,17500,15000,13000,,GK Cross Claimer,49,19,24,42,13,51,GK,-,False,False,False,leo-roman-riquelme,76,27,26,25,27,29,29,29,29,27,28
29,31,31,25,63,22,72,75,24,40,14,8,52,18,13,10,9,14,13,26,24,6,53,5,10,12,6,13,14,77,77,70,77,77,13,10,17,43,39,26,76,2024-08-20,2030-06-01,0,54,Brazil,Luiz Lúcio,Reis Júnior,Júnior R.,Luiz Júnior,22366,31046,18459,258885,1110,77,85,2001-01-14T00:00:00.000Z,24,483,Villarreal CF,53,8,6,villarreal-cf,1,53,https://cmtracker.fra1.cdn.digitaloceanspaces.com/DB/26/heads/p258885.png,0,9,6,3005,6,Left,1,3,1,1,46000000.0,194,88,Male,,,Yes,No,24000000,20000000,17500000,20500,17500,15000,,"GK Far Throw, GK Cross Claimer, GK Deflector",30,16,24,33,11,45,GK,-,False,False,False,luiz-lucio-reis-junior,76,21,20,23,24,24,26,26,25,22,25
79,78,78,71,75,76,66,78,71,78,74,78,79,80,79,80,68,60,62,75,79,76,75,75,79,76,72,76,46,13,7,7,13,13,72,77,75,74,77,71,11,2022-07-14,2027-06-01,0,27,Italy,Andrea,Cambiaso,Cambiaso,Andrea Cambiaso,2064,6177,6177,258966,2192,79,82,2000-02-20T00:00:00.000Z,25,45,Juventus,31,10,9,juventus,27,31,https://cmtracker.fra1.cdn.digitaloceanspaces.com/DB/26/heads/p258966.png,6,4,5,2020,1,Left,3,5,2,2,,182,77,Male,,,Yes,No,25500000,21500000,18500000,115000,96000,83000,"Jockey, Anticipate, Relentless",,79,69,75,78,73,72,LB,RB | LM,False,False,False,andrea-cambiaso,18,77,76,73,76,78,77,77,77,77,73
81,83,72,71,89,81,77,80,70,77,40,83,73,79,62,81,81,50,76,62,77,30,79,70,40,30,76,72,60,12,7,12,7,7,75,34,69,80,78,68,9,2023-07-01,2026-06-30,1,136,Senegal,Nicolas,Jackson,N.Jackson,Nicolas Jackson,27068,16879,45800,259197,2047,80,84,2001-06-20T00:00:00.000Z,24,5,Chelsea,13,8,10,chelsea,11,19,https://cmtracker.fra1.cdn.digitaloceanspaces.com/DB/26/heads/p259197.png,21,9,10,1013,4,Right,3,3,3,0,,187,78,Male,,,Yes,No,36000000,30500000,26500000,0,0,0,"Low Driven Shot, Gamechanger, Technical",,82,75,66,77,43,79,ST,-,False,False,False,nicolas-jackson,16,60,58,54,59,77,72,77,79,77,79
74,72,71,77,87,89,83,74,76,74,77,56,53,68,30,68,38,33,75,71,71,76,46,42,74,73,34,38,41,8,15,5,12,11,50,75,56,70,74,63,11,2024-08-29,2026-06-01,0,4,Austria,David,Affengruber,Affengruber,David Affengruber,8642,641,641,261264,1892,76,84,2001-03-19T00:00:00.000Z,24,468,Elche CF,53,3,4,elche-cf,22,53,https://cmtracker.fra1.cdn.digitaloceanspaces.com/DB/26/heads/p261264.png,5,3,2,4002,5,Right,2,3,1,0,37200000.0,185,79,Male,,,No,No,18500000,15500000,13500000,22500,19000,16500,Intercept,,73,43,49,72,75,84,CB,-,False,False,False,david-affengruber,18,69,70,75,73,63,67,62,61,60,59
86,83,74,74,81,85,71,76,73,73,76,73,75,81,80,78,50,34,65,71,81,74,75,54,80,73,45,74,44,6,11,11,7,15,65,76,68,74,79,69,10,2024-07-18,2027-06-01,0,45,Spain,Sergi,Cardona Bermúdez,S. Cardona,Sergi Cardona,33445,6335,45835,262402,2109,80,83,1999-07-08T00:00:00.000Z,25,483,Villarreal CF,53,8,6,villarreal-cf,23,53,https://cmtracker.fra1.cdn.digitaloceanspaces.com/DB/26/heads/p262402.png,3,3,3,1502,4,Left,3,3,1,2,46800000.0,185,77,Male,,,Yes,No,30500000,25500000,22000000,48500,41000,35500,"Intercept, Anticipate",,85,57,69,76,74,78,LB,LM,False,False,False,sergi-cardona-bermudez,17,79,78,75,77,77,76,74,73,75,69
74,73,69,77,79,88,80,72,80,74,75,54,66,75,51,70,59,44,63,72,77,78,80,69,75,70,51,59,48,9,5,12,11,13,61,75,64,80,73,67,10,2022-08-28,2027-06-01,0,133,Nigeria,Raphael,Onyedika,Onyedika,Raphael Onyedika,30799,28165,28165,262880,2052,77,84,2001-04-19T00:00:00.000Z,24,231,Club Brugge,4,10,9,club-brugge,15,4,https://cmtracker.fra1.cdn.digitaloceanspaces.com/DB/26/heads/p262880.png,0,3,9,1036,1,Right,2,3,1,1,,184,79,Male,,,Yes,No,23500000,20000000,17000000,29500,25000,21500,Bruiser,,74,60,62,73,72,82,CDM,CM | CB,False,False,False,raphael-onyedika,16,72,72,74,75,68,72,69,68,67,67
83,80,84,79,78,88,79,83,85,80,68,62,78,83,74,82,67,72,52,78,80,74,78,75,79,71,70,73,53,9,10,14,10,6,69,75,78,80,82,71,10,2025-07-23,2030-06-01,0,56,Colombia,Richard,Ríos,Richard Ríos,Richard Ríos,31257,32106,31258,262881,2237,79,83,2000-06-02T00:00:00.000Z,25,234,Benfica,308,10,10,benfica,20,308,https://cmtracker.fra1.cdn.digitaloceanspaces.com/DB/26/heads/p262881.png,6,9,6,1523,5,Right,3,3,1,0,,187,77,Male,,,No,No,28500000,24500000,21000000,26000,22000,19000,"Block, First Touch, Press Proven, Relentless, Enforcer",,82,68,76,82,69,83,CM,CDM,False,False,False,richard-rios,17,77,76,74,78,78,78,78,76,77,72
92,93,85,81,92,93,90,80,86,72,67,81,78,79,71,77,76,50,70,69,75,71,86,74,68,64,77,71,58,13,9,11,8,13,74,68,70,87,87,74,11,2021-07-09,2028-06-01,0,48,Turkey,Barış Alper,Yılmaz,Barış,Barış Alper Yılmaz,3615,39222,3614,263205,2280,80,83,2000-05-23T00:00:00.000Z,25,325,Galatasaray,68,10,7,galatasaray,53,68,https://cmtracker.fra1.cdn.digitaloceanspaces.com/DB/26/heads/p263205.png,15,4,4,42,5,Right,4,3,3,1,55300000.0,186,80,Male,,,Yes,No,33000000,28000000,24000000,65000,55000,47500,"Low Driven Shot, Aerial Fortress, Rapid, Quick Step, Relentless, Bruiser, Enforcer",Career One Club Player,93,75,69,79,68,90,LM,RM | LW,False,False,False,baris-alper-yilmaz,18,75,75,74,74,79,76,78,79,79,79
94,87,93,93,78,86,45,83,66,79,39,85,75,86,63,85,83,54,63,66,77,45,78,78,48,53,84,74,74,9,7,11,9,9,74,49,73,73,90,70,9,2025-07-01,2029-06-01,0,97,Algeria,Mohamed,Amoura,Amoura,Mohamed Amoura,25486,1936,1936,264697,2159,80,84,2000-05-09T00:00:00.000Z,25,175,VfL Wolfsburg,19,6,8,vfl-wolfsburg,9,19,https://cmtracker.fra1.cdn.digitaloceanspaces.com/DB/26/heads/p264697.png,0,3,4,1530,8,Right,4,3,1,0,,170,61,Male,,,No,No,35000000,29500000,25500000,65000,55000,47500,"Chip Shot, Acrobatic, Gamechanger, Rapid, Quick Step",,91,80,68,87,50,69,ST,LW | LM | CAM,False,False,False,mohamed-amoura,16,67,64,55,62,80,75,81,82,82,79
83,82,72,68,86,75,74,69,72,68,76,52,69,72,61,73,34,31,71,72,74,75,44,37,76,75,33,48,39,9,14,9,6,13,55,76,60,64,75,63,11,2023-08-11,2026-06-01,0,45,Spain,Mika,Mármol Medina,Mika Mármol,Mika Mármol,25081,26255,25082,266160,1912,75,82,2001-07-01T00:00:00.000Z,24,472,UD Las Palmas,54,2,4,ud-las-palmas,3,54,https://cmtracker.fra1.cdn.digitaloceanspaces.com/DB/26/heads/p266160.png,3,4,4,32,1,Left,3,3,1,0,18900000.0,181,73,Male,,,No,No,12500000,10500000,9000000,7700,6500,5600,Intercept,,83,40,59,70,75,77,CB,LB,False,False,False,mika-marmol-medina,16,73,73,74,73,68,69,66,63,65,58
70,80,59,59,79,66,79,72,84,61,77,28,40,68,72,65,21,32,70,55,68,79,42,19,74,73,29,50,40,10,11,12,12,8,52,76,54,57,68,55,11,2024-08-19,2028-06-01,0,60,Uruguay,Gastón,Álvarez,Gastón,Gastón Álvarez,12902,40811,12902,266797,1764,75,82,2000-03-24T00:00:00.000Z,25,112391,Al Qadsiah,350,7,8,al-qadsiah,17,350,https://cmtracker.fra1.cdn.digitaloceanspaces.com/DB/26/heads/p266797.png,0,9,6,1036,1,Left,2,4,1,0,,184,72,Male,,,No,No,12000000,10000000,9000000,33500,28500,24500,"Jockey, Bruiser",,75,30,53,64,75,77,CB,LB | LM,False,False,False,gaston-alvarez,17,72,72,75,70,60,58,54,52,56,51
73,78,56,59,88,74,81,79,84,78,80,45,40,68,38,62,30,46,80,61,68,82,68,39,83,78,42,38,49,6,11,11,6,11,52,81,55,70,69,63,9,2022-01-31,2030-06-01,0,27,Italy,Federico,Gatti,Gatti,Federico Gatti,11668,12909,12909,266872,1892,80,83,1998-06-24T00:00:00.000Z,27,45,Juventus,31,10,9,juventus,4,31,https://cmtracker.fra1.cdn.digitaloceanspaces.com/DB/26/heads/p266872.png,20,5,3,4022,5,Right,2,3,3,0,,190,80,Male,,,Yes,No,28000000,24000000,20500000,125000,105000,92000,"Slide Tackle, Bruiser",,76,46,49,67,81,82,CB,-,False,False,False,federico-gatti,16,71,73,80,73,59,62,57,58,56,59
83,87,74,72,88,82,71,79,76,76,81,42,62,78,64,72,48,48,79,66,74,81,68,56,78,80,51,64,38,14,10,10,14,6,64,80,66,73,79,63,11,2022-07-12,2027-06-01,0,45,Spain,Mario,Gila Fuentes,Gila,Mario Gila,23733,13263,13262,268804,2072,79,84,2000-08-29T00:00:00.000Z,24,115841,Latium,31,7,1,latium,34,31,https://cmtracker.fra1.cdn.digitaloceanspaces.com/DB/26/heads/p268804.png,6,9,2,2522,5,Right,2,4,1,0,,185,80,Male,,,No,No,28500000,24000000,20500000,36500,31000,26500,"Long Ball Pass, Jockey",,85,51,63,75,80,79,CB,-,False,False,False,mario-gila-fuentes,18,77,78,78,76,70,70,67,66,68,65
56,74,38,35,83,72,84,79,82,77,80,15,64,68,44,56,34,34,80,72,75,79,62,37,82,76,32,51,48,14,15,9,7,11,53,79,57,68,57,61,12,2022-07-01,2028-06-01,0,54,Brazil,Alexsandro,de Souza Ribeiro,Alexsandro R.,Alexsandro,1522,40627,1523,269493,1825,80,84,1999-08-09T00:00:00.000Z,25,65,LOSC Lille,16,7,5,losc-lille,4,16,https://cmtracker.fra1.cdn.digitaloceanspaces.com/DB/26/heads/p269493.png,0,4,7,1009,5,Left,2,5,1,0,,191,92,Male,,,Yes,No,31000000,26500000,22500000,39000,33000,28500,"Block, Intercept, Anticipate, Aerial Fortress",,65,38,57,59,79,80,CB,-,False,False,False,alexsandro-de-souza-ribeiro,19,70,72,79,76,58,65,58,55,54,54
83,83,81,89,90,76,68,79,62,74,22,79,75,80,75,82,80,67,75,72,76,21,82,82,37,29,72,79,64,8,13,11,9,12,76,29,76,80,83,63,11,2025-08-01,2030-06-01,0,54,Brazil,Igor Guilherme,Barbosa da Paixão,Paixão,Igor Paixão,16123,3651,28639,271400,2087,80,83,2000-06-28T00:00:00.000Z,25,219,Olympique de Marseille,16,8,6,olympique-de-marseille,14,16,https://cmtracker.fra1.cdn.digitaloceanspaces.com/DB/26/heads/p271400.png,21,3,5,1021,8,Right,4,2,1,1,,168,63,Male,,,Yes,No,33000000,28000000,24000000,52000,44500,38000,"Gamechanger, Whipped Pass, Technical",,83,77,74,81,37,74,LM,LW,False,False,False,igor-guilherme-barbosa-da-paixao,18,58,55,48,55,78,72,78,79,79,79
56,52,74,82,69,78,68,75,84,72,79,68,73,77,64,73,64,63,68,77,78,74,75,65,81,77,55,60,69,7,14,10,13,14,66,78,70,71,68,75,12,2023-01-30,2030-06-01,0,54,Brazil,João Victor,Gomes da Silva,Gomes,João Gomes,18120,13509,13497,273463,2108,78,83,2001-02-12T00:00:00.000Z,24,110,Wolverhampton Wanderers,13,4,8,wolverhampton-wanderers,8,13,https://cmtracker.fra1.cdn.digitaloceanspaces.com/DB/26/heads/p273463.png,0,3,4,1009,2,Right,3,3,1,1,38500000.0,176,74,Male,,,Yes,No,23000000,19500000,16500000,66000,56000,48500,"Slide Tackle, Press Proven",Career One Club Player,54,66,69,76,76,75,CDM,CM,False,False,False,joao-victor-gomes-da-silva,18,73,73,75,77,70,75,71,70,69,68
92,93,54,48,88,64,81,69,75,74,70,59,55,69,51,65,55,29,77,59,70,74,50,42,79,74,22,43,32,7,5,5,10,9,55,76,53,65,72,61,8,2024-08-19,2028-06-01,0,70,Canada,Moïse,Bombito,Bombito,Moïse Bombito,25923,4989,4989,274536,1849,76,83,2000-03-30T00:00:00.000Z,25,72,OGC Nice,16,6,4,ogc-nice,64,16,https://cmtracker.fra1.cdn.digitaloceanspaces.com/DB/26/heads/p274536.png,21,9,9,1021,5,Right,2,3,1,0,,191,81,Male,,,No,No,16000000,13500000,11500000,27000,23000,19500,Block,,93,43,51,63,75,77,CB,-,False,False,False,moise-bombito,14,70,72,75,70,66,64,64,65,65,64
62,62,56,52,84,73,82,76,82,62,78,29,44,70,39,66,27,37,77,62,74,75,51,26,80,80,33,35,47,14,13,8,6,8,50,79,54,64,62,57,10,2025-07-01,2030-06-01,0,54,Brazil,Bernardo,de Souza,Natan,Natan,4339,40620,26654,277537,1770,78,84,2001-02-06T00:00:00.000Z,24,449,Real Betis Balompié,53,6,5,real-betis-balompie,4,53,https://cmtracker.fra1.cdn.digitaloceanspaces.com/DB/26/heads/p277537.png,0,9,7,4502,5,Left,2,2,1,0,46000000.0,188,85,Male,,,No,No,24000000,20000000,17500000,29000,24500,21000,,,62,36,49,64,78,80,CB,LB,False,False,False,bernardo-de-souza,17,69,71,77,73,58,62,56,54,54,53
38,42,45,38,60,35,55,77,20,62,20,10,60,33,13,20,11,15,15,60,60,20,62,10,17,18,10,20,23,77,78,82,81,77,22,19,30,45,48,33,79,2025-07-01,2028-06-01,0,45,Spain,Kepa,Arrizabalaga,Arrizabalaga,Kepa,19298,2701,2701,206585,1364,79,79,1994-10-03T00:00:00.000Z,30,1,Arsenal,13,10,9,arsenal,13,13,https://cmtracker.fra1.cdn.digitaloceanspaces.com/DB/26/heads/p206585.png,3,3,2,1509,4,Right,1,4,2,1,,189,89,Male,,,Yes,No,14000000,11500000,10000000,89000,76000,65000,,GK Footwork,40,21,38,46,18,43,GK,-,True,False,False,kepa-arrizabalaga,78,31,30,29,38,36,43,39,35,32,31
87,75,92,85,74,76,55,82,47,84,18,83,81,84,79,84,83,69,65,77,82,30,83,78,31,18,80,83,75,14,8,11,7,7,78,27,80,74,85,65,10,2023-01-20,2027-06-01,0,7,Belgium,Leandro,Trossard,Trossard,Leandro Trossard,21178,36864,36864,207421,2087,83,83,1994-12-04T00:00:00.000Z,30,1,Arsenal,13,10,9,arsenal,19,13,https://cmtracker.fra1.cdn.digitaloceanspaces.com/DB/26/heads/p207421.png,8,3,2,17,2,Right,4,5,3,0,,171,67,Male,,,Yes,No,41500000,35000000,30000000,200000,175000,150000,Whipped Pass,,81,80,79,85,32,63,LW,ST | LM,True,False,False,leandro-trossard,17,58,54,44,55,81,75,82,82,82,79
52,47,61,67,72,82,78,80,80,77,84,66,70,76,68,69,63,65,69,80,79,77,72,64,80,79,51,74,62,11,9,13,11,14,66,79,73,74,62,74,12,2025-07-10,2027-06-01,0,13,Denmark,Christian,Nørgaard,Nørgaard,Christian Nørgaard,7277,27639,27639,210697,2102,80,80,1994-03-10T00:00:00.000Z,31,1,Arsenal,13,10,9,arsenal,16,13,https://cmtracker.fra1.cdn.digitaloceanspaces.com/DB/26/heads/p210697.png,0,3,2,1506,5,Right,3,3,1,1,,187,77,Male,,,Yes,No,17500000,15000000,12500000,145000,125000,105000,"Precision Header, Intercept, Aerial Fortress",,50,63,73,72,78,78,CDM,CM,True,False,False,christian-norgaard,18,74,74,77,79,69,75,70,68,67,68
64,59,68,45,64,31,38,84,29,68,11,15,68,43,12,19,19,15,20,67,62,28,65,14,14,13,20,18,26,86,84,87,87,85,27,19,33,43,64,37,86,2024-07-04,2028-06-01,0,45,Spain,David,Raya Martin,Raya,David Raya,8642,30900,30899,220901,1528,87,87,1995-09-15T00:00:00.000Z,29,1,Arsenal,13,10,9,arsenal,1,13,https://cmtracker.fra1.cdn.digitaloceanspaces.com/DB/26/heads/p220901.png,0,4,4,1541,2,Right,1,3,4,2,,183,75,Male,,,Yes,No,64000000,54500000,47000000,170000,145000,125000,,"GK Footwork, Career One Club Player",62,27,40,55,17,41,GK,-,True,False,False,david-raya-martin,85,33,32,28,39,42,47,46,42,39,37
64,63,63,63,85,82,78,84,83,81,83,81,80,84,77,82,80,69,87,80,84,78,85,76,82,76,58,80,70,9,12,9,14,13,78,79,79,82,68,80,12,2024-08-27,2028-06-01,0,45,Spain,Mikel,Merino Zazón,Merino,Mikel Merino,25098,24844,24841,225193,2295,83,83,1996-06-22T00:00:00.000Z,29,1,Arsenal,13,10,9,arsenal,23,13,https://cmtracker.fra1.cdn.digitaloceanspaces.com/DB/26/heads/p225193.png,0,4,2,2507,5,Left,3,3,3,1,,189,83,Male,,,Yes,No,41500000,35500000,30500000,190000,160000,140000,"Power Shot, Precision Header, Aerial Fortress, Relentless",,64,75,78,76,81,82,CM,ST | CDM,True,False,False,mikel-merino-zazon,19,79,78,81,81,79,81,80,80,78,80
67,59,79,79,66,68,53,77,74,78,78,75,78,78,80,78,58,76,70,79,79,75,78,73,78,77,61,83,58,15,11,13,11,11,70,77,79,68,73,74,13,2022-07-22,2026-06-30,1,49,Ukraine,Oleksandr,Zinchenko,Zinchenko,Oleksandr Zinchenko,27981,40318,40318,227813,2173,77,77,1996-12-15T00:00:00.000Z,28,1,Arsenal,13,10,9,arsenal,35,13,https://cmtracker.fra1.cdn.digitaloceanspaces.com/DB/26/heads/p227813.png,4,2,3,2019,1,Left,3,3,2,2,,175,64,Male,,,Yes,No,11500000,9500000,8000000,115000,99000,85000,Pinged Pass,,63,67,79,78,76,65,LB,CM,True,False,False,oleksandr-zinchenko,19,75,74,73,76,74,76,75,73,73,70
85,78,88,89,84,63,65,80,82,78,32,81,78,84,73,87,79,54,76,66,79,45,82,75,30,28,77,75,75,13,8,6,15,6,77,35,74,74,84,71,10,2022-07-04,2027-06-01,0,54,Brazil,Gabriel,Fernando de Jesus,G.Jesus,Gabriel Jesus,12603,11792,45458,230666,2116,80,80,1997-04-03T00:00:00.000Z,28,1,Arsenal,13,10,9,arsenal,9,13,https://cmtracker.fra1.cdn.digitaloceanspaces.com/DB/26/heads/p230666.png,21,9,5,1502,326,Right,4,3,3,0,,175,73,Male,,,Yes,No,25500000,21500000,18500000,165000,140000,120000,"Technical, First Touch, Relentless",,82,78,71,84,42,74,ST,CAM,True,False,False,gabriel-fernando-de-jesus,17,60,56,53,58,79,72,80,81,81,79
68,71,68,61,82,78,77,84,81,81,84,59,76,79,77,74,30,20,78,79,80,83,53,27,84,82,23,64,24,8,11,12,6,5,58,83,64,64,71,68,9,2021-07-30,2028-06-01,0,14,England,Benjamin,White,White,Benjamin White,4195,38720,38720,231936,1969,83,83,1997-10-08T00:00:00.000Z,27,1,Arsenal,13,10,9,arsenal,4,13,https://cmtracker.fra1.cdn.digitaloceanspaces.com/DB/26/heads/p231936.png,6,1,4,2019,4,Right,2,4,3,3,,185,77,Male,,,Yes,No,41500000,35000000,30000000,175000,150000,130000,Block,,70,36,66,75,82,80,RB,RM,True,False,False,benjamin-white,16,79,79,81,81,72,75,69,66,67,61
61,67,51,37,88,71,89,89,89,79,89,52,63,71,42,64,37,31,91,76,79,90,62,39,88,90,33,57,51,12,8,13,7,10,57,90,60,70,61,71,10,2020-09-01,2029-06-01,0,54,Brazil,Gabriel,dos S. Magalhães,Gabriel,Gabriel,12603,40651,12603,232580,1976,89,90,1997-12-19T00:00:00.000Z,27,1,Arsenal,13,10,9,arsenal,6,13,https://cmtracker.fra1.cdn.digitaloceanspaces.com/DB/26/heads/p232580.png,0,9,8,1007,5,Left,2,2,4,1,,190,87,Male,,,Yes,No,122500000,104000000,89500000,300000,250000,220000,Precision Header,,64,46,58,65,90,84,CB,-,True,False,False,gabriel-dos-s-magalhaes,18,75,78,87,82,64,71,64,63,60,63
71,73,63,65,84,93,79,88,85,86,86,77,82,84,89,82,64,75,79,86,87,81,87,83,86,85,50,87,71,8,11,14,9,5,74,84,83,86,72,82,10,2023-07-15,2028-06-01,0,14,England,Declan,Rice,Rice,Declan Rice,8835,31255,31255,234378,2355,88,89,1999-01-14T00:00:00.000Z,26,1,Arsenal,13,10,9,arsenal,41,13,https://cmtracker.fra1.cdn.digitaloceanspaces.com/DB/26/heads/p234378.png,3,2,3,3513,5,Right,3,3,4,2,,185,80,Male,,,Yes,No,113000000,96000000,82500000,270000,230000,200000,"Dead Ball, Whipped Pass, Block, Intercept, Aerial Fortress, Press Proven",Career One Club Player,72,72,84,78,83,85,CDM,CM,True,False,False,declan-rice,17,85,84,83,85,81,84,80,79,79,77
73,75,87,89,70,76,68,84,58,87,57,80,85,87,78,87,80,77,56,81,84,55,81,82,63,48,79,83,76,10,12,9,10,14,76,56,83,76,82,74,11,2025-08-23,2029-06-01,0,14,England,Eberechi,Eze,Eze,Eberechi Eze,10189,11275,11275,235794,2241,84,85,1998-06-29T00:00:00.000Z,27,1,Arsenal,13,10,9,arsenal,10,13,https://cmtracker.fra1.cdn.digitaloceanspaces.com/DB/26/heads/p235794.png,0,9,9,1033,2,Right,4,4,3,0,,178,67,Male,,,Yes,No,57500000,48500000,42000000,210000,175000,150000,"Finesse Shot, Power Shot, Dead Ball, Gamechanger, Inventive, Technical, First Touch",,74,80,81,87,56,68,CAM,LW | CM | LM,True,False,False,eberechi-eze,19,70,67,62,70,81,81,83,82,82,78
86,88,79,72,95,93,91,87,87,85,28,88,79,83,72,80,88,71,81,58,78,34,88,80,34,16,77,72,88,10,13,11,8,14,80,28,73,90,83,76,12,2025-07-26,2030-06-01,0,46,Sweden,Viktor,Gyökeres,Gyökeres,Viktor Gyökeres,37962,14231,14231,241651,2214,86,87,1998-06-04T00:00:00.000Z,27,1,Arsenal,13,10,9,arsenal,14,13,https://cmtracker.fra1.cdn.digitaloceanspaces.com/DB/26/heads/p241651.png,5,2,1,4008,6,Right,3,4,4,1,,189,94,Male,,,Yes,No,94000000,79500000,68500000,260000,220000,190000,"Finesse Shot, Power Shot, Acrobatic, Low Driven Shot, Press Proven, Quick Step",Career One Club Player,87,85,72,81,39,92,ST,-,True,False,False,viktor-gyokeres,19,61,57,55,59,81,74,81,83,82,85
76,78,53,46,90,72,88,87,83,82,88,54,62,77,58,74,35,35,83,77,80,89,60,23,90,88,34,55,47,7,10,6,11,8,58,89,64,67,68,70,9,2019-07-25,2030-06-01,0,18,France,William,Saliba,Saliba,William Saliba,38818,32439,32439,243715,2006,88,90,2001-03-24T00:00:00.000Z,24,1,Arsenal,13,10,9,arsenal,2,13,https://cmtracker.fra1.cdn.digitaloceanspaces.com/DB/26/heads/p243715.png,0,3,7,529,5,Right,2,3,4,1,,193,85,Male,,,Yes,No,124500000,105500000,90500000,230000,200000,170000,"Long Ball Pass, Jockey",,77,42,61,70,88,83,CB,-,True,False,False,william-saliba,17,79,81,86,82,70,72,67,66,65,64
67,66,74,75,77,85,67,85,80,83,83,79,83,84,70,77,69,56,65,85,86,81,76,73,82,79,70,73,45,7,6,12,13,14,72,81,75,76,74,76,11,2025-07-06,2030-06-01,0,45,Spain,Martín,Zubimendi Ibáñez,Zubimendi,Zubimendi,23927,40440,40439,248148,2227,84,87,1999-02-02T00:00:00.000Z,26,1,Arsenal,13,10,9,arsenal,36,13,https://cmtracker.fra1.cdn.digitaloceanspaces.com/DB/26/heads/p248148.png,3,7,4,3,2,Right,3,4,3,1,,180,74,Male,,,Yes,No,58500000,49500000,42500000,195000,165000,140000,"Intercept, Aerial Fortress",,67,69,76,80,78,77,CDM,CM,True,False,False,martin-zubimendi-ibanez,18,79,78,78,82,78,82,79,77,76,74
76,76,71,76,88,79,82,84,76,82,83,70,69,79,78,77,41,31,76,71,80,83,61,46,84,81,41,65,42,6,6,8,14,14,64,83,65,72,77,71,10,2023-07-14,2028-06-01,0,34,Holland,Jurriën,Timber,J.Timber,Jurriën Timber,18366,36404,45693,251805,2096,83,86,2001-06-17T00:00:00.000Z,24,1,Arsenal,13,10,9,arsenal,12,13,https://cmtracker.fra1.cdn.digitaloceanspaces.com/DB/26/heads/p251805.png,0,4,7,1024,2,Right,3,3,3,2,,179,78,Male,,,Yes,No,54000000,46000000,39500000,150000,130000,110000,"Jockey, Press Proven",,76,50,66,78,81,81,RB,LB | CB | RM,True,False,False,jurrien-timber,18,80,80,81,79,74,74,71,70,71,67
89,88,81,79,76,75,67,76,67,80,45,79,75,83,74,85,75,65,55,67,76,45,79,74,45,30,65,76,75,5,13,6,15,12,69,40,76,75,83,71,11,2025-07-18,2030-06-01,0,14,England,Noni,Madueke,Madueke,Noni Madueke,27351,22914,22914,254796,2097,80,84,2002-03-10T00:00:00.000Z,23,1,Arsenal,13,10,9,arsenal,20,13,https://cmtracker.fra1.cdn.digitaloceanspaces.com/DB/26/heads/p254796.png,0,9,9,1023,1,Left,4,3,1,0,,182,75,Male,,,Yes,No,35500000,30000000,26000000,135000,115000,99000,"Low Driven Shot, Technical, Quick Step",,89,75,72,81,44,71,RW,RM,True,False,False,noni-madueke,18,64,60,54,61,79,73,78,79,80,76
80,88,74,69,88,85,77,82,87,76,83,60,57,74,55,70,41,32,79,74,78,83,50,31,85,88,33,56,33,9,15,10,9,6,58,86,62,67,79,66,10,2021-08-16,2026-06-30,1,57,Ecuador,Piero,Hincapié,Hincapie,Piero Hincapié,29578,15317,15316,256197,2017,83,89,2002-01-09T00:00:00.000Z,23,32,Bayer 04 Leverkusen,19,9,9,bayer-04-leverkusen,5,13,https://cmtracker.fra1.cdn.digitaloceanspaces.com/DB/26/heads/p256197.png,0,9,5,1528,2,Left,3,2,3,0,,184,77,Male,,,Yes,No,61500000,52000000,45000000,96000,81000,70000,"Jockey, Block",,84,41,59,74,84,84,CB,LB,True,False,False,piero-hincapie,17,78,80,82,79,70,71,67,65,66,63
73,70,77,71,56,63,48,76,51,76,58,73,82,80,74,79,71,68,46,79,80,57,77,76,60,48,65,74,69,9,5,15,6,13,68,55,76,64,74,69,10,2022-07-01,2026-06-30,1,38,Portugal,Fábio Daniel,Ferreira Vieira,Fábio Vieira,Fábio Vieira,12481,11835,12493,256958,2025,78,81,2000-05-30T00:00:00.000Z,25,1,Arsenal,13,10,9,arsenal,20,19,https://cmtracker.fra1.cdn.digitaloceanspaces.com/DB/26/heads/p256958.png,0,5,2,2508,1,Left,3,3,1,0,,173,61,Male,,,Yes,No,22000000,18500000,16000000,120000,100000,88000,"Dead Ball, Tiki Taka",,72,72,76,77,54,55,CAM,CM | RM,True,False,False,fabio-daniel-ferreira-vieira,16,66,64,57,66,76,75,77,75,76,70
74,72,69,69,86,77,78,80,79,76,78,74,69,77,75,75,64,65,77,70,79,77,77,70,79,81,67,76,50,9,11,5,11,6,73,79,73,78,73,71,9,2024-07-29,2029-06-01,0,27,Italy,Riccardo,Calafiori,Calafiori,Riccardo Calafiori,31251,6095,6095,257711,2182,80,84,2002-05-19T00:00:00.000Z,23,1,Arsenal,13,10,9,arsenal,33,13,https://cmtracker.fra1.cdn.digitaloceanspaces.com/DB/26/heads/p257711.png,6,5,2,2019,5,Left,3,5,1,2,,188,86,Male,,,No,No,33000000,28000000,24000000,120000,100000,87000,Long Ball Pass,,73,67,72,74,78,80,LB,CB | CDM,True,False,False,riccardo-calafiori,16,77,77,78,77,74,74,73,74,73,73
73,74,68,69,85,79,74,75,77,69,77,28,58,67,44,40,39,28,77,70,73,77,65,49,80,76,29,33,49,8,6,13,7,8,53,78,48,71,72,60,9,2025-07-24,2030-06-01,0,45,Spain,Cristhian,Mosquera Ibargüen,Mosquera,Mosquera,7916,25826,25825,264846,1844,77,85,2004-06-27T00:00:00.000Z,21,1,Arsenal,13,10,9,arsenal,3,13,https://cmtracker.fra1.cdn.digitaloceanspaces.com/DB/26/heads/p264846.png,0,9,9,1011,5,Right,2,3,1,0,,188,79,Male,,,Yes,No,26000000,22000000,19000000,81000,69000,59000,Intercept,Career One Club Player,74,43,51,65,77,79,CB,-,True,False,False,cristhian-mosquera-ibarguen,14,70,72,76,74,58,64,57,55,55,56
63,70,54,55,83,69,79,79,77,75,78,57,66,76,65,74,29,34,77,75,80,80,62,28,79,78,32,54,39,7,7,6,14,13,57,79,63,65,65,66,10,2023-01-23,2026-06-30,1,37,Poland,Jakub,Kiwior,Kiwior,Jakub Kiwior,17026,19718,19718,265693,1914,78,81,2000-02-15T00:00:00.000Z,25,1,Arsenal,13,10,9,arsenal,4,308,https://cmtracker.fra1.cdn.digitaloceanspaces.com/DB/26/heads/p265693.png,3,4,2,2002,4,Left,2,3,1,0,,189,75,Male,,,Yes,No,19500000,16500000,14000000,115000,96000,83000,Block,Career One Club Player,67,41,62,69,78,77,CB,LB,True,False,False,jakub-kiwior,17,74,75,78,77,68,71,66,64,64,61
68,68,85,83,63,84,55,88,64,87,69,78,90,88,86,87,79,82,55,88,90,68,82,80,72,57,79,84,68,14,15,15,10,8,78,66,86,73,79,76,13,2021-08-20,2028-06-01,0,36,Norway,Martin,Ødegaard,Ødegaard,Martin Ødegaard,23881,40979,40979,222665,2289,86,88,1998-12-17T00:00:00.000Z,26,1,Arsenal,13,10,9,arsenal,8,13,https://cmtracker.fra1.cdn.digitaloceanspaces.com/DB/26/heads/p222665.png,2,2,2,4003,1,Left,5,2,4,1,,178,68,Male,,,Yes,No,98500000,83500000,72000000,240000,200000,175000,"Pinged Pass, Inventive, Technical, First Touch",,68,78,87,86,64,67,CM,CAM,False,False,False,martin-odegaard,20,77,73,67,77,83,85,85,82,83,77
78,75,82,80,57,64,53,73,42,60,42,70,72,78,72,79,70,67,39,66,73,31,69,59,37,37,59,66,61,12,12,11,15,11,63,35,72,61,78,58,13,2016-12-23,2026-06-30,1,14,England,Reiss,Nelson,Nelson,Reiss Nelson,31053,26862,26862,231448,1872,75,78,1999-12-10T00:00:00.000Z,25,1,Arsenal,13,10,9,arsenal,11,13,https://cmtracker.fra1.cdn.digitaloceanspaces.com/DB/26/heads/p231448.png,0,9,6,1005,1,Right,4,3,1,1,,175,70,Male,,,Yes,No,9000000,7500000,6500000,99000,84000,72000,Technical,,77,65,69,75,37,54,RM,LM | RW,False,False,False,reiss-nelson,19,59,55,45,55,73,68,73,72,74,67
71,72,70,54,85,85,75,81,56,78,43,84,81,85,75,84,80,53,81,77,82,45,81,74,47,41,81,81,83,6,8,11,12,10,80,45,76,80,70,71,10,2023-06-28,2028-06-01,0,21,Germany,Kai,Havertz,Havertz,Kai Havertz,18610,14867,14867,235790,2132,82,84,1999-06-11T00:00:00.000Z,26,1,Arsenal,13,10,9,arsenal,29,13,https://cmtracker.fra1.cdn.digitaloceanspaces.com/DB/26/heads/p235790.png,3,2,2,53,270,Left,4,4,3,1,,193,82,Male,,,Yes,No,45000000,38000000,33000000,185000,155000,135000,"Chip Shot, Precision Header, Gamechanger, Technical, First Touch, Enforcer",,72,81,75,75,51,75,ST,CM | CAM,False,False,False,kai-havertz,17,66,63,59,65,80,77,80,81,79,80
87,81,85,88,72,86,68,88,68,82,62,86,86,88,90,89,84,74,49,77,85,60,79,81,62,60,79,88,87,7,8,13,13,9,78,61,84,78,86,79,10,2018-09-14,2027-06-01,0,14,England,Bukayo,Saka,Saka,Bukayo Saka,5715,32394,32394,246669,2321,88,90,2001-09-05T00:00:00.000Z,23,1,Arsenal,13,10,9,arsenal,7,13,https://cmtracker.fra1.cdn.digitaloceanspaces.com/DB/26/heads/p246669.png,0,9,9,1024,1,Left,3,4,4,1,,178,65,Male,,,Yes,No,140000000,118500000,102000000,270000,230000,195000,"Finesse Shot, Technical",,84,83,83,87,59,74,RW,RM,False,False,False,bukayo-saka,18,77,73,65,73,86,82,85,85,86,80
33,38,36,31,60,40,62,70,18,26,12,6,41,12,10,10,8,12,17,38,37,9,52,7,16,15,6,13,18,72,71,69,76,73,16,14,17,45,42,21,73,2019-05-09,2026-06-30,1,208,Estonia,Karl,Hein,Hein,Karl Hein,18937,15001,15001,248732,1114,73,81,2002-04-13T00:00:00.000Z,23,1,Arsenal,13,10,9,arsenal,13,19,https://cmtracker.fra1.cdn.digitaloceanspaces.com/DB/26/heads/p248732.png,19,2,2,17,4,Right,1,3,1,1,,193,76,Male,,,Yes,No,7000000,6000000,5000000,41500,35000,30000,,,36,16,25,31,14,45,GK,-,False,False,False,karl-hein,72,24,24,24,27,25,29,26,24,22,25
92,89,87,81,83,82,63,78,80,79,39,80,77,82,77,85,79,68,72,65,77,44,77,73,44,43,81,74,62,10,6,7,6,6,78,44,75,76,86,70,7,2019-07-02,2027-06-01,0,54,Brazil,Gabriel Teodoro,Martinelli Silva,Martinelli,Gabriel Martinelli,12628,23892,23891,251566,2148,81,84,2001-06-18T00:00:00.000Z,24,1,Arsenal,13,10,9,arsenal,11,13,https://cmtracker.fra1.cdn.digitaloceanspaces.com/DB/26/heads/p251566.png,0,3,3,1502,1,Right,4,3,3,0,,178,75,Male,,,Yes,No,41500000,35000000,30500000,145000,125000,105000,"Finesse Shot, Inventive, Quick Step",,91,75,73,82,48,77,LW,LM,False,False,False,gabriel-teodoro-martinelli-silva,14,66,63,57,62,80,73,79,80,81,78
69,85,65,64,79,63,79,70,80,63,73,46,56,60,60,57,34,32,70,63,66,70,52,54,72,73,40,54,43,7,6,12,11,14,54,72,54,66,71,61,10,2024-07-01,2026-06-30,1,14,England,Ben,Godfrey,Godfrey,Ben Godfrey,4136,13441,13441,225793,1842,72,72,1998-01-15T00:00:00.000Z,27,115845,Bergamo Calcio,31,7,7,bergamo-calcio,14,1,https://cmtracker.fra1.cdn.digitaloceanspaces.com/DB/26/heads/p225793.png,0,3,5,2015,2,Right,2,3,1,2,,184,79,Male,,,Yes,No,2700000,2300000,1900000,42500,36000,31000,,,77,45,55,63,72,75,RB,CB | LB | RM,True,False,False,ben-godfrey,16,68,69,72,68,60,61,58,57,58,56
72,71,79,62,79,78,69,77,55,73,58,82,83,87,76,86,78,72,75,80,83,45,82,79,59,54,76,79,69,11,8,14,8,8,78,53,81,78,73,70,10,2024-07-01,2028-06-01,0,7,Belgium,Charles,De Ketelaere,De Ketelaere,Charles De Ketelaere,6916,8752,8752,251470,2167,82,86,2001-03-10T00:00:00.000Z,24,115845,Bergamo Calcio,31,7,7,bergamo-calcio,17,31,https://cmtracker.fra1.cdn.digitaloceanspaces.com/DB/26/heads/p251470.png,6,3,4,3,4,Left,4,3,3,0,,192,74,Male,,,Yes,No,51500000,43500000,37500000,84000,71000,61000,"Precision Header, Low Driven Shot, Incisive Pass, Inventive, Aerial Fortress, Technical",Career One Club Player,72,78,79,77,58,70,CAM,ST | CM,True,False,False,charles-de-ketelaere,16,69,67,62,69,80,79,81,81,80,79
24,39,40,25,59,28,55,74,27,40,13,9,54,21,11,14,8,12,20,31,36,16,56,10,17,14,7,18,17,86,84,74,86,85,17,16,20,42,41,27,83,2019-07-01,2028-06-01,0,27,Italy,Marco,Carnesecchi,Carnesecchi,Marco Carnesecchi,23591,6447,6447,252154,1210,85,88,2000-07-01T00:00:00.000Z,25,115845,Bergamo Calcio,31,7,7,bergamo-calcio,29,31,https://cmtracker.fra1.cdn.digitaloceanspaces.com/DB/26/heads/p252154.png,19,4,3,2019,5,Right,1,3,3,2,,191,83,Male,,,Yes,No,65000000,55000000,47500000,70000,59000,51000,,GK Rush Out,32,18,27,36,16,42,GK,-,True,False,False,marco-carnesecchi,83,24,24,26,28,27,31,29,28,25,27
66,74,69,63,71,69,67,72,46,72,35,72,73,81,75,77,64,78,65,69,78,31,73,78,50,40,75,78,70,12,12,14,14,13,72,41,77,72,69,62,13,2025-02-02,2026-06-30,1,27,Italy,Daniel,Maldini,Maldini,Daniel Maldini,8495,23227,23227,255611,1996,74,81,2001-10-11T00:00:00.000Z,23,115845,Bergamo Calcio,31,7,7,bergamo-calcio,27,31,https://cmtracker.fra1.cdn.digitaloceanspaces.com/DB/26/heads/p255611.png,6,5,2,4010,4,Right,3,4,1,0,,188,83,Male,,,No,No,10000000,8500000,7500000,48000,40500,35000,Technical,,70,72,75,72,44,63,CAM,CM,True,False,False,daniel-maldini,19,60,58,52,58,73,71,74,73,73,71
61,64,58,65,73,69,73,73,73,69,67,71,71,74,64,71,70,57,67,72,73,68,74,72,68,63,55,56,54,6,14,9,10,7,66,67,66,73,65,68,10,2025-07-01,2026-06-30,1,27,Italy,Marco,Brescianini,Brescianini,Marco Brescianini,23591,5445,5445,257785,1991,72,75,2000-01-20T00:00:00.000Z,25,115845,Bergamo Calcio,31,7,7,bergamo-calcio,4,31,https://cmtracker.fra1.cdn.digitaloceanspaces.com/DB/26/heads/p257785.png,1,1,1,2507,4,Left,2,3,1,0,,188,80,Male,,,No,No,3600000,3100000,2600000,42500,36000,31000,,,63,66,66,68,67,72,CM,CAM,True,False,False,marco-brescianini,16,67,67,68,70,69,71,70,70,69,70
80,85,80,75,59,75,49,73,66,72,64,76,74,79,76,80,60,72,45,68,77,65,72,68,67,64,69,76,69,10,5,7,15,8,66,66,75,65,79,71,9,2025-08-18,2029-06-01,0,37,Poland,Nicola,Zalewski,Zalewski,Nicola Zalewski,27063,39949,39949,262113,2080,77,79,2002-01-23T00:00:00.000Z,23,115845,Bergamo Calcio,31,7,7,bergamo-calcio,59,31,https://cmtracker.fra1.cdn.digitaloceanspaces.com/DB/26/heads/p262113.png,6,3,2,2022,2,Right,3,5,1,1,,175,68,Male,,,No,No,16000000,13500000,12000000,57000,48500,41500,Rapid,,83,69,74,77,61,62,LM,RM | CAM | LB,True,False,False,nicola-zalewski,16,72,70,63,69,76,73,75,74,75,68
66,65,48,42,78,61,71,77,81,72,81,28,61,70,40,56,25,22,75,62,72,79,57,39,82,80,39,35,35,6,12,12,6,9,51,81,49,62,60,60,9,2021-07-09,2028-06-01,0,27,Italy,Giorgio,Scalvini,Scalvini,Giorgio Scalvini,13317,32994,32994,265188,1744,78,86,2003-12-11T00:00:00.000Z,21,115845,Bergamo Calcio,31,7,7,bergamo-calcio,42,31,https://cmtracker.fra1.cdn.digitaloceanspaces.com/DB/26/heads/p265188.png,6,2,2,1537,5,Right,2,3,1,0,,194,76,Male,,,No,No,35000000,29500000,25500000,48500,41500,35500,"Block, Intercept, Anticipate, Bruiser",,66,37,49,61,79,73,CB,-,True,False,False,giorgio-scalvini,16,69,71,77,73,57,63,57,55,54,53
45,45,39,57,65,42,67,62,65,50,66,25,25,61,29,33,22,34,70,42,61,65,44,26,71,69,33,37,30,10,14,9,14,5,43,69,42,49,50,44,11,2022-01-09,2026-06-30,1,27,Italy,Giorgio,Cittadini,Cittadini,Giorgio Cittadini,13317,7406,7406,266304,1432,66,75,2002-04-18T00:00:00.000Z,23,115845,Bergamo Calcio,31,7,7,bergamo-calcio,2,32,https://cmtracker.fra1.cdn.digitaloceanspaces.com/DB/26/heads/p266304.png,5,1,2,2020,4,Right,2,3,1,0,,193,75,Male,,,No,No,2100000,1800000,1500000,17500,15000,12500,,,45,30,38,50,68,60,CB,-,True,False,False,giorgio-cittadini,16,55,58,66,59,41,47,42,41,40,43
76,67,76,79,75,79,67,74,79,66,75,62,63,68,58,66,55,49,61,68,70,69,77,67,72,73,59,56,53,7,9,15,11,10,61,72,62,73,75,67,11,2024-07-17,2026-06-30,1,117,Ghana,Ibrahim,Sulemana,Sulemana,Ibrahim Sulemana,16045,35148,35148,271577,2011,72,80,2003-05-22T00:00:00.000Z,22,115845,Bergamo Calcio,31,7,7,bergamo-calcio,25,31,https://cmtracker.fra1.cdn.digitaloceanspaces.com/DB/26/heads/p271577.png,21,9,10,1038,2,Right,2,3,1,1,,180,72,Male,,,Yes,No,6000000,5000000,4300000,37000,31000,27000,,,72,62,61,72,70,75,CDM,CM,True,False,False,ibrahim-sulemana,16,70,70,70,71,66,68,66,66,65,65
65,67,61,59,84,77,80,75,58,66,18,82,60,74,48,70,79,66,78,45,67,20,77,72,18,25,70,58,70,9,14,8,6,10,69,21,63,78,66,59,10,2025-08-20,2030-06-01,0,15,Montenegro,Nikola,Krstović,Krstović,Nikola Krstović,27146,20287,20287,277839,1836,76,80,2000-04-05T00:00:00.000Z,25,115845,Bergamo Calcio,31,7,7,bergamo-calcio,90,31,https://cmtracker.fra1.cdn.digitaloceanspaces.com/DB/26/heads/p277839.png,6,9,2,4001,6,Right,2,4,1,0,,185,83,Male,,,No,No,12500000,10500000,9000000,64000,54000,46500,Enforcer,,66,75,57,68,32,75,ST,-,True,False,False,nikola-krstovic,16,49,46,44,47,67,62,69,72,69,75
22,21,55,40,35,22,30,51,14,42,27,11,30,19,19,21,11,22,14,12,17,20,47,12,17,16,16,22,14,63,62,63,62,60,16,18,20,30,38,23,62,2009-08-01,2026-06-01,0,27,Italy,Francesco,Rossi,Rossi,Francesco Rossi,12215,31821,31821,194894,1009,62,62,1991-04-27T00:00:00.000Z,34,115845,Bergamo Calcio,31,7,7,bergamo-calcio,31,31,https://cmtracker.fra1.cdn.digitaloceanspaces.com/DB/26/heads/p194894.png,6,3,2,2507,4,Right,1,2,1,1,,193,83,Male,,,No,No,80000,70000,60000,8600,7300,6200,,,22,19,20,38,19,25,GK,-,False,False,False,francesco-rossi,60,22,22,21,21,21,21,22,22,21,21
54,67,57,58,81,78,82,78,84,72,77,69,65,72,73,65,60,42,76,63,74,79,73,58,80,77,55,61,54,15,9,16,9,7,68,79,61,75,63,71,12,2023-07-06,2026-06-01,0,8,Bosnia and Herzegovina,Sead,Kolašinac,Kolašinac,Sead Kolašinac,33201,19910,19910,207993,2040,78,78,1993-06-20T00:00:00.000Z,32,115845,Bergamo Calcio,31,7,7,bergamo-calcio,23,31,https://cmtracker.fra1.cdn.digitaloceanspaces.com/DB/26/heads/p207993.png,0,3,2,3505,3,Left,2,2,2,0,,183,85,Male,,,Yes,No,11000000,9000000,8000000,70000,59000,51000,"Jockey, Anticipate",,61,62,63,67,78,81,CB,-,False,False,False,sead-kolasinac,17,74,74,78,75,68,70,67,67,67,68
63,65,40,51,84,77,79,79,80,74,80,55,56,67,53,41,36,30,81,68,71,84,52,30,81,77,32,42,38,10,6,13,10,10,55,81,50,65,60,64,10,2016-01-18,2026-06-01,0,1,Albania,Berat,Djimsiti,Djimsiti,Berat Djimsiti,4252,9503,9503,208165,1815,79,79,1993-02-19T00:00:00.000Z,32,115845,Bergamo Calcio,31,7,7,bergamo-calcio,19,31,https://cmtracker.fra1.cdn.digitaloceanspaces.com/DB/26/heads/p208165.png,6,3,2,3513,5,Right,2,3,1,0,,190,83,Male,,,No,No,13500000,11500000,10000000,77000,66000,56000,"Long Ball Pass, Intercept, Aerial Fortress",,64,41,53,59,81,80,CB,-,False,False,False,berat-djimsiti,16,71,73,79,75,59,64,57,56,55,57
53,67,59,69,74,90,73,78,86,83,83,70,74,81,70,77,70,54,75,84,85,82,79,78,88,79,65,61,80,14,15,7,12,12,73,83,72,79,66,80,12,2017-08-10,2026-06-01,0,34,Holland,Marten,de Roon,de Roon,Marten de Roon,23868,40611,40611,208461,2227,81,81,1991-03-29T00:00:00.000Z,34,115845,Bergamo Calcio,31,7,7,bergamo-calcio,15,31,https://cmtracker.fra1.cdn.digitaloceanspaces.com/DB/26/heads/p208461.png,6,5,2,57,5,Right,3,3,3,0,,186,76,Male,,,Yes,No,14000000,12000000,10000000,91000,77000,67000,"Long Ball Pass, Intercept, Aerial Fortress, Relentless",Career One Club Player,60,74,71,75,81,81,CM,CDM,False,False,False,marten-de-roon,20,79,78,80,82,75,80,75,74,73,73
48,38,55,58,67,37,66,68,23,65,29,18,58,22,13,19,18,21,18,52,55,26,56,17,17,13,12,30,21,75,72,74,76,79,24,19,29,49,54,36,76,2025-07-18,2028-06-01,0,27,Italy,Marco,Sportiello,Sportiello,Marco Sportiello,23591,34733,34733,216065,1416,76,76,1992-05-10T00:00:00.000Z,33,115845,Bergamo Calcio,31,7,7,bergamo-calcio,57,31,https://cmtracker.fra1.cdn.digitaloceanspaces.com/DB/26/heads/p216065.png,3,4,4,2031,5,Right,1,2,2,1,,192,87,Male,,,No,No,2900000,2400000,2100000,40000,34000,29000,,,43,24,38,48,21,48,GK,-,False,False,False,marco-sportiello,74,31,29,31,37,34,40,37,34,31,32
78,74,71,69,75,80,61,76,75,74,77,79,70,78,84,79,71,59,69,75,79,75,79,75,78,78,69,78,59,11,9,8,11,6,75,77,74,74,74,73,9,2021-08-24,2026-06-01,0,27,Italy,Davide,Zappacosta,Zappacosta,Davide Zappacosta,8671,39996,39996,216150,2189,79,79,1992-06-11T00:00:00.000Z,33,115845,Bergamo Calcio,31,7,7,bergamo-calcio,77,31,https://cmtracker.fra1.cdn.digitaloceanspaces.com/DB/26/heads/p216150.png,0,3,2,52,1,Right,3,3,2,1,,182,70,Male,,,Yes,No,13000000,11000000,9500000,81000,68000,59000,Whipped Pass,,76,72,74,75,75,73,LM,RM | LB,False,False,False,davide-zappacosta,16,78,77,74,76,77,76,76,76,76,74
68,69,72,57,74,83,72,74,76,77,72,81,78,84,68,81,78,59,65,79,82,61,78,76,72,61,73,69,61,11,13,13,14,13,74,65,75,77,68,75,13,2020-09-01,2028-06-01,0,10,Croatia,Mario,Pašalić,Pašalić,Mario Pašalić,23733,28556,28556,223273,2164,79,79,1995-02-09T00:00:00.000Z,30,115845,Bergamo Calcio,31,7,7,bergamo-calcio,8,31,https://cmtracker.fra1.cdn.digitaloceanspaces.com/DB/26/heads/p223273.png,5,6,2,525,5,Right,4,4,3,0,,188,77,Male,,,No,No,20000000,17000000,14500000,81000,68000,59000,Aerial Fortress,,69,75,73,74,66,76,CM,CAM | CDM,False,False,False,mario-pasalic,19,72,71,70,75,77,79,79,78,77,76
61,69,61,54,87,51,83,76,58,79,26,80,71,79,44,74,81,68,83,70,75,40,83,78,28,20,79,69,68,12,10,11,12,7,73,30,72,77,65,64,11,2023-08-07,2027-06-01,0,27,Italy,Gianluca,Scamacca,Scamacca,Gianluca Scamacca,13216,32995,32995,226710,1947,78,79,1999-01-01T00:00:00.000Z,26,115845,Bergamo Calcio,31,7,7,bergamo-calcio,9,31,https://cmtracker.fra1.cdn.digitaloceanspaces.com/DB/26/heads/p226710.png,0,3,4,1512,5,Right,3,3,3,0,,196,85,Male,,,Yes,No,20000000,17000000,14500000,76000,65000,55000,Enforcer,,65,78,66,71,39,70,ST,-,False,False,False,gianluca-scamacca,17,50,48,51,54,70,68,74,76,71,78
77,80,64,63,85,82,81,74,79,70,70,71,66,72,73,74,59,46,70,68,74,72,80,58,73,69,48,64,48,14,7,11,9,8,65,72,65,78,72,68,10,2023-07-07,2027-06-01,0,34,Holland,Mitchel,Bakker,Bakker,Mitchel Bakker,25391,3451,3451,239368,2059,75,80,2000-06-20T00:00:00.000Z,25,115845,Bergamo Calcio,31,7,7,bergamo-calcio,5,31,https://cmtracker.fra1.cdn.digitaloceanspaces.com/DB/26/heads/p239368.png,1,5,4,3512,5,Left,2,2,1,2,,189,86,Male,,,Yes,No,9000000,7500000,6500000,53000,45000,39000,Rapid,,79,61,65,70,71,82,LB,LM | RM,False,False,False,mitchel-bakker,16,73,73,73,72,72,71,70,71,71,70
74,84,62,56,80,76,79,76,78,73,81,44,57,69,58,66,26,23,79,74,76,80,52,24,83,80,28,33,32,5,8,6,6,10,54,81,53,63,71,61,7,2025-07-01,2029-06-01,0,108,Côte d'Ivoire,Odilon,Kossounou,Kossounou,Odilon Kossounou,27790,20060,20060,246875,1838,80,85,2001-01-04T00:00:00.000Z,24,115845,Bergamo Calcio,31,7,7,bergamo-calcio,3,31,https://cmtracker.fra1.cdn.digitaloceanspaces.com/DB/26/heads/p246875.png,0,9,10,1015,4,Right,2,3,3,0,,191,79,Male,,,Yes,No,34000000,29000000,25000000,67000,57000,49000,,,79,34,54,67,81,78,CB,-,False,False,False,odilon-kossounou,14,75,76,79,76,65,67,61,59,60,57
82,90,65,62,81,81,71,75,70,66,70,69,68,78,80,79,61,33,68,72,78,72,55,40,73,71,35,60,41,8,8,9,6,8,65,72,65,66,75,64,8,2024-08-22,2029-06-01,0,27,Italy,Raoul,Bellanova,Bellanova,Raoul Bellanova,30798,4094,4094,247229,1985,78,79,2000-05-17T00:00:00.000Z,25,115845,Bergamo Calcio,31,7,7,bergamo-calcio,16,31,https://cmtracker.fra1.cdn.digitaloceanspaces.com/DB/26/heads/p247229.png,0,9,4,521,5,Right,3,3,1,1,,188,82,Male,,,No,No,20000000,17000000,14500000,67000,57000,49000,"Whipped Pass, Rapid, Long Throw",,86,50,65,71,71,76,RM,RB,False,False,False,raoul-bellanova,14,76,75,72,73,76,72,72,71,74,68
83,77,82,84,75,65,56,79,59,80,26,80,74,83,62,84,79,65,69,66,80,24,76,78,23,21,79,72,76,13,14,7,9,7,74,23,74,70,81,66,10,2026-01-15,2030-06-01,0,27,Italy,Giacomo,Raspadori,Raspadori,Giacomo Raspadori,13203,30838,30838,253002,2007,78,81,2000-02-18T00:00:00.000Z,25,115845,Bergamo Calcio,31,7,7,bergamo-calcio,18,31,https://cmtracker.fra1.cdn.digitaloceanspaces.com/DB/26/heads/p253002.png,0,4,1,3510,2,Right,4,5,2,0,,172,69,Male,,,Yes,No,22000000,19000000,16000000,73000,62000,53000,"Gamechanger, Technical",,80,78,70,82,33,64,ST,LM | CAM,False,False,False,giacomo-raspadori,18,55,51,44,53,77,71,79,79,78,77
85,91,76,79,78,78,71,71,84,78,71,74,72,76,72,81,66,54,56,71,74,70,78,74,74,69,54,60,50,15,6,14,10,6,65,71,69,76,81,72,11,2023-08-04,2026-06-30,1,95,United States,Yunus,Musah,Musah,Yunus Musah,39811,26119,26119,253177,2138,74,82,2002-11-29T00:00:00.000Z,22,131681,Milano FC,31,9,5,milano-fc,6,31,https://cmtracker.fra1.cdn.digitaloceanspaces.com/DB/26/heads/p253177.png,3,9,10,1016,2,Right,4,3,1,0,,178,71,Male,,,Yes,No,11000000,9500000,8000000,35500,30000,26000,Rapid,,88,66,67,77,68,78,CM,CDM | RM | CAM,False,False,False,yunus-musah,16,74,73,71,73,76,73,75,75,75,72
78,78,77,73,84,70,72,70,49,68,17,73,63,76,54,76,75,50,74,56,70,19,73,68,14,19,58,54,71,8,15,12,12,8,67,18,63,74,76,57,11,2023-07-31,2026-06-30,1,126,Mali,El Bilal,Touré,El Bilal,El Bilal Touré,10467,36732,10467,255529,1834,74,81,2001-10-03T00:00:00.000Z,23,115845,Bergamo Calcio,31,7,7,bergamo-calcio,19,68,https://cmtracker.fra1.cdn.digitaloceanspaces.com/DB/26/heads/p255529.png,0,9,9,1024,5,Right,3,3,1,0,,185,77,Male,,,Yes,No,10000000,8500000,7500000,52000,44000,37500,,,78,70,58,73,29,69,ST,LM | CAM,False,False,False,el-bilal-toure,17,49,46,41,46,70,63,71,73,71,73
90,86,88,87,66,62,60,69,50,69,26,65,69,73,63,78,65,50,42,61,71,30,68,65,25,25,61,73,55,6,13,7,14,12,61,27,67,65,84,56,11,2025-07-02,2029-06-01,0,117,Ghana,Kamaldeen,Sulemana,Kamaldeen,Kamaldeen Sulemana,18728,35148,18728,256035,1844,72,76,2002-02-15T00:00:00.000Z,23,115845,Bergamo Calcio,31,7,7,bergamo-calcio,7,31,https://cmtracker.fra1.cdn.digitaloceanspaces.com/DB/26/heads/p256035.png,0,9,9,1048,2,Right,4,4,1,0,,175,70,Male,,,Yes,No,4000000,3400000,2900000,39500,33500,29000,"Finesse Shot, Rapid",,88,63,65,77,30,60,CAM,LM | ST | CM,False,False,False,kamaldeen-sulemana,17,54,50,41,50,71,64,71,71,72,67
75,64,77,71,61,59,64,73,52,71,64,73,78,82,65,80,73,66,40,78,81,58,78,78,65,58,61,75,50,11,14,14,15,11,64,61,77,68,72,65,13,2025-07-01,2029-06-01,0,51,Serbia,Lazar,Samardžić,Samardžić,Lazar Samardžić,21123,32514,32514,256115,2035,76,82,2002-02-24T00:00:00.000Z,23,115845,Bergamo Calcio,31,7,7,bergamo-calcio,10,31,https://cmtracker.fra1.cdn.digitaloceanspaces.com/DB/26/heads/p256115.png,0,7,2,56,2,Left,4,3,1,0,20900000.0,184,70,Male,,,Yes,No,14000000,12000000,10000000,53000,45000,39000,"Tiki Taka, Technical",,70,69,74,76,57,59,CM,CDM | CAM,False,False,False,lazar-samardzic,19,67,65,61,69,74,75,77,75,75,71
63,74,48,49,83,66,89,77,83,60,80,39,49,64,28,54,30,25,72,58,62,81,49,39,81,75,33,29,45,12,5,10,13,11,45,79,46,66,63,60,11,2024-01-02,2028-06-01,0,46,Sweden,Isak,Hien,Hien,Isak Hien,16492,15266,15266,260697,1736,78,81,1999-01-13T00:00:00.000Z,26,115845,Bergamo Calcio,31,7,7,bergamo-calcio,4,31,https://cmtracker.fra1.cdn.digitaloceanspaces.com/DB/26/heads/p260697.png,0,9,8,2003,5,Right,2,3,1,0,,191,88,Male,,,Yes,No,19500000,16500000,14000000,67000,57000,49000,"Long Ball Pass, Anticipate",,69,39,42,59,78,80,CB,-,False,False,False,isak-hien,17,66,69,78,71,54,59,54,54,52,54
78,78,69,66,80,89,77,80,80,84,83,74,80,84,70,81,72,50,65,82,84,80,78,70,84,75,59,65,57,14,10,12,13,13,70,80,73,79,75,77,13,2022-07-06,2027-06-01,0,54,Brazil,Éderson José,dos Santos,Éderson,Éderson,40897,40652,40896,266866,2236,82,85,1999-07-07T00:00:00.000Z,25,115845,Bergamo Calcio,31,7,7,bergamo-calcio,13,31,https://cmtracker.fra1.cdn.digitaloceanspaces.com/DB/26/heads/p266866.png,0,9,8,1508,2,Right,3,3,3,0,,183,83,Male,,,Yes,No,47000000,40000000,34500000,91000,77000,66000,"Precision Header, Incisive Pass, Long Ball Pass, Intercept, Anticipate, Aerial Fortress, Relentless",,78,68,72,77,77,82,CM,CDM,False,False,False,ederson-jose-dos-santos,19,80,79,79,82,79,81,79,78,77,75
76,72,71,69,59,51,49,60,55,60,63,56,57,64,66,58,56,59,52,58,66,53,60,55,65,66,51,62,59,12,14,7,7,11,59,62,61,55,70,59,11,2025-07-01,2026-06-30,1,27,Italy,Andrea,Oliveri,Oliveri,Andrea Oliveri,2064,47175,47175,271399,1799,63,72,2003-01-14T00:00:00.000Z,22,115845,Bergamo Calcio,31,7,7,bergamo-calcio,33,32,https://cmtracker.fra1.cdn.digitaloceanspaces.com/DB/26/heads/p271399.png,3,4,1,2008,2,Right,3,3,1,1,,181,74,Male,,,No,No,1300000,1100000,925000,12500,11000,9200,Aerial Fortress,,74,56,61,64,60,54,RM,RB | RW,False,False,False,andrea-oliveri,16,62,63,59,60,62,60,61,60,62,58
58,61,65,58,53,61,58,61,52,48,58,33,48,62,29,55,21,40,48,60,64,59,51,32,62,60,38,39,40,6,12,12,6,11,40,61,52,51,61,47,10,2024-02-04,2026-06-30,1,27,Italy,Leonardo,Mendicino,Mendicino,Leonardo Mendicino,21439,47543,47543,279529,1521,61,76,2006-06-25T00:00:00.000Z,19,115845,Bergamo Calcio,31,7,7,bergamo-calcio,44,32,https://cmtracker.fra1.cdn.digitaloceanspaces.com/DB/26/heads/p279529.png,20,9,1,58,1,Right,2,2,1,1,,182,75,Male,,,No,No,875000,725000,625000,7600,6500,5500,,,60,36,47,58,57,56,CDM,CM,False,False,False,leonardo-mendicino,14,56,57,58,59,51,55,52,49,49,46
53,45,59,81,69,83,75,80,78,84,79,74,82,81,85,77,68,77,61,81,84,78,82,74,79,70,57,84,67,14,12,5,13,10,71,76,80,77,64,78,11,2011-01-01,2026-06-01,0,45,Spain,Jorge,Resurrección,Koke,Koke,17914,31156,19899,193747,2201,81,81,1992-01-08T00:00:00.000Z,33,240,Atlético de Madrid,53,9,7,atletico-de-madrid,6,53,https://cmtracker.fra1.cdn.digitaloceanspaces.com/DB/26/heads/p193747.png,3,3,4,3518,2,Right,3,4,3,1,,176,77,Male,,,Yes,No,18500000,16000000,13500000,89000,76000,65000,"Long Ball Pass, Relentless",Career Injury Prone,49,70,82,77,73,76,CM,CDM,True,False,False,jorge-resurreccion,19,76,74,75,79,75,80,76,74,73,71
72,72,79,79,64,60,57,76,63,78,75,77,78,79,79,79,72,79,54,77,79,55,77,76,76,69,75,84,69,11,15,13,14,7,72,67,80,67,76,74,12,2018-07-01,2026-06-30,1,18,France,Thomas,Lemar,Lemar,Thomas Lemar,36228,21380,21380,213565,2169,77,77,1995-11-12T00:00:00.000Z,29,240,Atlético de Madrid,53,9,7,atletico-de-madrid,11,53,https://cmtracker.fra1.cdn.digitaloceanspaces.com/DB/26/heads/p213565.png,0,9,8,1036,1,Left,4,3,3,0,,171,63,Male,,,Yes,No,12000000,10500000,9000000,67000,57000,49000,Jockey,,72,74,79,78,66,61,CM,LM | CAM | CDM,True,False,False,thomas-lemar,18,72,71,67,72,76,76,77,76,76,72
88,81,89,81,81,73,63,84,68,80,35,87,80,86,66,87,85,56,71,62,80,30,86,80,23,24,80,72,62,12,12,9,6,15,77,26,73,77,85,69,11,2026-02-02,2030-06-01,0,133,Nigeria,Ademola,Lookman,Lookman,Ademola Lookman,506,22062,22062,230899,2094,83,83,1997-10-20T00:00:00.000Z,27,240,Atlético de Madrid,53,9,7,atletico-de-madrid,22,53,https://cmtracker.fra1.cdn.digitaloceanspaces.com/DB/26/heads/p230899.png,0,9,8,1031,1,Right,4,4,3,1,,174,71,Male,,,Yes,No,46500000,39500000,34000000,110000,93000,80000,"Dead Ball, Low Driven Shot, Gamechanger, First Touch, Quick Step",,85,80,69,85,37,71,ST,CAM,True,False,False,ademola-lookman,19,59,55,48,56,80,74,82,84,83,82
65,69,54,62,88,73,86,83,76,70,81,21,48,74,35,56,26,25,84,73,81,82,50,22,82,79,38,40,34,9,13,14,10,15,53,81,54,64,67,55,13,2024-07-27,2029-06-01,0,45,Spain,Robin,Le Normand,Le Normand,Robin Le Normand,31462,21151,21151,233486,1818,81,82,1996-11-11T00:00:00.000Z,28,240,Atlético de Madrid,53,9,7,atletico-de-madrid,24,53,https://cmtracker.fra1.cdn.digitaloceanspaces.com/DB/26/heads/p233486.png,6,7,4,2019,5,Right,2,3,3,0,79400000.0,187,80,Male,,,Yes,No,29000000,24500000,21000000,85000,72000,62000,Aerial Fortress,,67,32,50,67,82,81,CB,-,True,False,False,robin-le-normand,19,71,74,81,77,58,65,57,54,54,54
83,86,82,75,79,73,51,75,71,76,50,81,74,80,75,80,78,54,80,68,79,45,75,70,55,48,73,70,81,10,6,9,8,5,77,50,71,70,81,73,8,2025-07-01,2026-06-30,1,52,Argentina,Nico,Gonzalez,Nico,Nico Gonzalez,27054,13527,27054,240690,2105,79,79,1998-04-06T00:00:00.000Z,27,45,Juventus,31,10,9,juventus,23,53,https://cmtracker.fra1.cdn.digitaloceanspaces.com/DB/26/heads/p240690.png,0,3,4,1502,1,Left,4,2,3,1,,180,72,Male,,,Yes,No,22000000,18500000,16000000,125000,105000,91000,"Finesse Shot, Precision Header, Aerial Fortress, Technical, First Touch",,85,76,70,78,56,69,LM,RM | LW,True,False,False,nico-gonzalez,14,67,65,60,64,78,73,77,78,78,77
86,74,92,93,53,69,50,74,64,80,58,76,81,83,74,82,70,83,39,74,80,44,78,76,57,51,73,85,75,12,8,9,10,8,68,51,82,66,84,73,10,2025-07-23,2030-06-01,0,52,Argentina,Thiago,Almada,Almada,Thiago Almada,36180,1674,1674,245371,2121,79,86,2001-04-26T00:00:00.000Z,24,240,Atlético de Madrid,53,9,7,atletico-de-madrid,11,53,https://cmtracker.fra1.cdn.digitaloceanspaces.com/DB/26/heads/p245371.png,0,9,4,2017,2,Right,4,4,3,0,,171,63,Male,,,No,No,41500000,35000000,30500000,67000,57000,49000,"Finesse Shot, Incisive Pass, First Touch, Quick Step",,80,75,80,84,50,59,CAM,LW | CM,True,False,False,thiago-almada,16,67,64,55,66,78,75,79,77,78,71
87,85,87,87,86,83,72,88,86,86,52,88,84,88,77,87,88,88,78,78,83,60,88,86,59,46,84,87,78,6,10,8,6,15,82,55,86,83,87,79,9,2024-08-12,2030-06-01,0,52,Argentina,Julián,Alvarez,J. Alvarez,Julián Alvarez,18248,1771,16725,246191,2371,87,90,2000-01-31T00:00:00.000Z,25,240,Atlético de Madrid,53,9,7,atletico-de-madrid,19,53,https://cmtracker.fra1.cdn.digitaloceanspaces.com/DB/26/heads/p246191.png,3,9,2,3510,8,Right,4,4,4,1,232700000.0,170,71,Male,,,Yes,No,126000000,107000000,92000000,150000,125000,110000,"Finesse Shot, Dead Ball, Incisive Pass","Career One Club Player, Career Injury Prone",86,85,83,87,59,82,ST,-,True,False,False,julian-alvarez,17,72,69,67,71,84,81,85,86,85,85
94,91,85,83,87,87,79,81,81,77,57,79,77,80,76,83,75,46,67,66,77,50,80,66,60,52,68,66,62,8,14,7,12,14,73,54,69,80,87,73,11,2020-09-03,2030-06-01,0,52,Argentina,Giuliano,Simeone,Giuliano,Giuliano Simeone,13357,34111,13357,253396,2187,81,86,2002-12-18T00:00:00.000Z,22,240,Atlético de Madrid,53,9,7,atletico-de-madrid,20,53,https://cmtracker.fra1.cdn.digitaloceanspaces.com/DB/26/heads/p253396.png,3,4,2,2510,2,Right,3,3,1,1,85900000.0,174,75,Male,,,Yes,No,46500000,39500000,34000000,74000,63000,54000,"Rapid, Quick Step, Relentless",,93,72,68,82,57,84,RM,RW | LM,True,False,False,giuliano-simeone,19,71,69,65,68,80,75,78,79,80,78
79,79,80,76,71,78,60,82,76,75,69,82,84,84,85,82,77,80,58,83,87,67,77,76,66,64,69,78,68,6,11,8,11,12,76,66,82,73,80,76,10,2025-07-02,2030-06-01,0,45,Spain,Alejandro,Baena Rodríguez,Álex B.,Álex Baena,1433,3338,40784,257279,2240,83,88,2001-07-20T00:00:00.000Z,23,240,Atlético de Madrid,53,9,7,atletico-de-madrid,10,53,https://cmtracker.fra1.cdn.digitaloceanspaces.com/DB/26/heads/p257279.png,3,4,4,55,1,Right,3,4,3,1,138100000.0,175,70,Male,,,Yes,No,64500000,55000000,47000000,88000,75000,64000,"Dead Ball, Incisive Pass, Long Ball Pass, Tiki Taka, Inventive, Technical, First Touch",,79,75,83,80,65,71,LM,LW,True,False,False,alejandro-baena-rodriguez,17,76,74,68,75,82,81,82,81,81,76
78,73,86,85,83,74,70,85,74,88,59,86,86,90,82,85,85,85,78,83,86,45,85,85,64,65,86,89,79,14,8,14,14,13,84,58,87,80,82,79,13,2022-10-10,2027-06-01,0,18,France,Antoine,Griezmann,Griezmann,Antoine Griezmann,2331,13795,13795,194765,2362,84,84,1991-03-21T00:00:00.000Z,34,240,Atlético de Madrid,53,9,7,atletico-de-madrid,7,53,https://cmtracker.fra1.cdn.digitaloceanspaces.com/DB/26/heads/p194765.png,6,8,2,43,266,Left,4,3,4,1,,176,73,Male,,,Yes,No,24000000,20500000,17500000,125000,105000,92000,"Finesse Shot, Gamechanger, Incisive Pass, Long Ball Pass, Inventive, Technical",,76,84,85,87,62,75,ST,CAM,False,False,False,antoine-griezmann,20,73,71,67,72,83,82,85,84,84,83
42,53,64,48,72,42,78,85,36,68,24,11,61,30,13,12,11,14,15,40,43,27,59,12,14,18,13,13,11,85,90,79,87,86,19,20,22,53,59,36,86,2014-07-16,2028-06-01,0,44,Slovenia,Jan,Oblak,Oblak,Jan Oblak,17069,27742,27742,200389,1456,88,88,1993-01-07T00:00:00.000Z,32,240,Atlético de Madrid,53,9,7,atletico-de-madrid,13,53,https://cmtracker.fra1.cdn.digitaloceanspaces.com/DB/26/heads/p200389.png,6,9,2,34,259,Right,1,3,4,2,94500000.0,188,87,Male,,,Yes,No,53500000,45000000,39000000,100000,87000,74000,,"GK Far Throw, GK Far Reach",48,20,31,51,20,57,GK,-,False,False,False,jan-oblak,86,32,31,33,37,33,38,36,33,31,32
46,42,32,39,68,35,70,70,27,67,18,19,48,20,20,16,18,12,15,24,31,12,55,14,14,16,15,16,25,79,77,73,82,81,20,14,18,49,46,34,79,2025-07-09,2028-06-01,0,52,Argentina,Juan,Musso,J.Musso,Juan Musso,18136,26134,16838,214979,1296,79,79,1994-05-06T00:00:00.000Z,31,240,Atlético de Madrid,53,9,7,atletico-de-madrid,1,53,https://cmtracker.fra1.cdn.digitaloceanspaces.com/DB/26/heads/p214979.png,0,4,3,49,5,Right,1,3,1,1,19900000.0,191,93,Male,,,Yes,No,11000000,9500000,8000000,49500,41500,36000,,,44,24,25,41,15,50,GK,-,False,False,False,juan-musso,78,27,26,27,27,29,29,30,30,28,31
68,77,60,57,87,66,85,78,87,75,84,25,46,70,47,55,37,44,82,72,75,87,73,48,85,85,34,37,40,9,11,7,15,10,55,86,56,72,68,60,11,2013-07-01,2028-06-01,0,60,Uruguay,José María,Giménez,J.M. Giménez,José María Giménez,18018,13297,16832,216460,1918,83,83,1995-01-20T00:00:00.000Z,30,240,Atlético de Madrid,53,9,7,atletico-de-madrid,2,53,https://cmtracker.fra1.cdn.digitaloceanspaces.com/DB/26/heads/p216460.png,0,4,4,48,5,Right,2,3,3,0,,185,77,Male,,,Yes,No,35000000,30000000,25500000,100000,86000,74000,"Precision Header, Long Ball Pass",,73,43,54,66,85,81,CB,-,False,False,False,jose-maria-gimenez,18,73,76,83,77,59,64,58,57,56,59
72,81,56,55,91,80,90,83,74,83,36,83,73,81,66,74,84,60,83,59,78,39,86,73,23,21,79,74,70,15,12,8,8,15,78,28,70,84,70,70,12,2024-08-03,2028-06-01,0,36,Norway,Alexander,Sørloth,Sørloth,Alexander Sørloth,1497,35471,35471,216549,2065,83,83,1995-12-05T00:00:00.000Z,29,240,Atlético de Madrid,53,9,7,atletico-de-madrid,9,53,https://cmtracker.fra1.cdn.digitaloceanspaces.com/DB/26/heads/p216549.png,19,2,1,5,5,Left,3,4,3,1,88200000.0,196,90,Male,,,Yes,No,43000000,36500000,31000000,115000,97000,83000,"Power Shot, Precision Header, Low Driven Shot, Gamechanger, Enforcer",,77,79,68,72,40,84,ST,-,False,False,False,alexander-sorloth,20,58,55,54,58,76,70,76,79,76,81
52,56,60,58,79,73,79,81,75,77,81,55,69,73,53,61,38,35,79,75,81,79,58,44,78,77,37,59,49,10,10,9,7,12,58,78,61,67,62,68,10,2025-07-01,2028-06-01,0,18,France,Clément,Lenglet,Lenglet,Clément Lenglet,7518,21405,21405,220440,1919,78,78,1995-06-17T00:00:00.000Z,30,240,Atlético de Madrid,53,9,7,atletico-de-madrid,15,53,https://cmtracker.fra1.cdn.digitaloceanspaces.com/DB/26/heads/p220440.png,3,2,2,1526,263,Left,2,4,3,0,36700000.0,186,81,Male,,,Yes,No,13500000,11500000,10000000,68000,58000,50000,,,54,47,62,68,79,77,CB,-,False,False,False,clement-lenglet,17,71,72,78,77,64,71,65,62,61,60
88,91,83,74,84,92,78,83,80,79,80,81,80,82,77,81,80,63,67,78,82,77,84,79,82,72,66,80,65,13,6,6,15,11,75,77,77,84,84,78,11,2019-07-01,2027-06-01,0,45,Spain,Marcos,Llorente Moreno,M. Llorente,Marcos Llorente,23599,21941,22655,226161,2339,84,84,1995-01-30T00:00:00.000Z,30,240,Atlético de Madrid,53,9,7,atletico-de-madrid,14,53,https://cmtracker.fra1.cdn.digitaloceanspaces.com/DB/26/heads/p226161.png,5,2,4,34,1,Right,3,4,3,3,,184,74,Male,,,Yes,No,43000000,36500000,31500000,110000,94000,81000,"Power Shot, Whipped Pass, Rapid, Quick Step, Relentless",,90,76,77,80,76,84,RB,CM | RM,False,False,False,marcos-llorente-moreno,18,81,80,78,80,82,81,81,81,81,80
78,81,79,76,72,79,63,73,75,74,73,75,76,75,78,72,67,44,59,67,76,74,72,67,77,76,62,68,45,12,13,8,10,5,69,76,66,71,78,70,10,2022-07-28,2027-06-01,0,52,Argentina,Nahuel,Molina,Molina,Nahuel Molina,26471,25551,25551,233084,2101,77,78,1998-04-06T00:00:00.000Z,27,240,Atlético de Madrid,53,9,7,atletico-de-madrid,16,53,https://cmtracker.fra1.cdn.digitaloceanspaces.com/DB/26/heads/p233084.png,0,4,4,1523,1,Right,3,3,3,2,,175,70,Male,,,Yes,No,13000000,11000000,9500000,61000,52000,44500,Block,,80,65,68,75,72,72,RB,RM,False,False,False,nahuel-molina,16,76,75,72,73,74,73,73,73,74,70
77,78,73,62,86,79,87,84,81,77,80,70,72,78,68,73,64,72,82,76,80,83,76,68,84,82,50,60,69,14,12,6,14,7,69,83,72,80,75,75,11,2025-07-25,2030-06-01,0,43,Slovakia,Dávid,Hancko,Hancko,Dávid Hancko,10081,14623,14623,247103,2224,83,83,1997-12-13T00:00:00.000Z,27,240,Atlético de Madrid,53,9,7,atletico-de-madrid,17,53,https://cmtracker.fra1.cdn.digitaloceanspaces.com/DB/26/heads/p247103.png,3,5,1,1549,4,Left,2,3,3,3,83700000.0,188,82,Male,,,Yes,No,41500000,35000000,30000000,97000,82000,71000,"Precision Header, Long Ball Pass, Jockey, Anticipate",,78,66,71,75,82,83,LB,CB,False,False,False,david-hancko,19,78,79,82,80,74,76,74,74,73,74
45,40,55,49,59,37,55,68,31,42,15,15,45,15,11,17,17,13,12,24,21,18,50,16,14,13,14,15,17,71,69,66,73,71,15,15,17,44,52,28,70,2024-01-24,2026-06-30,1,39,Romania,Horațiu,Moldovan,Moldovan,Horațiu Moldovan,15539,25542,25542,251136,1193,71,73,1998-01-20T00:00:00.000Z,27,240,Atlético de Madrid,53,9,7,atletico-de-madrid,1,53,https://cmtracker.fra1.cdn.digitaloceanspaces.com/DB/26/heads/p251136.png,3,3,2,1541,5,Right,1,2,1,1,,186,72,Male,,,No,No,2000000,1700000,1500000,24000,20000,17500,,,43,22,22,41,14,46,GK,-,False,False,False,horatiu-moldovan,70,24,24,24,25,26,26,27,27,26,27
75,66,68,78,63,66,52,60,56,47,59,59,50,63,64,63,50,42,55,50,56,55,38,29,59,63,21,59,43,8,11,8,9,11,50,59,56,50,70,53,10,2025-08-01,2026-06-30,1,45,Spain,Pablo,Pérez Rico,Pablo Pérez,Pablo Pérez,28559,30251,28574,256058,1656,64,71,2001-08-18T00:00:00.000Z,23,240,Atlético de Madrid,53,9,7,atletico-de-madrid,17,54,https://cmtracker.fra1.cdn.digitaloceanspaces.com/DB/26/heads/p256058.png,3,3,2,52,2,Left,2,3,1,2,,174,65,Male,,,No,No,1300000,1100000,950000,13000,11000,9400,,,71,40,54,63,58,59,LB,LM,False,False,False,pablo-perez-rico,15,61,61,57,57,60,56,57,57,59,54
75,74,78,65,84,78,79,77,77,76,82,74,77,82,65,77,63,66,75,80,82,78,74,68,81,79,62,69,62,10,14,8,7,12,70,80,75,77,74,75,11,2025-07-16,2030-06-01,0,95,United States,João Lucas,de Souza Cardoso,Johnny,Johnny Cardoso,18090,40623,17787,259516,2210,81,86,2001-09-20T00:00:00.000Z,23,240,Atlético de Madrid,53,9,7,atletico-de-madrid,5,53,https://cmtracker.fra1.cdn.digitaloceanspaces.com/DB/26/heads/p259516.png,0,3,2,1516,4,Right,3,2,3,1,86200000.0,185,78,Male,,,Yes,No,42000000,35500000,30500000,71000,60000,51000,"Precision Header, Intercept, Aerial Fortress, Bruiser",,75,67,73,76,79,80,CDM,CM,False,False,False,joao-lucas-de-souza-cardoso,17,77,77,79,80,75,78,76,75,74,73
78,79,60,60,77,80,69,76,76,68,70,75,66,76,77,72,61,50,65,74,78,71,69,55,75,71,53,71,40,11,12,11,8,14,67,73,69,70,71,66,12,2025-07-01,2030-06-01,0,27,Italy,Matteo,Ruggeri,Ruggeri,Matteo Ruggeri,24222,31953,31953,259584,2048,76,84,2002-07-11T00:00:00.000Z,22,240,Atlético de Madrid,53,9,7,atletico-de-madrid,3,53,https://cmtracker.fra1.cdn.digitaloceanspaces.com/DB/26/heads/p259584.png,3,3,1,24,4,Left,3,2,1,2,,187,69,Male,,,No,No,19000000,16000000,14000000,49500,42000,36000,"Whipped Pass, Aerial Fortress",,79,59,69,69,70,76,LB,LM,False,False,False,matteo-ruggeri,18,75,74,72,73,74,73,71,71,72,69
77,83,76,66,90,81,82,75,77,78,74,67,67,75,69,71,52,43,76,66,72,76,68,52,74,69,49,61,41,15,6,13,10,6,64,73,64,75,76,68,10,2025-07-23,2030-06-01,0,45,Spain,Marc,Pubill Pagès,Marc Pubill,Pubill,23525,30150,23541,266039,2057,76,85,2003-06-20T00:00:00.000Z,22,240,Atlético de Madrid,53,9,7,atletico-de-madrid,18,53,https://cmtracker.fra1.cdn.digitaloceanspaces.com/DB/26/heads/p266039.png,3,9,2,4022,5,Right,2,3,1,0,,190,86,Male,,,No,No,18500000,15500000,13500000,49500,42000,36000,"Block, Aerial Fortress, Relentless, Bruiser",,80,55,63,74,74,83,CB,RB | RM,False,False,False,marc-pubill-pages,16,74,74,75,73,71,70,69,69,69,68
81,82,80,75,76,87,73,83,75,81,83,77,80,84,66,83,70,53,55,82,86,72,74,74,80,72,55,66,60,5,15,9,10,13,67,75,74,77,81,76,11,2022-10-29,2030-06-01,0,45,Spain,Pablo,Barrios Rivas,Barrios,Pablo Barrios,28559,3759,3758,272449,2217,83,88,2003-06-15T00:00:00.000Z,22,240,Atlético de Madrid,53,9,7,atletico-de-madrid,8,53,https://cmtracker.fra1.cdn.digitaloceanspaces.com/DB/26/heads/p272449.png,5,5,2,4015,2,Right,3,3,1,1,,183,75,Male,,,Yes,No,65500000,55500000,47500000,88000,75000,64000,"Pinged Pass, Tiki Taka, Intercept, Press Proven, Relentless",,82,68,72,81,72,78,CM,CDM,False,False,False,pablo-barrios-rivas,18,79,78,75,80,80,82,81,79,79,74
41,48,37,43,69,35,75,83,43,70,22,11,70,30,18,21,14,12,11,63,62,25,65,10,13,10,14,18,25,83,83,87,82,84,24,16,29,51,51,41,84,2014-07-01,2026-06-30,1,21,Germany,Marc-André,ter Stegen,ter Stegen,Marc-André ter Stegen,23544,40677,40677,192448,1477,85,85,1992-04-30T00:00:00.000Z,33,241,FC Barcelona,53,10,2,fc-barcelona,22,53,https://cmtracker.fra1.cdn.digitaloceanspaces.com/DB/26/heads/p192448.png,3,1,2,69,262,Right,1,4,4,2,,187,85,Male,,,Yes,No,20500000,17500000,15000000,105000,89000,77000,Long Ball Pass,"GK Footwork, GK Rush Out",45,23,41,47,16,56,GK,-,True,False,False,marc-andre-ter-stegen,83,32,30,32,41,38,45,41,37,34,34
87,88,77,69,85,70,71,78,52,78,27,82,80,80,79,83,81,79,71,72,78,30,93,80,29,24,73,80,84,11,6,15,14,7,77,28,79,80,80,68,11,2015-11-21,2026-06-30,1,14,England,Marcus,Rashford,Rashford,Marcus Rashford,23622,30823,30823,231677,2113,81,81,1997-10-31T00:00:00.000Z,27,11,Manchester United,13,7,6,manchester-united,14,53,https://cmtracker.fra1.cdn.digitaloceanspaces.com/DB/26/heads/p231677.png,0,9,8,1016,327,Right,5,3,3,1,,188,80,Male,,,Yes,No,32500000,27500000,23500000,130000,110000,93000,"Power Shot, Dead Ball, Rapid, Quick Step",,88,82,78,78,36,70,LM,ST | LW,True,False,False,marcus-rashford,17,59,55,48,55,80,73,80,81,81,80
90,91,88,83,83,91,67,87,79,85,56,89,87,88,86,88,87,84,74,80,85,49,84,84,54,38,76,85,80,8,7,13,14,8,82,47,85,82,88,80,10,2022-07-13,2028-06-01,0,54,Brazil,Raphael,Dias Belloli,Raphinha,Raphinha,30799,9217,30804,233419,2348,89,89,1996-12-14T00:00:00.000Z,28,241,FC Barcelona,53,10,2,fc-barcelona,11,53,https://cmtracker.fra1.cdn.digitaloceanspaces.com/DB/26/heads/p233419.png,0,3,6,1002,1,Left,4,4,4,2,213200000.0,176,68,Male,,,Yes,No,122500000,104000000,89500000,240000,200000,175000,"Finesse Shot, Power Shot, Trickster, Quick Step, Relentless",,91,83,85,87,54,80,LM,CAM | LW,True,False,False,raphael-dias-belloli,17,73,69,63,70,87,83,86,87,87,84
86,82,85,78,91,74,76,84,66,82,34,86,79,84,80,83,86,60,82,77,82,35,82,83,34,28,84,76,74,12,9,11,12,15,83,33,76,82,83,71,12,2022-01-01,2027-06-01,0,45,Spain,Ferran,Torres García,Ferran,Ferran Torres,11816,36688,11816,241461,2192,84,86,2000-02-29T00:00:00.000Z,25,241,FC Barcelona,53,10,2,fc-barcelona,7,53,https://cmtracker.fra1.cdn.digitaloceanspaces.com/DB/26/heads/p241461.png,0,4,3,0,1,Right,4,4,3,0,102000000.0,184,80,Male,,,Yes,No,63500000,53500000,46000000,155000,130000,115000,"Finesse Shot, Technical",,84,83,76,83,43,77,ST,LW | CAM,True,False,False,ferran-torres-garcia,19,62,59,54,60,82,76,82,83,83,83
85,83,72,78,91,87,84,86,78,82,84,73,74,81,76,77,57,26,80,75,82,84,51,48,86,84,32,64,43,11,10,8,13,14,66,85,65,73,81,73,12,2022-07-28,2030-06-01,0,18,France,Jules,Koundé,Kounde,Jules Koundé,18217,20124,20123,241486,2159,86,87,1998-11-12T00:00:00.000Z,26,241,FC Barcelona,53,10,2,fc-barcelona,23,53,https://cmtracker.fra1.cdn.digitaloceanspaces.com/DB/26/heads/p241486.png,0,3,7,17,2,Right,3,3,4,3,,181,84,Male,,,Yes,No,86000000,73000000,63000000,170000,140000,125000,"Long Ball Pass, Aerial Fortress, Quick Step, Relentless",,84,51,66,79,84,85,RB,RM,True,False,False,jules-kounde,19,82,83,83,82,78,78,75,74,75,71
78,71,86,87,62,65,56,86,54,82,58,83,85,86,76,85,79,75,43,80,85,50,79,79,53,38,80,75,66,15,15,13,11,12,73,47,81,69,82,72,14,2024-07-01,2030-06-01,0,45,Spain,Daniel,Olmo Carvajal,Olmo,Dani Olmo,8495,28046,28045,244260,2148,84,85,1998-05-07T00:00:00.000Z,27,241,FC Barcelona,53,10,2,fc-barcelona,20,53,https://cmtracker.fra1.cdn.digitaloceanspaces.com/DB/26/heads/p244260.png,4,5,2,4008,1,Right,4,4,3,1,131700000.0,179,72,Male,,,Yes,No,57500000,48500000,42000000,150000,130000,110000,"Finesse Shot, Gamechanger, Incisive Pass, Tiki Taka, Technical, First Touch",,75,78,79,85,48,59,CAM,CM | ST,True,False,False,daniel-olmo-carvajal,21,67,63,56,67,81,79,83,81,82,76
77,80,68,67,88,78,79,81,81,79,82,66,75,82,67,71,56,31,79,81,85,83,59,52,85,79,55,67,44,11,9,12,7,11,69,83,67,72,75,72,10,2021-07-01,2031-06-01,0,45,Spain,Eric,García Martret,Eric,Eric García,10941,12822,10941,245037,2127,82,86,2001-01-09T00:00:00.000Z,24,241,FC Barcelona,53,10,2,fc-barcelona,24,53,https://cmtracker.fra1.cdn.digitaloceanspaces.com/DB/26/heads/p245037.png,3,4,3,1509,2,Right,2,3,2,0,51000000.0,182,76,Male,,,Yes,No,46500000,39500000,34000000,100000,86000,74000,"Precision Header, Incisive Pass, Long Ball Pass, Anticipate",,79,55,68,75,82,82,CB,RB | CDM,True,False,False,eric-garcia-martret,17,79,79,81,81,75,77,74,72,72,70
33,38,49,51,55,27,54,75,17,38,6,5,65,21,10,12,6,12,11,57,33,9,58,8,10,11,5,12,17,75,74,77,78,75,13,10,23,41,50,25,76,2018-07-01,2026-06-30,1,45,Spain,Ignacio,Peña Sotorres,Iñaki Peña,Iñaki Peña,16108,29478,16710,246139,1184,77,81,1999-03-02T00:00:00.000Z,26,241,FC Barcelona,53,10,2,fc-barcelona,13,53,https://cmtracker.fra1.cdn.digitaloceanspaces.com/DB/26/heads/p246139.png,6,4,2,58,1,Right,1,3,1,1,,184,78,Male,,,No,No,13500000,11500000,10000000,52000,44000,38000,,GK Footwork,36,17,32,41,9,38,GK,-,True,False,False,ignacio-pena-sotorres,75,22,21,21,28,28,34,31,28,25,25
79,76,89,92,72,90,73,87,72,92,87,83,91,91,76,90,77,62,50,88,92,74,76,79,85,79,56,83,53,12,7,11,8,8,71,80,83,78,85,80,10,2020-08-04,2030-06-01,0,45,Spain,Pedro,González López,Pedri,Pedri,29148,13547,29145,251854,2340,90,93,2002-11-25T00:00:00.000Z,22,241,FC Barcelona,53,10,2,fc-barcelona,8,53,https://cmtracker.fra1.cdn.digitaloceanspaces.com/DB/26/heads/p251854.png,0,3,2,1509,1,Right,4,4,4,1,317700000.0,174,60,Male,,,Yes,No,195000000,165000000,142000000,210000,180000,155000,"Incisive Pass, Long Ball Pass, Tiki Taka, Inventive, Technical, Relentless",,78,71,82,90,75,77,CM,CDM | CAM,True,False,False,pedro-gonzalez-lopez,17,83,81,77,85,85,88,87,84,84,78
48,44,59,42,65,35,59,77,30,59,13,6,63,28,13,17,6,12,12,49,51,7,60,9,13,14,7,12,18,84,84,80,86,84,18,12,24,46,54,32,84,2025-07-01,2031-06-01,0,45,Spain,Joan,García Pons,Joan Garcia,Joan García,17704,12830,17705,259532,1346,85,89,2001-05-04T00:00:00.000Z,24,241,FC Barcelona,53,10,2,fc-barcelona,13,53,https://cmtracker.fra1.cdn.digitaloceanspaces.com/DB/26/heads/p259532.png,3,4,1,3,4,Right,1,3,3,2,108400000.0,193,85,Male,,,Yes,No,72000000,61000000,52500000,77000,65000,56000,,GK Deflector,46,18,33,47,12,47,GK,-,True,False,False,joan-garcia-pons,83,28,27,25,33,33,38,37,32,30,29
76,74,83,81,77,74,57,82,72,78,68,83,82,84,70,82,80,69,76,78,81,43,77,83,74,64,65,69,63,8,14,8,7,7,75,61,77,74,80,75,9,2023-07-01,2031-06-01,0,45,Spain,Fermín,López Marín,Fermín,Fermín,11775,22560,11775,277179,2189,82,87,2003-05-11T00:00:00.000Z,22,241,FC Barcelona,53,10,2,fc-barcelona,16,53,https://cmtracker.fra1.cdn.digitaloceanspaces.com/DB/26/heads/p277179.png,6,3,3,0,1,Right,3,4,3,0,96700000.0,174,64,Male,,,Yes,No,55000000,47000000,40000000,110000,93000,80000,"Precision Header, Incisive Pass, Pinged Pass",,75,75,75,82,65,70,CAM,CM | ST,True,False,False,fermin-lopez-marin,16,72,71,67,72,79,80,81,81,80,78
88,84,94,83,64,73,60,88,45,84,18,88,88,90,89,92,83,69,33,84,88,23,83,84,27,28,65,89,75,9,13,7,7,10,72,26,85,73,88,67,10,2022-07-01,2031-06-01,0,45,Spain,Lamine Yamal,Nasraoui Ebana,Lamine Yamal,Lamine Yamal,20874,26627,20874,277643,2105,89,95,2007-07-13T00:00:00.000Z,17,241,FC Barcelona,53,10,2,fc-barcelona,10,53,https://cmtracker.fra1.cdn.digitaloceanspaces.com/DB/26/heads/p277643.png,0,9,7,1028,1,Left,5,3,5,2,,180,72,Male,,,Yes,No,173500000,147000000,126500000,120000,100000,87000,"Finesse Shot, Gamechanger, Incisive Pass, Inventive, First Touch, Quick Step",,86,80,85,89,26,61,RM,RW,True,False,False,lamine-yamal-nasraoui-ebana,18,62,55,41,57,87,80,88,86,88,79
72,73,67,62,87,68,77,83,80,80,83,51,74,82,31,78,41,33,83,86,85,84,51,35,84,82,41,22,41,10,6,14,14,7,57,84,61,64,72,69,11,2023-07-01,2029-06-01,0,45,Spain,Pau,Cubarsí Paredes,Cubarsí,Pau Cubarsí,29000,7991,7990,278046,1967,82,88,2007-01-22T00:00:00.000Z,18,241,FC Barcelona,53,10,2,fc-barcelona,5,53,https://cmtracker.fra1.cdn.digitaloceanspaces.com/DB/26/heads/p278046.png,0,5,4,1551,1,Right,2,4,3,0,91100000.0,183,79,Male,,,Yes,No,47500000,40500000,34500000,75000,64000,55000,Long Ball Pass,,73,43,55,75,83,78,CB,-,True,False,False,pau-cubarsi-paredes,17,74,75,82,81,69,76,71,68,66,64
49,46,55,51,68,45,65,80,40,65,15,14,48,22,12,11,12,14,16,62,52,20,56,14,13,12,14,16,18,80,82,74,82,83,22,15,25,50,57,34,81,2024-10-02,2027-06-01,0,37,Poland,Wojciech,Szczęsny,Szczęsny,Wojciech Szczęsny,38914,35384,35384,186153,1406,83,83,1990-04-18T00:00:00.000Z,35,241,FC Barcelona,53,10,2,fc-barcelona,25,53,https://cmtracker.fra1.cdn.digitaloceanspaces.com/DB/26/heads/p186153.png,3,10,2,1531,4,Right,1,3,3,2,,195,90,Male,,,Yes,No,4800000,4000000,3500000,53000,44500,38500,,GK Far Throw,48,21,34,47,15,55,GK,-,False,False,False,wojciech-szczesny,81,30,29,29,36,33,39,35,32,29,31
71,72,74,83,90,76,87,89,80,87,49,90,81,86,76,82,91,81,87,70,84,35,89,80,42,19,86,79,86,15,6,12,10,8,85,32,80,85,78,79,11,2022-07-18,2026-06-01,0,37,Poland,Robert,Lewandowski,Lewandowski,Robert Lewandowski,31443,21530,21530,188545,2253,87,87,1988-08-21T00:00:00.000Z,36,241,FC Barcelona,53,10,2,fc-barcelona,9,53,https://cmtracker.fra1.cdn.digitaloceanspaces.com/DB/26/heads/p188545.png,22,8,2,2507,276,Right,4,4,5,1,,186,81,Male,,,Yes,No,32000000,27000000,23500000,165000,140000,120000,"Finesse Shot, Power Shot, Precision Header, Low Driven Shot, Gamechanger, First Touch",,72,87,79,84,46,83,ST,-,False,False,False,robert-lewandowski,18,63,59,59,64,81,78,83,84,82,86
88,78,79,78,82,77,65,84,76,85,79,81,85,86,86,85,69,69,72,79,86,75,80,79,81,77,62,87,52,6,9,15,14,14,75,78,82,77,82,77,12,2024-08-27,2026-06-30,1,38,Portugal,João Pedro,Cavaco Cancelo,João Cancelo,João Cancelo,18104,6646,18070,210514,2320,84,84,1994-05-27T00:00:00.000Z,31,605,Al Hilal,350,10,10,al-hilal,2,53,https://cmtracker.fra1.cdn.digitaloceanspaces.com/DB/26/heads/p210514.png,0,3,4,1508,318,Right,4,4,3,3,,182,74,Male,,,Yes,No,36000000,30500000,26500000,79000,67000,58000,"Whipped Pass, Inventive, Block, Technical, First Touch",,83,71,82,83,77,75,RB,LB | RM,False,False,False,joao-pedro-cavaco-cancelo,19,81,80,77,80,83,82,82,81,82,78
68,75,59,61,84,67,78,78,73,79,81,32,62,77,51,67,36,39,78,79,81,84,37,20,81,81,25,41,36,10,12,8,8,6,55,82,61,58,69,61,9,2022-07-04,2026-06-01,0,13,Denmark,Andreas,Christensen,Christensen,Andreas Christensen,2074,7272,7272,213661,1854,80,81,1996-04-10T00:00:00.000Z,29,241,FC Barcelona,53,10,2,fc-barcelona,15,53,https://cmtracker.fra1.cdn.digitaloceanspaces.com/DB/26/heads/p213661.png,3,5,3,8,4,Right,2,3,3,0,,189,82,Male,,,Yes,No,23000000,19500000,16500000,105000,90000,78000,,,72,31,59,70,81,76,CB,CM | CDM,False,False,False,andreas-christensen,16,74,75,79,78,65,69,63,59,60,56
80,83,87,79,82,87,73,87,74,90,82,78,88,88,78,86,75,64,72,87,90,76,68,69,78,77,70,84,53,7,13,10,9,10,77,77,82,76,84,78,10,2019-07-01,2029-06-01,0,34,Holland,Frenkie,de Jong,F. de Jong,Frenkie de Jong,12349,40582,11335,228702,2334,87,87,1997-05-12T00:00:00.000Z,28,241,FC Barcelona,53,10,2,fc-barcelona,21,53,https://cmtracker.fra1.cdn.digitaloceanspaces.com/DB/26/heads/p228702.png,2,2,2,2019,264,Right,4,3,4,1,163000000.0,181,74,Male,,,Yes,No,94000000,79500000,68500000,200000,170000,145000,"Incisive Pass, Inventive, Press Proven",,82,69,82,86,77,79,CM,CDM,False,False,False,frenkie-de-jong,18,82,81,78,83,84,85,84,82,83,78
82,81,83,83,68,60,49,71,48,79,20,72,72,77,70,77,72,72,62,70,73,23,75,71,32,28,70,75,78,6,9,8,7,10,70,28,75,65,80,62,8,2018-07-01,2026-06-30,1,45,Spain,Anssumane,Fati,Ansu Fati,Ansu Fati,2312,11585,2314,253004,1933,75,82,2002-10-31T00:00:00.000Z,22,241,FC Barcelona,53,10,2,fc-barcelona,31,16,https://cmtracker.fra1.cdn.digitaloceanspaces.com/DB/26/heads/p253004.png,0,3,9,1024,402,Right,4,4,1,1,,178,66,Male,,,Yes,No,13500000,11500000,10000000,66000,56000,48000,Quick Step,,82,73,72,78,33,56,LM,LW | ST,False,False,False,anssumane-fati,14,54,51,42,50,73,67,74,74,74,71
73,84,54,55,91,71,87,78,82,73,79,57,59,66,56,53,58,45,81,66,75,78,68,35,83,80,40,47,43,11,14,9,8,11,62,81,56,71,69,66,11,2018-08-29,2031-06-01,0,60,Uruguay,Ronald,Araujo,R. Araujo,Ronald Araujo,31722,2500,30404,253163,1970,82,85,1999-03-07T00:00:00.000Z,26,241,FC Barcelona,53,10,2,fc-barcelona,4,53,https://cmtracker.fra1.cdn.digitaloceanspaces.com/DB/26/heads/p253163.png,24,3,6,528,5,Right,2,3,3,1,89200000.0,188,79,Male,,,Yes,No,41500000,35500000,30500000,120000,100000,86000,"Precision Header, Jockey, Block, Anticipate, Slide Tackle, Aerial Fortress",,79,50,58,63,80,83,CB,-,False,False,False,ronald-araujo,18,73,75,80,75,65,66,63,63,62,66
90,91,81,78,84,77,69,80,52,64,78,65,72,81,82,80,51,28,71,72,82,77,55,43,80,80,32,69,43,5,8,7,13,10,64,79,66,66,84,63,9,2021-01-01,2028-06-01,0,45,Spain,Alejandro,Balde Martínez,Balde,Balde,1433,3481,3480,263578,2050,83,87,2003-10-18T00:00:00.000Z,21,241,FC Barcelona,53,10,2,fc-barcelona,3,53,https://cmtracker.fra1.cdn.digitaloceanspaces.com/DB/26/heads/p263578.png,0,9,9,1039,1,Left,3,4,3,2,105200000.0,175,69,Male,,,Yes,No,58000000,49500000,42500000,94000,80000,68000,"Jockey, Anticipate, Quick Step",,91,48,68,77,77,71,LB,LM,False,False,False,alejandro-balde-martinez,16,80,80,75,76,77,75,74,72,75,67
77,75,86,90,62,84,58,86,85,77,79,81,83,85,69,86,71,47,42,82,84,59,56,70,78,72,49,74,51,8,10,11,13,7,63,70,75,66,83,76,10,2020-07-01,2030-06-01,0,45,Spain,Pablo Martín,Páez Gavira,Gavi,Gavi,28570,30223,12927,264240,2147,83,87,2004-08-05T00:00:00.000Z,20,241,FC Barcelona,53,10,2,fc-barcelona,6,53,https://cmtracker.fra1.cdn.digitaloceanspaces.com/DB/26/heads/p264240.png,3,4,2,42,2,Right,3,3,3,0,,173,70,Male,,,Yes,No,60000000,51000000,43500000,100000,84000,73000,"Tiki Taka, Press Proven, Relentless",,76,63,73,85,66,72,CM,CDM,False,False,False,pablo-martin-paez-gavira,17,77,75,70,78,80,82,81,79,80,71
75,72,87,86,52,62,55,70,60,69,23,71,73,76,71,77,74,63,24,55,68,26,71,74,31,24,63,66,63,8,14,13,14,14,60,27,68,63,78,60,13,2025-07-14,2029-06-01,0,46,Sweden,Roony,Bardghji,Roony,Roony Bardghji,31749,3675,31749,265600,1844,74,86,2005-11-15T00:00:00.000Z,19,241,FC Barcelona,53,10,2,fc-barcelona,19,53,https://cmtracker.fra1.cdn.digitaloceanspaces.com/DB/26/heads/p265600.png,0,4,2,2511,2,Left,4,4,1,0,,173,73,Male,,,No,No,12000000,10000000,8500000,54000,45500,39000,"Gamechanger, Technical, Trickster",,74,69,66,78,26,57,RW,RM,False,False,False,roony-bardghji,18,53,48,39,49,71,64,72,72,73,66
82,82,76,77,78,83,69,84,88,79,80,73,76,76,79,74,69,47,67,78,82,86,74,68,81,79,60,70,54,9,12,12,12,13,72,82,69,75,81,75,12,2023-07-01,2027-06-01,0,4,Austria,Konrad,Laimer,Laimer,Konrad Laimer,19978,20794,20794,225375,2229,83,83,1997-05-27T00:00:00.000Z,28,21,Bayern München,19,10,3,bayern-munchen,27,19,https://cmtracker.fra1.cdn.digitaloceanspaces.com/DB/26/heads/p225375.png,2,5,1,13,1,Right,3,3,3,2,,180,72,Male,,,Yes,No,39000000,33000000,28500000,96000,82000,70000,"Block, Relentless, Bruiser",,82,66,72,78,79,80,RB,CDM | LB | RM,True,False,False,konrad-laimer,19,80,80,79,80,77,78,76,75,76,73
51,53,49,47,82,79,86,79,91,84,85,69,71,76,60,75,66,45,81,77,77,83,81,67,86,85,55,66,57,14,10,8,7,7,68,85,68,79,56,77,10,2024-07-11,2026-06-30,1,38,Portugal,João Maria,Palhinha Gonçalves,J.Palhinha,Palhinha,18093,28668,46376,229391,2109,83,83,1995-07-09T00:00:00.000Z,29,21,Bayern München,19,10,3,bayern-munchen,6,13,https://cmtracker.fra1.cdn.digitaloceanspaces.com/DB/26/heads/p229391.png,3,3,4,4014,4,Right,2,4,3,2,,190,83,Male,,,Yes,No,36500000,31000000,26500000,96000,82000,70000,"Jockey, Slide Tackle",Career Injury Prone,52,66,66,68,84,85,CDM,CM,True,False,False,joao-maria-palhinha-goncalves,17,75,76,83,81,70,75,71,71,68,72
81,83,72,71,89,81,77,79,70,77,40,83,73,79,62,81,81,50,76,62,77,30,79,70,40,30,76,72,60,12,7,12,7,7,75,34,69,80,78,68,9,2023-07-01,2026-06-30,1,136,Senegal,Nicolas,Jackson,N.Jackson,Nicolas Jackson,27068,16879,46884,259197,2046,79,82,2001-06-20T00:00:00.000Z,24,5,Chelsea,13,8,10,chelsea,11,19,https://cmtracker.fra1.cdn.digitaloceanspaces.com/DB/26/heads/p259197.png,21,9,10,1013,4,Right,3,3,3,0,,187,82,Male,,,Yes,No,28500000,24500000,21000000,0,0,0,"Low Driven Shot, Gamechanger, Technical",,82,75,66,77,43,79,ST,-,True,False,False,nicolas-jackson,16,60,58,54,59,77,71,77,79,77,79
85,79,91,92,52,61,33,67,49,58,23,70,62,80,80,84,72,67,42,69,76,25,78,67,32,38,70,68,70,10,11,5,9,12,68,32,74,59,83,56,10,2024-07-01,2026-06-30,1,45,Spain,Bryan,Zaragoza Martínez,Bryan,Bryan Zaragoza,5624,40001,5624,271916,1887,77,83,2001-09-09T00:00:00.000Z,23,21,Bayern München,19,10,3,bayern-munchen,97,31,https://cmtracker.fra1.cdn.digitaloceanspaces.com/DB/26/heads/p271916.png,6,3,1,2507,8,Right,4,4,1,0,,164,61,Male,,,Yes,No,19500000,16500000,14500000,57000,48500,42000,Technical,,82,71,70,79,32,49,LW,LM,True,False,False,bryan-zaragoza-martinez,16,57,53,40,51,75,67,74,74,76,69
29,35,51,35,71,43,80,82,29,67,30,12,68,44,15,30,13,11,25,67,60,17,68,16,10,11,11,14,49,81,81,90,79,86,25,13,34,56,47,43,84,2011-07-01,2026-06-01,0,21,Germany,Manuel,Neuer,Neuer,Manuel Neuer,23481,26928,26928,167495,1510,83,83,1986-03-27T00:00:00.000Z,39,21,Bayern München,19,10,3,bayern-munchen,1,19,https://cmtracker.fra1.cdn.digitaloceanspaces.com/DB/26/heads/p167495.png,6,2,4,46,273,Right,1,4,3,1,,193,90,Male,,,Yes,No,4800000,4000000,3500000,29500,25000,21500,Long Ball Pass,GK Far Throw,32,28,39,52,19,56,GK,-,False,False,False,manuel-neuer,82,33,31,33,42,40,48,44,39,36,36
41,40,36,39,60,29,63,73,25,45,14,8,42,22,14,13,12,15,8,30,34,16,47,11,18,14,13,12,22,74,69,62,76,73,17,16,19,42,46,26,71,2021-07-01,2026-06-01,0,21,Germany,Sven,Ulreich,Ulreich,Sven Ulreich,35305,37212,37212,186569,1170,73,73,1988-08-03T00:00:00.000Z,36,21,Bayern München,19,10,3,bayern-munchen,26,19,https://cmtracker.fra1.cdn.digitaloceanspaces.com/DB/26/heads/p186569.png,3,4,4,2019,5,Right,1,2,1,1,,192,87,Male,,,Yes,No,90000,80000,70000,18000,15000,13000,,,41,19,25,38,14,44,GK,-,False,False,False,sven-ulreich,72,25,25,26,28,27,29,28,27,25,26
62,65,67,72,87,76,86,94,82,92,42,94,86,87,80,80,93,69,90,82,86,46,91,89,44,42,89,82,93,8,10,11,11,14,88,44,80,86,72,82,11,2023-08-12,2027-06-01,0,14,England,Harry,Kane,Kane,Harry Kane,14769,18800,18800,202126,2302,89,89,1993-07-28T00:00:00.000Z,31,21,Bayern München,19,10,3,bayern-munchen,9,19,https://cmtracker.fra1.cdn.digitaloceanspaces.com/DB/26/heads/p202126.png,5,2,3,1,368,Right,3,4,5,1,,188,86,Male,,,Yes,No,103000000,87000000,75000000,185000,155000,135000,"Precision Header, Low Driven Shot, Gamechanger, Long Ball Pass, First Touch",,64,92,81,82,53,83,ST,-,False,False,False,harry-kane,19,66,63,63,68,82,81,84,86,83,87
84,75,85,87,68,66,68,83,58,83,38,84,82,83,78,85,84,62,42,74,83,45,86,80,44,43,83,74,67,14,10,10,7,9,74,44,76,74,83,69,10,2017-07-01,2026-06-01,0,21,Germany,Serge,Gnabry,Gnabry,Serge Gnabry,33438,13420,13420,206113,2124,83,83,1995-07-14T00:00:00.000Z,29,21,Bayern München,19,10,3,bayern-munchen,7,19,https://cmtracker.fra1.cdn.digitaloceanspaces.com/DB/26/heads/p206113.png,0,3,7,3003,272,Right,4,4,3,0,,176,77,Male,,,Yes,No,42000000,35500000,30500000,100000,87000,74000,"Gamechanger, Technical",,80,81,76,84,42,65,CAM,LM | CM,False,False,False,serge-gnabry,18,64,60,53,62,81,76,82,82,82,78
69,81,74,71,82,69,84,82,83,82,84,84,77,80,74,80,76,69,84,81,83,75,83,80,83,75,74,76,60,13,8,15,9,11,79,78,78,80,76,79,12,2018-07-01,2026-06-01,0,21,Germany,Leon,Goretzka,Goretzka,Leon Goretzka,21434,13621,13621,209658,2311,81,81,1995-02-06T00:00:00.000Z,30,21,Bayern München,19,10,3,bayern-munchen,8,19,https://cmtracker.fra1.cdn.digitaloceanspaces.com/DB/26/heads/p209658.png,3,5,2,2507,275,Right,3,4,3,1,,189,82,Male,,,Yes,No,25500000,21500000,18500000,81000,69000,59000,"Power Shot, Precision Header, Incisive Pass, Aerial Fortress, Bruiser",,75,76,77,78,80,80,CDM,CM | CB,False,False,False,leon-goretzka,18,78,78,81,80,78,80,79,80,78,80
76,63,90,90,49,72,49,83,44,82,82,79,83,88,85,86,78,78,42,77,87,75,79,83,75,75,79,85,54,12,6,8,8,11,75,75,83,67,81,71,9,2023-07-01,2026-06-01,0,38,Portugal,Raphaël,Guerreiro,Guerreiro,Raphaël Guerreiro,30803,13935,13935,209889,2213,80,80,1993-12-22T00:00:00.000Z,31,21,Bayern München,19,10,3,bayern-munchen,22,19,https://cmtracker.fra1.cdn.digitaloceanspaces.com/DB/26/heads/p209889.png,3,4,4,0,8,Left,4,2,3,3,,170,71,Male,,,Yes,No,18000000,15500000,13000000,76000,64000,55000,"Tiki Taka, Intercept, Technical, First Touch",,70,75,83,87,70,54,LB,CM | RB | LM,False,False,False,raphael-guerreiro,17,79,76,68,77,81,82,83,81,82,74
75,70,83,84,77,92,69,89,89,86,85,78,86,86,92,82,68,79,72,92,89,82,78,83,86,85,69,85,71,8,15,7,15,15,78,85,85,80,81,83,12,2015-07-01,2029-06-01,0,21,Germany,Joshua,Kimmich,Kimmich,Joshua Kimmich,17974,19642,19642,212622,2422,89,89,1995-02-08T00:00:00.000Z,30,21,Bayern München,19,10,3,bayern-munchen,6,19,https://cmtracker.fra1.cdn.digitaloceanspaces.com/DB/26/heads/p212622.png,5,2,3,20,2,Right,3,4,4,2,,177,75,Male,,,Yes,No,102000000,86000000,74000000,165000,140000,120000,"Finesse Shot, Whipped Pass, Anticipate, Press Proven, Relentless",,73,75,87,85,82,82,CDM,RB | CM,False,False,False,joshua-kimmich,21,85,84,82,86,83,86,83,80,81,77
53,71,49,40,85,76,91,85,86,79,84,36,57,70,39,60,32,27,87,68,78,88,60,26,89,84,53,37,38,11,8,7,14,9,58,87,53,68,60,64,10,2025-06-09,2029-06-01,0,21,Germany,Jonathan,Tah,Tah,Jonathan Tah,17842,35599,35599,213331,1877,87,87,1996-02-11T00:00:00.000Z,29,21,Bayern München,19,10,3,bayern-munchen,4,19,https://cmtracker.fra1.cdn.digitaloceanspaces.com/DB/26/heads/p213331.png,0,9,8,1000,6,Right,2,3,4,1,,195,94,Male,,,Yes,No,78500000,66500000,57500000,135000,115000,99000,"Precision Header, Aerial Fortress",Career One Club Player,62,41,51,64,86,85,CB,-,False,False,False,jonathan-tah,18,73,76,85,80,60,67,59,58,56,59
49,46,34,58,70,39,74,79,23,67,20,10,65,41,15,26,18,20,13,48,55,23,63,18,14,13,13,20,16,81,75,84,82,77,23,17,31,53,54,34,80,2020-07-01,2026-06-30,1,21,Germany,Alexander,Nübel,Nübel,Alexander Nübel,1497,27646,27646,223885,1449,80,81,1996-09-30T00:00:00.000Z,28,21,Bayern München,19,10,3,bayern-munchen,33,19,https://cmtracker.fra1.cdn.digitaloceanspaces.com/DB/26/heads/p223885.png,5,3,2,1521,5,Right,1,4,2,1,,193,86,Male,,,Yes,No,20000000,16500000,14500000,49500,42000,36000,,"GK Footwork, GK Deflector",48,23,37,51,17,52,GK,-,False,False,False,alexander-nubel,79,33,31,31,38,39,43,42,39,36,35
76,78,66,65,85,73,87,86,88,74,87,47,58,79,48,73,39,28,83,78,79,86,64,42,84,82,33,36,39,6,7,8,9,15,57,84,59,71,75,66,9,2021-07-05,2026-06-01,0,18,France,Dayot,Upamecano,Upamecano,Dayot Upamecano,8713,37274,37274,229558,1988,86,88,1998-10-27T00:00:00.000Z,26,21,Bayern München,19,10,3,bayern-munchen,2,19,https://cmtracker.fra1.cdn.digitaloceanspaces.com/DB/26/heads/p229558.png,0,9,10,1035,6,Right,3,3,3,1,,186,90,Male,,,Yes,No,87500000,74000000,64000000,120000,100000,88000,"Pinged Pass, Long Ball Pass, Jockey, Bruiser",,77,44,55,74,84,83,CB,-,False,False,False,dayot-upamecano,17,76,78,84,81,68,72,67,66,65,64
74,74,66,67,84,59,77,82,72,76,81,56,66,77,68,69,48,45,74,80,77,83,78,64,78,77,45,52,47,13,10,10,10,10,63,80,65,73,73,67,11,2024-07-01,2028-06-01,0,163,Japan,Hiroki,Ito,Ito,Hiroki Ito,15347,16601,16601,234205,2049,78,82,1999-05-12T00:00:00.000Z,26,21,Bayern München,19,10,3,bayern-munchen,21,19,https://cmtracker.fra1.cdn.digitaloceanspaces.com/DB/26/heads/p234205.png,6,3,2,555,5,Left,2,3,2,0,,188,84,Male,,,Yes,No,20500000,17500000,15000000,62000,53000,45500,"Jockey, Block",,74,56,65,73,79,73,CB,LB,False,False,False,hiroki-ito,18,74,75,78,77,69,72,69,68,68,67
95,93,84,83,95,79,75,86,72,78,79,77,77,85,85,85,64,44,74,71,84,72,74,63,74,73,59,72,54,11,11,6,14,5,74,73,72,78,89,73,10,2019-01-01,2030-06-01,0,70,Canada,Alphonso,Davies,Davies,Alphonso Davies,1727,8679,8679,234396,2253,84,87,2000-11-02T00:00:00.000Z,24,21,Bayern München,19,10,3,bayern-munchen,19,19,https://cmtracker.fra1.cdn.digitaloceanspaces.com/DB/26/heads/p234396.png,0,9,10,1010,380,Left,4,3,3,3,,185,77,Male,,,Yes,No,63000000,53500000,46000000,87000,74000,64000,"Rapid, Quick Step",,94,65,72,84,74,80,LB,LM,False,False,False,alphonso-davies,18,81,80,76,77,82,79,80,80,81,77
73,73,65,65,82,79,85,81,86,66,88,48,57,67,35,57,23,23,80,69,76,80,51,37,84,81,24,36,30,13,7,11,11,14,48,82,51,67,72,63,12,2023-07-18,2028-06-01,0,167,Korea Republic,Min Jae,Kim,MinJae,Kim Min Jae,25222,19553,25247,237086,1857,82,82,1996-11-15T00:00:00.000Z,28,21,Bayern München,19,10,3,bayern-munchen,3,19,https://cmtracker.fra1.cdn.digitaloceanspaces.com/DB/26/heads/p237086.png,0,9,4,561,5,Right,2,3,3,0,,190,85,Male,,,Yes,No,31000000,26500000,22500000,88000,75000,64000,"Long Ball Pass, Block, Intercept, Slide Tackle, Aerial Fortress",,73,36,49,67,83,83,CB,-,False,False,False,min-jae-kim,18,72,75,81,78,60,67,60,58,57,56
86,81,88,79,82,83,69,86,75,82,38,84,80,87,81,89,79,58,71,75,81,41,86,77,47,38,81,77,63,10,13,13,14,14,79,42,78,80,84,71,13,2025-07-30,2029-06-01,0,56,Colombia,Luis,Díaz,Luis Díaz,Luis Díaz,22324,10104,22330,241084,2208,86,86,1997-01-13T00:00:00.000Z,28,21,Bayern München,19,10,3,bayern-munchen,14,19,https://cmtracker.fra1.cdn.digitaloceanspaces.com/DB/26/heads/p241084.png,0,9,6,2505,281,Right,4,4,3,2,,180,70,Male,,,Yes,No,81000000,68500000,59000000,130000,110000,95000,"Low Driven Shot, Inventive, Technical, Quick Step",,84,78,75,85,47,77,LM,LW | ST,False,False,False,luis-diaz,20,67,63,57,64,83,78,83,83,83,81
83,74,90,85,64,85,62,87,66,87,55,86,88,89,84,90,85,81,36,81,87,44,78,80,58,49,71,85,72,9,11,9,10,10,73,51,86,74,84,76,10,2024-07-07,2029-06-01,0,18,France,Michael,Olise,Olise,Michael Olise,24969,28001,28001,247827,2231,88,90,2001-12-12T00:00:00.000Z,23,21,Bayern München,19,10,3,bayern-munchen,17,19,https://cmtracker.fra1.cdn.digitaloceanspaces.com/DB/26/heads/p247827.png,0,9,8,1005,1,Left,5,2,4,2,,180,78,Male,,,Yes,No,140000000,118500000,102000000,130000,110000,95000,"Finesse Shot, Incisive Pass, Tiki Taka, Whipped Pass, Inventive, First Touch",,79,79,84,88,48,69,RM,RW | CAM,False,False,False,michael-olise,18,72,67,58,70,85,83,86,84,86,78
78,65,79,78,79,74,75,77,84,74,79,68,58,75,69,74,44,45,63,67,73,75,69,66,79,78,38,60,49,10,11,13,6,10,58,78,65,73,76,69,10,2024-01-28,2028-06-01,0,18,France,Sacha,Boey,Boey,Sacha Boey,32274,4894,4894,248266,2042,77,79,2000-09-13T00:00:00.000Z,24,21,Bayern München,19,10,3,bayern-munchen,23,19,https://cmtracker.fra1.cdn.digitaloceanspaces.com/DB/26/heads/p248266.png,4,9,5,1023,2,Right,3,3,1,2,,178,76,Male,,,Yes,No,15000000,12500000,11000000,50000,42500,37000,"Jockey, Intercept, Relentless",,72,56,62,76,75,78,RB,CM,False,False,False,sacha-boey,16,74,74,75,74,69,70,68,67,68,65
68,77,66,64,82,71,75,76,75,66,78,53,58,73,72,68,44,23,77,60,74,80,52,37,79,81,29,67,37,11,6,10,12,9,60,80,59,64,71,62,10,2021-04-10,2029-06-01,0,10,Croatia,Josip,Stanišić,Stanišić,Josip Stanišić,17982,34803,34803,250955,1910,78,82,2000-04-02T00:00:00.000Z,25,21,Bayern München,19,10,3,bayern-munchen,44,19,https://cmtracker.fra1.cdn.digitaloceanspaces.com/DB/26/heads/p250955.png,5,5,1,2017,4,Right,2,4,1,0,,187,77,Male,,,Yes,No,20500000,17500000,15000000,59000,50000,43500,"Long Ball Pass, Anticipate",,73,42,59,69,79,76,CB,RB | LB | RM,False,False,False,josip-stanisic,16,75,76,77,73,67,66,64,63,65,61
85,75,94,93,80,73,61,89,59,83,65,88,84,85,70,94,86,59,75,79,87,64,80,82,66,61,75,75,61,6,9,8,11,8,79,64,79,76,88,74,9,2020-06-03,2030-06-01,0,21,Germany,Jamal,Musiala,Musiala,Jamal Musiala,17044,26127,26127,256790,2270,88,92,2003-02-26T00:00:00.000Z,22,21,Bayern München,19,10,3,bayern-munchen,10,19,https://cmtracker.fra1.cdn.digitaloceanspaces.com/DB/26/heads/p256790.png,3,9,5,1039,1,Right,5,4,4,1,,186,75,Male,,,Yes,No,157500000,133500000,114500000,130000,110000,96000,"Precision Header, Low Driven Shot, Gamechanger, Incisive Pass, Inventive, Trickster",,80,79,76,90,66,68,CAM,LM | CM | ST,False,False,False,jamal-musiala,17,74,72,68,73,84,82,86,86,85,83
65,52,81,85,59,81,61,80,65,78,63,65,79,82,78,79,66,77,45,79,82,60,73,77,70,63,54,76,57,9,13,12,6,13,65,65,79,71,73,68,11,2025-06-09,2029-06-01,0,21,Germany,Tom,Bischof,Bischof,Tom Bischof,36551,4657,4657,263765,2085,78,86,2005-06-28T00:00:00.000Z,20,21,Bayern München,19,10,3,bayern-munchen,20,19,https://cmtracker.fra1.cdn.digitaloceanspaces.com/DB/26/heads/p263765.png,3,5,2,1503,1,Left,3,3,1,0,30500000.0,180,75,Male,,,Yes,No,36000000,30500000,26500000,48000,41000,35000,Press Proven,,59,65,79,81,60,67,CM,CDM | CAM,False,False,False,tom-bischof,18,71,68,64,72,75,77,76,73,74,68
31,33,30,36,53,24,51,65,27,40,14,8,37,19,10,8,5,12,13,37,30,8,60,17,14,10,8,12,15,76,71,80,76,75,14,11,18,41,39,24,76,2025-01-27,2029-06-01,0,21,Germany,Jonas,Urbig,Urbig,Jonas Urbig,17835,37290,37290,263887,1105,75,84,2003-08-08T00:00:00.000Z,21,21,Bayern München,19,10,3,bayern-munchen,40,19,https://cmtracker.fra1.cdn.digitaloceanspaces.com/DB/26/heads/p263887.png,19,1,2,2021,5,Right,1,4,1,1,,189,85,Male,,,Yes,No,13000000,11000000,9500000,19000,16000,14000,,"GK Footwork, GK Cross Claimer",32,19,23,33,12,39,GK,-,False,False,False,jonas-urbig,73,21,21,22,25,23,27,24,24,21,24
67,77,74,76,60,65,47,64,48,57,24,64,64,75,64,76,66,67,62,68,72,19,75,66,30,38,67,64,60,12,12,10,8,10,67,29,70,63,72,53,11,2022-01-07,2026-06-30,1,21,Germany,Arijon,Ibrahimović,Ibrahimović,Arijon Ibrahimović,2591,16051,16051,266236,1808,70,81,2005-12-11T00:00:00.000Z,19,21,Bayern München,19,10,3,bayern-munchen,22,19,https://cmtracker.fra1.cdn.digitaloceanspaces.com/DB/26/heads/p266236.png,3,8,1,9,2,Right,3,3,1,1,,176,69,Male,,,No,No,4100000,3400000,3000000,23000,19500,17000,,,72,66,67,70,35,55,LM,RM | LW,False,False,False,arijon-ibrahimovic,16,53,50,42,50,69,64,69,69,69,67
69,56,72,70,79,77,75,83,59,79,77,62,81,83,73,78,66,68,71,85,86,81,64,65,76,77,66,73,50,6,9,15,7,9,73,78,78,72,70,68,10,2023-05-06,2029-06-01,0,21,Germany,Aleksandar,Pavlović,Pavlović,Aleksandar Pavlović,1445,29097,29097,275298,2147,81,87,2004-05-03T00:00:00.000Z,21,21,Bayern München,19,10,3,bayern-munchen,45,19,https://cmtracker.fra1.cdn.digitaloceanspaces.com/DB/26/heads/p275298.png,0,3,3,3,4,Right,3,4,1,1,,188,78,Male,,,Yes,No,45000000,38000000,32500000,57000,48000,41500,Tiki Taka,,63,62,78,78,76,73,CDM,CM,False,False,False,aleksandar-pavlovic,16,77,76,75,79,75,79,76,73,74,70
30,42,35,39,62,30,71,68,22,33,11,7,41,19,8,14,8,8,11,30,32,9,55,7,9,14,6,15,12,74,75,73,77,66,13,11,18,45,43,21,73,2023-08-25,2026-06-30,1,26,Israel,Daniel,Peretz,Peretz,Daniel Peretz,8495,29349,29349,277823,1113,73,79,2000-07-10T00:00:00.000Z,24,21,Bayern München,19,10,3,bayern-munchen,41,14,https://cmtracker.fra1.cdn.digitaloceanspaces.com/DB/26/heads/p277823.png,5,8,1,2019,5,Right,1,3,1,1,,190,89,Male,,,No,No,4600000,3900000,3400000,21500,18500,16000,,,36,16,22,35,11,46,GK,-,False,False,False,daniel-peretz,72,22,22,23,25,25,27,26,25,23,26
63,76,42,35,84,68,84,76,78,77,77,35,60,75,43,62,40,33,76,73,77,78,60,54,80,77,30,53,37,14,11,11,9,8,54,79,60,70,59,61,11,2024-07-01,2028-06-01,0,14,England,Tosin,Adarabioyo,Tosin,Tosin Adarabioyo,36709,472,36709,222104,1856,78,80,1997-09-24T00:00:00.000Z,27,5,Chelsea,13,8,10,chelsea,4,13,https://cmtracker.fra1.cdn.digitaloceanspaces.com/DB/26/heads/p222104.png,21,9,9,1039,4,Right,2,3,1,0,,197,80,Male,,,Yes,No,17500000,15000000,13000000,0,0,0,,Career One Club Player,70,43,57,61,78,79,CB,-,True,False,False,tosin-adarabioyo,17,70,72,78,75,62,68,62,61,59,59
55,65,45,35,75,40,77,79,35,55,15,12,55,45,13,20,12,13,15,50,52,20,59,12,17,15,12,13,17,82,79,78,82,80,21,18,29,53,56,32,81,2023-08-05,2030-06-01,0,45,Spain,Robert,Lynch Sánchez,Sánchez,Robert Sánchez,31443,22493,35419,228789,1429,81,82,1997-11-18T00:00:00.000Z,27,5,Chelsea,13,8,10,chelsea,1,13,https://cmtracker.fra1.cdn.digitaloceanspaces.com/DB/26/heads/p228789.png,0,3,7,1011,4,Right,1,4,3,1,,197,90,Male,,,Yes,No,26000000,22000000,19000000,0,0,0,,"GK Footwork, GK Cross Claimer",60,21,33,47,16,57,GK,-,True,False,False,robert-lynch-sanchez,80,33,32,32,38,39,41,40,38,36,35
50,60,43,40,83,58,88,75,76,74,76,47,55,66,48,55,43,30,80,66,72,76,70,40,77,75,45,48,43,12,8,11,6,8,58,76,53,68,54,62,9,2023-08-04,2026-06-30,1,18,France,Axel,Disasi,Disasi,Axel Disasi,3065,9457,9457,229942,1804,77,78,1998-03-11T00:00:00.000Z,27,5,Chelsea,13,8,10,chelsea,5,13,https://cmtracker.fra1.cdn.digitaloceanspaces.com/DB/26/heads/p229942.png,0,9,10,1012,5,Right,2,2,2,0,,190,86,Male,,,Yes,No,12500000,10500000,9000000,0,0,0,"Block, Slide Tackle, Aerial Fortress, Bruiser",Career Injury Prone,55,48,53,59,77,76,CB,RB,True,False,False,axel-disasi,15,66,68,76,72,58,63,58,58,55,60
78,77,82,83,87,89,70,85,85,79,83,76,77,80,81,78,61,63,73,79,82,83,73,63,85,84,55,79,57,13,7,9,11,10,71,84,76,77,81,77,10,2022-08-05,2028-06-01,0,45,Spain,Marc,Cucurella Saseta,Cucurella,Marc Cucurella,23525,7998,7997,239231,2277,85,86,1998-07-22T00:00:00.000Z,26,5,Chelsea,13,8,10,chelsea,3,13,https://cmtracker.fra1.cdn.digitaloceanspaces.com/DB/26/heads/p239231.png,19,4,2,39,2,Left,3,3,3,3,,174,66,Male,,,Yes,No,68500000,58000000,50000000,0,0,0,"Block, Press Proven, Relentless",Career One Club Player,78,64,77,81,82,83,LB,CM,True,False,False,marc-cucurella-saseta,18,82,82,81,82,78,79,77,76,76,73
51,68,50,50,71,65,83,75,76,73,76,40,65,68,45,60,40,45,75,72,73,76,65,40,77,76,40,60,45,8,7,5,8,15,55,77,61,65,59,63,9,2023-01-05,2030-06-01,0,18,France,Benoît,Badiashile,B.Badiashile,Benoît Badiashile,4218,3314,3233,242578,1843,76,80,2001-03-26T00:00:00.000Z,24,5,Chelsea,13,8,10,chelsea,5,13,https://cmtracker.fra1.cdn.digitaloceanspaces.com/DB/26/heads/p242578.png,21,9,10,1036,5,Left,2,2,2,0,,194,75,Male,,,Yes,No,11500000,9500000,8500000,0,0,0,"Long Ball Pass, Bruiser",,60,45,60,63,76,74,CB,-,True,False,False,benoit-badiashile,16,68,69,75,73,60,66,60,59,57,58
68,68,75,78,74,86,67,86,83,84,74,81,86,86,79,80,76,76,71,89,88,72,79,74,75,72,77,84,80,8,6,7,10,8,79,73,83,76,75,82,8,2023-01-31,2032-06-01,0,52,Argentina,Enzo,Fernández,Enzo,Enzo Fernández,10880,11794,10880,247090,2307,85,88,2001-01-17T00:00:00.000Z,24,5,Chelsea,13,8,10,chelsea,8,13,https://cmtracker.fra1.cdn.digitaloceanspaces.com/DB/26/heads/p247090.png,3,3,2,1556,2,Right,3,4,3,1,,178,76,Male,,,Yes,No,86500000,73000000,63000000,0,0,0,"First Touch, Press Proven, Relentless",Career One Club Player,68,78,84,82,73,78,CM,CDM | CAM,True,False,False,enzo-fernandez,16,78,77,74,80,81,84,82,80,79,77
79,77,76,77,85,75,70,81,61,78,38,81,75,82,66,84,80,54,79,69,78,39,80,72,27,23,77,73,86,7,6,10,14,8,76,30,73,77,78,70,9,2025-07-02,2032-06-01,0,54,Brazil,João Pedro,Junqueira de Jesus,João Pedro,João Pedro,18104,18334,18104,252042,2067,80,84,2001-09-26T00:00:00.000Z,23,5,Chelsea,13,8,10,chelsea,20,13,https://cmtracker.fra1.cdn.digitaloceanspaces.com/DB/26/heads/p252042.png,0,3,5,1503,4,Right,4,4,1,0,,188,82,Male,,,Yes,No,36000000,30500000,26500000,0,0,0,Rapid,,78,79,69,80,41,73,ST,CAM,True,False,False,joao-pedro-junqueira-de-jesus,16,59,55,51,58,77,72,78,79,78,79
76,66,80,79,80,91,77,87,86,83,88,68,80,83,65,79,59,55,70,84,86,84,80,78,87,88,60,75,55,15,6,13,13,9,68,87,76,82,78,77,12,2023-08-14,2031-06-01,0,57,Ecuador,Moisés,Caicedo,Caicedo,Moisés Caicedo,25518,6062,6062,256079,2285,88,90,2001-11-02T00:00:00.000Z,23,5,Chelsea,13,8,10,chelsea,25,13,https://cmtracker.fra1.cdn.digitaloceanspaces.com/DB/26/heads/p256079.png,0,9,10,1037,2,Right,3,3,4,2,183700000.0,178,73,Male,,,Yes,No,126000000,107000000,92000000,0,0,0,"Pinged Pass, Tiki Taka, Intercept, Anticipate, Press Proven, Relentless","Career One Club Player, Career Injury Prone",71,67,74,82,83,84,CDM,CM,True,False,False,moises-caicedo,19,82,82,83,85,77,82,78,76,75,73
76,75,80,78,71,81,60,87,55,88,50,85,88,88,85,87,82,81,60,85,87,50,85,83,50,40,70,86,90,7,6,10,14,14,77,47,86,76,80,76,11,2023-09-01,2033-06-01,0,14,England,Cole,Palmer,Palmer,Cole Palmer,7572,28684,28684,257534,2234,86,89,2002-05-06T00:00:00.000Z,23,5,Chelsea,13,8,10,chelsea,10,13,https://cmtracker.fra1.cdn.digitaloceanspaces.com/DB/26/heads/p257534.png,5,4,3,2022,4,Left,4,3,4,1,,185,76,Male,,,Yes,No,109500000,93000000,80000000,0,0,0,"Finesse Shot, Low Driven Shot, Gamechanger, Incisive Pass, Technical, First Touch",,76,83,85,85,50,67,CAM,RM | CM,True,False,False,cole-palmer,18,69,65,57,68,84,82,85,84,84,80
45,45,55,40,63,35,62,74,25,55,13,10,50,40,10,18,11,11,12,47,45,17,54,10,13,13,10,12,11,77,76,72,78,77,18,15,26,45,52,28,76,2024-07-30,2031-06-01,0,13,Denmark,Filip,Jörgensen,Jörgensen,Filip Jörgensen,11913,18443,18443,258485,1286,77,83,2002-04-16T00:00:00.000Z,23,5,Chelsea,13,8,10,chelsea,12,13,https://cmtracker.fra1.cdn.digitaloceanspaces.com/DB/26/heads/p258485.png,5,4,2,4013,4,Right,1,3,1,1,,192,85,Male,,,Yes,No,16000000,13500000,11500000,0,0,0,,"GK Far Throw, GK Footwork",45,18,29,47,14,46,GK,-,True,False,False,filip-jorgensen,76,28,27,27,33,33,37,36,33,31,30
76,81,70,63,88,70,84,77,83,77,22,79,59,78,55,78,80,52,73,50,69,29,85,74,25,23,78,68,77,8,9,10,10,11,71,26,66,81,74,67,10,2025-06-04,2031-06-01,0,14,England,Liam,Delap,Delap,Liam Delap,21617,8896,8896,259031,1971,78,85,2003-02-08T00:00:00.000Z,22,5,Chelsea,13,8,10,chelsea,9,13,https://cmtracker.fra1.cdn.digitaloceanspaces.com/DB/26/heads/p259031.png,2,7,3,4010,5,Right,3,5,1,0,,186,90,Male,,,Yes,No,34000000,29000000,25000000,0,0,0,"Power Shot, Enforcer",,79,79,59,74,34,81,ST,-,True,False,False,liam-delap,16,53,50,49,51,71,64,72,76,73,78
81,83,72,71,89,81,77,79,70,77,40,83,73,79,62,81,81,50,76,62,77,30,79,70,40,30,76,72,60,12,7,12,7,7,75,34,69,80,78,68,9,2023-07-01,2026-06-30,1,136,Senegal,Nicolas,Jackson,N.Jackson,Nicolas Jackson,27068,16879,46884,259197,2046,79,82,2001-06-20T00:00:00.000Z,24,5,Chelsea,13,8,10,chelsea,11,19,https://cmtracker.fra1.cdn.digitaloceanspaces.com/DB/26/heads/p259197.png,21,9,10,1013,4,Right,3,3,3,0,,187,82,Male,,,Yes,No,28500000,24500000,21000000,0,0,0,"Low Driven Shot, Gamechanger, Technical",,82,75,66,77,43,79,ST,-,True,False,False,nicolas-jackson,16,60,58,54,59,77,71,77,79,77,79
87,81,84,77,74,85,68,76,76,76,76,75,74,77,79,77,30,50,53,74,76,75,65,50,76,75,45,76,45,10,6,14,11,8,57,76,71,69,81,71,10,2023-01-29,2030-06-01,0,18,France,Malo,Gusto,Gusto,Malo Gusto,23288,14148,14148,259307,2081,79,84,2003-05-19T00:00:00.000Z,22,5,Chelsea,13,8,10,chelsea,27,13,https://cmtracker.fra1.cdn.digitaloceanspaces.com/DB/26/heads/p259307.png,20,3,5,525,1,Right,3,3,3,2,,178,74,Male,,,Yes,No,29500000,25000000,21500000,0,0,0,"Jockey, Block, Slide Tackle, Rapid",,84,52,72,78,71,76,RB,RM,True,False,False,malo-gusto,16,77,76,72,75,75,74,72,69,72,63
85,80,78,70,85,65,78,68,68,70,17,72,57,73,60,76,73,50,66,50,66,22,73,63,22,18,65,62,68,14,6,10,10,14,66,21,63,73,77,59,11,2023-01-01,2026-06-30,1,108,Côte d'Ivoire,David Datro,Fofana,Fofana,David Datro Fofana,46916,12094,12094,260942,1854,72,80,2002-12-22T00:00:00.000Z,22,5,Chelsea,13,8,10,chelsea,15,16,https://cmtracker.fra1.cdn.digitaloceanspaces.com/DB/26/heads/p260942.png,0,9,10,3001,2,Right,3,4,1,0,,182,76,Male,,,No,No,6500000,5500000,4600000,0,0,0,Technical,,83,69,58,73,29,74,ST,-,True,False,False,david-datro-fofana,17,50,47,43,46,69,60,69,71,71,72
87,84,76,78,91,69,73,79,72,78,77,61,67,78,66,70,39,31,69,74,79,74,55,30,77,73,36,59,34,8,5,5,9,13,58,75,63,64,81,65,8,2025-08-03,2032-06-01,0,34,Holland,Jorrel,Hato,Hato,Jorrel Hato,17947,14839,14839,272978,1976,78,88,2006-03-07T00:00:00.000Z,19,5,Chelsea,13,8,10,chelsea,21,13,https://cmtracker.fra1.cdn.digitaloceanspaces.com/DB/26/heads/p272978.png,21,9,9,1024,2,Left,2,3,1,2,,182,76,Male,,,Yes,No,34000000,29000000,25000000,0,0,0,"Pinged Pass, Jockey, Intercept, Quick Step",Career One Club Player,86,43,63,77,74,76,LB,CB | CDM,True,False,False,jorrel-hato,16,75,75,75,75,71,71,69,67,68,63
77,71,77,69,88,91,75,79,78,80,78,77,79,80,56,77,69,52,81,79,82,77,73,72,81,81,53,68,54,5,10,15,8,12,69,80,72,80,75,75,10,2023-01-06,2030-06-01,0,54,Brazil,Andrey,N. dos Santos,Andrey Santos,Andrey Santos,2103,26372,2104,273018,2204,80,87,2004-05-03T00:00:00.000Z,21,5,Chelsea,13,8,10,chelsea,17,13,https://cmtracker.fra1.cdn.digitaloceanspaces.com/DB/26/heads/p273018.png,0,9,7,1009,2,Right,3,3,1,0,,180,75,Male,,,Yes,No,50500000,42500000,36500000,0,0,0,"Precision Header, Tiki Taka, Slide Tackle, Aerial Fortress",,74,66,69,77,80,83,CM,CDM,True,False,False,andrey-n-dos-santos,16,77,77,79,80,76,79,77,76,74,75
77,81,82,75,58,67,48,69,44,70,56,71,72,74,61,75,70,60,48,70,74,34,68,71,42,41,44,73,51,10,11,9,6,15,60,39,71,63,77,61,11,2025-07-01,2026-12-31,1,57,Ecuador,Kendry,Páez,Kendry,Kendry Páez,19267,30222,19267,274559,1877,73,84,2007-05-04T00:00:00.000Z,18,5,Chelsea,13,8,10,chelsea,18,353,https://cmtracker.fra1.cdn.digitaloceanspaces.com/DB/26/heads/p274559.png,0,9,5,1542,1,Left,4,3,1,0,,178,71,Male,,,No,No,7500000,6500000,5500000,0,0,0,"Pinged Pass, Technical, First Touch, Trickster",,79,63,68,74,44,54,CAM,RM | CM,True,False,False,kendry-paez,16,60,57,49,58,71,69,73,72,72,67
64,68,52,60,86,67,83,79,76,78,82,50,67,74,62,70,46,44,81,75,77,81,65,62,80,79,47,65,45,5,5,9,7,9,63,80,66,73,65,67,7,2016-06-29,2028-06-01,0,14,England,Trevoh,Chalobah,Chalobah,Trevoh Chalobah,36804,6819,6819,230918,2000,80,82,1999-07-05T00:00:00.000Z,25,5,Chelsea,13,8,10,chelsea,23,13,https://cmtracker.fra1.cdn.digitaloceanspaces.com/DB/26/heads/p230918.png,0,9,9,1042,4,Right,3,3,1,0,,192,75,Male,,,Yes,No,27500000,23500000,20000000,0,0,0,"Intercept, Slide Tackle",,66,53,65,69,81,78,CB,RB,False,False,False,trevoh-chalobah,14,74,75,79,77,67,71,67,65,65,64
75,76,66,71,89,68,87,84,83,82,82,74,78,82,88,78,67,83,77,81,83,83,85,70,83,82,67,83,65,8,12,7,11,13,77,83,82,80,75,78,11,2017-03-01,2028-06-01,0,14,England,Reece,James,James,Reece James,30980,17050,17050,238074,2323,83,85,1999-12-08T00:00:00.000Z,25,5,Chelsea,13,8,10,chelsea,24,13,https://cmtracker.fra1.cdn.digitaloceanspaces.com/DB/26/heads/p238074.png,0,9,6,1006,3,Right,3,4,3,2,,180,91,Male,,,Yes,No,49500000,42000000,36000000,0,0,0,"Whipped Pass, Jockey, Bruiser",Career Injury Prone,76,71,83,77,81,82,RB,CDM,False,False,False,reece-james,18,80,80,82,81,78,79,77,77,77,77
92,90,88,88,74,81,65,80,68,79,40,79,80,82,80,83,77,72,50,67,78,40,80,75,40,25,73,79,65,6,13,7,6,12,72,35,77,75,88,69,9,2024-08-11,2031-06-01,0,38,Portugal,Pedro,Lomba Neto,Neto,Pedro Neto,29148,22031,26919,238616,2114,82,84,2000-03-09T00:00:00.000Z,25,5,Chelsea,13,8,10,chelsea,7,13,https://cmtracker.fra1.cdn.digitaloceanspaces.com/DB/26/heads/p238616.png,3,3,2,17,21,Left,4,4,1,1,,174,62,Male,,,Yes,No,45000000,38000000,33000000,0,0,0,"Rapid, Quick Step",,91,75,76,83,39,72,RM,LM | RW,False,False,False,pedro-lomba-neto,16,64,60,51,60,81,74,80,80,81,76
43,47,50,45,63,35,70,68,40,50,13,10,50,25,10,15,10,12,11,30,25,20,47,10,11,12,10,11,13,70,64,63,70,65,14,15,19,45,51,30,67,2022-08-02,2028-06-01,0,95,United States,Gabriel,Slonina,Slonina,Gabriel Slonina,12603,34339,34339,248158,1188,68,80,2004-05-15T00:00:00.000Z,21,5,Chelsea,13,8,10,chelsea,44,13,https://cmtracker.fra1.cdn.digitaloceanspaces.com/DB/26/heads/p248158.png,3,2,2,3,5,Right,1,2,1,1,,193,89,Male,,,No,No,3100000,2600000,2200000,0,0,0,,,45,17,23,42,13,52,GK,-,False,False,False,gabriel-slonina,67,24,24,26,28,27,29,29,28,26,27
69,78,65,60,78,67,81,77,83,76,81,40,60,72,42,71,38,44,77,69,75,79,48,38,81,80,40,50,46,14,12,9,6,14,55,80,62,63,70,65,11,2022-08-31,2029-06-01,0,18,France,Wesley,Fofana,Fofana,Wesley Fofana,38691,12094,12094,248695,1920,79,82,2000-12-17T00:00:00.000Z,24,5,Chelsea,13,8,10,chelsea,29,13,https://cmtracker.fra1.cdn.digitaloceanspaces.com/DB/26/heads/p248695.png,0,9,7,1036,5,Right,2,3,3,0,,185,84,Male,,,Yes,No,25500000,21500000,18500000,0,0,0,Jockey,,74,42,57,70,80,77,CB,-,False,False,False,wesley-fofana,18,71,73,79,75,63,67,63,61,61,59
72,80,77,79,80,76,83,73,81,68,75,72,70,71,46,74,49,47,62,70,74,75,69,68,76,74,41,47,52,9,9,6,8,6,55,75,62,76,77,70,8,2025-06-10,2033-06-01,0,38,Portugal,Dário,Cassia Luís Essugo,D.Essugo,Dário Essugo,10079,6566,46927,261530,2019,75,83,2005-03-14T00:00:00.000Z,20,5,Chelsea,13,8,10,chelsea,14,13,https://cmtracker.fra1.cdn.digitaloceanspaces.com/DB/26/heads/p261530.png,0,9,9,4525,2,Right,2,3,1,1,,178,79,Male,,,No,No,13500000,11500000,10000000,0,0,0,"Block, Bruiser",,76,59,59,74,72,80,CDM,CM,False,False,False,dario-cassia-luis-essugo,15,71,71,74,74,68,71,70,69,68,66
66,73,60,62,84,77,79,78,84,79,81,50,73,77,65,70,38,36,79,72,79,81,60,40,81,80,36,67,40,15,14,8,14,10,60,81,65,68,68,68,13,2020-02-26,2029-06-01,0,14,England,Levi,Colwill,Colwill,Levi Colwill,21523,7610,7610,262859,2008,80,84,2003-02-26T00:00:00.000Z,22,5,Chelsea,13,8,10,chelsea,6,13,https://cmtracker.fra1.cdn.digitaloceanspaces.com/DB/26/heads/p262859.png,0,3,5,1519,4,Left,2,3,3,0,,187,83,Male,,,Yes,No,32500000,27500000,24000000,0,0,0,Block,,70,44,65,71,80,81,CB,-,False,False,False,levi-colwill,20,76,77,80,78,69,72,67,65,65,62
71,68,76,77,80,65,77,77,79,78,78,60,75,78,62,77,43,50,70,76,79,78,63,60,78,77,43,70,50,7,7,5,13,11,60,78,71,69,74,70,9,2023-08-18,2030-06-01,0,7,Belgium,Romeo,Lavia,Lavia,Romeo Lavia,31693,21099,21099,263620,2058,78,85,2004-01-06T00:00:00.000Z,21,5,Chelsea,13,8,10,chelsea,45,13,https://cmtracker.fra1.cdn.digitaloceanspaces.com/DB/26/heads/p263620.png,21,9,9,1036,2,Right,3,3,1,1,,181,76,Male,,,Yes,No,31500000,27000000,23000000,0,0,0,Technical,,70,53,69,77,76,75,CDM,CM,False,False,False,romeo-lavia,16,73,73,76,76,70,74,71,68,69,64
94,90,90,87,64,79,54,77,43,73,29,77,64,80,69,87,75,44,42,57,71,26,79,68,22,30,65,72,53,6,5,12,8,7,65,26,68,69,88,57,8,2025-07-05,2032-06-01,0,14,England,Jamie,Gittens,Gittens,Jamie Gittens,17056,13350,13350,266032,1899,78,85,2004-08-08T00:00:00.000Z,20,5,Chelsea,13,8,10,chelsea,11,13,https://cmtracker.fra1.cdn.digitaloceanspaces.com/DB/26/heads/p266032.png,0,9,9,1016,1,Right,4,4,1,1,,179,77,Male,,,Yes,No,33000000,28000000,24000000,0,0,0,"Rapid, Quick Step",,92,70,63,82,30,60,LM,LW,False,False,False,jamie-gittens,14,58,54,41,51,77,67,76,77,78,73
73,78,76,69,65,66,62,66,63,65,62,63,61,72,66,73,48,40,50,60,67,61,62,55,67,66,40,62,40,13,10,13,12,14,55,65,62,62,73,59,13,2024-07-22,2030-06-01,0,95,United States,Caleb,Wiley,Wiley,Caleb Wiley,6116,38788,38788,266605,1860,68,81,2004-12-22T00:00:00.000Z,20,5,Chelsea,13,8,10,chelsea,35,13,https://cmtracker.fra1.cdn.digitaloceanspaces.com/DB/26/heads/p266605.png,0,9,6,1530,2,Left,3,3,1,2,,180,73,Male,,,No,No,3300000,2800000,2400000,0,0,0,,,76,51,59,70,61,64,LB,LM,False,False,False,caleb-wiley,18,67,66,63,64,67,64,65,65,66,61
88,84,87,88,59,74,45,77,66,71,40,78,73,79,75,80,77,61,44,66,74,36,78,79,37,29,79,75,56,6,15,14,7,13,70,34,73,67,85,64,11,2025-08-30,2032-06-01,0,52,Argentina,Alejandro,Garnacho,Garnacho,Alejandro Garnacho,1433,12857,12857,268438,2010,78,84,2004-07-01T00:00:00.000Z,21,5,Chelsea,13,8,10,chelsea,49,13,https://cmtracker.fra1.cdn.digitaloceanspaces.com/DB/26/heads/p268438.png,15,3,2,11,1,Right,3,4,1,1,,180,72,Male,,,Yes,No,26500000,22500000,19500000,0,0,0,"Finesse Shot, Acrobatic, Technical, Quick Step",,86,75,71,80,37,61,LM,LW,False,False,False,alejandro-garnacho,17,61,57,47,57,77,71,77,77,78,73
73,71,76,77,90,84,85,85,76,87,33,88,79,85,65,82,86,67,86,72,83,42,90,78,44,36,83,76,80,11,8,12,8,12,81,41,77,86,77,74,11,2024-07-18,2028-06-01,0,118,Guinea,Serhou,Guirassy,Guirassy,Serhou Guirassy,33488,14015,14015,215441,2210,85,85,1996-03-12T00:00:00.000Z,29,22,Borussia Dortmund,19,9,3,borussia-dortmund,9,19,https://cmtracker.fra1.cdn.digitaloceanspaces.com/DB/26/heads/p215441.png,0,9,10,1023,5,Right,3,4,3,1,,187,82,Male,,,Yes,No,63500000,54000000,46500000,105000,88000,76000,"Finesse Shot, Precision Header, Acrobatic, Low Driven Shot, First Touch",,72,84,74,82,48,84,ST,-,True,False,False,serhou-guirassy,18,62,60,59,64,79,77,81,83,80,84
77,72,76,77,74,83,80,77,86,74,74,63,63,75,79,76,62,54,64,69,76,83,73,61,75,80,55,63,44,7,13,8,7,7,68,80,68,75,76,68,9,2023-01-17,2028-06-01,0,36,Norway,Julian,Ryerson,Ryerson,Julian Ryerson,18226,32073,32073,229891,2107,79,79,1997-11-17T00:00:00.000Z,27,22,Borussia Dortmund,19,9,3,borussia-dortmund,26,19,https://cmtracker.fra1.cdn.digitaloceanspaces.com/DB/26/heads/p229891.png,15,2,2,68,2,Right,2,3,2,2,,183,82,Male,,,No,No,20000000,17000000,14500000,55000,46500,40000,"Jockey, Relentless, Bruiser",Career One Club Player,75,60,67,76,75,81,RB,LB | RM,True,False,False,julian-ryerson,16,77,76,76,76,73,71,70,70,72,69
77,72,68,64,92,74,87,85,85,78,84,58,72,72,70,74,51,55,86,86,78,87,81,67,88,87,56,67,38,8,10,8,13,14,69,88,71,81,74,70,11,2022-07-01,2027-06-01,0,21,Germany,Nico,Schlotterbeck,N.Schlotterbeck,Nico Schlotterbeck,27054,33071,26383,247819,2192,86,88,1999-12-01T00:00:00.000Z,25,22,Borussia Dortmund,19,9,3,borussia-dortmund,4,19,https://cmtracker.fra1.cdn.digitaloceanspaces.com/DB/26/heads/p247819.png,6,4,2,3507,5,Left,2,2,3,1,112700000.0,191,86,Male,,,Yes,No,89000000,75500000,65000000,92000,78000,67000,"Long Ball Pass, Jockey, Block, Slide Tackle, Long Throw",,75,59,71,74,86,85,CB,-,True,False,False,nico-schlotterbeck,19,79,80,85,82,72,76,71,70,70,70
77,72,77,78,71,78,75,83,79,83,82,78,79,82,77,78,76,78,62,80,82,81,87,83,75,77,83,77,80,11,13,14,13,15,76,78,79,79,78,81,14,2023-07-24,2027-06-01,0,4,Austria,Marcel,Sabitzer,Sabitzer,Marcel Sabitzer,23552,32266,32266,204923,2336,81,81,1994-03-17T00:00:00.000Z,31,22,Borussia Dortmund,19,9,3,borussia-dortmund,20,19,https://cmtracker.fra1.cdn.digitaloceanspaces.com/DB/26/heads/p204923.png,3,5,1,2005,2,Right,3,4,3,1,,178,76,Male,,,Yes,No,21500000,18000000,15500000,65000,55000,47500,"Power Shot, Pinged Pass",,75,81,79,80,75,76,CDM,CM,False,False,False,marcel-sabitzer,20,78,78,76,79,78,80,79,79,78,77
67,85,65,72,81,76,86,79,91,83,78,70,69,75,63,73,71,64,82,74,77,79,85,78,86,85,69,77,86,14,8,8,11,13,73,84,73,82,74,80,11,2020-02-18,2026-06-01,0,21,Germany,Emre,Can,Emre Can,Emre Can,10779,6219,10780,208333,2280,82,82,1994-01-12T00:00:00.000Z,31,22,Borussia Dortmund,19,9,3,borussia-dortmund,23,19,https://cmtracker.fra1.cdn.digitaloceanspaces.com/DB/26/heads/p208333.png,21,9,4,1515,6,Right,3,4,3,0,,186,86,Male,,,Yes,No,24500000,21000000,18000000,71000,60000,51000,"Pinged Pass, Long Ball Pass, Slide Tackle, Press Proven",,76,77,71,75,82,84,CB,CDM | CM,False,False,False,emre-can,18,77,78,82,79,72,75,73,74,72,76
30,29,31,48,65,41,77,68,35,47,21,13,39,18,15,12,14,14,15,28,25,16,50,12,15,16,15,18,26,73,70,67,70,71,17,16,18,49,42,31,71,2025-07-01,2027-06-01,0,21,Germany,Patrick,Drewes,Drewes,Patrick Drewes,28973,9840,9840,210772,1204,71,71,1993-02-04T00:00:00.000Z,32,22,Borussia Dortmund,19,9,3,borussia-dortmund,30,19,https://cmtracker.fra1.cdn.digitaloceanspaces.com/DB/26/heads/p210772.png,19,3,2,26,5,Right,1,2,1,1,,194,90,Male,,,No,No,1100000,925000,800000,19500,16500,14000,,"GK Far Throw, GK Footwork",30,22,23,37,17,55,GK,-,False,False,False,patrick-drewes,70,25,24,28,28,25,27,25,25,22,27
45,72,34,44,72,52,92,79,77,84,80,42,66,72,54,69,36,40,75,78,76,79,78,64,80,81,59,43,35,15,7,14,15,7,60,80,61,72,55,64,12,2022-07-01,2026-06-01,0,21,Germany,Niklas,Süle,Süle,Niklas Süle,27139,35475,35475,212190,1916,79,79,1995-09-03T00:00:00.000Z,29,22,Borussia Dortmund,19,9,3,borussia-dortmund,25,19,https://cmtracker.fra1.cdn.digitaloceanspaces.com/DB/26/heads/p212190.png,15,5,2,4018,6,Right,3,3,3,0,36500000.0,195,99,Male,,,Yes,No,17500000,14500000,12500000,58000,49000,42000,"Pinged Pass, Long Ball Pass, Intercept, Anticipate, Slide Tackle, Bruiser",,59,52,60,64,79,73,CB,RB,False,False,False,niklas-sule,18,70,72,79,76,63,69,64,62,60,62
67,79,83,82,69,85,72,82,44,85,56,82,86,85,78,84,76,78,54,83,85,49,82,78,29,39,81,82,55,11,16,11,9,8,75,39,83,78,79,68,11,2019-07-01,2026-06-01,0,21,Germany,Julian,Brandt,Brandt,Julian Brandt,18226,5367,5367,212194,2145,83,83,1996-05-02T00:00:00.000Z,29,22,Borussia Dortmund,19,9,3,borussia-dortmund,10,19,https://cmtracker.fra1.cdn.digitaloceanspaces.com/DB/26/heads/p212194.png,4,2,1,17,1,Right,4,4,3,0,,185,83,Male,,,Yes,No,42000000,35500000,30500000,82000,69000,60000,"Dead Ball, Incisive Pass, Tiki Taka, Inventive, Technical, First Touch",,73,76,82,84,45,68,CAM,CM,False,False,False,julian-brandt,18,67,62,54,65,81,79,82,81,80,77
72,73,67,67,88,77,78,76,82,74,74,66,63,82,73,78,72,62,84,68,77,74,70,65,82,88,57,67,86,6,13,14,14,7,73,82,72,76,71,75,11,2023-07-01,2027-06-01,0,97,Algeria,Ramy,Bensebaini,Bensebaini,Ramy Bensebaini,30731,4223,4223,224196,2196,80,80,1995-04-16T00:00:00.000Z,30,22,Borussia Dortmund,19,9,3,borussia-dortmund,5,19,https://cmtracker.fra1.cdn.digitaloceanspaces.com/DB/26/heads/p224196.png,0,5,3,2508,5,Left,3,4,2,0,25500000.0,187,82,Male,,,Yes,No,20500000,17500000,15000000,61000,52000,44500,"Chip Shot, Bruiser",,73,69,68,74,80,81,CB,LB,False,False,False,ramy-bensebaini,17,77,78,79,76,74,73,72,73,73,74
64,73,56,60,85,79,86,83,86,80,82,54,70,70,52,64,42,39,79,73,79,87,60,45,86,78,38,39,48,11,12,12,13,13,58,84,57,71,68,70,13,2024-07-08,2028-06-01,0,21,Germany,Waldemar,Anton,Anton,Waldemar Anton,38410,2333,2333,229476,1998,83,83,1996-07-20T00:00:00.000Z,28,22,Borussia Dortmund,19,9,3,borussia-dortmund,3,19,https://cmtracker.fra1.cdn.digitaloceanspaces.com/DB/26/heads/p229476.png,5,1,3,48,5,Right,2,3,3,0,,189,86,Male,,,Yes,No,37000000,31500000,27000000,77000,65000,56000,"Pinged Pass, Slide Tackle, Aerial Fortress",,69,48,59,69,82,84,CB,-,False,False,False,waldemar-anton,20,75,76,82,79,66,71,66,64,63,63
38,52,37,29,71,32,81,84,24,66,14,10,59,34,13,24,10,12,13,33,39,15,48,10,15,15,10,13,12,87,83,64,87,86,17,15,24,49,48,31,82,2021-07-01,2028-06-01,0,47,Switzerland,Gregor,Kobel,Kobel,Gregor Kobel,13763,19841,19841,235073,1320,86,89,1997-12-06T00:00:00.000Z,27,22,Borussia Dortmund,19,9,3,borussia-dortmund,1,19,https://cmtracker.fra1.cdn.digitaloceanspaces.com/DB/26/heads/p235073.png,6,2,1,526,5,Right,1,3,4,2,,195,88,Male,,,Yes,No,78500000,66500000,57500000,61000,52000,44500,,"GK Far Throw, GK Deflector",45,17,28,46,14,52,GK,-,False,False,False,gregor-kobel,84,29,28,29,32,34,36,36,34,31,31
75,66,76,83,84,73,78,72,82,70,76,64,64,71,62,72,59,53,71,69,73,74,65,53,76,73,51,59,57,13,7,9,11,9,64,75,65,71,75,69,10,2022-07-01,2026-06-01,0,48,Turkey,Salih,Özcan,Özcan,Salih Özcan,32443,40960,40960,235407,2050,74,75,1998-01-11T00:00:00.000Z,27,22,Borussia Dortmund,19,9,3,borussia-dortmund,6,19,https://cmtracker.fra1.cdn.digitaloceanspaces.com/DB/26/heads/p235407.png,20,3,2,1503,3,Right,2,3,2,1,,182,79,Male,,,Yes,No,5000000,4300000,3700000,38500,32500,28000,Bruiser,Career One Club Player,71,58,63,74,74,79,CDM,CM | CB,False,False,False,salih-ozcan,16,71,72,75,73,68,69,68,67,67,66
39,45,22,29,68,19,79,74,22,37,8,7,36,19,13,17,8,10,11,29,31,20,59,9,10,9,6,12,12,72,71,79,76,74,14,13,18,47,42,21,75,2022-07-01,2026-06-01,0,21,Germany,Alexander,Meyer,Meyer,Alexander Meyer,1497,24937,24937,241050,1132,75,75,1991-04-13T00:00:00.000Z,34,22,Borussia Dortmund,19,9,3,borussia-dortmund,33,19,https://cmtracker.fra1.cdn.digitaloceanspaces.com/DB/26/heads/p241050.png,19,2,3,57,5,Right,1,3,1,1,,195,88,Male,,,Yes,No,1100000,950000,825000,28500,24000,20500,Long Ball Pass,,42,17,22,33,12,47,GK,-,False,False,False,alexander-meyer,73,23,22,25,25,26,26,26,27,24,28
78,86,77,75,93,79,90,84,85,81,82,78,78,85,64,85,75,55,83,85,85,79,85,80,85,79,67,72,57,6,10,12,8,13,75,81,77,86,80,77,10,2023-07-03,2028-06-01,0,21,Germany,Felix,Nmecha,F. Nmecha,Felix Nmecha,11711,27283,11319,246863,2336,84,86,2000-10-10T00:00:00.000Z,24,22,Borussia Dortmund,19,9,3,borussia-dortmund,8,19,https://cmtracker.fra1.cdn.digitaloceanspaces.com/DB/26/heads/p246863.png,0,9,6,1037,5,Right,4,3,3,1,,194,80,Male,,,Yes,No,64000000,54500000,46500000,74000,62000,54000,"Block, Aerial Fortress, Press Proven, Bruiser",,82,74,73,81,82,87,CM,CDM,False,False,False,felix-nmecha,17,80,80,83,83,80,82,81,81,80,81
28,29,31,42,58,38,64,69,32,65,15,18,67,44,17,30,16,18,12,51,53,15,62,18,15,15,20,22,24,75,71,83,78,73,24,15,33,48,40,37,76,2025-02-03,2026-06-30,1,21,Germany,Diant,Ramaj,Ramaj,Diant Ramaj,9208,30683,30683,248478,1368,75,81,2001-09-19T00:00:00.000Z,23,22,Borussia Dortmund,19,9,3,borussia-dortmund,41,19,https://cmtracker.fra1.cdn.digitaloceanspaces.com/DB/26/heads/p248478.png,3,9,2,4016,5,Right,1,5,1,1,,188,82,Male,,,No,No,8500000,7000000,6000000,21000,17500,15000,"Pinged Pass, Long Ball Pass",GK Deflector,29,26,38,47,14,48,GK,-,False,False,False,diant-ramaj,74,29,27,28,36,37,44,41,38,34,34
96,96,86,81,93,77,67,82,59,76,31,82,74,80,73,84,81,62,75,69,74,25,86,76,34,49,71,69,70,12,12,7,7,12,75,36,73,80,89,66,10,2022-07-01,2027-06-01,0,21,Germany,Karim,Adeyemi,Adeyemi,Karim Adeyemi,18926,518,518,251852,2128,82,86,2002-01-18T00:00:00.000Z,23,22,Borussia Dortmund,19,9,3,borussia-dortmund,27,19,https://cmtracker.fra1.cdn.digitaloceanspaces.com/DB/26/heads/p251852.png,0,9,7,1000,1,Left,4,3,3,1,,180,77,Male,,,Yes,No,51500000,43500000,37500000,61000,52000,44500,Rapid,,96,78,70,82,43,74,RM,LW | CAM | RW,False,False,False,karim-adeyemi,18,63,60,52,57,80,72,79,81,81,81
79,83,79,78,87,83,74,79,77,76,22,81,69,83,45,79,80,46,80,70,75,32,79,69,28,26,75,52,75,6,12,7,8,13,71,29,66,79,80,67,10,2025-08-29,2030-06-01,0,38,Portugal,Fábio Daniel,Soares Silva,Fábio Silva,Fábio Silva,12481,34401,12491,252037,2007,79,85,2002-07-19T00:00:00.000Z,22,22,Borussia Dortmund,19,9,3,borussia-dortmund,21,19,https://cmtracker.fra1.cdn.digitaloceanspaces.com/DB/26/heads/p252037.png,19,5,2,1502,4,Right,4,3,1,0,,185,75,Male,,,Yes,No,33500000,28500000,24500000,55000,46500,40000,"First Touch, Press Proven",Career One Club Player,81,77,60,79,38,80,ST,LW | LM,False,False,False,fabio-daniel-soares-silva,17,55,52,50,56,75,70,77,78,75,79
86,86,82,77,77,84,53,79,54,73,45,82,68,82,67,80,82,51,72,60,74,51,80,76,39,33,75,74,65,6,8,8,13,6,74,41,70,74,82,65,9,2024-08-12,2029-06-01,0,21,Germany,Maximilian,Beier,Beier,Maximilian Beier,24334,4046,4046,254117,2048,79,84,2002-10-17T00:00:00.000Z,22,22,Borussia Dortmund,19,9,3,borussia-dortmund,14,19,https://cmtracker.fra1.cdn.digitaloceanspaces.com/DB/26/heads/p254117.png,2,8,1,8,4,Right,3,3,1,0,,185,72,Male,,,Yes,No,32000000,27500000,23500000,55000,46500,40000,"Finesse Shot, Gamechanger, Rapid, Quick Step",Career One Club Player,86,77,66,79,48,67,ST,CAM | LM,False,False,False,maximilian-beier,16,64,61,54,59,77,71,77,79,78,78
85,72,85,90,54,77,51,75,66,65,74,75,75,87,82,85,63,43,44,74,83,75,65,58,73,80,54,77,55,9,6,13,11,8,66,76,74,61,82,69,10,2025-07-01,2030-06-01,0,54,Brazil,Yan,Bueno Couto,Yan Couto,Yan Couto,39288,5688,39291,259075,2089,79,83,2002-06-03T00:00:00.000Z,23,22,Borussia Dortmund,19,9,3,borussia-dortmund,2,19,https://cmtracker.fra1.cdn.digitaloceanspaces.com/DB/26/heads/p259075.png,21,3,4,1505,7,Right,4,3,1,2,35500000.0,168,60,Male,,,Yes,No,27500000,23500000,20000000,47500,40500,34500,"Whipped Pass, Inventive, Technical, Quick Step",,79,62,72,81,69,62,RB,RM,False,False,False,yan-bueno-couto,16,78,76,69,75,79,77,78,76,78,69
75,75,79,78,69,64,76,79,57,78,59,74,77,82,72,86,70,52,59,74,79,55,72,63,66,74,63,71,60,12,12,9,10,11,69,65,73,69,78,68,11,2025-08-26,2030-06-01,0,14,England,Carney,Chukwuemeka,Chukwuemeka,Carney Chukwuemeka,6448,7310,7310,259356,2092,78,84,2003-10-20T00:00:00.000Z,21,22,Borussia Dortmund,19,9,3,borussia-dortmund,17,19,https://cmtracker.fra1.cdn.digitaloceanspaces.com/DB/26/heads/p259356.png,0,3,8,1024,4,Right,4,3,1,0,32300000.0,187,77,Male,,,Yes,No,26500000,22500000,19500000,39500,33500,28500,"Incisive Pass, Inventive, Technical, First Touch",,75,67,71,80,63,67,CAM,CM,False,False,False,carney-chukwuemeka,18,71,69,66,69,77,75,77,76,77,73
90,86,91,90,56,55,47,69,43,63,23,64,59,74,64,87,61,55,33,59,67,21,64,63,28,30,51,63,48,10,6,9,11,15,56,27,68,57,86,50,11,2023-01-27,2026-06-30,1,7,Belgium,Julien,Duranville,Duranville,Julien Duranville,18235,9992,9992,262105,1755,72,85,2006-05-05T00:00:00.000Z,19,22,Borussia Dortmund,19,9,3,borussia-dortmund,18,189,https://cmtracker.fra1.cdn.digitaloceanspaces.com/DB/26/heads/p262105.png,0,9,7,1016,7,Right,5,3,1,1,12800000.0,170,67,Male,,,No,No,6500000,5500000,4800000,23000,19500,17000,"Technical, Trickster, Quick Step",,88,59,61,79,27,50,RM,LM | ST | RW,False,False,False,julien-duranville,16,53,49,37,47,71,62,70,70,73,64
68,71,70,73,85,84,77,69,80,70,73,70,74,77,64,77,69,59,68,74,76,71,72,68,75,76,65,65,56,10,10,13,11,15,69,74,71,78,71,71,12,2025-07-01,2030-06-01,0,14,England,Jobe,Bellingham,Jobe,Jobe Bellingham,17733,4104,17733,270964,2135,75,83,2005-09-23T00:00:00.000Z,19,22,Borussia Dortmund,19,9,3,borussia-dortmund,7,19,https://cmtracker.fra1.cdn.digitaloceanspaces.com/DB/26/heads/p270964.png,21,3,5,1023,4,Right,3,3,1,0,,191,75,Male,,,No,No,14500000,12000000,10500000,30000,25500,22000,"Finesse Shot, Slide Tackle, Press Proven",,70,67,69,73,73,82,CM,CDM,False,False,False,jobe-bellingham,17,73,73,74,75,72,74,73,72,72,71
48,54,57,58,68,45,68,81,38,54,21,15,64,30,13,22,13,13,10,40,48,9,64,12,20,14,8,12,24,83,81,85,88,87,19,15,24,52,60,36,85,2023-08-07,2026-06-01,0,47,Switzerland,Yann,Sommer,Sommer,Yann Sommer,39362,34503,34503,177683,1447,86,86,1988-12-17T00:00:00.000Z,36,131682,Lombardia FC,31,9,2,lombardia-fc,1,31,https://cmtracker.fra1.cdn.digitaloceanspaces.com/DB/26/heads/p177683.png,3,3,4,1528,2,Right,1,4,4,2,,183,79,Male,,,Yes,No,2100000,1700000,1500000,28000,24000,20500,,,51,23,32,50,15,55,GK,-,True,False,False,yann-sommer,84,32,30,30,36,36,40,39,36,34,33
68,74,79,75,75,72,64,79,84,79,76,78,70,78,74,72,60,40,75,74,81,79,69,60,81,76,65,75,49,6,7,7,7,12,71,79,68,68,75,73,8,2021-07-01,2026-06-01,0,27,Italy,Matteo,Darmian,Darmian,Matteo Darmian,24222,8611,8611,184392,2120,78,78,1989-12-02T00:00:00.000Z,35,131682,Lombardia FC,31,9,2,lombardia-fc,36,31,https://cmtracker.fra1.cdn.digitaloceanspaces.com/DB/26/heads/p184392.png,3,3,1,13,2,Right,3,4,3,2,,182,70,Male,,,Yes,No,5000000,4300000,3700000,27500,23500,20000,,,71,64,69,77,77,74,RB,CB | RM,True,False,False,matteo-darmian,15,76,76,76,77,74,75,73,72,73,71
79,75,81,80,77,84,67,83,82,85,75,83,84,85,76,82,78,69,68,82,86,71,81,76,74,70,79,83,72,5,11,14,7,5,78,72,81,77,80,81,9,2022-07-01,2026-06-01,0,3,Armenia,Henrikh,Mkhitaryan,Mkhitaryan,Henrikh Mkhitaryan,15102,25429,25429,192883,2309,83,83,1989-01-21T00:00:00.000Z,36,131682,Lombardia FC,31,9,2,lombardia-fc,22,31,https://cmtracker.fra1.cdn.digitaloceanspaces.com/DB/26/heads/p192883.png,0,9,2,2507,2,Right,4,5,3,0,,177,75,Male,,,Yes,No,13500000,11500000,10000000,43000,36500,31500,"Incisive Pass, Inventive, Jockey, Anticipate, Technical, Relentless",,77,78,80,83,72,78,CM,CDM,True,False,False,henrikh-mkhitaryan,15,78,76,74,78,81,82,82,81,81,79
78,75,82,79,66,69,56,81,62,82,76,76,86,86,73,80,74,65,52,81,85,69,79,82,75,72,75,80,69,12,9,12,6,11,72,72,79,71,79,76,10,2024-07-01,2028-06-01,0,37,Poland,Piotr,Zieliński,Zieliński,Piotr Zieliński,29685,40292,40292,210406,2215,81,81,1994-05-20T00:00:00.000Z,31,131682,Lombardia FC,31,9,2,lombardia-fc,7,31,https://cmtracker.fra1.cdn.digitaloceanspaces.com/DB/26/heads/p210406.png,20,2,2,49,2,Right,3,4,3,0,,180,75,Male,,,Yes,No,25000000,21000000,18000000,48500,41000,35500,Technical,,77,76,78,82,69,63,CM,CDM,True,False,False,piotr-zielinski,17,76,74,69,76,79,81,81,79,79,74
41,45,35,42,55,40,51,66,22,67,23,13,43,26,12,19,15,18,16,21,25,6,47,9,18,17,20,14,24,71,67,62,69,65,18,14,20,41,46,32,67,2023-07-13,2026-06-01,0,27,Italy,Raffaele,Di Gennaro,Di Gennaro,Raffaele Di Gennaro,30582,9145,9145,219715,1184,68,68,1993-10-03T00:00:00.000Z,31,131682,Lombardia FC,31,9,2,lombardia-fc,12,31,https://cmtracker.fra1.cdn.digitaloceanspaces.com/DB/26/heads/p219715.png,5,3,2,2020,5,Right,1,2,1,1,,186,80,Male,,,No,No,750000,650000,550000,9900,8400,7200,,,43,21,22,43,16,42,GK,-,True,False,False,raffaele-di-gennaro,67,26,26,24,26,28,28,28,28,26,28
85,78,84,81,84,84,72,83,81,78,80,83,80,86,89,78,74,83,73,84,85,81,85,84,81,79,82,89,73,9,8,12,7,7,81,81,84,82,83,80,9,2018-07-05,2027-06-01,0,27,Italy,Federico,Dimarco,Dimarco,Federico Dimarco,11668,9349,9349,226268,2402,85,85,1997-11-10T00:00:00.000Z,27,131682,Lombardia FC,31,9,2,lombardia-fc,32,31,https://cmtracker.fra1.cdn.digitaloceanspaces.com/DB/26/heads/p226268.png,15,3,4,20,2,Left,3,4,3,3,,175,76,Male,,,Yes,No,61500000,52000000,44500000,63000,53000,46000,"Finesse Shot, Power Shot, Dead Ball, Low Driven Shot, First Touch",,82,80,85,82,79,80,LB,LM,True,False,False,federico-dimarco,16,82,82,79,82,82,82,82,81,82,79
84,88,78,61,91,83,79,83,75,78,50,86,78,81,76,84,85,58,84,70,78,44,84,79,48,42,81,73,70,11,13,14,15,9,81,45,74,84,79,73,13,2023-07-01,2028-06-01,0,18,France,Marcus,Thuram,Thuram,Marcus Thuram,23622,36271,36271,228093,2213,85,85,1997-08-06T00:00:00.000Z,27,131682,Lombardia FC,31,9,2,lombardia-fc,9,31,https://cmtracker.fra1.cdn.digitaloceanspaces.com/DB/26/heads/p228093.png,0,9,10,1036,5,Right,3,4,3,1,,192,90,Male,,,Yes,No,69000000,58500000,50000000,72000,61000,52000,"Precision Header, Aerial Fortress, Rapid",,86,81,72,78,54,82,ST,-,True,False,False,marcus-thuram,19,67,65,62,65,81,76,81,82,82,83
78,88,69,60,91,88,81,83,84,78,78,82,67,82,82,80,75,45,85,74,80,79,74,61,79,77,51,72,51,10,10,7,14,13,75,79,71,79,76,74,11,2021-08-14,2028-06-01,0,34,Holland,Denzel,Dumfries,Dumfries,Denzel Dumfries,9021,9948,9948,233096,2228,84,84,1996-04-18T00:00:00.000Z,29,131682,Lombardia FC,31,9,2,lombardia-fc,2,31,https://cmtracker.fra1.cdn.digitaloceanspaces.com/DB/26/heads/p233096.png,0,9,8,1024,5,Right,2,3,3,3,,188,80,Male,,,Yes,No,44000000,37000000,32000000,60000,51000,44000,"Precision Header, Rapid, Quick Step, Long Throw",Career One Club Player,83,66,70,75,80,86,RB,RM,True,False,False,denzel-dumfries,19,81,81,80,79,80,77,77,78,78,78
84,80,78,75,82,80,68,83,79,81,74,85,81,83,67,79,79,65,71,79,83,70,76,74,77,72,71,71,66,5,10,8,10,11,75,73,76,76,80,78,9,2024-07-01,2028-06-01,0,27,Italy,Davide,Frattesi,Frattesi,Davide Frattesi,8671,12285,12285,239807,2257,81,83,1999-09-22T00:00:00.000Z,25,131682,Lombardia FC,31,9,2,lombardia-fc,16,31,https://cmtracker.fra1.cdn.digitaloceanspaces.com/DB/26/heads/p239807.png,15,2,4,1508,2,Right,3,4,3,0,,178,74,Male,,,Yes,No,38000000,32000000,27500000,44500,37500,32500,Technical,,82,75,74,80,73,77,CM,CDM,True,False,False,davide-frattesi,17,76,76,74,77,80,80,81,81,79,78
24,30,32,22,54,42,58,75,24,42,11,11,52,11,12,8,6,12,11,24,27,15,50,7,13,15,6,11,18,75,71,67,74,76,13,15,14,43,37,27,73,2024-07-09,2029-06-01,0,45,Spain,Josep,Martínez Riera,Martínez,Josep Martínez,17964,23968,23950,243311,1086,75,77,1998-05-27T00:00:00.000Z,27,131682,Lombardia FC,31,9,2,lombardia-fc,13,31,https://cmtracker.fra1.cdn.digitaloceanspaces.com/DB/26/heads/p243311.png,19,3,1,2019,5,Right,1,3,1,1,,191,78,Male,,,No,No,6000000,5000000,4400000,19000,16000,14000,,"GK Far Throw, GK Cross Claimer",27,16,23,32,13,45,GK,-,True,False,False,josep-martinez-riera,73,23,22,23,25,23,27,25,23,21,23
85,94,71,73,86,75,81,75,65,73,55,77,73,75,75,80,74,52,67,63,74,53,77,73,52,46,59,63,63,9,5,7,15,10,70,51,67,79,80,68,10,2025-06-07,2030-06-01,0,54,Brazil,Luis Henrique,Tomaz de Lima,Luis Henrique,Luis Henrique,22338,36561,22338,256632,2075,78,83,2001-12-14T00:00:00.000Z,23,131682,Lombardia FC,31,9,2,lombardia-fc,11,31,https://cmtracker.fra1.cdn.digitaloceanspaces.com/DB/26/heads/p256632.png,0,9,5,1013,2,Right,3,3,1,1,,181,85,Male,,,Yes,No,25000000,21000000,18500000,32500,27500,23500,"Rapid, Quick Step",,90,71,67,75,55,77,RM,LM | RB | RW,True,False,False,luis-henrique-tomaz-de-lima,16,67,65,62,64,76,71,75,76,77,76
79,78,79,72,85,80,72,81,80,78,79,79,76,80,79,80,68,74,76,74,78,79,79,77,80,79,73,77,52,11,12,5,13,12,75,80,77,79,78,74,11,2024-07-01,2028-06-01,0,54,Brazil,Carlos Augusto,Zopolato Neves,Carlos,Carlos Augusto,6384,40386,6381,258648,2276,81,82,1999-01-07T00:00:00.000Z,26,131682,Lombardia FC,31,9,2,lombardia-fc,30,31,https://cmtracker.fra1.cdn.digitaloceanspaces.com/DB/26/heads/p258648.png,20,2,2,8,2,Left,3,2,3,2,,184,78,Male,,,No,No,32500000,27500000,24000000,44500,37500,32500,"Aerial Fortress, Relentless",,79,71,76,78,79,79,LB,CB | LM,True,False,False,carlos-augusto-zopolato-neves,19,79,79,78,78,78,77,77,77,77,76
65,65,64,75,68,67,60,70,68,75,71,59,77,79,63,75,57,65,64,78,81,68,72,66,75,68,48,65,54,9,8,12,6,6,63,71,73,67,68,68,9,2023-07-01,2026-06-30,1,1,Albania,Kristjan,Asllani,Asllani,Kristjan Asllani,20257,2850,2850,264699,2003,74,79,2002-03-09T00:00:00.000Z,23,131682,Lombardia FC,31,9,2,lombardia-fc,23,68,https://cmtracker.fra1.cdn.digitaloceanspaces.com/DB/26/heads/p264699.png,3,9,3,2505,2,Right,2,3,1,1,,179,70,Male,,,No,No,7000000,6000000,5000000,23500,20000,17500,"Incisive Pass, Tiki Taka",,65,59,72,73,69,66,CDM,CM,True,False,False,kristjan-asllani,14,70,69,69,73,70,74,72,70,69,66
75,78,74,70,78,77,77,73,73,76,69,71,74,77,59,81,64,63,60,76,76,66,77,74,70,65,58,68,56,10,15,13,10,9,64,67,73,77,74,70,12,2025-08-22,2030-06-01,0,18,France,Andy,Diouf,Diouf,Andy Diouf,2174,9442,9442,268534,2112,75,81,2003-05-17T00:00:00.000Z,22,131682,Lombardia FC,31,9,2,lombardia-fc,17,31,https://cmtracker.fra1.cdn.digitaloceanspaces.com/DB/26/heads/p268534.png,0,4,6,1036,5,Left,3,3,1,0,,187,81,Male,,,Yes,No,10500000,9000000,7500000,27000,23000,19500,Rapid,,77,67,69,75,66,76,CM,CDM | CAM,True,False,False,andy-diouf,17,70,69,69,72,73,74,74,74,73,71
51,55,45,44,69,60,73,64,65,58,67,24,27,56,34,38,26,24,65,48,61,68,58,45,67,71,29,29,51,10,13,10,13,14,43,69,39,61,52,49,12,2024-08-31,2026-12-31,1,52,Argentina,Tomás,Palacios,Palacios,Tomás Palacios,36592,28648,28648,268558,1532,67,77,2003-04-28T00:00:00.000Z,22,131682,Lombardia FC,31,9,2,lombardia-fc,4,353,https://cmtracker.fra1.cdn.digitaloceanspaces.com/DB/26/heads/p268558.png,19,8,1,9,4,Left,2,2,1,0,,196,80,Male,,,Yes,No,2500000,2100000,1800000,11000,9200,7900,,,53,39,37,51,68,67,CB,-,True,False,False,tomas-palacios,18,58,60,66,61,45,49,44,44,43,46
63,61,60,60,81,68,74,83,79,85,83,31,70,74,49,66,25,36,82,74,83,88,65,60,86,82,27,45,41,8,10,7,13,14,54,86,59,70,66,65,11,2018-07-01,2026-06-01,0,34,Holland,Stefan,de Vrij,de Vrij,Stefan de Vrij,34846,40632,40632,198176,1933,83,83,1992-02-05T00:00:00.000Z,33,131682,Lombardia FC,31,9,2,lombardia-fc,6,31,https://cmtracker.fra1.cdn.digitaloceanspaces.com/DB/26/heads/p198176.png,3,3,3,1511,304,Right,2,3,3,1,,189,78,Male,,,Yes,No,20500000,17500000,15000000,55000,46500,40000,Bruiser,,62,42,60,71,84,76,CB,-,False,False,False,stefan-de-vrij,18,74,76,81,79,63,71,65,61,60,57
58,52,39,34,84,69,84,85,82,86,88,20,65,72,34,65,37,56,83,82,79,89,75,60,87,82,39,58,61,11,9,9,11,13,55,86,67,75,54,67,11,2023-07-01,2026-06-01,0,27,Italy,Francesco,Acerbi,Acerbi,Francesco Acerbi,12215,420,420,199845,1958,84,84,1988-02-10T00:00:00.000Z,37,131682,Lombardia FC,31,9,2,lombardia-fc,15,31,https://cmtracker.fra1.cdn.digitaloceanspaces.com/DB/26/heads/p199845.png,6,3,4,2020,5,Left,3,3,3,0,,192,88,Male,,,Yes,No,9000000,7500000,6500000,44500,38000,32500,"Precision Header, Long Ball Pass, Slide Tackle, Aerial Fortress, Bruiser",,55,49,62,64,86,80,CB,-,False,False,False,francesco-acerbi,19,72,74,83,81,60,71,62,59,56,59
74,68,83,77,73,81,65,87,83,85,82,73,89,87,78,78,75,85,65,89,90,81,87,87,85,80,78,88,92,9,14,11,10,6,78,82,86,79,78,84,10,2024-07-01,2027-06-01,0,48,Turkey,Hakan,Çalhanoğlu,Çalhanoğlu,Hakan Çalhanoğlu,14476,40878,40878,208128,2395,86,86,1994-02-08T00:00:00.000Z,31,131682,Lombardia FC,31,9,2,lombardia-fc,20,31,https://cmtracker.fra1.cdn.digitaloceanspaces.com/DB/26/heads/p208128.png,3,4,2,2020,2,Right,4,5,4,2,,178,69,Male,,,Yes,No,56000000,47500000,41000000,72000,61000,52000,"Dead Ball, Long Ball Pass, Inventive, Technical, First Touch, Relentless",,71,82,87,83,79,76,CDM,CM,False,False,False,hakan-calhanoglu,18,81,80,79,84,81,85,83,80,80,77
85,78,91,88,77,91,68,91,89,88,86,84,86,87,82,85,77,67,62,87,88,82,80,79,85,80,80,82,73,11,5,13,11,14,78,83,82,79,87,85,11,2020-09-01,2029-06-01,0,27,Italy,Nicolò,Barella,Barella,Nicolò Barella,27083,3686,3686,224232,2432,88,88,1997-02-07T00:00:00.000Z,28,131682,Lombardia FC,31,9,2,lombardia-fc,23,31,https://cmtracker.fra1.cdn.digitaloceanspaces.com/DB/26/heads/p224232.png,19,4,3,1512,8,Right,3,4,4,1,,175,68,Male,,,Yes,No,107500000,91500000,78500000,89000,75000,65000,"Incisive Pass, Pinged Pass, Long Ball Pass, Jockey, Intercept, Press Proven",,82,79,82,88,79,81,CM,CDM,False,False,False,nicolo-barella,19,85,83,80,85,85,86,85,83,84,79
73,75,71,66,86,80,75,79,80,82,83,66,67,79,75,70,60,51,84,80,81,82,80,68,88,83,79,66,51,9,7,15,15,7,76,85,70,78,73,72,11,2023-08-30,2026-06-30,1,18,France,Benjamin,Pavard,Pavard,Benjamin Pavard,4195,29078,29078,226851,2213,82,82,1996-03-28T00:00:00.000Z,29,131682,Lombardia FC,31,9,2,lombardia-fc,28,16,https://cmtracker.fra1.cdn.digitaloceanspaces.com/DB/26/heads/p226851.png,3,4,1,1511,5,Right,3,3,3,0,,186,81,Male,,,Yes,No,30000000,25500000,22000000,50000,42500,36500,Jockey,,74,67,70,75,84,80,CB,-,False,False,False,benjamin-pavard,17,79,80,82,80,73,76,72,72,72,72
74,79,66,54,82,71,85,84,82,80,82,37,65,77,55,74,38,59,79,78,81,85,75,48,88,83,42,54,40,10,9,13,9,6,59,86,69,73,72,65,10,2022-09-01,2026-06-30,1,47,Switzerland,Manuel,Akanji,Akanji,Manuel Akanji,23481,927,927,229237,2044,83,83,1995-07-19T00:00:00.000Z,29,10,Manchester City,13,10,8,manchester-city,25,31,https://cmtracker.fra1.cdn.digitaloceanspaces.com/DB/26/heads/p229237.png,0,9,7,1050,280,Right,2,4,3,0,,186,91,Male,,,Yes,No,36000000,30500000,26000000,185000,155000,135000,Long Ball Pass,,77,47,65,73,83,80,CB,-,False,False,False,manuel-akanji,17,77,78,83,80,68,72,67,65,65,64
83,80,88,87,91,86,80,92,87,88,48,93,79,84,68,81,93,65,86,72,78,45,87,80,50,45,92,84,74,11,8,8,13,8,84,47,78,85,86,79,10,2018-07-04,2029-06-01,0,52,Argentina,Lautaro,Martínez,Lautaro,Lautaro Martínez,21084,23950,21084,231478,2314,88,88,1997-08-22T00:00:00.000Z,27,131682,Lombardia FC,31,9,2,lombardia-fc,10,31,https://cmtracker.fra1.cdn.digitaloceanspaces.com/DB/26/heads/p231478.png,21,9,4,1523,393,Right,4,4,5,1,,174,72,Male,,,Yes,No,117000000,99000000,85000000,93000,79000,68000,"Power Shot, Precision Header, Incisive Pass, Technical, Relentless, Enforcer",,82,87,74,87,55,86,ST,-,False,False,False,lautaro-martinez,18,67,66,64,67,81,78,83,85,83,87
71,77,64,60,88,83,81,89,83,85,88,47,72,83,75,77,40,41,86,84,84,87,59,48,90,84,44,64,55,11,5,9,12,11,66,87,70,72,73,72,10,2017-08-30,2028-06-01,0,27,Italy,Alessandro,Bastoni,Bastoni,Alessandro Bastoni,1470,3853,3853,237383,2137,87,89,1999-04-13T00:00:00.000Z,26,131682,Lombardia FC,31,9,2,lombardia-fc,95,31,https://cmtracker.fra1.cdn.digitaloceanspaces.com/DB/26/heads/p237383.png,0,9,2,6,4,Left,2,2,4,1,,190,75,Male,,,Yes,No,102500000,87000000,75000000,74000,63000,54000,"Pinged Pass, Long Ball Pass, Whipped Pass, Block, Relentless",Career Injury Prone,74,49,70,76,87,84,CB,-,False,False,False,alessandro-bastoni,18,83,83,85,85,74,78,72,69,70,65
75,76,69,68,89,74,81,74,74,76,74,59,60,76,54,73,54,38,78,68,73,74,67,59,76,74,44,52,49,8,7,8,11,5,61,75,62,74,73,66,8,2023-07-12,2029-06-01,0,21,Germany,Yann Aurel,Bisseck,Bisseck,Yann Aurel Bisseck,39363,4668,4668,241736,1997,76,80,2000-11-29T00:00:00.000Z,24,131682,Lombardia FC,31,9,2,lombardia-fc,31,31,https://cmtracker.fra1.cdn.digitaloceanspaces.com/DB/26/heads/p241736.png,0,9,9,1021,5,Right,2,3,1,0,,196,83,Male,,,No,No,11500000,9500000,8500000,27000,23000,19500,Slide Tackle,"Career One Club Player, Career Injury Prone",76,55,58,73,75,80,CB,-,False,False,False,yann-aurel-bisseck,15,71,72,75,73,68,69,68,68,67,67
76,74,77,70,74,71,61,72,56,71,33,77,74,80,76,78,77,82,65,73,75,34,77,75,40,35,71,78,69,15,12,12,10,10,73,37,79,72,74,64,12,2019-10-26,2026-06-30,1,27,Italy,Sebastiano,Esposito,Esposito,Sebastiano Esposito,33219,11069,11069,247888,2030,75,82,2002-07-02T00:00:00.000Z,22,131682,Lombardia FC,31,9,2,lombardia-fc,94,31,https://cmtracker.fra1.cdn.digitaloceanspaces.com/DB/26/heads/p247888.png,19,4,3,2004,1,Right,4,5,1,0,,183,76,Male,,,Yes,No,13500000,11500000,10000000,29500,25000,21500,"Dead Ball, Incisive Pass",,75,74,76,75,41,66,ST,CAM,False,False,False,sebastiano-esposito,18,59,56,50,57,75,71,76,76,76,74
83,91,80,61,90,73,81,78,64,71,27,78,77,80,68,79,78,59,74,68,77,34,77,74,27,23,70,75,69,13,14,11,9,14,74,28,73,79,79,65,13,2025-07-05,2030-06-01,0,18,France,Yoan,Bonny,Bonny,Yoan Bonny,39583,5034,5034,259565,2047,78,86,2003-10-25T00:00:00.000Z,21,131682,Lombardia FC,31,9,2,lombardia-fc,14,31,https://cmtracker.fra1.cdn.digitaloceanspaces.com/DB/26/heads/p259565.png,21,9,10,1024,5,Right,4,3,1,0,,189,86,Male,,,Yes,No,37500000,32000000,27500000,30500,26000,22500,"Finesse Shot, Gamechanger",,87,74,71,75,37,77,ST,CAM,False,False,False,yoan-bonny,19,58,54,50,56,77,71,78,78,78,78
60,62,63,66,59,42,46,73,60,69,33,69,71,74,68,75,70,70,67,71,75,47,73,67,50,37,71,73,65,13,8,11,7,13,71,45,73,58,65,62,11,2022-07-01,2026-12-31,1,52,Argentina,Valentín,Carboni,V. Carboni,Valentín Carboni,37462,6323,37366,272602,1878,71,83,2005-03-05T00:00:00.000Z,20,131682,Lombardia FC,31,9,2,lombardia-fc,41,353,https://cmtracker.fra1.cdn.digitaloceanspaces.com/DB/26/heads/p272602.png,0,3,4,3506,5,Left,3,3,1,0,,185,78,Male,,,No,No,5500000,4500000,3900000,16000,13500,12000,,,61,69,71,70,47,52,CAM,ST | RM | CM,False,False,False,valentin-carboni,17,56,54,51,57,69,67,71,71,70,69
36,32,47,46,75,50,80,73,70,71,76,28,50,66,40,57,33,25,79,65,66,80,61,39,78,75,35,45,36,5,10,5,5,5,51,78,52,61,47,56,6,2015-02-01,2026-06-30,1,27,Italy,Daniele,Rugani,Rugani,Daniele Rugani,8510,31952,31952,211320,1644,75,75,1994-07-29T00:00:00.000Z,30,45,Juventus,31,10,9,juventus,24,31,https://cmtracker.fra1.cdn.digitaloceanspaces.com/DB/26/heads/p211320.png,5,5,2,3503,4,Right,2,3,2,0,,190,86,Male,,,Yes,No,5500000,4600000,4000000,94000,79000,68000,,Career One Club Player,34,39,49,60,78,69,CB,-,True,False,False,daniele-rugani,13,62,64,75,70,51,59,53,51,49,52
61,65,65,61,72,89,71,82,81,82,81,70,82,81,73,76,60,66,68,84,85,82,79,80,85,80,70,73,75,11,12,11,15,10,72,83,76,79,67,79,12,2023-07-01,2028-06-01,0,27,Italy,Manuel,Locatelli,Locatelli,Manuel Locatelli,23481,21974,21974,222077,2238,84,85,1998-01-08T00:00:00.000Z,27,45,Juventus,31,10,9,juventus,5,31,https://cmtracker.fra1.cdn.digitaloceanspaces.com/DB/26/heads/p222077.png,5,3,2,1500,5,Right,3,4,3,1,,185,75,Male,,,Yes,No,51000000,43000000,37000000,175000,150000,130000,"Long Ball Pass, Inventive, Jockey, Block, Anticipate, Aerial Fortress, Relentless",,63,72,77,75,79,78,CDM,CM,True,False,False,manuel-locatelli,19,79,79,79,82,76,81,77,74,74,71
88,80,88,82,76,66,64,67,56,74,41,71,69,80,71,81,65,69,59,69,74,28,77,73,44,34,60,78,58,15,8,9,16,14,66,36,76,72,81,62,13,2023-07-25,2026-06-30,1,108,Côte d'Ivoire,Jérémie,Boga,Boga,Jérémie Boga,18418,4895,4895,224422,2004,75,75,1997-01-03T00:00:00.000Z,28,72,OGC Nice,16,6,4,ogc-nice,13,31,https://cmtracker.fra1.cdn.digitaloceanspaces.com/DB/26/heads/p224422.png,0,9,10,1021,2,Right,4,3,1,0,,172,68,Male,,,Yes,No,6500000,5500000,4900000,31500,26500,23000,"Finesse Shot, Rapid",,84,67,72,79,41,66,LW,ST | LM,True,False,False,jeremie-boga,18,59,56,50,57,74,69,74,74,75,71
68,69,55,55,85,79,80,72,75,73,73,63,64,75,66,69,37,44,78,72,74,76,58,42,79,78,39,55,50,7,8,8,12,11,59,78,63,69,64,67,10,2025-07-01,2029-06-01,0,14,England,Lloyd,Kelly,Kelly,Lloyd Kelly,21946,19238,19238,231512,1949,77,80,1998-10-06T00:00:00.000Z,26,45,Juventus,31,10,9,juventus,6,31,https://cmtracker.fra1.cdn.digitaloceanspaces.com/DB/26/heads/p231512.png,0,9,7,601,4,Left,3,3,1,0,,190,86,Male,,,Yes,No,14500000,12000000,10500000,100000,86000,74000,"Long Ball Pass, Jockey, Slide Tackle, Long Throw",,69,48,63,67,77,80,CB,LB,True,False,False,lloyd-kelly,16,73,74,76,74,68,69,65,64,64,62
69,66,74,78,70,75,65,77,77,84,76,76,82,82,81,79,70,80,62,81,81,76,79,82,78,72,77,80,81,12,6,13,7,10,75,76,81,75,73,80,10,2024-07-01,2026-06-30,1,54,Brazil,Douglas Luiz,Soares de Paulo,Douglas Luiz,Douglas Luiz,9753,34403,9753,236499,2258,79,79,1998-05-09T00:00:00.000Z,27,45,Juventus,31,10,9,juventus,21,13,https://cmtracker.fra1.cdn.digitaloceanspaces.com/DB/26/heads/p236499.png,0,9,7,1523,2,Right,3,2,3,1,,175,66,Male,,,Yes,No,19500000,16500000,14000000,120000,100000,87000,Press Proven,,68,78,81,79,73,72,CDM,CM,True,False,False,douglas-luiz-soares-de-paulo,16,76,75,73,77,77,79,78,76,77,73
78,86,65,63,92,68,84,82,84,78,85,58,50,70,51,64,49,36,87,69,77,87,70,40,87,84,38,45,45,13,15,13,6,5,61,86,57,71,75,67,11,2022-07-20,2029-06-01,0,54,Brazil,Gleison Bremer,Silva Nascimento,Bremer,Bremer,13393,34062,5429,239580,2024,86,86,1997-03-18T00:00:00.000Z,28,45,Juventus,31,10,9,juventus,3,31,https://cmtracker.fra1.cdn.digitaloceanspaces.com/DB/26/heads/p239580.png,0,9,8,1519,6,Right,2,2,4,1,,187,84,Male,,,Yes,No,69000000,58500000,50500000,220000,185000,160000,"Precision Header, Long Ball Pass, Block, Aerial Fortress, Bruiser",,82,50,55,70,86,82,CB,-,True,False,False,gleison-bremer-silva-nascimento,17,76,78,84,78,66,68,64,65,64,67
83,86,82,75,79,73,51,75,71,76,50,81,74,80,75,80,78,54,80,68,79,45,75,70,55,48,73,70,81,10,6,9,8,5,77,50,71,70,81,73,8,2025-07-01,2026-06-30,1,52,Argentina,Nico,Gonzalez,Nico,Nico Gonzalez,27054,13527,27054,240690,2105,79,79,1998-04-06T00:00:00.000Z,27,45,Juventus,31,10,9,juventus,23,53,https://cmtracker.fra1.cdn.digitaloceanspaces.com/DB/26/heads/p240690.png,0,3,4,1502,1,Left,4,2,3,1,,180,72,Male,,,Yes,No,22000000,18500000,16000000,125000,105000,91000,"Finesse Shot, Precision Header, Aerial Fortress, Technical, First Touch",,85,76,70,78,56,69,LM,RM | LW,True,False,False,nico-gonzalez,14,67,65,60,64,78,73,77,78,78,77
80,85,55,57,84,78,82,72,75,64,67,71,63,74,74,74,57,40,65,64,70,66,71,60,69,69,54,62,59,7,12,11,9,5,64,68,63,75,70,67,9,2024-07-01,2026-06-30,1,46,Sweden,Emil,Holm,Holm,Emil Holm,10742,15469,15469,246656,2005,74,78,2000-05-13T00:00:00.000Z,25,189,Bologna,31,6,6,bologna,2,31,https://cmtracker.fra1.cdn.digitaloceanspaces.com/DB/26/heads/p246656.png,19,5,3,4024,5,Right,3,3,1,2,,192,87,Male,,,Yes,No,6500000,5500000,4700000,39500,33500,29000,"Rapid, Relentless, Bruiser",,83,62,62,66,67,80,RB,RM,True,False,False,emil-holm,15,72,71,70,69,72,68,69,70,70,69
85,83,79,75,78,83,60,75,61,70,72,74,73,78,79,76,60,47,70,68,73,68,68,61,69,69,58,57,67,9,5,10,12,10,68,69,66,70,80,70,10,2025-07-24,2026-06-30,1,38,Portugal,João Mário,Neto Lopes,João Mário,João Mário,18098,26921,18098,257290,2082,77,80,2000-01-03T00:00:00.000Z,25,45,Juventus,31,10,9,juventus,99,31,https://cmtracker.fra1.cdn.digitaloceanspaces.com/DB/26/heads/p257290.png,0,4,1,2015,1,Right,3,4,1,2,,179,66,Male,,,Yes,No,15000000,13000000,11000000,96000,82000,70000,"Whipped Pass, Rapid",,84,65,66,76,70,71,RB,RM,True,False,False,joao-mario-neto-lopes,16,75,74,69,71,75,73,73,73,74,70
74,73,78,77,66,76,68,77,76,74,69,68,76,78,74,76,60,69,49,75,78,67,66,68,71,69,70,74,65,11,9,6,12,14,67,69,75,69,76,72,11,2021-09-11,2028-06-01,0,27,Italy,Fabio,Miretti,Miretti,Fabio Miretti,11374,25343,25343,268802,2113,75,80,2003-08-03T00:00:00.000Z,21,45,Juventus,31,10,9,juventus,21,31,https://cmtracker.fra1.cdn.digitaloceanspaces.com/DB/26/heads/p268802.png,6,5,3,1502,2,Right,3,4,1,0,,180,72,Male,,,Yes,No,10000000,8500000,7500000,69000,59000,51000,,,74,66,74,77,65,72,CM,CAM | LM,True,False,False,fabio-miretti,18,73,71,68,73,74,74,74,72,73,67
43,41,33,40,60,34,60,61,32,63,18,11,35,22,13,18,11,18,13,28,24,20,47,6,12,13,8,11,22,70,70,62,70,69,14,15,20,42,44,31,69,2014-07-01,2026-06-01,0,27,Italy,Carlo,Pinsoglio,Pinsoglio,Carlo Pinsoglio,6380,29670,29670,189342,1158,69,69,1990-03-16T00:00:00.000Z,35,45,Juventus,31,10,9,juventus,23,31,https://cmtracker.fra1.cdn.digitaloceanspaces.com/DB/26/heads/p189342.png,3,3,2,2512,5,Left,1,2,1,1,,194,85,Male,,,No,No,180000,150000,130000,19500,16500,14500,,Career Injury Prone,42,18,22,40,15,47,GK,-,False,False,False,carlo-pinsoglio,68,24,24,25,26,26,26,25,25,24,26
57,56,53,30,63,30,52,74,25,65,19,12,45,23,11,19,11,13,12,31,33,20,53,17,12,19,19,15,21,78,78,71,78,79,18,17,21,43,54,32,77,2018-07-01,2027-06-01,0,27,Italy,Mattia,Perin,Perin,Mattia Perin,24235,29361,29361,198009,1294,78,78,1992-11-10T00:00:00.000Z,32,45,Juventus,31,10,9,juventus,1,31,https://cmtracker.fra1.cdn.digitaloceanspaces.com/DB/26/heads/p198009.png,3,3,3,1502,4,Right,1,3,2,1,,188,77,Male,,,Yes,No,8000000,7000000,6000000,73000,62000,53000,,,57,22,25,44,16,43,GK,-,False,False,False,mattia-perin,77,28,28,26,28,30,30,32,31,29,29
48,52,69,62,79,45,76,78,67,84,36,83,78,83,63,76,81,81,82,64,75,35,82,78,34,32,80,76,79,9,16,16,6,15,77,34,76,72,62,72,13,2023-07-01,2027-06-01,0,37,Poland,Arkadiusz,Milik,Milik,Arkadiusz Milik,2606,25158,25158,205175,2020,78,78,1994-02-28T00:00:00.000Z,31,45,Juventus,31,10,9,juventus,14,31,https://cmtracker.fra1.cdn.digitaloceanspaces.com/DB/26/heads/p205175.png,6,4,2,1550,4,Left,3,3,3,0,,186,80,Male,,,Yes,No,14000000,12000000,10000000,125000,110000,93000,Power Shot,,50,81,73,75,44,67,ST,-,False,False,False,arkadiusz-milik,19,53,51,53,56,71,70,75,76,73,77
79,82,76,78,78,78,77,77,76,80,69,78,78,81,84,80,71,78,59,79,80,70,85,78,74,72,75,82,66,13,14,12,13,12,74,72,80,80,79,75,13,2022-08-12,2026-06-01,0,51,Serbia,Filip,Kostić,Kostić,Filip Kostić,11913,20066,20066,208574,2284,80,80,1992-11-01T00:00:00.000Z,32,45,Juventus,31,10,9,juventus,18,31,https://cmtracker.fra1.cdn.digitaloceanspaces.com/DB/26/heads/p208574.png,0,3,2,25,2,Left,3,2,3,1,,184,84,Male,,,Yes,No,20000000,16500000,14500000,135000,115000,100000,"Whipped Pass, Rapid",,81,76,80,79,69,77,LM,LB | LW,False,False,False,filip-kostic,19,76,75,72,75,79,78,78,78,78,76
55,57,55,55,69,36,68,69,26,56,15,9,65,35,13,30,9,14,11,50,50,21,59,18,16,12,11,17,17,82,78,79,85,83,19,17,30,50,59,32,82,2025-07-01,2029-06-01,0,27,Italy,Michele,Di Gregorio,Di Gregorio,Michele Di Gregorio,24990,9147,9147,235840,1425,81,84,1997-07-27T00:00:00.000Z,27,45,Juventus,31,10,9,juventus,16,31,https://cmtracker.fra1.cdn.digitaloceanspaces.com/DB/26/heads/p235840.png,18,2,3,3512,3,Right,1,3,3,1,,187,82,Male,,,Yes,No,30000000,25500000,22000000,86000,73000,62000,,"GK Footwork, Career One Club Player",56,21,35,50,15,50,GK,-,False,False,False,michele-di-gregorio,80,31,29,29,35,38,41,40,37,35,32
75,78,68,69,91,81,77,77,82,78,78,78,76,78,78,78,68,63,86,77,78,78,76,73,82,75,77,77,61,7,9,12,11,9,78,79,75,80,74,76,10,2021-07-01,2026-06-01,0,95,United States,Weston,McKennie,McKennie,Weston McKennie,38705,24543,24543,238744,2261,78,79,1998-08-28T00:00:00.000Z,26,45,Juventus,31,10,9,juventus,22,31,https://cmtracker.fra1.cdn.digitaloceanspaces.com/DB/26/heads/p238744.png,0,9,7,5000,3,Right,3,3,2,0,,183,84,Male,,,Yes,No,19500000,16500000,14000000,115000,95000,82000,"Incisive Pass, Aerial Fortress, Long Throw",,77,72,75,75,80,83,CM,CAM | RM,False,False,False,weston-mckennie,16,78,78,79,78,77,77,76,76,76,76
90,79,90,84,66,65,63,74,54,78,20,75,77,82,78,87,69,74,36,70,76,32,78,75,21,18,62,82,51,7,11,6,7,12,65,24,79,70,84,60,9,2025-09-01,2030-06-01,0,219,Kosovo,Edon,Zhegrova,E. Zhegrova,Edon Zhegrova,10279,40206,46528,239763,1949,79,80,1999-03-31T00:00:00.000Z,26,45,Juventus,31,10,9,juventus,11,31,https://cmtracker.fra1.cdn.digitaloceanspaces.com/DB/26/heads/p239763.png,5,4,2,42,1,Left,4,2,3,1,,180,74,Male,,,Yes,No,24500000,20500000,18000000,125000,105000,91000,"Finesse Shot, Gamechanger, Whipped Pass, Technical, First Touch",,85,68,76,83,25,62,RM,RW,False,False,False,edon-zhegrova,16,56,50,40,52,78,70,78,77,79,71
71,70,69,69,79,83,71,81,72,81,78,80,84,82,79,76,76,80,72,84,85,76,82,84,74,72,72,74,85,14,8,14,10,12,77,74,80,80,72,80,12,2024-08-28,2029-06-01,0,34,Holland,Teun,Koopmeiners,Koopmeiners,Teun Koopmeiners,36089,20000,20000,240679,2299,80,80,1998-02-28T00:00:00.000Z,27,45,Juventus,31,10,9,juventus,8,31,https://cmtracker.fra1.cdn.digitaloceanspaces.com/DB/26/heads/p240679.png,19,7,1,12,2,Left,3,2,3,0,,183,77,Male,,,Yes,No,26500000,22500000,19500000,135000,115000,97000,Dead Ball,Career One Club Player,71,80,81,76,74,76,CAM,CM | CB,False,False,False,teun-koopmeiners,18,77,76,75,79,79,81,80,79,78,77
86,88,86,74,76,70,59,79,72,74,66,76,69,75,75,77,74,53,67,72,75,68,79,76,69,70,74,74,60,7,9,12,14,15,73,69,71,72,83,70,12,2023-07-01,2026-06-30,1,95,United States,Timothy,Weah,T.Weah,Timothy Weah,36421,38581,35510,241496,2170,77,78,2000-02-22T00:00:00.000Z,25,45,Juventus,31,10,9,juventus,22,16,https://cmtracker.fra1.cdn.digitaloceanspaces.com/DB/26/heads/p241496.png,0,3,10,1021,1,Right,3,3,1,1,,182,66,Male,,,Yes,No,15000000,12500000,11000000,100000,86000,74000,"Finesse Shot, Rapid, Quick Step",,87,73,70,78,68,69,RM,RB | LM,False,False,False,timothy-weah,18,73,73,69,70,76,73,75,76,77,75
94,96,83,85,94,83,80,82,74,80,26,83,69,80,69,79,84,53,79,59,75,29,85,74,23,19,77,66,74,9,8,10,13,8,77,24,68,84,88,68,10,2023-07-14,2026-06-30,1,7,Belgium,Loïs,Openda,Openda,Loïs Openda,22198,28181,28181,243580,2102,82,84,2000-02-16T00:00:00.000Z,25,112172,RB Leipzig,19,8,10,rb-leipzig,20,31,https://cmtracker.fra1.cdn.digitaloceanspaces.com/DB/26/heads/p243580.png,0,3,7,1024,2,Right,3,4,3,0,,175,79,Male,,,Yes,No,45500000,38500000,33500000,83000,70000,60000,"Finesse Shot, Acrobatic, Low Driven Shot, Rapid, Quick Step",Career One Club Player,95,80,65,82,35,83,ST,-,False,False,False,lois-openda,17,58,55,50,54,79,69,78,81,80,82
79,83,75,71,87,90,77,84,61,81,33,88,74,81,67,80,84,58,77,69,76,29,79,76,29,19,77,59,86,7,7,11,7,7,77,26,70,82,79,71,8,2025-07-04,2030-06-01,0,70,Canada,Jonathan,David,J. David,Jonathan David,17842,8642,46598,243630,2068,81,84,2000-01-14T00:00:00.000Z,25,45,Juventus,31,10,9,juventus,30,31,https://cmtracker.fra1.cdn.digitaloceanspaces.com/DB/26/heads/p243630.png,0,9,9,1003,2,Right,3,5,3,0,,178,81,Male,,,Yes,No,41000000,34500000,29500000,145000,125000,105000,"Low Driven Shot, Press Proven, Quick Step, Relentless",Career One Club Player,81,82,67,79,37,79,ST,-,False,False,False,jonathan-david,15,59,55,50,57,79,73,79,80,79,81
76,79,68,53,92,74,86,82,80,78,24,86,70,79,57,78,82,89,81,60,75,19,84,81,26,24,80,79,84,5,15,6,10,11,75,23,77,84,72,71,10,2022-01-28,2026-06-01,0,51,Serbia,Dušan,Vlahović,Vlahović,Dušan Vlahović,9886,38184,38184,246430,2073,81,84,2000-01-28T00:00:00.000Z,25,45,Juventus,31,10,9,juventus,9,31,https://cmtracker.fra1.cdn.digitaloceanspaces.com/DB/26/heads/p246430.png,6,3,3,49,5,Left,3,4,3,0,,190,88,Male,,,Yes,No,41000000,34500000,29500000,145000,125000,105000,"Finesse Shot, Chip Shot, Dead Ball, Low Driven Shot, Gamechanger, Press Proven, Enforcer",,78,83,72,73,35,83,ST,-,False,False,False,dusan-vlahovic,17,54,51,50,54,75,69,76,79,76,81
76,80,75,65,87,81,79,79,84,82,81,78,78,83,72,81,77,56,76,80,83,80,79,75,84,75,65,72,60,7,9,14,9,11,75,80,75,81,75,78,10,2024-07-09,2029-06-01,0,18,France,Khéphren,Thuram,Thuram,Khéphren Thuram,19477,36271,36271,247246,2273,81,85,2001-03-26T00:00:00.000Z,24,45,Juventus,31,10,9,juventus,19,31,https://cmtracker.fra1.cdn.digitaloceanspaces.com/DB/26/heads/p247246.png,0,3,6,1010,4,Right,3,3,3,0,,192,80,Male,,,Yes,No,43500000,36500000,31500000,120000,105000,89000,"Pinged Pass, Press Proven, Relentless",,78,72,74,78,79,83,CM,CDM,False,False,False,khephren-thuram,16,79,79,80,81,79,80,79,79,78,78
71,73,67,62,82,54,74,69,71,55,72,46,62,70,70,63,37,39,73,75,74,70,42,35,77,81,30,65,44,10,7,8,7,6,57,76,63,58,69,59,8,2024-07-18,2029-06-01,0,56,Colombia,Juan David,Cabal,Cabal,Juan David Cabal,18143,6002,6002,251870,1841,74,79,2001-01-08T00:00:00.000Z,24,45,Juventus,31,10,9,juventus,32,31,https://cmtracker.fra1.cdn.digitaloceanspaces.com/DB/26/heads/p251870.png,0,3,7,4525,5,Left,3,3,1,2,,186,79,Male,,,Yes,No,7000000,6000000,5000000,72000,61000,52000,,,72,39,64,64,75,70,LB,CB,False,False,False,juan-david-cabal,14,70,71,73,71,64,65,62,59,61,56
76,83,73,69,83,76,73,80,80,80,82,60,59,74,70,64,43,44,75,65,77,82,66,59,83,79,54,65,49,12,5,13,11,9,64,82,63,72,77,69,10,2025-07-01,2029-06-01,0,18,France,Pierre,Kalulu,Kalulu,Pierre Kalulu,29583,18715,18715,255654,2073,80,85,2000-06-05T00:00:00.000Z,25,45,Juventus,31,10,9,juventus,15,31,https://cmtracker.fra1.cdn.digitaloceanspaces.com/DB/26/heads/p255654.png,0,9,9,1038,2,Right,2,3,1,0,,182,80,Male,,,Yes,No,33000000,28000000,24000000,120000,100000,87000,Block,,80,55,63,73,80,78,CB,RB | RM | CDM,False,False,False,pierre-kalulu,17,77,78,79,76,69,70,67,66,67,65
79,79,78,71,75,78,68,78,71,78,74,78,79,82,82,81,68,60,62,75,80,77,75,75,79,76,72,76,46,13,7,7,13,13,73,78,75,75,77,71,11,2022-07-14,2027-06-01,0,27,Italy,Andrea,Cambiaso,Cambiaso,Andrea Cambiaso,2064,6177,6177,258966,2205,80,82,2000-02-20T00:00:00.000Z,25,45,Juventus,31,10,9,juventus,27,31,https://cmtracker.fra1.cdn.digitaloceanspaces.com/DB/26/heads/p258966.png,6,4,5,2020,1,Left,3,5,2,2,,182,77,Male,,,Yes,No,28500000,24500000,21000000,120000,100000,87000,"Jockey, Anticipate, Relentless",,79,69,75,78,74,73,LB,RB | LM,False,False,False,andrea-cambiaso,18,78,77,74,77,79,78,78,77,78,74
88,87,93,90,55,69,40,79,50,72,31,76,74,83,74,85,74,58,40,71,78,34,72,73,42,38,71,75,59,9,6,7,14,15,68,38,75,62,88,61,11,2025-07-24,2030-06-01,0,38,Portugal,Francisco,F. da Conceição,F.Conceição,Francisco Conceição,12229,11333,11340,261050,1982,79,86,2002-12-14T00:00:00.000Z,22,45,Juventus,31,10,9,juventus,7,31,https://cmtracker.fra1.cdn.digitaloceanspaces.com/DB/26/heads/p261050.png,3,4,1,12,8,Left,4,2,1,0,,168,61,Male,,,Yes,No,42000000,35500000,30500000,110000,93000,80000,"Finesse Shot, Technical, Quick Step",,88,71,72,84,37,54,CAM,RM | RW | CM,False,False,False,francisco-f-da-conceicao,18,62,58,45,57,79,72,79,78,80,72
73,78,56,59,88,74,81,79,84,78,80,45,40,68,38,62,30,46,80,61,68,82,68,39,83,78,42,38,49,6,11,11,6,11,52,81,55,70,69,63,9,2022-01-31,2030-06-01,0,27,Italy,Federico,Gatti,Gatti,Federico Gatti,11668,12909,12909,266872,1892,80,83,1998-06-24T00:00:00.000Z,27,45,Juventus,31,10,9,juventus,4,31,https://cmtracker.fra1.cdn.digitaloceanspaces.com/DB/26/heads/p266872.png,20,5,3,4022,5,Right,2,3,3,0,,190,80,Male,,,Yes,No,28000000,24000000,20500000,125000,105000,92000,"Slide Tackle, Bruiser",,76,46,49,67,81,82,CB,-,False,False,False,federico-gatti,16,71,73,80,73,59,62,57,58,56,59
72,65,81,82,53,65,48,66,54,59,41,60,58,68,62,70,66,58,45,49,61,23,68,63,26,18,53,59,55,8,8,7,7,13,58,23,61,60,74,55,9,2023-07-01,2026-06-30,1,27,Italy,Mattia,Compagnon,Compagnon,Mattia Compagnon,24235,7626,7626,276804,1691,65,70,2001-11-06T00:00:00.000Z,23,45,Juventus,31,10,9,juventus,21,32,https://cmtracker.fra1.cdn.digitaloceanspaces.com/DB/26/heads/p276804.png,3,9,2,1546,2,Left,3,3,1,1,,171,65,Male,,,No,No,1300000,1100000,925000,24500,20500,18000,,,69,61,58,71,31,55,RM,ST | RW,False,False,False,mattia-compagnon,15,50,47,39,47,64,58,64,64,65,62
85,84,83,74,80,72,67,74,50,75,35,79,77,86,74,86,79,67,69,70,75,32,79,79,30,26,78,80,70,14,14,6,14,8,75,30,78,76,80,65,12,2023-03-13,2029-06-01,0,48,Turkey,Kenan,Yıldız,Yıldız,Kenan Yıldız,19260,39221,39221,277954,2071,80,89,2005-05-04T00:00:00.000Z,20,45,Juventus,31,10,9,juventus,10,31,https://cmtracker.fra1.cdn.digitaloceanspaces.com/DB/26/heads/p277954.png,3,5,3,1501,5,Right,4,5,1,0,,185,75,Male,,,Yes,No,54500000,46500000,40000000,99000,84000,72000,"Gamechanger, Incisive Pass, Whipped Pass, Technical",,85,77,74,80,38,67,CAM,LM | LW | CM,False,False,False,kenan-yildiz,18,59,56,48,56,79,72,79,80,80,78
52,51,32,51,71,35,69,72,22,45,25,15,42,31,24,27,17,16,24,30,35,20,50,18,21,24,15,21,27,75,72,66,75,71,23,22,25,49,52,30,72,2023-01-19,2026-06-30,1,47,Switzerland,Jonas,Omlin,Omlin,Jonas Omlin,17835,28107,28107,223550,1341,74,74,1994-01-10T00:00:00.000Z,31,23,Borussia M'gladbach,19,6,3,borussia-m-gladbach,18,19,https://cmtracker.fra1.cdn.digitaloceanspaces.com/DB/26/heads/p223550.png,5,1,2,3,5,Right,1,3,2,1,,190,85,Male,,,Yes,No,2600000,2200000,1900000,18000,15500,13000,,GK Far Reach,52,24,28,43,23,49,GK,-,True,False,False,jonas-omlin,72,33,32,32,32,34,33,33,34,32,33
78,75,72,73,84,73,74,77,57,79,27,80,77,83,73,81,80,58,75,72,80,34,79,77,31,34,79,77,73,12,5,13,8,5,78,33,75,78,75,66,9,2024-07-18,2029-06-01,0,18,France,Martin,Terrier,Terrier,Martin Terrier,23881,36058,36058,236786,2055,79,79,1997-03-04T00:00:00.000Z,28,32,Bayer 04 Leverkusen,19,9,9,bayer-04-leverkusen,11,19,https://cmtracker.fra1.cdn.digitaloceanspaces.com/DB/26/heads/p236786.png,3,8,2,2508,1,Right,3,3,2,0,,184,71,Male,,,Yes,No,21000000,18000000,15500000,98000,83000,71000,"Finesse Shot, Gamechanger",,77,78,73,78,40,72,ST,CAM | LM,True,False,False,martin-terrier,15,59,56,51,57,78,73,79,79,78,78
80,88,74,69,88,85,77,82,87,76,83,60,57,74,55,70,41,32,79,74,78,83,50,31,85,88,33,56,33,9,15,10,9,6,58,86,62,67,79,66,10,2021-08-16,2026-06-30,1,57,Ecuador,Piero,Hincapié,Hincapie,Piero Hincapié,29578,15317,15316,256197,2017,83,89,2002-01-09T00:00:00.000Z,23,32,Bayer 04 Leverkusen,19,9,9,bayer-04-leverkusen,5,13,https://cmtracker.fra1.cdn.digitaloceanspaces.com/DB/26/heads/p256197.png,0,9,5,1528,2,Left,3,2,3,0,,184,77,Male,,,Yes,No,61500000,52000000,45000000,96000,81000,70000,"Jockey, Block",,84,41,59,74,84,84,CB,LB,True,False,False,piero-hincapie,17,78,80,82,79,70,71,67,65,66,63
93,95,86,83,72,77,63,66,59,65,38,77,73,75,64,78,65,48,47,62,72,40,75,65,36,47,56,65,56,8,10,11,8,12,61,41,66,71,85,62,10,2025-08-12,2030-06-01,0,34,Holland,Ernest,Poku,Poku,Ernest Poku,10986,29828,29828,264219,1947,76,85,2004-01-28T00:00:00.000Z,21,32,Bayer 04 Leverkusen,19,9,9,bayer-04-leverkusen,19,19,https://cmtracker.fra1.cdn.digitaloceanspaces.com/DB/26/heads/p264219.png,0,9,10,1038,2,Right,3,5,1,1,6800000.0,173,63,Male,,,No,No,20000000,17000000,14500000,51000,43000,37000,"Slide Tackle, Rapid, Quick Step",,94,66,64,76,42,68,RM,RW | CAM,True,False,False,ernest-poku,15,61,58,50,57,74,67,74,74,75,70
65,69,67,68,75,54,72,66,71,64,68,48,56,68,61,63,34,48,69,68,71,69,54,39,72,70,35,64,51,13,15,13,7,15,54,71,63,59,67,60,13,2024-07-01,2026-06-30,1,18,France,Jeanuël,Belocian,Belocian,Jeanuël Belocian,17326,4120,4120,268622,1842,70,82,2005-02-17T00:00:00.000Z,20,32,Bayer 04 Leverkusen,19,9,9,bayer-04-leverkusen,6,19,https://cmtracker.fra1.cdn.digitaloceanspaces.com/DB/26/heads/p268622.png,0,3,6,1016,2,Left,2,3,1,0,6800000.0,182,73,Male,,,Yes,No,4300000,3600000,3100000,28000,23500,20000,,,67,44,61,66,70,68,CB,LB,True,False,False,jeanuel-belocian,18,66,67,70,67,61,62,60,58,59,56
71,92,64,58,84,75,79,66,66,55,68,26,39,68,50,59,30,33,72,66,69,70,49,31,76,72,31,38,33,6,14,5,11,8,51,73,53,64,71,48,9,2022-07-01,2029-06-01,0,21,Germany,Tim,Oermann,Oermann,Tim Oermann,36403,27822,27822,270033,1734,72,80,2003-10-06T00:00:00.000Z,21,32,Bayer 04 Leverkusen,19,9,9,bayer-04-leverkusen,15,19,https://cmtracker.fra1.cdn.digitaloceanspaces.com/DB/26/heads/p270033.png,3,4,3,2002,4,Right,2,2,1,0,,187,76,Male,,,Yes,No,6000000,4900000,4200000,34500,29500,25000,,,82,33,49,62,72,76,CB,RB | RM,True,False,False,tim-oermann,15,68,70,72,68,59,59,55,53,55,53
47,38,31,33,69,31,74,71,39,54,19,11,46,31,20,19,18,8,15,30,38,10,49,16,15,13,13,29,30,73,68,65,73,76,21,13,24,48,44,34,71,2025-08-11,2027-06-01,0,21,Germany,Janis,Blaswich,Blaswich,Janis Blaswich,17114,4770,4770,204092,1272,73,73,1991-05-02T00:00:00.000Z,34,32,Bayer 04 Leverkusen,19,9,9,bayer-04-leverkusen,28,19,https://cmtracker.fra1.cdn.digitaloceanspaces.com/DB/26/heads/p204092.png,3,9,4,2012,5,Right,1,3,1,1,,193,89,Male,,,No,No,625000,525000,450000,35500,30000,26000,,"GK Cross Claimer, Career Injury Prone",43,23,29,40,14,53,GK,-,False,False,False,janis-blaswich,71,27,26,28,31,31,32,32,31,30,31
74,77,75,82,67,83,56,78,72,75,74,80,79,79,83,80,73,71,58,76,80,72,80,76,69,67,58,83,56,9,16,9,7,9,71,70,78,73,78,73,10,2025-08-26,2027-06-01,0,45,Spain,Lucas,Vázquez Iglesias,Lucas V.,Lucas Vázquez,22230,46205,46207,208618,2183,77,77,1991-07-01T00:00:00.000Z,34,32,Bayer 04 Leverkusen,19,9,9,bayer-04-leverkusen,21,19,https://cmtracker.fra1.cdn.digitaloceanspaces.com/DB/26/heads/p208618.png,0,9,3,1508,2,Right,4,4,3,2,,173,69,Male,,,Yes,No,4600000,3900000,3300000,73000,62000,53000,Whipped Pass,Career Injury Prone,76,71,79,78,68,70,RB,RM,False,False,False,lucas-vazquez-iglesias,17,76,74,69,74,78,78,78,77,78,74
76,68,84,86,68,91,53,85,69,83,79,78,85,86,91,84,73,92,62,86,86,76,84,83,75,69,63,89,64,7,13,10,13,7,75,74,88,76,80,77,10,2023-07-01,2027-06-01,0,45,Spain,Alejandro,Grimaldo García,Grimaldo,Grimaldo,1433,13816,13815,210035,2318,85,85,1995-09-20T00:00:00.000Z,29,32,Bayer 04 Leverkusen,19,9,9,bayer-04-leverkusen,20,19,https://cmtracker.fra1.cdn.digitaloceanspaces.com/DB/26/heads/p210035.png,2,4,2,1502,1,Left,4,2,3,2,70500000.0,171,68,Male,,,Yes,No,62500000,53000000,45500000,145000,120000,105000,"Finesse Shot, Whipped Pass, Inventive, First Touch",,72,74,88,85,72,70,LM,LB | LW,False,False,False,alejandro-grimaldo-garcia,18,81,78,72,79,83,84,82,80,82,76
69,60,77,79,63,73,66,81,70,79,75,81,80,81,75,78,77,75,48,76,79,70,74,75,57,57,85,77,71,6,6,10,10,10,73,62,78,71,74,76,9,2023-07-05,2027-06-01,0,21,Germany,Jonas,Hofmann,Hofmann,Jonas Hofmann,17835,15438,15438,210324,2150,78,78,1992-07-14T00:00:00.000Z,32,32,Bayer 04 Leverkusen,19,9,9,bayer-04-leverkusen,7,19,https://cmtracker.fra1.cdn.digitaloceanspaces.com/DB/26/heads/p210324.png,5,8,4,4001,2,Right,3,4,3,0,,176,72,Male,,,Yes,No,13000000,11000000,9500000,83000,70000,60000,Incisive Pass,,65,77,77,79,61,68,CAM,ST | CM,False,False,False,jonas-hofmann,16,71,68,65,72,76,77,78,76,76,73
38,39,47,40,61,40,68,64,27,37,17,5,27,20,15,14,17,13,15,32,26,16,48,11,12,16,15,17,14,68,58,64,70,63,18,15,20,46,46,22,65,2012-07-01,2027-06-01,0,21,Germany,Niklas,Lomb,Lomb,Niklas Lomb,27139,22029,22029,210366,1134,66,66,1993-07-28T00:00:00.000Z,31,32,Bayer 04 Leverkusen,19,9,9,bayer-04-leverkusen,36,19,https://cmtracker.fra1.cdn.digitaloceanspaces.com/DB/26/heads/p210366.png,5,2,1,3500,5,Right,1,3,1,1,,186,83,Male,,,No,No,525000,450000,400000,15500,13000,11000,,Career Injury Prone,39,18,22,37,15,49,GK,-,False,False,False,niklas-lomb,64,25,25,26,26,25,25,24,24,23,26
29,36,34,38,63,28,72,74,32,62,12,14,55,34,14,12,16,12,11,56,54,15,60,11,13,20,14,19,23,79,76,80,80,76,22,16,27,47,43,33,79,2025-06-03,2028-06-01,0,34,Holland,Mark,Flekken,Flekken,Mark Flekken,23771,12025,12025,211738,1324,78,78,1993-06-13T00:00:00.000Z,32,32,Bayer 04 Leverkusen,19,9,9,bayer-04-leverkusen,1,19,https://cmtracker.fra1.cdn.digitaloceanspaces.com/DB/26/heads/p211738.png,19,8,3,47,5,Right,1,4,3,1,,195,87,Male,,,Yes,No,8000000,7000000,6000000,51000,43000,37000,Long Ball Pass,GK Footwork,33,23,35,42,14,49,GK,-,False,False,False,mark-flekken,77,28,26,28,35,33,39,36,33,29,31
59,56,63,59,80,67,84,80,91,73,83,68,73,76,71,74,74,76,74,78,79,82,84,85,81,77,70,80,62,7,9,10,15,13,74,80,77,80,64,75,11,2021-08-16,2028-06-01,0,21,Germany,Robert,Andrich,Andrich,Robert Andrich,31443,2116,2116,212242,2213,80,80,1994-09-22T00:00:00.000Z,30,32,Bayer 04 Leverkusen,19,9,9,bayer-04-leverkusen,8,19,https://cmtracker.fra1.cdn.digitaloceanspaces.com/DB/26/heads/p212242.png,19,2,2,529,5,Right,2,4,3,0,,186,85,Male,,,Yes,No,20500000,17500000,15000000,91000,77000,66000,"Power Shot, Bruiser",,58,74,76,71,79,81,CB,CM | CDM,False,False,False,robert-andrich,18,74,75,80,79,72,76,74,73,72,74
67,64,79,85,65,76,65,84,65,84,77,80,86,87,83,84,75,80,51,88,85,79,78,78,77,74,66,84,60,16,8,9,7,10,72,77,85,73,76,76,10,2024-07-01,2029-06-01,0,45,Spain,Aleix,García Serrano,Aleix Garcia,Aleix García,1423,12836,1425,228813,2256,84,84,1997-06-28T00:00:00.000Z,28,32,Bayer 04 Leverkusen,19,9,9,bayer-04-leverkusen,24,19,https://cmtracker.fra1.cdn.digitaloceanspaces.com/DB/26/heads/p228813.png,19,4,4,2512,2,Right,3,3,3,0,,173,68,Male,,,Yes,No,49500000,42000000,36000000,135000,110000,97000,"Dead Ball, Long Ball Pass, Tiki Taka, Inventive",,66,73,84,84,72,68,CM,CDM,False,False,False,aleix-garcia-serrano,18,78,76,72,79,81,83,82,80,80,75
72,53,78,79,74,68,67,85,84,83,86,79,83,84,70,82,74,54,67,84,86,80,81,79,84,80,63,73,72,10,5,8,6,9,72,82,76,74,74,82,8,2020-01-01,2030-06-01,0,52,Argentina,Exequiel,Palacios,Palacios,Exequiel Palacios,11256,28648,28648,231521,2242,84,85,1998-10-05T00:00:00.000Z,26,32,Bayer 04 Leverkusen,19,9,9,bayer-04-leverkusen,25,19,https://cmtracker.fra1.cdn.digitaloceanspaces.com/DB/26/heads/p231521.png,0,9,2,1530,1,Right,3,4,3,1,,178,69,Male,,,Yes,No,58000000,49500000,42500000,125000,110000,93000,Anticipate,,63,75,75,82,79,73,CM,CDM,False,False,False,exequiel-palacios,16,78,77,79,82,78,82,81,79,78,76
72,72,80,67,91,69,85,85,65,85,25,87,75,83,64,81,86,56,88,64,78,44,85,78,29,19,84,78,63,11,15,8,14,9,80,31,73,82,76,67,12,2020-09-08,2030-06-01,0,12,Czech Republic,Patrik,Schick,Schick,Patrik Schick,28978,33045,33045,234236,2095,85,85,1996-01-24T00:00:00.000Z,29,32,Bayer 04 Leverkusen,19,9,9,bayer-04-leverkusen,14,19,https://cmtracker.fra1.cdn.digitaloceanspaces.com/DB/26/heads/p234236.png,6,10,3,28,5,Left,3,3,3,1,,191,87,Male,,,Yes,No,63500000,54000000,46500000,155000,135000,115000,"Precision Header, Acrobatic, Low Driven Shot",,72,81,69,80,41,78,ST,-,False,False,False,patrik-schick,20,56,53,53,57,77,72,79,81,79,83
85,81,85,84,69,78,52,66,54,73,41,78,74,79,74,82,77,45,58,65,74,55,80,70,41,30,73,64,52,9,6,8,6,12,72,42,67,70,81,62,9,2023-08-27,2028-06-01,0,133,Nigeria,Nathan,Tella,Tella,Nathan Tella,26665,35979,35979,237328,1980,78,79,1999-07-05T00:00:00.000Z,25,32,Bayer 04 Leverkusen,19,9,9,bayer-04-leverkusen,23,19,https://cmtracker.fra1.cdn.digitaloceanspaces.com/DB/26/heads/p237328.png,0,9,8,1042,1,Right,3,3,1,1,,173,68,Male,,,Yes,No,20000000,17000000,14500000,75000,63000,54000,"Rapid, Quick Step",,83,72,66,78,45,63,RM,ST | CAM | RW,False,False,False,nathan-tella,14,62,59,51,58,76,70,76,76,77,74
73,76,66,64,84,74,83,81,77,78,85,34,74,74,39,66,56,32,84,82,83,82,86,33,81,79,33,54,77,5,10,13,15,7,59,81,62,72,72,71,10,2020-01-31,2028-06-01,0,101,Burkina Faso,Edmond,Tapsoba,Tapsoba,Edmond Tapsoba,10268,35784,35784,247263,2040,81,83,1999-02-02T00:00:00.000Z,26,32,Bayer 04 Leverkusen,19,9,9,bayer-04-leverkusen,12,19,https://cmtracker.fra1.cdn.digitaloceanspaces.com/DB/26/heads/p247263.png,0,9,10,1028,5,Right,2,4,3,0,49700000.0,192,84,Male,,,Yes,No,33000000,28000000,24000000,93000,79000,68000,"Precision Header, Pinged Pass, Long Ball Pass",,75,53,61,72,82,80,CB,-,False,False,False,edmond-tapsoba,17,74,75,81,80,66,73,68,66,63,66
65,69,68,60,87,55,90,76,79,78,33,82,74,82,48,84,80,58,78,60,75,38,91,77,31,26,79,70,72,14,5,7,12,7,72,32,71,80,68,70,9,2023-07-22,2026-06-30,1,133,Nigeria,Victor,Boniface,Boniface,Victor Boniface,37896,5021,5021,247679,2010,80,84,2000-12-23T00:00:00.000Z,24,32,Bayer 04 Leverkusen,19,9,9,bayer-04-leverkusen,44,19,https://cmtracker.fra1.cdn.digitaloceanspaces.com/DB/26/heads/p247679.png,0,3,10,3003,6,Right,4,3,3,0,,190,91,Male,,,Yes,No,36000000,30500000,26500000,87000,74000,64000,"Power Shot, Enforcer",,67,80,64,75,41,78,ST,-,False,False,False,victor-boniface,16,53,51,54,56,72,69,76,78,74,80
54,66,56,45,81,65,84,75,78,74,78,33,63,75,31,66,45,23,76,63,74,77,59,44,81,77,24,35,33,7,6,14,7,7,50,79,53,67,60,60,9,2025-08-21,2030-06-01,0,18,France,Loïc,Badé,Badé,Loïc Badé,22196,3325,3325,255106,1776,78,83,2000-04-11T00:00:00.000Z,25,32,Bayer 04 Leverkusen,19,9,9,bayer-04-leverkusen,5,19,https://cmtracker.fra1.cdn.digitaloceanspaces.com/DB/26/heads/p255106.png,6,3,7,1023,5,Right,2,3,1,0,,191,89,Male,,,Yes,No,22000000,18500000,16000000,71000,60000,52000,"Jockey, Intercept, Anticipate, Aerial Fortress",,60,40,48,65,78,77,CB,-,False,False,False,loic-bade,14,68,69,78,74,60,66,62,60,58,59
83,84,79,82,89,76,82,78,62,78,66,78,79,83,69,82,75,75,73,75,80,60,77,83,67,59,60,82,60,9,11,11,9,12,72,62,80,82,82,71,11,2025-07-12,2030-06-01,0,95,United States,Malik,Tillman,Tillman,Malik Tillman,23261,36399,36399,256853,2228,81,86,2002-05-28T00:00:00.000Z,23,32,Bayer 04 Leverkusen,19,9,9,bayer-04-leverkusen,10,19,https://cmtracker.fra1.cdn.digitaloceanspaces.com/DB/26/heads/p256853.png,0,9,5,1038,5,Right,4,3,3,1,,187,86,Male,,,Yes,No,46000000,39000000,33500000,87000,73000,63000,"Power Shot, Incisive Pass, Inventive, Technical, First Touch",,84,72,77,80,65,77,CAM,CM | LW,False,False,False,malik-tillman,17,72,71,69,72,78,77,80,79,79,78
67,76,68,65,75,67,75,56,68,62,65,44,62,68,31,66,25,28,64,65,68,65,53,50,68,68,23,25,26,12,11,11,6,14,43,67,51,64,67,55,11,2023-01-14,2026-06-30,1,7,Belgium,Noah,Mbamba,Mbamba,Noah Mbamba,27292,24407,24407,261360,1697,67,81,2005-01-05T00:00:00.000Z,20,32,Bayer 04 Leverkusen,19,9,9,bayer-04-leverkusen,17,4,https://cmtracker.fra1.cdn.digitaloceanspaces.com/DB/26/heads/p261360.png,0,9,10,1038,4,Right,2,3,1,1,,187,75,Male,,,No,No,2700000,2300000,2000000,19500,16500,14000,,,72,37,47,64,66,71,CDM,CM | CB,False,False,False,noah-mbamba,15,62,63,67,66,58,62,60,57,56,53
69,68,73,79,76,78,79,70,77,73,72,54,71,73,50,73,38,48,60,76,77,74,58,54,75,77,48,51,46,6,7,7,13,14,55,76,65,69,72,66,10,2025-09-01,2030-06-01,0,52,Argentina,Ezequiel,Fernández,Fernández,Ezequiel Fernández,11280,11794,11794,262151,1964,76,84,2002-07-25T00:00:00.000Z,22,32,Bayer 04 Leverkusen,19,9,9,bayer-04-leverkusen,6,19,https://cmtracker.fra1.cdn.digitaloceanspaces.com/DB/26/heads/p262151.png,0,9,5,1519,2,Left,2,5,1,1,,178,76,Male,,,No,No,18500000,16000000,13500000,56000,48000,41000,"Long Ball Pass, Anticipate, Press Proven, Bruiser",,69,50,62,74,72,78,CDM,CM,False,False,False,ezequiel-fernandez,16,70,71,73,74,66,71,67,64,64,60
76,77,81,79,70,69,61,74,51,75,23,70,75,79,68,79,73,58,55,69,75,22,74,74,28,31,68,70,70,6,10,6,7,10,68,27,71,70,78,61,8,2025-09-01,2030-06-01,0,129,Morocco,Eliesse,Ben Seghir,Ben Seghir,Eliesse Ben Seghir,10582,4140,4140,272781,1913,75,84,2005-02-16T00:00:00.000Z,20,32,Bayer 04 Leverkusen,19,9,9,bayer-04-leverkusen,17,19,https://cmtracker.fra1.cdn.digitaloceanspaces.com/DB/26/heads/p272781.png,5,4,4,605,1,Right,4,3,1,0,,178,72,Male,,,Yes,No,14500000,12500000,10500000,49500,42000,36000,Technical,,77,72,69,78,32,63,CAM,LM | CM,False,False,False,eliesse-ben-seghir,15,55,51,43,52,74,69,75,74,75,71
66,73,53,56,82,64,79,71,75,76,73,36,58,73,38,70,26,37,74,75,74,75,54,28,74,76,41,53,45,9,6,11,9,9,51,75,62,62,64,61,9,2025-07-02,2030-06-01,0,14,England,Jarell,Quansah,Quansah,Jarell Quansah,17179,30325,30325,273651,1819,75,83,2003-01-28T00:00:00.000Z,22,32,Bayer 04 Leverkusen,19,9,9,bayer-04-leverkusen,4,19,https://cmtracker.fra1.cdn.digitaloceanspaces.com/DB/26/heads/p273651.png,3,9,6,1007,4,Right,2,3,1,0,,190,80,Male,,,No,No,14000000,12000000,10000000,54000,45500,39000,Slide Tackle,,70,38,56,67,74,75,CB,-,False,False,False,jarell-quansah,15,67,69,74,72,61,65,60,58,57,55
80,85,78,75,66,68,49,71,63,62,65,67,67,77,77,75,44,42,60,61,74,66,52,42,67,64,38,70,46,12,5,7,12,10,59,66,65,56,78,62,10,2023-07-01,2028-06-01,0,54,Brazil,Arthur Augusto,de Matos Soares,Arthur,Arthur,2735,40596,2734,275028,1897,73,78,2003-03-01T00:00:00.000Z,22,32,Bayer 04 Leverkusen,19,9,9,bayer-04-leverkusen,13,19,https://cmtracker.fra1.cdn.digitaloceanspaces.com/DB/26/heads/p275028.png,0,3,4,1516,2,Right,4,3,1,1,7600000.0,174,69,Male,,,Yes,No,5500000,4700000,4000000,47500,40000,34500,,,83,48,65,73,64,62,RM,RB | RW,False,False,False,arthur-augusto-de-matos-soares,16,71,70,64,67,71,68,69,67,70,62
60,49,40,37,82,32,78,87,27,66,11,13,66,42,17,27,13,18,29,58,60,15,65,14,19,16,20,19,23,86,85,86,89,90,28,17,33,55,55,35,88,2018-07-19,2027-06-01,0,54,Brazil,Alisson,Ramses Becker,A.Becker,Alisson,1618,30728,127,212831,1539,89,89,1992-10-02T00:00:00.000Z,32,9,Liverpool,13,10,6,liverpool,1,13,https://cmtracker.fra1.cdn.digitaloceanspaces.com/DB/26/heads/p212831.png,3,8,3,1540,312,Right,1,3,5,2,,193,91,Male,,,Yes,No,60000000,51000000,44000000,190000,160000,140000,,"GK Far Throw, GK Deflector",55,25,40,50,18,55,GK,-,True,False,False,alisson-ramses-becker,87,33,32,33,39,41,46,44,41,38,39
79,78,77,73,77,69,69,76,80,71,76,73,73,75,81,75,48,68,66,72,75,73,72,64,77,75,37,78,54,8,12,8,10,13,62,75,74,71,77,72,11,2020-08-10,2026-06-30,1,22,Greece,Kostas,Tsimikas,Tsimikas,Kostas Tsimikas,20063,36923,36923,232223,2112,77,77,1996-05-12T00:00:00.000Z,29,9,Liverpool,13,10,6,liverpool,12,31,https://cmtracker.fra1.cdn.digitaloceanspaces.com/DB/26/heads/p232223.png,5,9,3,529,2,Left,3,3,1,2,,179,77,Male,,,Yes,No,11000000,9500000,8000000,110000,92000,79000,,,79,58,75,75,73,74,LB,LM,True,False,False,kostas-tsimikas,17,75,75,74,74,73,73,72,71,72,67
68,79,74,73,71,83,74,80,74,82,71,79,79,82,67,84,75,51,55,79,83,72,77,73,77,71,69,75,60,6,13,7,7,11,70,74,75,76,75,75,9,2018-02-01,2027-06-01,0,14,England,Curtis,Jones,Jones,Curtis Jones,8045,17850,17850,242434,2181,80,83,2001-01-30T00:00:00.000Z,24,9,Liverpool,13,10,6,liverpool,17,13,https://cmtracker.fra1.cdn.digitaloceanspaces.com/DB/26/heads/p242434.png,20,3,2,1502,390,Right,4,4,1,0,,185,75,Male,,,Yes,No,34000000,28500000,24500000,120000,100000,86000,"Finesse Shot, Press Proven",,74,72,72,79,69,76,CM,CDM | CAM,True,False,False,curtis-jones,16,75,74,72,77,78,79,79,78,78,75
85,87,80,74,85,86,70,85,70,84,23,86,79,86,51,87,86,51,79,57,82,28,83,75,35,19,80,73,68,8,8,7,12,10,76,28,71,80,83,69,9,2025-07-23,2031-06-01,0,18,France,Hugo,Ekitiké,Ekitike,Hugo Ekitiké,15717,10443,46850,257289,2079,85,88,2002-06-20T00:00:00.000Z,23,9,Liverpool,13,10,6,liverpool,22,13,https://cmtracker.fra1.cdn.digitaloceanspaces.com/DB/26/heads/p257289.png,16,3,6,1031,4,Right,4,3,3,1,106800000.0,190,76,Male,,,No,No,88000000,74500000,64000000,195000,165000,145000,"Finesse Shot, Chip Shot, Technical",,86,80,66,83,37,78,ST,CAM,True,False,False,hugo-ekitike,17,58,55,50,57,80,74,82,84,81,83
66,78,54,50,89,75,93,90,85,89,90,47,70,77,53,70,52,70,88,83,80,90,81,64,91,87,45,60,62,13,10,13,11,11,64,90,72,81,68,74,12,2018-01-01,2027-06-01,0,34,Holland,Virgil,van Dijk,Virgil,Virgil van Dijk,38085,40693,38085,203376,2187,89,89,1991-07-08T00:00:00.000Z,33,9,Liverpool,13,10,6,liverpool,4,13,https://cmtracker.fra1.cdn.digitaloceanspaces.com/DB/26/heads/p203376.png,0,9,4,1014,314,Right,2,3,5,1,,195,92,Male,,,Yes,No,58000000,49500000,42500000,290000,250000,210000,"Precision Header, Pinged Pass, Jockey, Intercept, Anticipate, Bruiser",Career One Club Player,72,59,69,72,89,86,CB,-,False,False,False,virgil-van-dijk,20,79,81,88,84,69,76,70,69,67,70
87,86,86,91,79,85,75,90,63,90,55,90,89,88,86,88,90,69,59,81,88,38,83,78,43,41,83,88,88,14,14,9,14,11,82,41,83,80,88,80,13,2017-07-01,2027-06-01,0,111,Egypt,Mohamed,Salah,M.Salah,Mohamed Salah,25486,32410,22736,209331,2319,90,90,1992-06-15T00:00:00.000Z,33,9,Liverpool,13,10,6,liverpool,11,13,https://cmtracker.fra1.cdn.digitaloceanspaces.com/DB/26/heads/p209331.png,0,9,3,1512,25,Left,4,3,5,2,,175,72,Male,,,Yes,No,88000000,74500000,64000000,330000,280000,240000,"Low Driven Shot, Gamechanger, Whipped Pass, Inventive, Technical, First Touch",Career One Club Player,87,85,84,89,47,76,RM,RW,False,False,False,mohamed-salah,21,71,66,58,68,87,83,87,87,87,84
75,74,75,74,76,81,67,80,85,78,79,75,78,79,85,76,55,71,70,75,79,78,76,65,79,80,32,82,55,11,8,10,14,7,65,79,77,73,76,75,10,2017-07-21,2026-06-01,0,42,Scotland,Andrew,Robertson,Robertson,Andrew Robertson,2101,31459,31459,216267,2184,81,81,1994-03-11T00:00:00.000Z,31,9,Liverpool,13,10,6,liverpool,26,13,https://cmtracker.fra1.cdn.digitaloceanspaces.com/DB/26/heads/p216267.png,3,4,1,4001,310,Left,3,2,3,2,,178,64,Male,,,Yes,No,22000000,18500000,16000000,145000,125000,105000,Whipped Pass,,75,60,78,77,77,77,LB,LM,False,False,False,andrew-robertson,17,79,78,77,78,76,77,75,74,75,70
45,50,47,39,56,34,46,70,34,54,26,12,45,23,14,17,16,13,20,38,40,10,47,14,21,20,16,15,20,72,69,62,71,68,22,17,22,40,51,32,69,2025-07-01,2027-06-01,0,14,England,Freddie,Woodman,Woodman,Freddie Woodman,12297,38970,38970,222514,1244,71,71,1997-03-04T00:00:00.000Z,28,9,Liverpool,13,10,6,liverpool,28,13,https://cmtracker.fra1.cdn.digitaloceanspaces.com/DB/26/heads/p222514.png,3,2,2,17,4,Right,1,2,1,1,,188,83,Male,,,Yes,No,1600000,1300000,1100000,43500,37000,31500,Long Ball Pass,"GK Footwork, GK Rush Out",48,21,28,42,19,43,GK,-,False,False,False,freddie-woodman,69,29,29,28,32,31,33,32,30,29,29
72,76,61,64,85,57,78,78,77,75,79,56,65,75,73,71,20,29,76,75,77,79,51,22,81,78,34,55,26,8,13,14,7,7,56,80,61,59,71,63,10,2015-06-20,2027-06-01,0,14,England,Joe,Gomez,Gomez,Joe Gomez,17746,13511,13511,225100,1894,79,79,1997-05-23T00:00:00.000Z,28,9,Liverpool,13,10,6,liverpool,2,13,https://cmtracker.fra1.cdn.digitaloceanspaces.com/DB/26/heads/p225100.png,0,3,7,1000,309,Right,3,3,2,0,,188,77,Male,,,Yes,No,18000000,15000000,13000000,130000,110000,94000,Long Throw,,74,35,62,71,79,74,CB,RB | LB | RM,False,False,False,joe-gomez,16,74,75,78,76,68,69,64,62,64,58
66,52,72,81,85,77,67,77,82,79,78,68,75,78,58,76,67,49,79,78,79,80,76,73,79,73,36,45,62,9,13,7,5,11,64,78,66,76,70,74,9,2023-08-18,2027-06-01,0,163,Japan,Wataru,Endo,Endo,Wataru Endo,38564,10805,10805,232487,2092,79,79,1993-02-09T00:00:00.000Z,32,9,Liverpool,13,10,6,liverpool,3,13,https://cmtracker.fra1.cdn.digitaloceanspaces.com/DB/26/heads/p232487.png,0,9,2,559,2,Right,3,4,2,1,,178,77,Male,,,Yes,No,14000000,11500000,10000000,130000,110000,94000,"Press Proven, Relentless",Career Injury Prone,59,64,64,77,78,78,CDM,CM,False,False,False,wataru-endo,16,73,73,76,77,71,76,74,72,70,71
86,80,73,69,91,82,79,87,58,88,38,89,80,86,68,87,90,64,82,60,79,35,91,83,34,29,81,75,86,7,6,9,11,7,80,33,75,86,79,74,8,2025-09-01,2031-06-01,0,46,Sweden,Alexander,Isak,Isak,Alexander Isak,1497,16492,16492,233731,2170,87,88,1999-09-21T00:00:00.000Z,25,9,Liverpool,13,10,6,liverpool,9,13,https://cmtracker.fra1.cdn.digitaloceanspaces.com/DB/26/heads/p233731.png,0,9,9,1542,4,Right,4,4,4,1,,192,77,Male,,,Yes,No,114000000,96500000,83000000,250000,210000,185000,"Power Shot, Low Driven Shot, Gamechanger, Rapid, First Touch",,83,87,71,82,44,78,ST,-,False,False,False,alexander-isak,16,62,59,54,59,81,75,83,85,83,86
88,87,89,84,74,63,67,79,74,80,46,80,77,81,75,84,80,62,53,74,77,42,84,79,44,39,78,78,62,6,7,8,7,9,73,42,76,74,86,70,8,2024-08-29,2028-06-01,0,27,Italy,Federico,Chiesa,Chiesa,Federico Chiesa,11668,7117,7117,235805,2117,80,80,1997-10-25T00:00:00.000Z,27,9,Liverpool,13,10,6,liverpool,14,13,https://cmtracker.fra1.cdn.digitaloceanspaces.com/DB/26/heads/p235805.png,6,3,3,2504,404,Right,4,4,3,1,,175,70,Male,,,Yes,No,26500000,22500000,19500000,135000,115000,99000,"Finesse Shot, Rapid, Quick Step",,88,77,74,83,45,70,RM,ST | RW,False,False,False,federico-chiesa,15,64,60,55,62,79,74,80,80,81,77
77,81,78,68,76,90,69,86,75,84,74,83,85,86,84,85,79,86,65,84,86,72,89,85,76,72,81,87,83,10,10,13,6,10,79,74,86,82,78,81,10,2023-07-02,2028-06-01,0,23,Hungary,Dominik,Szoboszlai,Szoboszlai,Dominik Szoboszlai,9605,35403,35403,236772,2375,85,87,2000-10-25T00:00:00.000Z,24,9,Liverpool,13,10,6,liverpool,8,13,https://cmtracker.fra1.cdn.digitaloceanspaces.com/DB/26/heads/p236772.png,0,3,2,1547,5,Right,4,4,3,1,,186,74,Male,,,Yes,No,82500000,70000000,60000000,185000,155000,135000,"Power Shot, Dead Ball, Whipped Pass, Technical, Relentless",,79,83,85,81,72,78,CAM,CM,False,False,False,dominik-szoboszlai,17,80,78,74,79,84,84,84,83,83,80
69,83,55,44,83,75,91,84,84,80,83,44,64,75,38,68,29,27,83,76,78,86,45,31,86,85,28,50,41,9,7,9,15,9,52,86,60,65,67,66,10,2021-07-01,2026-06-01,0,18,France,Ibrahima,Konaté,Konaté,Ibrahima Konaté,16046,19960,19960,237678,1914,85,87,1999-05-25T00:00:00.000Z,26,9,Liverpool,13,10,6,liverpool,5,13,https://cmtracker.fra1.cdn.digitaloceanspaces.com/DB/26/heads/p237678.png,0,9,10,1000,5,Right,3,3,4,1,,194,95,Male,,,Yes,No,69500000,59000000,50500000,195000,165000,145000,"Aerial Fortress, Bruiser",,76,36,56,68,85,83,CB,-,False,False,False,ibrahima-konate,18,75,77,84,80,65,70,64,62,61,59
68,64,82,86,72,87,69,88,83,86,79,78,85,86,79,81,79,82,65,86,87,77,88,85,82,74,77,83,86,7,10,14,10,15,78,78,84,81,78,83,12,2023-06-14,2028-06-01,0,52,Argentina,Alexis,Mac Allister,Mac Allister,Alexis Mac Allister,1520,22787,22787,239837,2380,86,87,1998-12-24T00:00:00.000Z,26,9,Liverpool,13,10,6,liverpool,10,13,https://cmtracker.fra1.cdn.digitaloceanspaces.com/DB/26/heads/p239837.png,19,3,3,2004,2,Right,3,3,4,1,,176,72,Male,,,Yes,No,94000000,79500000,68500000,220000,190000,165000,"Power Shot, Dead Ball, Gamechanger, Block, Press Proven",Career One Club Player,66,82,84,85,75,78,CM,CDM,False,False,False,alexis-mac-allister,19,80,78,77,82,81,84,82,81,80,78
85,82,75,67,90,76,75,82,63,83,45,82,81,85,83,86,81,76,81,75,81,42,88,83,48,31,78,82,68,15,11,7,5,9,81,41,81,83,79,71,10,2023-01-03,2030-06-01,0,34,Holland,Cody,Gakpo,Gakpo,Cody Gakpo,7546,12672,12672,242516,2201,83,84,1999-05-07T00:00:00.000Z,26,9,Liverpool,13,10,6,liverpool,18,13,https://cmtracker.fra1.cdn.digitaloceanspaces.com/DB/26/heads/p242516.png,0,9,7,1016,4,Right,4,4,3,1,,193,76,Male,,,Yes,No,50500000,43000000,37000000,170000,145000,125000,"Finesse Shot, Precision Header, Whipped Pass, First Touch, Press Proven",,84,80,80,80,49,76,LM,LW,False,False,False,cody-gakpo,17,66,63,58,64,82,77,82,83,82,82
76,76,76,70,81,85,80,86,76,88,88,75,82,87,74,88,78,70,67,84,86,80,79,77,82,78,71,76,58,12,8,6,12,11,76,80,81,81,77,78,10,2023-09-01,2028-06-01,0,34,Holland,Ryan,Gravenberch,Gravenberch,Ryan Gravenberch,32060,13732,13732,246104,2323,86,89,2002-05-16T00:00:00.000Z,23,9,Liverpool,13,10,6,liverpool,38,13,https://cmtracker.fra1.cdn.digitaloceanspaces.com/DB/26/heads/p246104.png,0,9,8,1021,4,Right,4,4,3,2,128000000.0,190,77,Male,,,Yes,No,99000000,84000000,72500000,185000,155000,135000,"Intercept, Press Proven",,76,73,79,83,79,81,CDM,CM,False,False,False,ryan-gravenberch,18,82,81,80,83,82,84,82,81,81,79
76,69,90,90,48,72,34,75,61,78,54,80,80,79,77,81,64,62,40,72,79,52,78,80,58,48,62,71,59,10,10,6,7,14,65,53,73,63,80,69,10,2019-07-28,2026-06-30,1,14,England,Harvey,Elliott,Elliott,Harvey Elliott,14791,10636,10636,246174,2016,78,83,2003-04-04T00:00:00.000Z,22,9,Liverpool,13,10,6,liverpool,9,13,https://cmtracker.fra1.cdn.digitaloceanspaces.com/DB/26/heads/p246174.png,2,1,2,4001,8,Left,3,3,1,0,,168,64,Male,,,Yes,No,25500000,21500000,18500000,105000,87000,75000,Finesse Shot,,73,71,74,82,50,54,CAM,CM | RW,False,False,False,harvey-elliott,17,67,63,54,64,76,75,77,76,77,69
62,66,50,47,63,51,73,58,65,59,60,27,48,50,32,53,36,31,61,56,59,61,43,27,60,59,37,31,41,5,14,5,14,12,45,60,45,52,57,50,10,2019-02-26,2026-06-01,0,14,England,Rhys,Williams,Williams,Rhys Williams,31213,38820,38820,247601,1516,61,67,2001-02-03T00:00:00.000Z,24,9,Liverpool,13,10,6,liverpool,46,13,https://cmtracker.fra1.cdn.digitaloceanspaces.com/DB/26/heads/p247601.png,3,3,4,1023,4,Right,2,2,1,0,,195,76,Male,,,Yes,No,550000,475000,400000,16000,13500,11500,Long Throw,,64,35,43,53,60,63,CB,-,False,False,False,rhys-williams,16,54,56,61,58,49,51,49,47,47,47
95,93,89,88,68,85,47,84,75,76,77,82,73,83,82,85,66,47,54,63,78,74,62,53,71,79,58,77,43,12,7,8,14,13,68,75,71,63,90,71,11,2025-06-01,2030-06-01,0,34,Holland,Jeremie,Frimpong,Frimpong,Jeremie Frimpong,17445,12379,12379,253149,2161,83,85,2000-12-10T00:00:00.000Z,24,9,Liverpool,13,10,6,liverpool,30,13,https://cmtracker.fra1.cdn.digitaloceanspaces.com/DB/26/heads/p253149.png,0,9,10,1002,2,Right,3,3,3,3,,172,65,Male,,,Yes,No,51000000,43500000,37500000,140000,120000,105000,"Slide Tackle, Rapid, Quick Step",,94,61,70,84,71,69,RB,RM | RW,False,False,False,jeremie-frimpong,19,81,79,71,74,81,76,78,78,80,72
39,38,50,41,58,40,58,65,23,58,12,14,60,29,12,15,11,19,11,49,45,17,53,13,12,13,14,20,17,73,72,71,73,71,19,14,27,45,47,31,72,2017-07-01,2026-06-30,1,12,Czech Republic,Vítězslav,Jaroš,Jaroš,Vítězslav Jaroš,38338,17189,17189,253428,1266,72,79,2001-07-23T00:00:00.000Z,23,9,Liverpool,13,10,6,liverpool,1,10,https://cmtracker.fra1.cdn.digitaloceanspaces.com/DB/26/heads/p253428.png,5,5,2,2022,5,Right,1,3,1,1,,190,87,Male,,,No,No,4700000,4000000,3400000,35500,30000,26000,,,39,20,34,43,13,45,GK,-,False,False,False,vitezslav-jaros,71,26,25,24,32,32,37,35,31,29,28
82,79,88,87,65,87,59,87,63,86,55,84,90,89,87,89,82,74,43,86,89,64,78,83,49,44,81,83,66,14,14,13,10,6,77,53,85,75,85,74,12,2025-06-20,2030-06-01,0,21,Germany,Florian,Wirtz,Wirtz,Florian Wirtz,12060,38889,38889,256630,2256,88,92,2003-05-03T00:00:00.000Z,22,9,Liverpool,13,10,6,liverpool,7,13,https://cmtracker.fra1.cdn.digitaloceanspaces.com/DB/26/heads/p256630.png,6,5,1,1532,2,Right,4,4,4,1,,177,71,Male,,,Yes,No,157500000,133500000,114500000,240000,200000,170000,"Finesse Shot, Chip Shot, Low Driven Shot, Incisive Pass, Inventive, Technical, First Touch",,81,79,85,88,51,69,CAM,LM | CM,False,False,False,florian-wirtz,19,73,68,59,71,86,84,87,84,86,78
88,87,83,84,74,90,75,78,83,75,78,76,76,76,80,77,53,52,60,68,77,76,80,53,78,80,53,77,50,8,13,10,13,13,65,78,70,75,84,73,12,2025-06-26,2030-06-01,0,23,Hungary,Milos,Kerkez,Kerkez,Milos Kerkez,25194,19312,19312,260908,2194,81,85,2003-11-07T00:00:00.000Z,21,9,Liverpool,13,10,6,liverpool,6,13,https://cmtracker.fra1.cdn.digitaloceanspaces.com/DB/26/heads/p260908.png,6,4,4,1540,2,Left,3,3,3,2,79900000.0,180,71,Male,,,Yes,No,41500000,35000000,30000000,100000,86000,74000,"Whipped Pass, Slide Tackle, Rapid",Career One Club Player,88,61,72,79,74,81,LB,LM,False,False,False,milos-kerkez,18,80,79,76,77,77,75,74,73,75,70
48,48,40,26,71,45,74,74,25,26,8,8,34,22,13,11,9,10,14,20,20,5,54,7,12,10,7,11,11,82,81,72,83,82,13,9,15,51,48,19,80,2024-08-27,2030-06-01,0,20,Georgia,Giorgi,Mamardashvili,Mamardashvili,Giorgi Mamardashvili,13314,23316,23316,262621,1163,83,86,2000-09-29T00:00:00.000Z,24,9,Liverpool,13,10,6,liverpool,25,13,https://cmtracker.fra1.cdn.digitaloceanspaces.com/DB/26/heads/p262621.png,0,4,4,2508,5,Left,1,3,3,2,,199,88,Male,,,Yes,No,45500000,38500000,33500000,82000,70000,60000,,"GK Far Throw, GK Footwork, GK Cross Claimer",48,16,18,33,10,54,GK,-,False,False,False,giorgi-mamardashvili,80,24,24,23,23,26,24,24,26,24,27
82,82,72,67,77,84,65,77,84,68,76,74,69,77,77,75,62,34,65,65,75,76,68,56,78,76,55,60,40,15,9,10,10,5,67,77,63,70,76,69,10,2020-06-01,2029-06-01,0,35,Northern Ireland,Conor,Bradley,Bradley,Conor Bradley,7667,5327,5327,264298,2065,79,84,2003-07-09T00:00:00.000Z,21,9,Liverpool,13,10,6,liverpool,12,13,https://cmtracker.fra1.cdn.digitaloceanspaces.com/DB/26/heads/p264298.png,6,5,2,3,1,Right,3,3,1,2,,181,75,Male,,,Yes,No,29500000,25000000,21500000,89000,76000,65000,Relentless,,82,59,63,73,74,78,RB,RM,False,False,False,conor-bradley,17,77,77,74,75,75,73,72,72,73,70
67,79,69,62,68,68,72,69,72,73,74,52,70,74,55,74,50,49,54,71,74,72,57,53,73,73,50,59,48,6,12,11,8,13,57,73,66,64,70,65,10,2021-02-01,2027-06-01,0,45,Spain,Stefan,Bajcetic Maquieira,Bajcetic,Stefan Bajcetic,34846,3414,47190,271975,1931,73,83,2004-10-22T00:00:00.000Z,20,9,Liverpool,13,10,6,liverpool,43,13,https://cmtracker.fra1.cdn.digitaloceanspaces.com/DB/26/heads/p271975.png,0,9,4,4016,4,Right,3,3,1,1,,185,77,Male,,,No,No,7500000,6500000,5500000,56000,48000,41000,,,73,52,63,70,69,70,CDM,CM | CB,False,False,False,stefan-bajcetic-maquieira,16,70,70,70,72,67,69,67,65,66,61
72,77,65,62,68,62,69,59,65,55,55,52,50,57,56,55,46,38,52,51,58,54,60,44,56,55,37,44,42,15,10,13,14,6,50,55,49,61,67,54,12,2023-07-01,2026-06-30,1,148,Zimbabwe,Isaac,Mabaya,Mabaya,Isaac Mabaya,16476,22779,22779,278104,1674,61,75,2004-09-22T00:00:00.000Z,20,9,Liverpool,13,10,6,liverpool,2,60,https://cmtracker.fra1.cdn.digitaloceanspaces.com/DB/26/heads/p278104.png,21,9,8,1036,2,Right,2,2,1,2,,183,77,Male,,,No,No,900000,750000,650000,13500,11500,9800,,,75,47,50,59,54,66,RB,CDM | CM,False,False,False,isaac-mabaya,16,58,58,58,56,57,54,55,55,56,55
68,67,60,73,83,67,77,78,85,76,79,71,77,78,82,75,46,67,76,77,79,79,80,56,79,78,65,81,38,10,12,13,7,7,70,79,76,73,70,71,10,2014-06-27,2027-06-01,0,14,England,Luke,Shaw,Shaw,Luke Shaw,22379,33709,33709,205988,2146,79,79,1995-07-12T00:00:00.000Z,29,11,Manchester United,13,7,6,manchester-united,23,13,https://cmtracker.fra1.cdn.digitaloceanspaces.com/DB/26/heads/p205988.png,5,8,2,69,3,Left,3,2,3,0,,181,75,Male,,,Yes,No,17500000,14500000,12500000,115000,96000,83000,Jockey,,68,59,77,73,78,78,CB,LB | LM,True,False,False,luke-shaw,16,76,76,78,78,73,75,72,71,71,69
87,88,77,69,85,70,71,78,52,78,27,82,80,80,79,83,81,79,71,72,78,30,93,80,29,24,73,80,84,11,6,15,14,7,77,28,79,80,80,68,11,2015-11-21,2026-06-30,1,14,England,Marcus,Rashford,Rashford,Marcus Rashford,23622,30823,30823,231677,2113,81,81,1997-10-31T00:00:00.000Z,27,11,Manchester United,13,7,6,manchester-united,14,53,https://cmtracker.fra1.cdn.digitaloceanspaces.com/DB/26/heads/p231677.png,0,9,8,1016,327,Right,5,3,3,1,,188,80,Male,,,Yes,No,32500000,27500000,23500000,130000,110000,93000,"Power Shot, Dead Ball, Rapid, Quick Step",,88,82,78,78,36,70,LM,ST | LW,True,False,False,marcus-rashford,17,59,55,48,55,80,73,80,81,81,80
68,66,74,72,63,60,56,79,73,79,63,77,80,80,80,80,75,82,55,79,80,58,79,77,69,56,75,82,69,11,12,13,12,8,73,61,81,67,72,74,12,2023-07-05,2028-06-01,0,14,England,Mason,Mount,Mount,Mason Mount,24072,25879,25879,233064,2142,78,79,1999-01-10T00:00:00.000Z,26,11,Manchester United,13,7,6,manchester-united,7,13,https://cmtracker.fra1.cdn.digitaloceanspaces.com/DB/26/heads/p233064.png,3,4,2,2021,1,Right,3,4,3,0,24700000.0,181,74,Male,,,Yes,No,19500000,16500000,14000000,105000,88000,76000,,,67,75,81,77,60,63,CAM,LM | CM,True,False,False,mason-mount,18,69,67,64,70,76,76,78,77,77,73
79,77,77,74,79,82,73,82,72,83,42,80,81,87,79,85,85,70,68,75,81,43,87,88,41,39,78,83,76,8,7,13,11,13,79,41,80,82,78,73,11,2025-07-01,2030-06-01,0,54,Brazil,Matheus Santos,Carneiro da Cunha,Cunha,Matheus Cunha,24156,6446,8026,240243,2198,83,85,1999-05-27T00:00:00.000Z,26,11,Manchester United,13,7,6,manchester-united,10,13,https://cmtracker.fra1.cdn.digitaloceanspaces.com/DB/26/heads/p240243.png,3,3,5,1039,1,Right,4,4,3,1,,183,76,Male,,,Yes,No,53000000,45000000,38500000,155000,130000,115000,"Power Shot, Dead Ball, Inventive, First Touch, Trickster",,78,82,78,81,47,77,CAM,LM | ST,True,False,False,matheus-santos-carneiro-da-cunha,17,66,62,57,64,81,77,82,82,82,81
88,82,92,89,65,75,45,78,42,78,59,78,78,82,76,84,77,60,53,71,77,51,78,69,57,49,65,77,63,13,15,8,6,11,70,53,75,67,86,67,11,2021-01-07,2030-06-01,0,108,Côte d'Ivoire,Amad,Diallo,Amad,Amad,1811,9189,1811,254088,2091,79,85,2002-07-11T00:00:00.000Z,22,11,Manchester United,13,7,6,manchester-united,16,13,https://cmtracker.fra1.cdn.digitaloceanspaces.com/DB/26/heads/p254088.png,0,9,8,1031,1,Left,4,4,1,0,,173,67,Male,,,Yes,No,33500000,28000000,24500000,100000,85000,73000,Technical,,85,72,73,84,54,57,CAM,RM | RB | CM,True,False,False,amad-diallo,18,69,66,56,65,79,75,79,79,80,74
84,87,73,78,82,75,74,70,64,73,73,70,69,75,74,77,68,52,67,65,73,72,79,67,71,73,66,66,49,11,8,6,7,11,70,72,67,76,79,67,9,2025-02-02,2030-06-01,0,13,Denmark,Patrick,Dorgu,Dorgu,Patrick Dorgu,28973,9694,9694,277432,2109,76,84,2004-10-26T00:00:00.000Z,20,11,Manchester United,13,7,6,manchester-united,13,13,https://cmtracker.fra1.cdn.digitaloceanspaces.com/DB/26/heads/p277432.png,0,9,9,1021,5,Left,2,2,1,2,,185,70,Male,,,No,No,18500000,15500000,13500000,62000,53000,45500,,,86,67,67,74,71,74,LB,LM | RM,True,False,False,patrick-dorgu,15,74,74,71,71,74,71,72,73,74,72
44,40,50,50,62,20,63,60,31,59,24,12,48,35,17,17,12,13,16,45,38,16,49,12,15,13,12,22,24,68,66,65,67,68,19,15,27,42,49,33,67,2021-07-02,2026-06-01,0,14,England,Tom,Heaton,Heaton,Tom Heaton,36551,14944,14944,163264,1253,67,67,1986-04-15T00:00:00.000Z,39,11,Manchester United,13,7,6,manchester-united,22,13,https://cmtracker.fra1.cdn.digitaloceanspaces.com/DB/26/heads/p163264.png,6,5,3,3516,5,Right,1,3,1,1,,188,85,Male,,,Yes,No,130000,110000,100000,11000,9400,8100,,"GK Far Throw, Career Injury Prone",42,20,31,45,17,44,GK,-,False,False,False,tom-heaton,66,26,26,28,31,30,34,33,30,29,29
35,36,48,51,75,60,81,80,90,77,77,71,78,77,68,68,69,70,80,81,81,79,82,78,83,84,77,75,66,13,14,16,12,12,75,82,75,76,50,77,14,2022-08-19,2026-06-01,0,54,Brazil,Carlos Henrique,Venancio Casimiro,Casemiro,Casemiro,6395,37750,6540,200145,2144,81,81,1992-02-23T00:00:00.000Z,33,11,Manchester United,13,7,6,manchester-united,18,13,https://cmtracker.fra1.cdn.digitaloceanspaces.com/DB/26/heads/p200145.png,0,3,6,1036,358,Right,2,3,3,2,,185,84,Male,,,Yes,No,15000000,13000000,11000000,130000,110000,93000,"Long Ball Pass, Block, Slide Tackle, Aerial Fortress, Bruiser",Career Injury Prone,36,74,76,67,81,77,CDM,CM,False,False,False,carlos-henrique-venancio-casimiro,20,71,72,80,79,68,76,72,70,67,71
37,34,33,33,81,66,89,78,84,79,82,61,69,71,51,68,48,46,86,82,79,80,82,50,80,75,49,67,68,14,16,9,9,14,63,79,67,74,43,74,13,2019-08-05,2026-06-01,0,14,England,Harry,Maguire,Maguire,Harry Maguire,14769,22998,22998,203263,1970,80,80,1993-03-05T00:00:00.000Z,32,11,Manchester United,13,7,6,manchester-united,5,13,https://cmtracker.fra1.cdn.digitaloceanspaces.com/DB/26/heads/p203263.png,3,4,3,3500,6,Right,2,3,3,0,,194,100,Male,,,Yes,No,16000000,13500000,12000000,120000,100000,87000,Aerial Fortress,,36,60,66,60,81,80,CB,-,False,False,False,harry-maguire,20,68,69,80,78,63,72,65,64,60,65
68,66,78,73,69,95,61,90,84,85,64,85,92,87,85,80,80,85,63,90,90,65,86,85,71,66,87,85,91,12,14,15,14,8,81,68,86,80,75,84,13,2020-01-30,2027-06-01,0,38,Portugal,Bruno Miguel,Borges Fernandes,B.Fernandes,Bruno Fernandes,5603,5084,3236,212198,2369,87,87,1994-09-08T00:00:00.000Z,30,11,Manchester United,13,7,6,manchester-united,8,13,https://cmtracker.fra1.cdn.digitaloceanspaces.com/DB/26/heads/p212198.png,0,4,4,1508,400,Right,4,4,4,1,,179,69,Male,,,Yes,No,90000000,76000000,65500000,220000,190000,165000,"Dead Ball, Gamechanger, Incisive Pass, Long Ball Pass, Tiki Taka, Inventive",,67,86,88,82,66,77,CM,CAM,False,False,False,bruno-miguel-borges-fernandes,20,77,75,70,79,84,86,85,83,82,79
62,60,66,53,79,40,78,76,38,65,15,11,68,40,15,26,12,17,20,58,57,12,64,17,18,14,13,30,27,81,75,85,83,77,24,15,35,56,64,38,81,2023-07-20,2026-06-30,1,103,Cameroon,André,Onana,Onana,André Onana,2132,28127,28127,226753,1552,80,80,1996-04-02T00:00:00.000Z,29,11,Manchester United,13,7,6,manchester-united,24,68,https://cmtracker.fra1.cdn.digitaloceanspaces.com/DB/26/heads/p226753.png,0,9,9,1008,6,Right,1,3,3,1,,190,93,Male,,,Yes,No,17000000,14500000,12500000,78000,66000,57000,,GK Rush Out,61,24,41,54,16,59,GK,-,False,False,False,andre-onana,78,33,32,32,39,41,45,44,40,38,36
81,77,90,90,62,57,58,78,40,83,33,78,80,85,73,86,74,67,40,70,80,38,75,70,35,25,70,81,73,7,11,10,13,11,68,33,78,65,84,65,11,2021-07-23,2026-06-30,1,14,England,Jadon,Sancho,Sancho,Jadon Sancho,16907,32623,32623,233049,2001,79,81,2000-03-25T00:00:00.000Z,25,11,Manchester United,13,7,6,manchester-united,19,13,https://cmtracker.fra1.cdn.digitaloceanspaces.com/DB/26/heads/p233049.png,0,3,5,4003,388,Right,5,3,3,1,,180,76,Male,,,Yes,No,26000000,22000000,19000000,110000,92000,79000,"Finesse Shot, Trickster",,79,73,75,85,34,54,LM,RM | LW,False,False,False,jadon-sancho,17,58,54,45,56,78,73,80,78,79,73
81,83,74,74,85,80,74,75,82,73,76,72,72,76,74,75,54,52,71,72,75,73,81,69,75,76,44,75,47,10,6,10,8,6,64,75,70,78,78,71,8,2018-06-09,2028-06-01,0,38,Portugal,José Diogo,Dalot Teixeira,Dalot,Diogo Dalot,18004,8400,8399,234574,2130,78,80,1999-03-18T00:00:00.000Z,26,11,Manchester United,13,7,6,manchester-united,2,13,https://cmtracker.fra1.cdn.digitaloceanspaces.com/DB/26/heads/p234574.png,3,1,4,1503,2,Right,4,4,3,2,,183,76,Male,,,Yes,No,19000000,16000000,13500000,98000,83000,72000,"Long Ball Pass, Intercept, Slide Tackle, Long Throw",,82,61,70,75,74,80,RB,LB | RM | CM,False,False,False,jose-diogo-dalot-teixeira,15,76,76,75,75,74,73,73,72,73,70
54,68,52,62,86,64,91,81,85,80,83,44,45,72,52,65,50,55,85,73,77,82,84,75,81,80,45,48,40,12,11,11,10,12,62,81,63,80,64,63,12,2024-08-13,2029-06-01,0,34,Holland,Matthijs,de Ligt,de Ligt,Matthijs de Ligt,24229,40591,40591,235243,2015,82,84,1999-08-12T00:00:00.000Z,25,11,Manchester United,13,7,6,manchester-united,4,13,https://cmtracker.fra1.cdn.digitaloceanspaces.com/DB/26/heads/p235243.png,5,1,2,3500,398,Right,2,3,3,0,,189,89,Male,,,Yes,No,40000000,34000000,29000000,125000,105000,92000,"Power Shot, Block, Bruiser",,61,56,58,69,82,82,CB,-,False,False,False,matthijs-de-ligt,18,72,74,82,77,62,68,63,63,61,66
78,73,76,74,81,76,69,79,71,79,80,76,77,81,79,80,69,42,73,74,80,76,68,61,77,80,56,69,44,12,7,13,12,12,72,78,70,71,76,72,12,2024-08-13,2028-06-01,0,129,Morocco,Noussair,Mazraoui,Mazraoui,Noussair Mazraoui,27420,24376,24376,236401,2154,80,80,1997-11-14T00:00:00.000Z,27,11,Manchester United,13,7,6,manchester-united,3,13,https://cmtracker.fra1.cdn.digitaloceanspaces.com/DB/26/heads/p236401.png,0,3,5,602,1,Right,3,3,3,2,,183,65,Male,,,Yes,No,24000000,20500000,17500000,115000,97000,83000,"Jockey, Block, Anticipate, Technical",,76,62,70,78,77,74,RB,CB | RM,False,False,False,noussair-mazraoui,18,78,78,76,77,77,77,76,76,76,73
79,75,78,85,74,69,69,68,79,74,75,53,60,73,69,76,49,49,57,64,73,69,64,58,77,78,56,61,45,9,9,12,8,8,61,75,65,67,77,65,10,2022-07-05,2026-06-01,0,34,Holland,Tyrell,Malacia,Malacia,Tyrell Malacia,37071,23204,23204,238041,2002,75,76,1999-08-17T00:00:00.000Z,25,11,Manchester United,13,7,6,manchester-united,12,13,https://cmtracker.fra1.cdn.digitaloceanspaces.com/DB/26/heads/p238041.png,0,9,8,1030,8,Left,3,3,1,2,,169,67,Male,,,No,No,7000000,6000000,5500000,78000,66000,57000,Slide Tackle,,77,54,63,76,71,73,LB,LM,False,False,False,tyrell-malacia,15,73,72,72,71,68,67,67,65,67,62
70,65,69,75,88,73,77,80,92,79,84,62,76,77,72,74,52,55,75,76,79,81,73,64,81,84,56,74,55,6,14,13,8,14,67,82,72,75,72,75,11,2022-07-27,2027-06-01,0,52,Argentina,Lisandro,Martínez,Martinez,Lisandro Martínez,21816,23950,23893,239301,2173,81,82,1998-01-18T00:00:00.000Z,27,11,Manchester United,13,7,6,manchester-united,6,13,https://cmtracker.fra1.cdn.digitaloceanspaces.com/DB/26/heads/p239301.png,0,9,2,1519,2,Left,3,3,3,0,,178,77,Male,,,Yes,No,30500000,26000000,22500000,125000,105000,89000,"Intercept, Slide Tackle, Bruiser",,68,60,72,76,81,83,CB,-,False,False,False,lisandro-martinez,18,77,77,81,80,72,75,72,70,70,68
90,90,90,85,81,85,73,81,74,83,52,84,80,86,84,84,87,72,63,69,80,53,83,77,41,37,85,84,85,7,14,15,14,13,80,44,79,80,88,77,13,2025-07-21,2030-06-01,0,103,Cameroon,Bryan,Mbeumo,Mbeumo,Bryan Mbeumo,5624,24423,24423,243014,2281,85,86,1999-08-07T00:00:00.000Z,25,11,Manchester United,13,7,6,manchester-united,19,13,https://cmtracker.fra1.cdn.digitaloceanspaces.com/DB/26/heads/p243014.png,3,3,7,1015,3,Left,4,2,3,1,,171,75,Male,,,Yes,No,76000000,64500000,55500000,185000,160000,135000,"Inventive, Rapid, First Touch, Quick Step",Career One Club Player,90,84,78,85,49,78,RW,RM | ST,False,False,False,bryan-mbeumo,19,69,65,59,66,83,76,82,83,84,81
30,31,51,24,61,31,68,69,29,60,14,14,55,16,11,10,10,14,14,45,40,14,53,11,13,10,15,10,16,77,72,70,77,75,18,13,19,45,41,32,75,2023-09-01,2027-06-01,0,48,Turkey,Altay,Bayındır,Bayındır,Altay Bayındır,1747,3922,3922,243647,1210,75,77,1998-04-14T00:00:00.000Z,27,11,Manchester United,13,7,6,manchester-united,1,13,https://cmtracker.fra1.cdn.digitaloceanspaces.com/DB/26/heads/p243647.png,0,3,2,1508,4,Right,1,2,1,1,,198,88,Male,,,Yes,No,6000000,5000000,4400000,52000,44000,38000,,,31,20,29,38,13,47,GK,-,False,False,False,altay-bayindir,74,23,22,25,30,27,32,30,27,24,26
73,67,76,61,86,69,84,74,60,79,40,78,79,85,61,85,77,66,73,72,78,40,76,75,36,35,75,68,77,6,11,12,14,8,73,37,76,78,71,69,11,2024-07-14,2029-06-01,0,34,Holland,Joshua,Zirkzee,Zirkzee,Joshua Zirkzee,17974,40336,40336,250961,2056,77,83,2001-05-22T00:00:00.000Z,24,11,Manchester United,13,7,6,manchester-united,11,13,https://cmtracker.fra1.cdn.digitaloceanspaces.com/DB/26/heads/p250961.png,3,3,6,1007,5,Right,4,3,1,0,,193,89,Male,,,Yes,No,20000000,17000000,14500000,92000,78000,67000,"Technical, First Touch",,70,76,71,77,45,75,ST,CAM,False,False,False,joshua-zirkzee,16,59,56,55,60,76,73,78,78,77,77
62,62,68,72,71,70,74,76,87,74,81,70,72,74,62,74,65,58,60,76,76,74,67,65,79,80,45,70,62,6,10,16,13,8,62,78,71,70,68,75,11,2024-08-30,2029-06-01,0,60,Uruguay,Manuel,Ugarte,Ugarte,Manuel Ugarte,23481,37169,37169,253306,2079,78,82,2001-04-11T00:00:00.000Z,24,11,Manchester United,13,7,6,manchester-united,25,13,https://cmtracker.fra1.cdn.digitaloceanspaces.com/DB/26/heads/p253306.png,6,7,1,1512,2,Right,3,3,3,1,,182,77,Male,,,Yes,No,21500000,18500000,16000000,85000,72000,62000,"Intercept, Slide Tackle, Bruiser",,62,62,69,73,75,76,CDM,CM,False,False,False,manuel-ugarte,16,73,73,75,76,70,74,71,70,69,68
84,86,64,62,90,70,82,74,82,72,28,79,60,74,38,75,79,48,72,49,72,32,84,70,28,19,68,60,71,12,8,9,7,14,66,27,62,80,74,66,10,2023-08-05,2026-06-30,1,13,Denmark,Rasmus,Højlund,Højlund,Rasmus Højlund,30832,15951,15951,259399,1922,77,83,2003-02-04T00:00:00.000Z,22,11,Manchester United,13,7,6,manchester-united,19,31,https://cmtracker.fra1.cdn.digitaloceanspaces.com/DB/26/heads/p259399.png,2,2,2,1548,5,Left,3,3,1,0,,191,79,Male,,,Yes,No,20000000,17000000,14500000,92000,78000,67000,"Rapid, Quick Step",,85,75,55,70,36,81,ST,-,False,False,False,rasmus-hojlund,17,52,49,50,52,70,64,71,75,71,77
79,89,75,69,93,84,83,73,62,77,39,81,63,81,56,79,81,56,82,59,74,45,85,75,42,35,75,63,70,10,8,5,6,14,74,41,68,84,77,66,9,2025-08-09,2030-06-01,0,44,Slovenia,Benjamin,Šeško,Šeško,Benjamin Šeško,4195,41111,41111,260592,2068,80,88,2003-05-31T00:00:00.000Z,22,11,Manchester United,13,7,6,manchester-united,30,13,https://cmtracker.fra1.cdn.digitaloceanspaces.com/DB/26/heads/p260592.png,20,4,3,3507,4,Right,4,4,3,0,,195,86,Male,,,Yes,No,56500000,47500000,41000000,115000,97000,83000,"Power Shot, Precision Header, Acrobatic, Gamechanger, Aerial Fortress, Technical",,84,78,62,76,49,81,ST,-,False,False,False,benjamin-sesko,16,61,59,58,59,75,69,75,78,76,80
68,72,55,61,82,69,75,79,73,72,79,41,60,69,47,60,38,32,76,58,75,77,51,37,82,80,35,37,40,13,7,5,14,14,55,80,52,63,67,61,11,2024-07-18,2029-06-01,0,18,France,Leny,Yoro,Yoro,Leny Yoro,21422,39678,39678,269087,1833,78,86,2005-11-13T00:00:00.000Z,19,11,Manchester United,13,7,6,manchester-united,15,13,https://cmtracker.fra1.cdn.digitaloceanspaces.com/DB/26/heads/p269087.png,20,9,4,1542,4,Right,2,3,1,0,,190,75,Male,,,Yes,No,33500000,28500000,24500000,67000,57000,49000,,,70,40,52,66,79,75,CB,-,False,False,False,leny-yoro,19,71,73,77,73,61,65,61,59,59,57
70,66,80,88,74,74,73,78,74,82,74,74,76,80,67,82,73,55,64,78,79,70,69,62,77,75,58,76,58,14,11,10,9,5,69,74,75,71,77,73,10,2022-05-16,2027-06-01,0,14,England,Kobbie,Mainoo,Mainoo,Kobbie Mainoo,19839,23094,23094,269136,2155,77,85,2005-04-19T00:00:00.000Z,20,11,Manchester United,13,7,6,manchester-united,37,13,https://cmtracker.fra1.cdn.digitaloceanspaces.com/DB/26/heads/p269136.png,0,9,10,1037,2,Right,3,3,1,0,,181,80,Male,,,Yes,No,27000000,23000000,20000000,71000,60000,52000,"Finesse Shot, Press Proven",,68,66,72,82,72,74,CM,CDM,False,False,False,kobbie-mainoo,17,74,73,73,76,75,77,76,75,75,72
58,50,62,73,70,54,74,72,78,72,72,65,71,72,70,69,61,70,62,77,76,71,74,67,75,73,54,61,58,8,8,8,14,12,65,73,70,68,63,70,10,2022-07-04,2026-06-30,1,14,England,Kalvin,Phillips,Phillips,Kalvin Phillips,18719,29513,29513,224081,2011,74,74,1995-12-02T00:00:00.000Z,29,10,Manchester City,13,10,8,manchester-city,27,14,https://cmtracker.fra1.cdn.digitaloceanspaces.com/DB/26/heads/p224081.png,19,5,4,1524,2,Right,3,3,1,1,,178,72,Male,,,Yes,No,4200000,3600000,3100000,96000,81000,70000,Slide Tackle,,54,63,71,70,71,69,CDM,CM,True,False,False,kalvin-phillips,17,68,68,71,72,67,71,69,67,67,66
69,72,61,65,92,75,80,85,79,78,83,35,66,77,58,72,42,32,81,78,80,85,49,26,84,85,32,67,38,8,9,11,12,12,59,85,66,65,71,64,11,2026-01-19,2031-06-01,0,14,England,Marc,Guéhi,Guéhi,Marc Guéhi,23525,14183,14183,241159,1978,83,85,2000-07-13T00:00:00.000Z,24,10,Manchester City,13,10,8,manchester-city,15,13,https://cmtracker.fra1.cdn.digitaloceanspaces.com/DB/26/heads/p241159.png,0,9,8,1024,2,Right,2,5,3,0,69100000.0,182,80,Male,,,Yes,No,49500000,42000000,36000000,150000,130000,110000,"Long Ball Pass, Jockey, Block, Anticipate",Career One Club Player,71,37,64,73,84,82,CB,-,True,False,False,marc-guehi,18,77,78,82,80,68,71,66,63,64,60
75,75,81,86,60,68,67,83,59,86,36,79,86,88,82,91,77,73,28,78,83,33,80,76,38,29,71,85,68,7,14,6,8,8,69,34,83,71,80,69,9,2025-06-10,2030-06-01,0,18,France,Rayan,Cherki,Cherki,Rayan Cherki,30902,7044,7044,251570,2064,83,88,2003-08-17T00:00:00.000Z,21,10,Manchester City,13,10,8,manchester-city,10,13,https://cmtracker.fra1.cdn.digitaloceanspaces.com/DB/26/heads/p251570.png,0,9,4,1548,2,Left,5,5,3,0,,177,71,Male,,,Yes,No,66000000,56000000,48000000,150000,125000,110000,"Chip Shot, Low Driven Shot, Incisive Pass, Inventive, Technical, First Touch",,75,75,81,86,33,64,RW,RM | CAM,True,False,False,rayan-cherki,17,62,56,47,61,82,77,83,81,82,74
84,89,79,75,82,72,74,74,76,70,65,62,63,73,69,72,42,40,64,60,71,66,48,44,68,70,32,60,37,10,8,9,13,14,56,68,61,64,81,63,11,2020-07-30,2026-06-30,1,101,Burkina Faso,Issa,Kaboré,Kaboré,Issa Kaboré,16577,18544,18544,253052,1935,73,80,2001-05-12T00:00:00.000Z,24,10,Manchester City,13,10,8,manchester-city,12,14,https://cmtracker.fra1.cdn.digitaloceanspaces.com/DB/26/heads/p253052.png,0,9,10,1000,1,Right,2,3,1,2,,180,72,Male,,,Yes,No,7000000,6000000,5000000,72000,61000,52000,Rapid,,87,44,61,74,67,76,RB,RM,True,False,False,issa-kabore,18,71,71,69,68,69,66,67,65,68,62
87,82,92,92,53,55,40,71,54,72,39,68,70,74,70,81,66,69,40,69,71,32,68,69,44,37,59,78,52,9,12,6,11,13,62,38,75,57,85,60,11,2024-01-25,2026-06-30,1,52,Argentina,Claudio,Echeverri,Echeverri,Claudio Echeverri,7450,10212,10212,276528,1905,73,85,2006-01-02T00:00:00.000Z,19,10,Manchester City,13,10,8,manchester-city,14,53,https://cmtracker.fra1.cdn.digitaloceanspaces.com/DB/26/heads/p276528.png,0,3,3,4020,8,Right,3,3,1,0,,170,65,Male,,,Yes,No,8500000,7000000,6000000,62000,52000,45000,,,85,64,71,80,38,51,CAM,CM | LM,True,False,False,claudio-echeverri,17,58,55,45,55,73,67,73,72,74,66
65,64,62,62,85,53,78,82,79,85,83,58,78,79,63,74,54,37,84,79,82,84,68,61,85,84,44,62,52,7,15,11,8,10,66,85,67,69,67,73,11,2016-08-09,2026-06-01,0,14,England,John,Stones,Stones,John Stones,17777,34990,34990,203574,2077,82,82,1994-05-28T00:00:00.000Z,31,10,Manchester City,13,10,8,manchester-city,5,13,https://cmtracker.fra1.cdn.digitaloceanspaces.com/DB/26/heads/p203574.png,6,8,2,2031,4,Right,3,4,3,0,,188,80,Male,,,Yes,No,24500000,21000000,18000000,170000,140000,120000,Long Throw,,65,56,67,74,84,74,CB,RB | CDM,False,False,False,john-stones,17,75,76,82,79,70,75,72,70,69,68
30,30,35,30,57,25,60,62,30,52,15,12,37,35,13,18,12,13,13,42,35,18,52,12,18,17,12,13,17,70,70,69,71,71,17,18,25,42,38,28,71,2025-06-10,2026-06-01,0,14,England,Marcus,Bettinelli,Bettinelli,Marcus Bettinelli,23622,4453,4453,204246,1166,70,70,1992-05-24T00:00:00.000Z,33,10,Manchester City,13,10,8,manchester-city,13,13,https://cmtracker.fra1.cdn.digitaloceanspaces.com/DB/26/heads/p204246.png,6,1,2,3505,5,Right,1,3,1,1,,194,82,Male,,,Yes,No,600000,525000,450000,41500,35000,30000,,,30,20,26,39,16,43,GK,-,False,False,False,marcus-bettinelli,69,25,24,27,30,28,31,30,28,26,27
75,70,84,85,67,70,67,81,65,86,49,78,85,86,81,86,76,74,48,79,83,58,76,79,54,48,72,83,58,11,6,11,13,10,72,54,82,72,79,71,11,2021-08-05,2026-06-30,1,14,England,Jack,Grealish,Grealish,Jack Grealish,16876,13745,13745,206517,2154,82,82,1995-09-10T00:00:00.000Z,29,10,Manchester City,13,10,8,manchester-city,18,13,https://cmtracker.fra1.cdn.digitaloceanspaces.com/DB/26/heads/p206517.png,3,5,3,3512,394,Right,4,3,3,1,,180,81,Male,,,Yes,No,35500000,30000000,25500000,175000,150000,130000,"Finesse Shot, Incisive Pass, Inventive, First Touch",,73,73,81,85,51,67,LM,LW,False,False,False,jack-grealish,17,68,64,59,68,80,78,82,80,81,75
68,64,75,75,61,75,68,83,77,82,76,75,81,84,73,83,68,70,42,82,85,75,81,85,76,78,76,78,59,9,5,6,7,7,69,77,80,74,73,75,7,2023-06-27,2027-06-01,0,10,Croatia,Mateo,Kovačić,Kovačić,Mateo Kovačić,24116,20139,20139,207410,2189,82,82,1994-05-06T00:00:00.000Z,31,10,Manchester City,13,10,8,manchester-city,8,13,https://cmtracker.fra1.cdn.digitaloceanspaces.com/DB/26/heads/p207410.png,3,5,2,1503,2,Right,3,4,3,1,,177,77,Male,,,Yes,No,29500000,25000000,21500000,175000,150000,130000,"Incisive Pass, Press Proven",,66,74,78,80,69,70,CM,CDM | CAM,False,False,False,mateo-kovacic,15,77,75,72,79,78,81,80,77,77,72
74,73,66,68,86,65,76,83,78,78,83,51,68,78,63,72,48,59,80,75,78,83,64,56,83,82,52,64,53,10,7,7,10,16,65,83,70,70,73,69,10,2020-08-05,2027-06-01,0,34,Holland,Nathan,Aké,Aké,Nathan Aké,26665,1016,1016,208920,2089,82,82,1995-02-18T00:00:00.000Z,30,10,Manchester City,13,10,8,manchester-city,6,13,https://cmtracker.fra1.cdn.digitaloceanspaces.com/DB/26/heads/p208920.png,3,9,6,1005,2,Left,2,3,3,1,,180,75,Male,,,Yes,No,29500000,25000000,21500000,170000,140000,120000,,,74,54,68,74,82,76,CB,LB,False,False,False,nathan-ake,18,76,77,80,78,69,72,69,68,68,66
63,50,93,91,56,87,47,84,78,85,73,79,84,88,82,87,77,67,52,82,86,70,79,79,75,68,78,83,64,9,10,14,9,12,75,71,82,70,77,78,11,2017-07-01,2026-06-01,0,38,Portugal,Bernardo Mota,Carvalho e Silva,Bernardo,Bernardo Silva,4347,6519,4339,218667,2241,83,83,1994-08-10T00:00:00.000Z,30,10,Manchester City,13,10,8,manchester-city,20,13,https://cmtracker.fra1.cdn.digitaloceanspaces.com/DB/26/heads/p218667.png,0,4,2,1509,1,Left,4,3,3,0,,173,65,Male,,,Yes,No,41000000,34500000,30000000,190000,160000,140000,"Low Driven Shot, Gamechanger, Tiki Taka, Whipped Pass, Inventive, Technical, Relentless","Career One Club Player, Career Injury Prone",57,76,81,88,68,67,CM,RW | CAM,False,False,False,bernardo-mota-carvalho-e-silva,18,77,74,68,78,80,83,82,79,80,74
74,79,66,54,82,71,85,84,82,80,82,37,65,77,55,74,38,59,79,78,81,85,75,48,88,83,42,54,40,10,9,13,9,6,59,86,69,73,72,65,10,2022-09-01,2026-06-30,1,47,Switzerland,Manuel,Akanji,Akanji,Manuel Akanji,23481,927,927,229237,2044,83,83,1995-07-19T00:00:00.000Z,29,10,Manchester City,13,10,8,manchester-city,25,31,https://cmtracker.fra1.cdn.digitaloceanspaces.com/DB/26/heads/p229237.png,0,9,7,1050,280,Right,2,4,3,0,,186,91,Male,,,Yes,No,36000000,30500000,26000000,185000,155000,135000,Long Ball Pass,,77,47,65,73,83,80,CB,-,False,False,False,manuel-akanji,17,77,78,83,80,68,72,67,65,65,64
50,55,57,38,73,41,75,87,30,54,26,14,60,30,12,28,12,14,12,38,40,21,54,18,14,16,8,12,24,90,83,72,90,87,17,17,25,53,58,35,85,2025-09-02,2030-06-01,0,27,Italy,Gianluigi,Donnarumma,Donnarumma,Gianluigi Donnarumma,13217,9675,9675,230621,1435,89,91,1999-02-25T00:00:00.000Z,26,10,Manchester City,13,10,8,manchester-city,25,13,https://cmtracker.fra1.cdn.digitaloceanspaces.com/DB/26/heads/p230621.png,3,3,4,529,333,Right,1,3,4,2,,196,90,Male,,,Yes,No,114000000,97000000,83000000,190000,160000,140000,,"GK Footwork, Career One Club Player",53,22,29,49,18,55,GK,-,False,False,False,gianluigi-donnarumma,86,32,31,31,35,36,38,38,36,34,33
65,65,65,67,83,86,83,89,85,92,84,76,84,89,76,81,74,64,80,90,92,88,90,87,87,82,71,86,62,10,10,7,8,14,79,86,82,86,71,81,10,2019-07-04,2027-06-01,0,45,Spain,Rodrigo,Hernández Cascante,Rodrigo,Rodri,31534,15177,31534,231866,2372,89,89,1996-06-22T00:00:00.000Z,29,10,Manchester City,13,10,8,manchester-city,16,13,https://cmtracker.fra1.cdn.digitaloceanspaces.com/DB/26/heads/p231866.png,0,3,4,1526,5,Right,3,4,5,2,188700000.0,190,82,Male,,,Yes,No,104000000,88000000,75500000,310000,260000,230000,"Power Shot, Long Ball Pass, Aerial Fortress, Press Proven, Bruiser",Career Injury Prone,65,77,82,81,84,84,CDM,CM,False,False,False,rodrigo-hernandez-cascante,18,83,82,84,87,81,86,83,81,79,80
83,79,92,92,59,83,41,82,64,85,59,83,83,89,80,89,82,74,47,81,82,60,89,81,59,47,59,88,64,8,15,6,13,10,70,56,85,71,86,73,11,2016-12-06,2027-06-01,0,14,England,Phil,Foden,Foden,Phil Foden,29505,12087,12087,237692,2208,85,88,2000-05-28T00:00:00.000Z,25,10,Manchester City,13,10,8,manchester-city,47,13,https://cmtracker.fra1.cdn.digitaloceanspaces.com/DB/26/heads/p237692.png,0,2,2,44,405,Left,4,3,3,1,,171,70,Male,,,Yes,No,84000000,71500000,61500000,210000,180000,155000,"Low Driven Shot, Gamechanger, Inventive, Technical, First Touch",,81,76,81,88,54,62,CAM,CM | RW,False,False,False,phil-foden,18,72,68,59,70,83,81,84,83,84,77
82,92,71,69,93,78,93,94,88,86,43,95,75,83,58,79,96,62,85,66,78,42,94,83,47,29,90,77,90,7,14,13,7,11,82,40,74,89,82,80,11,2022-07-01,2034-06-01,0,36,Norway,Erling,Haaland,Haaland,Erling Haaland,10973,14348,14348,239085,2270,91,93,2000-07-21T00:00:00.000Z,24,10,Manchester City,13,10,8,manchester-city,9,13,https://cmtracker.fra1.cdn.digitaloceanspaces.com/DB/26/heads/p239085.png,15,5,2,20,277,Left,3,3,5,1,,195,94,Male,,,Yes,No,203500000,172500000,148500000,490000,420000,360000,"Chip Shot, Power Shot, Precision Header, Acrobatic, Gamechanger, Enforcer",,87,91,69,80,49,88,ST,-,False,False,False,erling-haaland,19,63,61,62,65,80,76,82,86,82,89
55,62,62,56,85,71,89,86,88,85,86,39,64,75,54,64,29,48,85,79,81,87,74,26,87,85,32,46,45,7,8,13,12,7,57,87,63,69,65,68,10,2020-09-29,2029-06-01,0,38,Portugal,Rúben Santos,Gato Alves Dias,Rúben,Rúben Dias,32142,12906,32135,239818,1972,86,87,1997-05-14T00:00:00.000Z,28,10,Manchester City,13,10,8,manchester-city,3,13,https://cmtracker.fra1.cdn.digitaloceanspaces.com/DB/26/heads/p239818.png,3,3,2,24,5,Right,2,4,4,1,124200000.0,187,82,Male,,,Yes,No,76000000,64500000,55500000,240000,200000,175000,Long Ball Pass,Career Injury Prone,59,41,62,71,86,83,CB,-,False,False,False,ruben-santos-gato-alves-dias,17,75,77,85,82,64,71,63,60,59,60
82,75,82,79,76,92,69,84,78,84,77,82,84,87,73,84,78,70,61,84,87,74,85,83,77,72,65,77,59,6,10,9,9,14,73,75,81,81,81,78,10,2025-06-10,2030-06-01,0,34,Holland,Tijjani,Reijnders,Reijnders,Tijjani Reijnders,36382,31019,31019,240638,2308,85,86,1998-07-29T00:00:00.000Z,26,10,Manchester City,13,10,8,manchester-city,4,13,https://cmtracker.fra1.cdn.digitaloceanspaces.com/DB/26/heads/p240638.png,0,3,5,0,4,Right,4,4,3,1,153000000.0,185,73,Male,,,Yes,No,74500000,63000000,54000000,220000,185000,160000,"Finesse Shot, Power Shot, Incisive Pass, Tiki Taka, Technical",Career One Club Player,79,75,79,83,72,79,CM,CDM | CAM,False,False,False,tijjani-reijnders,17,79,78,74,80,82,84,83,82,82,79
80,82,79,74,81,84,79,83,71,84,34,83,80,83,79,85,84,70,64,70,79,34,84,80,44,31,69,78,69,10,11,14,7,15,75,37,78,82,80,71,12,2026-01-09,2031-06-01,0,117,Ghana,Antoine,Semenyo,Semenyo,Antoine Semenyo,2331,33337,33337,241236,2154,82,83,2000-01-07T00:00:00.000Z,25,10,Manchester City,13,10,8,manchester-city,42,13,https://cmtracker.fra1.cdn.digitaloceanspaces.com/DB/26/heads/p241236.png,0,3,9,1000,5,Right,3,5,3,0,,185,79,Male,,,Yes,No,43000000,36500000,31500000,170000,145000,125000,"Low Driven Shot, Aerial Fortress, Press Proven, Long Throw, Enforcer",Career One Club Player,81,78,76,81,41,79,RW,LW | RM,False,False,False,antoine-semenyo,18,63,60,54,61,81,75,81,82,82,80
85,84,81,77,78,80,65,80,69,80,78,75,75,84,80,87,50,58,66,72,79,77,61,48,78,80,48,72,42,15,11,8,12,14,65,79,75,67,82,70,12,2025-06-09,2030-06-01,0,97,Algeria,Rayan,Aït-Nouri,Aït-Nouri,Rayan Aït-Nouri,30902,3193,3193,242641,2149,81,85,2001-06-06T00:00:00.000Z,24,10,Manchester City,13,10,8,manchester-city,21,13,https://cmtracker.fra1.cdn.digitaloceanspaces.com/DB/26/heads/p242641.png,0,3,4,530,1,Left,5,3,1,2,,180,70,Male,,,Yes,No,40500000,34500000,29500000,130000,110000,93000,"Jockey, First Touch, Trickster",,85,54,73,82,76,73,LB,LM,False,False,False,rayan-ait-nouri,20,80,79,75,77,79,76,76,75,77,69
95,89,93,92,75,68,76,80,62,85,20,81,82,84,81,91,72,55,40,69,79,40,77,70,30,25,66,79,64,11,10,8,12,9,68,32,76,74,90,66,10,2023-08-24,2028-06-01,0,7,Belgium,Jérémy,Doku,Doku,Jérémy Doku,18419,9569,9569,246420,2070,83,86,2002-05-27T00:00:00.000Z,23,10,Manchester City,13,10,8,manchester-city,11,13,https://cmtracker.fra1.cdn.digitaloceanspaces.com/DB/26/heads/p246420.png,0,9,10,1021,2,Right,4,3,3,0,,173,66,Male,,,Yes,No,58500000,49500000,42500000,170000,145000,125000,"Inventive, Trickster, Quick Step, Enforcer",,92,72,74,88,31,70,LW,RW | LM,False,False,False,jeremy-doku,18,60,55,47,56,82,73,82,81,83,75
78,79,69,67,91,82,82,86,86,82,85,70,70,81,73,79,68,59,84,76,82,85,82,74,85,84,60,74,61,5,8,6,11,9,74,85,74,83,76,76,8,2023-08-05,2028-06-01,0,10,Croatia,Joško,Gvardiol,Gvardiol,Joško Gvardiol,17731,14194,14194,251517,2273,85,88,2002-01-23T00:00:00.000Z,23,10,Manchester City,13,10,8,manchester-city,24,13,https://cmtracker.fra1.cdn.digitaloceanspaces.com/DB/26/heads/p251517.png,3,4,2,18,5,Left,3,5,3,1,,185,80,Male,,,Yes,No,77500000,66000000,56500000,180000,155000,130000,"Low Driven Shot, Pinged Pass, Jockey",,79,69,72,77,85,85,CB,LB | LM,False,False,False,josko-gvardiol,16,81,82,84,82,77,78,76,77,76,77
78,91,78,71,78,79,74,80,76,77,80,75,78,80,76,79,69,58,62,80,81,75,77,68,76,78,59,74,67,13,10,12,13,12,70,77,75,76,80,76,12,2023-09-01,2028-06-01,0,38,Portugal,Matheus,Luiz Nunes,Matheus N.,Matheus Nunes,24140,22367,24149,253124,2234,80,81,1998-08-27T00:00:00.000Z,26,10,Manchester City,13,10,8,manchester-city,27,13,https://cmtracker.fra1.cdn.digitaloceanspaces.com/DB/26/heads/p253124.png,0,9,5,1549,1,Right,3,3,1,2,36600000.0,184,78,Male,,,No,No,27000000,22500000,19500000,140000,115000,100000,"Jockey, Press Proven",Career One Club Player,85,69,75,78,74,77,RB,CM | RM,False,False,False,matheus-luiz-nunes,19,79,78,75,78,78,78,78,77,77,74
66,67,67,62,77,80,79,79,85,79,80,72,80,81,73,78,70,59,69,81,84,76,76,68,79,81,58,75,60,14,14,10,7,12,71,79,75,76,69,76,12,2025-02-03,2029-06-01,0,45,Spain,Nicolás,González Iglesias,Nico,Nico González,27077,13545,27054,255069,2198,81,85,2002-01-03T00:00:00.000Z,23,10,Manchester City,13,10,8,manchester-city,14,13,https://cmtracker.fra1.cdn.digitaloceanspaces.com/DB/26/heads/p255069.png,3,4,3,3,5,Right,3,3,3,1,,188,88,Male,,,Yes,No,39500000,33500000,29000000,130000,110000,93000,Press Proven,,67,67,75,74,77,80,CDM,CM,False,False,False,nicolas-gonzalez-iglesias,19,77,77,78,80,76,79,77,75,75,73
87,90,88,78,80,76,67,84,72,82,34,85,78,85,70,85,85,84,69,63,82,31,85,83,30,21,82,77,79,11,13,15,11,8,78,28,79,79,86,72,12,2025-01-23,2029-06-01,0,111,Egypt,Omar,Marmoush,Marmoush,Omar Marmoush,28088,23814,23814,256675,2170,83,83,1999-02-07T00:00:00.000Z,26,10,Manchester City,13,10,8,manchester-city,7,13,https://cmtracker.fra1.cdn.digitaloceanspaces.com/DB/26/heads/p256675.png,0,3,4,602,2,Right,4,3,3,0,,183,81,Male,,,Yes,No,47000000,39500000,34000000,195000,165000,145000,"Finesse Shot, Dead Ball, Technical",,89,83,76,84,37,74,LW,ST | LM,False,False,False,omar-marmoush,19,60,56,50,58,81,74,82,84,83,82
54,52,52,51,64,40,55,75,28,64,20,14,60,33,17,23,8,12,15,53,56,21,54,9,16,19,9,23,16,77,74,72,78,74,21,19,29,45,57,34,75,2025-07-29,2030-06-01,0,14,England,James,Trafford,Trafford,James Trafford,17050,36759,36759,263063,1388,76,84,2002-10-10T00:00:00.000Z,22,10,Manchester City,13,10,8,manchester-city,1,13,https://cmtracker.fra1.cdn.digitaloceanspaces.com/DB/26/heads/p263063.png,3,5,3,1512,4,Right,1,3,1,1,,192,83,Male,,,Yes,No,17000000,14500000,12500000,52000,44000,38000,Long Ball Pass,"GK Far Throw, GK Footwork, GK Cross Claimer",53,18,37,50,18,47,GK,-,False,False,False,james-trafford,75,33,32,29,37,38,42,40,36,34,31
89,85,90,76,62,73,45,79,45,84,25,79,80,84,81,86,74,55,45,70,79,26,70,67,30,36,63,80,62,9,12,8,12,9,69,31,75,64,84,63,10,2024-07-18,2031-06-01,0,54,Brazil,Sávio,Moreira de Oliveira,Savinho,Savinho,35440,25716,32941,270409,1970,81,86,2004-04-10T00:00:00.000Z,21,10,Manchester City,13,10,8,manchester-city,26,13,https://cmtracker.fra1.cdn.digitaloceanspaces.com/DB/26/heads/p270409.png,0,3,6,1039,1,Left,4,2,3,0,,176,71,Male,,,Yes,No,46500000,39500000,34000000,125000,105000,91000,"Whipped Pass, Inventive, Technical, First Touch",,87,69,74,83,32,56,RW,LW | RM,False,False,False,savio-moreira-de-oliveira,17,61,56,42,54,80,73,80,79,81,73
78,75,84,82,64,72,47,77,66,77,75,71,76,78,76,79,53,42,58,74,79,74,61,51,76,74,30,62,50,11,8,11,13,12,60,75,67,59,80,70,11,2022-07-01,2030-06-01,0,14,England,Rico,Lewis,Lewis,Rico Lewis,31273,21536,21536,271574,2016,77,84,2004-11-21T00:00:00.000Z,20,10,Manchester City,13,10,8,manchester-city,82,13,https://cmtracker.fra1.cdn.digitaloceanspaces.com/DB/26/heads/p271574.png,0,3,4,530,7,Right,3,3,1,2,,170,64,Male,,,Yes,No,23500000,20000000,17000000,81000,69000,59000,Block,,77,53,68,80,71,62,RB,LB | CM,False,False,False,rico-lewis,18,75,74,69,74,75,74,74,71,73,65
81,90,64,58,89,67,82,77,81,70,80,44,58,69,47,62,34,40,75,67,72,77,49,36,80,78,37,48,46,12,7,9,5,8,53,79,58,65,74,64,9,2025-01-20,2029-06-01,0,191,Uzbekistan,Abdukodir,Khusanov,Khusanov,Abdukodir Khusanov,275,19470,19470,277031,1899,79,86,2004-02-29T00:00:00.000Z,21,10,Manchester City,13,10,8,manchester-city,45,13,https://cmtracker.fra1.cdn.digitaloceanspaces.com/DB/26/heads/p277031.png,21,9,4,547,5,Right,2,3,1,0,,186,84,Male,,,Yes,No,39000000,33000000,28500000,95000,81000,69000,"Jockey, Bruiser",,86,41,55,67,78,80,CB,-,False,False,False,abdukodir-khusanov,15,72,74,78,74,63,65,62,60,60,58
75,86,69,69,89,94,82,85,78,86,80,88,84,85,78,82,79,59,83,81,86,75,83,78,80,74,76,73,69,9,12,9,15,7,81,77,76,86,77,81,11,2025-09-01,2028-06-01,0,18,France,Adrien,Rabiot,Rabiot,Adrien Rabiot,594,30475,30475,210008,2358,84,84,1995-04-03T00:00:00.000Z,30,131681,Milano FC,31,9,5,milano-fc,12,31,https://cmtracker.fra1.cdn.digitaloceanspaces.com/DB/26/heads/p210008.png,20,8,3,33,4,Left,3,3,3,0,,191,86,Male,,,Yes,No,47500000,40500000,34500000,90000,76000,66000,"Precision Header, First Touch, Press Proven",,81,79,77,79,78,86,CM,CAM,True,False,False,adrien-rabiot,18,81,81,80,82,83,84,83,83,82,82
65,62,65,56,82,39,83,86,35,68,25,15,65,40,18,30,15,16,17,61,64,23,64,20,18,20,16,38,15,84,84,85,88,84,26,21,37,58,67,38,85,2021-07-01,2031-06-01,0,18,France,Mike,Maignan,M. Maignan,Mike Maignan,25096,23069,22660,215698,1646,87,88,1995-07-03T00:00:00.000Z,29,131681,Milano FC,31,9,5,milano-fc,16,31,https://cmtracker.fra1.cdn.digitaloceanspaces.com/DB/26/heads/p215698.png,0,9,8,3001,5,Right,1,4,4,2,,191,89,Male,,,Yes,No,72000000,61000000,52500000,72000,61000,53000,Long Ball Pass,"GK Footwork, GK Deflector",64,24,44,58,21,60,GK,-,True,False,False,mike-maignan,85,38,36,36,43,44,48,47,43,41,39
43,53,56,55,74,81,70,80,83,70,81,23,45,75,41,60,22,28,85,70,79,82,59,41,85,79,34,47,42,11,5,12,14,14,53,82,56,65,58,58,12,2017-07-01,2029-06-01,0,27,Italy,Matteo,Gabbia,Gabbia,Matteo Gabbia,24222,12583,12583,240277,1799,80,83,1999-10-21T00:00:00.000Z,25,131681,Milano FC,31,9,5,milano-fc,46,31,https://cmtracker.fra1.cdn.digitaloceanspaces.com/DB/26/heads/p240277.png,6,3,2,2517,5,Right,2,3,1,0,,185,78,Male,,,No,No,29500000,25000000,21500000,57000,48000,41500,"Precision Header, Long Ball Pass, Slide Tackle",Career Injury Prone,48,37,52,66,82,77,CB,-,True,False,False,matteo-gabbia,18,71,73,79,77,57,66,57,54,52,53
83,77,86,81,70,82,54,79,69,75,69,75,71,84,81,84,68,67,60,70,80,71,64,74,71,68,65,77,44,9,6,9,12,12,71,70,77,69,82,68,10,2020-09-01,2031-06-01,0,7,Belgium,Alexis,Saelemaekers,Saelemaekers,Alexis Saelemaekers,1520,32310,32310,242664,2147,80,80,1999-06-27T00:00:00.000Z,26,131681,Milano FC,31,9,5,milano-fc,56,31,https://cmtracker.fra1.cdn.digitaloceanspaces.com/DB/26/heads/p242664.png,19,1,1,36,1,Right,4,4,1,1,36400000.0,180,72,Male,,,Yes,No,27000000,23000000,20000000,62000,53000,45000,Relentless,,80,65,74,82,68,69,RM,LM | RB | RW,True,False,False,alexis-saelemaekers,17,76,74,68,73,79,76,78,76,78,72
77,78,78,78,72,85,65,76,74,82,75,68,78,83,62,81,53,62,57,79,84,74,70,69,76,76,54,60,52,14,12,6,13,11,62,76,73,73,78,72,12,2025-07-03,2029-06-01,0,27,Italy,Samuele,Ricci,Ricci,Samuele Ricci,32584,31252,31252,253473,2134,79,85,2001-08-21T00:00:00.000Z,23,131681,Milano FC,31,9,5,milano-fc,4,31,https://cmtracker.fra1.cdn.digitaloceanspaces.com/DB/26/heads/p253473.png,3,1,3,4010,2,Right,3,3,1,1,,181,72,Male,,,Yes,No,30000000,25500000,22000000,48500,41000,35500,"Inventive, Jockey",,78,61,71,80,72,74,CDM,CM,True,False,False,samuele-ricci,19,76,75,73,77,76,78,76,74,74,68
70,78,57,45,89,85,83,76,85,70,74,34,31,72,65,70,43,38,81,61,68,76,56,36,74,77,25,40,43,12,14,8,13,10,57,76,57,70,66,57,12,2024-07-31,2028-06-01,0,51,Serbia,Strahinja,Pavlović,Pavlović,Strahinja Pavlović,35009,29097,29097,254840,1859,77,83,2001-05-24T00:00:00.000Z,24,131681,Milano FC,31,9,5,milano-fc,31,31,https://cmtracker.fra1.cdn.digitaloceanspaces.com/DB/26/heads/p254840.png,5,5,1,7,5,Left,2,3,1,0,,194,85,Male,,,No,No,18000000,15000000,13000000,41000,35000,30000,Bruiser,,74,40,51,65,76,86,CB,-,True,False,False,strahinja-pavlovic,19,73,74,77,71,63,61,57,58,60,59
75,73,78,76,61,79,53,69,67,69,66,65,69,75,59,75,52,59,51,73,73,64,67,71,68,64,71,62,59,14,7,7,14,7,62,66,69,67,75,66,10,2025-02-03,2026-06-30,1,18,France,Warren,Bondo,Bondo,Warren Bondo,38548,5001,5001,257353,1992,71,78,2003-09-15T00:00:00.000Z,21,131681,Milano FC,31,9,5,milano-fc,38,31,https://cmtracker.fra1.cdn.digitaloceanspaces.com/DB/26/heads/p257353.png,21,3,9,1000,2,Right,3,2,1,0,,177,63,Male,,,No,No,4500000,3800000,3300000,22500,19000,16500,"Jockey, Technical",,74,64,66,74,63,65,CM,CDM,True,False,False,warren-bondo,16,69,67,63,69,70,71,70,68,69,64
72,65,89,90,66,69,58,79,65,91,76,76,88,88,86,84,68,78,55,87,88,74,79,80,71,72,76,85,83,13,9,7,9,14,75,73,85,71,79,80,11,2025-07-14,2026-06-01,0,10,Croatia,Luka,Modrić,Modrić,Luka Modrić,22372,25465,25465,177003,2290,84,84,1985-09-09T00:00:00.000Z,39,131681,Milano FC,31,9,5,milano-fc,14,31,https://cmtracker.fra1.cdn.digitaloceanspaces.com/DB/26/heads/p177003.png,5,3,2,1534,1,Right,4,4,3,1,19500000.0,172,66,Male,,,Yes,No,15500000,13500000,11500000,60000,51000,44000,"Long Ball Pass, Whipped Pass, Technical",Career Injury Prone,69,77,85,87,70,65,CM,CAM | CDM,False,False,False,luka-modric,18,77,75,70,78,80,82,82,79,80,73
79,78,76,63,91,79,79,81,69,79,26,83,77,82,72,80,79,52,82,72,77,37,82,76,14,20,82,78,75,4,5,4,5,4,79,24,73,82,76,69,5,2024-07-19,2026-06-30,1,45,Spain,Álvaro Borja,Morata Martín,Morata,Morata,40824,25699,25698,201153,2042,80,80,1992-10-23T00:00:00.000Z,32,131681,Milano FC,31,9,5,milano-fc,7,31,https://cmtracker.fra1.cdn.digitaloceanspaces.com/DB/26/heads/p201153.png,0,4,3,46,389,Right,3,4,3,0,,190,84,Male,,,Yes,No,20000000,17000000,14500000,70000,59000,51000,"Finesse Shot, Rapid, Relentless, Enforcer",,79,80,71,77,36,80,ST,CAM,False,False,False,alvaro-borja-morata-martin,12,57,53,49,55,78,72,78,79,78,80
53,60,51,61,87,55,86,79,82,79,24,81,76,77,65,74,79,68,87,59,77,41,85,78,46,30,80,72,88,15,9,10,9,13,78,39,70,79,61,72,12,2024-08-05,2026-06-30,1,21,Germany,Niclas,Füllkrug,Füllkrug,Niclas Füllkrug,27052,12512,12512,205431,2036,78,78,1993-02-09T00:00:00.000Z,32,19,West Ham United,13,3,8,west-ham-united,9,31,https://cmtracker.fra1.cdn.digitaloceanspaces.com/DB/26/heads/p205431.png,2,2,2,2005,6,Right,3,4,3,0,,188,83,Male,,,Yes,No,13500000,11500000,10000000,91000,77000,66000,Precision Header,,57,82,70,70,46,78,ST,-,False,False,False,niclas-fullkrug,18,54,53,57,57,71,69,74,76,72,78
40,42,48,45,62,33,60,70,21,65,16,12,45,22,13,15,11,12,15,21,27,20,54,11,11,19,16,12,22,79,75,72,82,78,17,17,17,44,49,31,78,2025-07-18,2026-06-01,0,27,Italy,Pietro,Terracciano,Terracciano,Pietro Terracciano,29604,36052,36052,205812,1246,78,78,1990-03-08T00:00:00.000Z,35,131681,Milano FC,31,9,5,milano-fc,1,31,https://cmtracker.fra1.cdn.digitaloceanspaces.com/DB/26/heads/p205812.png,3,4,2,4011,4,Right,1,2,1,1,,193,85,Male,,,No,No,1800000,1600000,1300000,21000,17500,15000,,"GK Footwork, GK Rush Out",41,21,22,44,16,44,GK,-,False,False,False,pietro-terracciano,77,25,25,26,26,27,27,28,28,26,27
78,84,75,60,94,72,85,79,75,82,76,83,79,83,75,81,76,57,85,80,84,75,82,75,76,70,60,70,56,11,7,12,13,15,76,74,75,82,76,76,12,2023-07-01,2027-06-01,0,14,England,Ruben,Loftus-Cheek,Loftus-Cheek,Ruben Loftus-Cheek,31904,21998,21998,213666,2265,80,80,1996-01-23T00:00:00.000Z,29,131681,Milano FC,31,9,5,milano-fc,8,31,https://cmtracker.fra1.cdn.digitaloceanspaces.com/DB/26/heads/p213666.png,0,9,5,1019,5,Right,4,4,3,0,,191,88,Male,,,Yes,No,24000000,20500000,17500000,65000,55000,47000,"Aerial Fortress, Press Proven, Enforcer",,81,72,74,77,76,82,CM,CAM,False,False,False,ruben-loftus-cheek,18,77,76,78,78,80,79,80,80,79,80
90,86,88,81,70,76,57,85,70,83,40,84,80,87,80,85,85,75,50,75,81,50,81,80,42,50,76,84,80,8,12,13,14,16,75,48,82,73,86,73,13,2023-07-13,2027-06-01,0,95,United States,Christian,Pulisic,Pulisic,Christian Pulisic,7277,30180,30180,227796,2214,85,85,1998-09-18T00:00:00.000Z,26,131681,Milano FC,31,9,5,milano-fc,11,31,https://cmtracker.fra1.cdn.digitaloceanspaces.com/DB/26/heads/p227796.png,3,4,3,6,1,Right,4,5,4,1,,178,73,Male,,,Yes,No,69500000,59000000,50500000,100000,85000,73000,"Dead Ball, Low Driven Shot, Incisive Pass, Quick Step",Career Injury Prone,88,81,79,85,46,68,RW,RM | ST,False,False,False,christian-pulisic,20,68,64,55,64,83,77,83,83,84,79
77,77,82,80,74,65,63,79,40,78,40,81,80,83,78,82,80,78,65,78,82,40,80,78,35,30,70,80,83,5,6,10,7,15,75,35,81,72,79,67,9,2025-08-30,2030-06-01,0,18,France,Christopher,Nkunku,Nkunku,Christopher Nkunku,7296,27280,27280,232411,2081,81,81,1997-11-14T00:00:00.000Z,27,131681,Milano FC,31,9,5,milano-fc,18,31,https://cmtracker.fra1.cdn.digitaloceanspaces.com/DB/26/heads/p232411.png,0,9,7,1031,2,Right,5,3,3,0,,177,75,Male,,,Yes,No,32500000,27500000,23500000,68000,57000,49500,"Finesse Shot, Technical, First Touch",,77,79,79,81,42,61,CAM,LM | ST | CM,False,False,False,christopher-nkunku,16,61,57,50,59,79,75,80,80,80,77
78,84,74,67,88,74,76,83,86,81,81,37,48,71,64,62,33,40,80,65,77,81,56,45,86,78,32,42,27,10,13,10,7,11,58,82,56,68,78,60,11,2021-07-01,2027-06-01,0,14,England,Fikayo,Tomori,Tomori,Fikayo Tomori,11905,36586,36586,232756,1947,81,83,1997-12-19T00:00:00.000Z,27,131681,Milano FC,31,9,5,milano-fc,23,31,https://cmtracker.fra1.cdn.digitaloceanspaces.com/DB/26/heads/p232756.png,0,9,10,1016,5,Right,2,4,3,0,,185,79,Male,,,Yes,No,32500000,27500000,23500000,64000,54000,46500,Bruiser,,81,38,56,73,81,81,CB,-,False,False,False,fikayo-tomori,18,76,78,81,76,64,66,61,60,62,59
77,76,74,73,77,81,68,77,70,72,77,70,72,79,79,80,48,79,70,72,79,72,67,65,78,76,38,78,65,14,7,14,7,7,63,76,78,72,76,71,10,2025-07-24,2030-06-01,0,57,Ecuador,Pervis,Estupiñán,Estupiñán,Pervis Estupiñán,29400,11123,11123,237942,2138,79,79,1998-01-21T00:00:00.000Z,27,131681,Milano FC,31,9,5,milano-fc,2,31,https://cmtracker.fra1.cdn.digitaloceanspaces.com/DB/26/heads/p237942.png,0,9,9,1005,2,Left,3,3,3,2,,175,73,Male,,,Yes,No,20000000,17000000,14500000,56000,47500,41000,,,77,59,77,76,75,74,LB,LM,False,False,False,pervis-estupinan,16,77,77,74,75,75,75,73,72,73,68
93,93,84,79,89,75,79,83,60,83,24,76,81,86,84,87,82,60,72,70,83,22,80,74,24,21,74,79,63,10,12,15,9,11,79,23,77,80,87,65,12,2019-08-01,2028-06-01,0,38,Portugal,Rafael,da Conceição Leão,Rafa Leão,Rafael Leão,30555,40500,30546,241721,2117,84,85,1999-06-10T00:00:00.000Z,26,131681,Milano FC,31,9,5,milano-fc,10,31,https://cmtracker.fra1.cdn.digitaloceanspaces.com/DB/26/heads/p241721.png,3,9,10,4501,5,Right,5,4,3,0,,188,81,Male,,,Yes,No,58500000,49500000,42500000,92000,78000,67000,"Gamechanger, Incisive Pass, Rapid, Trickster, Quick Step",,93,75,76,84,33,76,LW,LM | ST,False,False,False,rafael-da-conceicao-leao,18,60,56,47,56,83,74,82,83,84,81
77,79,75,71,77,64,68,75,78,78,51,84,75,78,64,77,81,52,80,69,74,45,83,76,39,22,70,72,81,6,14,12,10,6,74,36,70,74,76,75,10,2025-02-03,2029-06-01,0,83,Mexico,Santiago,Giménez,Gimenez,Santiago Giménez,32765,13297,13296,245152,2063,79,84,2001-04-18T00:00:00.000Z,24,131681,Milano FC,31,9,5,milano-fc,7,31,https://cmtracker.fra1.cdn.digitaloceanspaces.com/DB/26/heads/p245152.png,5,10,3,2017,5,Left,3,4,2,0,,185,79,Male,,,Yes,No,31500000,27000000,23000000,56000,47500,41000,Precision Header,,78,79,68,76,47,72,ST,-,False,False,False,santiago-gimenez,16,59,57,56,60,75,71,76,78,76,78
67,69,70,76,73,85,73,80,80,78,81,74,78,80,66,78,66,56,63,79,81,80,76,70,83,74,46,66,64,12,7,12,9,5,65,79,72,76,73,76,9,2024-08-17,2028-06-01,0,18,France,Youssouf,Fofana,Fofana,Youssouf Fofana,39726,12094,12094,245630,2157,81,84,1999-01-10T00:00:00.000Z,26,131681,Milano FC,31,9,5,milano-fc,19,31,https://cmtracker.fra1.cdn.digitaloceanspaces.com/DB/26/heads/p245630.png,0,3,10,1035,5,Right,3,3,3,1,,185,75,Male,,,Yes,No,36000000,30500000,26000000,64000,54000,46500,"Incisive Pass, Jockey, Anticipate, Relentless",Career Injury Prone,68,66,71,77,76,78,CDM,CM,False,False,False,youssouf-fofana,16,77,76,77,80,75,79,76,75,74,72
91,86,85,82,66,62,58,77,47,72,33,78,76,82,78,86,75,58,44,66,77,40,78,72,32,33,70,73,55,13,7,9,6,7,69,35,73,68,85,61,9,2023-07-27,2026-06-30,1,133,Nigeria,Samuel,Chukwueze,Chukwueze,Samuel Chukwueze,32576,7311,7311,246172,1974,80,80,1999-05-22T00:00:00.000Z,26,131681,Milano FC,31,9,5,milano-fc,19,13,https://cmtracker.fra1.cdn.digitaloceanspaces.com/DB/26/heads/p246172.png,5,3,9,1024,2,Left,4,2,1,1,,172,70,Male,,,Yes,No,27000000,23000000,20000000,62000,53000,45000,"Finesse Shot, Rapid, Quick Step",,89,71,71,81,36,58,RM,RW,False,False,False,samuel-chukwueze,15,61,56,46,56,79,71,79,79,80,74
73,74,74,72,85,75,72,79,75,71,74,80,68,76,68,74,75,62,77,71,73,69,79,78,78,74,69,64,60,6,10,15,6,13,73,74,70,78,75,72,10,2018-07-01,2026-06-30,1,27,Italy,Tommaso,Pobega,Pobega,Tommaso Pobega,36578,29803,29803,252060,2169,74,77,1999-07-15T00:00:00.000Z,25,131681,Milano FC,31,9,5,milano-fc,4,31,https://cmtracker.fra1.cdn.digitaloceanspaces.com/DB/26/heads/p252060.png,12,5,3,2517,5,Right,3,4,1,0,,189,87,Male,,,Yes,No,6500000,5500000,4800000,39000,33000,28500,,,74,74,68,74,74,77,CM,CDM,False,False,False,tommaso-pobega,16,73,74,74,73,73,74,74,75,74,76
85,91,76,79,78,78,71,71,84,78,71,74,72,76,72,81,66,54,56,71,74,70,78,74,74,69,54,60,50,15,6,14,10,6,65,71,69,76,81,72,11,2023-08-04,2026-06-30,1,95,United States,Yunus,Musah,Musah,Yunus Musah,39811,26119,26119,253177,2138,74,82,2002-11-29T00:00:00.000Z,22,131681,Milano FC,31,9,5,milano-fc,6,31,https://cmtracker.fra1.cdn.digitaloceanspaces.com/DB/26/heads/p253177.png,3,9,10,1016,2,Right,4,3,1,0,,178,71,Male,,,Yes,No,11000000,9500000,8000000,35500,30000,26000,Rapid,,88,66,67,77,68,78,CM,CDM | RM | CAM,False,False,False,yunus-musah,16,74,73,71,73,76,73,75,75,75,72
62,69,63,67,75,65,69,67,73,69,18,77,54,73,41,70,75,50,74,42,61,23,80,75,30,20,62,55,63,9,6,7,9,6,63,25,58,73,66,59,8,2020-09-01,2026-06-30,1,27,Italy,Lorenzo,Colombo,Colombo,Lorenzo Colombo,22099,7604,7604,256899,1759,72,79,2002-03-08T00:00:00.000Z,23,131681,Milano FC,31,9,5,milano-fc,29,31,https://cmtracker.fra1.cdn.digitaloceanspaces.com/DB/26/heads/p256899.png,5,2,4,33,3,Left,2,3,1,0,,183,74,Male,,,Yes,No,5500000,4700000,4100000,32500,27500,23500,,,66,72,51,68,33,71,ST,-,False,False,False,lorenzo-colombo,14,46,44,45,46,63,58,66,69,66,72
77,74,77,80,81,91,80,74,78,76,74,65,76,75,68,70,64,62,62,76,80,76,76,70,72,68,63,64,60,8,7,14,5,13,68,72,70,80,77,72,10,2025-08-07,2030-06-01,0,47,Switzerland,Ardon,Jashari,Jashari,Ardon Jashari,2535,17206,17206,257186,2156,77,86,2002-07-30T00:00:00.000Z,22,131681,Milano FC,31,9,5,milano-fc,30,31,https://cmtracker.fra1.cdn.digitaloceanspaces.com/DB/26/heads/p257186.png,3,3,2,1524,1,Left,2,4,1,1,,181,81,Male,,,No,No,26500000,22500000,19000000,41000,35000,30000,"Long Ball Pass, Relentless",,76,66,71,75,70,83,CDM,CM,False,False,False,ardon-jashari,15,74,74,73,76,73,75,73,71,71,70
65,69,62,55,79,76,70,71,71,64,71,48,42,67,59,66,30,34,76,65,68,74,52,45,79,76,42,51,50,12,8,11,8,10,55,77,57,65,65,58,10,2025-08-13,2030-06-01,0,7,Belgium,Koni,De Winter,De Winter,Koni De Winter,19971,8795,8795,265774,1826,74,84,2002-06-12T00:00:00.000Z,23,131681,Milano FC,31,9,5,milano-fc,5,31,https://cmtracker.fra1.cdn.digitaloceanspaces.com/DB/26/heads/p265774.png,0,4,7,4001,5,Right,2,3,1,0,,191,78,Male,,,Yes,No,10500000,8500000,7500000,34000,28500,24500,,,67,45,53,64,75,74,CB,-,False,False,False,koni-de-winter,16,70,71,73,70,61,62,58,57,58,56
81,78,70,68,76,65,60,74,72,60,72,57,64,71,70,71,56,65,66,67,72,71,69,65,74,71,54,73,57,11,12,8,13,12,64,72,70,67,75,64,12,2024-01-08,2026-06-30,1,27,Italy,Filippo,Terracciano,Terracciano,Filippo Terracciano,11928,36052,36052,271579,2025,71,80,2003-02-08T00:00:00.000Z,22,131681,Milano FC,31,9,5,milano-fc,24,31,https://cmtracker.fra1.cdn.digitaloceanspaces.com/DB/26/heads/p271579.png,3,2,2,1502,4,Right,3,4,1,0,,186,68,Male,,,Yes,No,4600000,3900000,3400000,25000,21500,18500,,,80,60,69,69,71,68,CB,LB | RB | CM,False,False,False,filippo-terracciano,18,71,71,70,70,69,68,68,67,68,65
87,81,77,81,69,73,46,75,61,72,74,68,66,71,75,74,55,48,64,67,71,74,58,50,76,73,50,68,46,9,8,6,7,10,63,75,66,60,81,65,8,2023-07-01,2026-06-30,1,45,Spain,Alejandro,Jiménez Sánchez,Jiménez,Álex Jiménez,1433,17620,17612,278928,1990,76,83,2005-05-08T00:00:00.000Z,20,131681,Milano FC,31,9,5,milano-fc,20,13,https://cmtracker.fra1.cdn.digitaloceanspaces.com/DB/26/heads/p278928.png,3,3,2,2000,1,Right,2,4,1,2,,171,66,Male,,,No,No,16500000,14000000,12000000,32500,27500,23500,Quick Step,,84,55,66,75,72,62,RB,RM,False,False,False,alejandro-jimenez-sanchez,15,74,74,69,70,72,69,69,68,71,65
63,53,64,60,78,66,72,69,81,73,77,35,34,62,60,58,20,36,74,59,61,79,62,35,78,76,17,44,37,12,11,7,14,8,47,78,52,63,62,57,11,2021-08-18,2026-06-01,0,54,Brazil,Juan Guilherme,Nunes Jesus,Jesus,Juan Jesus,18151,27499,17481,200752,1735,75,75,1991-06-10T00:00:00.000Z,34,48,Napoli,31,8,9,napoli,5,31,https://cmtracker.fra1.cdn.digitaloceanspaces.com/DB/26/heads/p200752.png,0,9,6,1050,5,Left,2,3,1,0,,185,83,Male,,,Yes,No,2200000,1800000,1600000,80000,68000,58000,Long Ball Pass,,58,34,49,64,77,74,CB,-,True,False,False,juan-guilherme-nunes-jesus,17,67,69,74,68,54,56,50,50,51,50
84,86,76,68,79,69,66,80,71,75,77,77,76,80,82,80,64,52,68,72,78,76,72,72,78,74,65,73,59,11,13,12,14,15,72,76,72,72,79,73,13,2024-07-10,2026-06-01,0,27,Italy,Leonardo,Spinazzola,Spinazzola,Leonardo Spinazzola,21439,34722,34722,202884,2194,80,80,1993-03-25T00:00:00.000Z,32,48,Napoli,31,8,9,napoli,37,31,https://cmtracker.fra1.cdn.digitaloceanspaces.com/DB/26/heads/p202884.png,9,4,5,4,4,Right,4,4,3,2,,186,75,Male,,,Yes,No,17000000,14500000,12500000,110000,95000,81000,Rapid,,85,68,72,77,75,71,LB,LM,True,False,False,leonardo-spinazzola,20,78,77,74,75,78,76,77,76,78,73
87,77,79,73,77,54,58,66,60,66,40,70,58,75,68,77,71,58,68,58,72,22,75,75,35,35,67,74,64,15,7,10,8,7,70,31,69,68,77,60,10,2024-01-19,2026-06-30,1,7,Belgium,Cyril,Ngonge,Ngonge,Cyril Ngonge,8129,26987,26987,246457,1906,72,75,2000-05-26T00:00:00.000Z,25,48,Napoli,31,8,9,napoli,16,53,https://cmtracker.fra1.cdn.digitaloceanspaces.com/DB/26/heads/p246457.png,0,3,5,1016,1,Left,4,3,1,1,,179,67,Male,,,Yes,No,3700000,3100000,2700000,58000,49500,42500,Quick Step,,82,70,65,73,40,62,RM,ST | RW,True,False,False,cyril-ngonge,15,56,53,48,52,70,64,71,72,73,71
71,86,55,54,92,74,94,84,68,82,36,88,82,80,68,76,84,60,83,70,80,35,86,73,40,30,70,74,88,8,15,14,10,7,77,35,72,84,70,74,11,2024-08-29,2027-06-01,0,7,Belgium,Romelu,Lukaku,Lukaku,Romelu Lukaku,31691,22374,22374,192505,2117,84,84,1993-05-13T00:00:00.000Z,32,48,Napoli,31,8,9,napoli,9,31,https://cmtracker.fra1.cdn.digitaloceanspaces.com/DB/26/heads/p192505.png,0,9,10,1047,301,Left,3,4,3,1,,191,94,Male,,,Yes,No,40500000,34000000,29500000,175000,150000,130000,"Power Shot, Low Driven Shot, Incisive Pass, Press Proven, Enforcer",,79,82,72,72,45,82,ST,-,False,False,False,romelu-lukaku,18,60,58,57,61,78,74,79,81,78,82
65,66,68,66,70,66,74,89,73,87,65,81,92,89,93,85,78,83,55,93,92,65,90,87,70,55,81,93,83,15,13,5,13,10,80,64,89,78,71,81,12,2025-07-01,2027-06-01,0,7,Belgium,Kevin,De Bruyne,De Bruyne,Kevin De Bruyne,19357,8726,8726,192985,2310,87,87,1991-06-28T00:00:00.000Z,34,48,Napoli,31,8,9,napoli,11,31,https://cmtracker.fra1.cdn.digitaloceanspaces.com/DB/26/heads/p192985.png,2,8,2,6,321,Right,4,5,4,1,,181,75,Male,,,Yes,No,43500000,36500000,31500000,210000,175000,150000,"Dead Ball, Incisive Pass, Pinged Pass, Inventive",,66,83,91,81,62,71,CM,CAM,False,False,False,kevin-de-bruyne,20,75,71,68,77,84,85,85,83,83,79
81,79,90,88,53,78,39,84,66,80,67,79,80,84,80,81,78,77,40,76,82,67,78,80,58,50,75,79,70,11,12,6,11,8,71,59,80,66,85,74,10,2021-07-01,2027-06-01,0,27,Italy,Matteo,Politano,Politano,Matteo Politano,24222,29849,29849,216409,2167,81,81,1993-08-03T00:00:00.000Z,31,48,Napoli,31,8,9,napoli,21,31,https://cmtracker.fra1.cdn.digitaloceanspaces.com/DB/26/heads/p216409.png,0,4,3,2501,2,Left,4,4,3,0,,171,65,Male,,,Yes,No,25000000,21500000,18500000,135000,115000,97000,"Dead Ball, Gamechanger, Long Ball Pass, Whipped Pass, Inventive, Technical",,80,77,79,85,56,59,RW,RM,False,False,False,matteo-politano,18,73,69,60,70,80,78,81,80,81,74
76,67,75,85,65,88,61,81,76,77,80,76,82,85,75,81,68,55,45,85,85,78,69,77,81,75,43,75,56,10,7,16,14,13,64,78,77,72,77,75,12,2020-01-15,2027-06-01,0,43,Slovakia,Stanislav,Lobotka,Lobotka,Stanislav Lobotka,34807,21970,21970,216435,2182,83,83,1994-11-25T00:00:00.000Z,30,48,Napoli,31,8,9,napoli,68,31,https://cmtracker.fra1.cdn.digitaloceanspaces.com/DB/26/heads/p216435.png,5,2,3,47,8,Right,3,4,3,0,,170,68,Male,,,Yes,No,41000000,34500000,30000000,150000,125000,110000,"Long Ball Pass, Inventive, Anticipate, Technical, First Touch, Relentless",,72,65,76,81,72,73,CM,CDM,False,False,False,stanislav-lobotka,18,79,77,73,81,79,82,80,77,78,71
73,69,70,72,84,65,71,74,78,75,24,80,60,76,55,72,78,66,76,61,69,44,80,71,38,36,73,69,75,12,15,9,11,14,71,40,69,75,72,66,13,2023-07-01,2026-06-30,1,52,Argentina,Giovanni,Simeone,Simeone,Giovanni Simeone,13325,34111,34111,216816,1995,76,76,1995-07-05T00:00:00.000Z,29,48,Napoli,31,8,9,napoli,18,31,https://cmtracker.fra1.cdn.digitaloceanspaces.com/DB/26/heads/p216816.png,21,3,2,1519,2,Right,3,4,2,0,,181,81,Male,,,Yes,No,9000000,7500000,6500000,95000,80000,69000,,Career One Club Player,71,76,63,73,44,75,ST,-,False,False,False,giovanni-simeone,19,54,53,53,55,69,65,71,73,71,75
83,85,76,74,84,90,74,80,79,74,80,74,68,78,79,76,72,66,72,72,76,79,75,72,81,78,63,67,60,8,10,8,7,10,73,80,72,79,80,73,9,2019-07-01,2028-06-01,0,27,Italy,Giovanni,Di Lorenzo,Di Lorenzo,Giovanni Di Lorenzo,13325,9150,9150,217870,2230,83,83,1993-08-04T00:00:00.000Z,31,48,Napoli,31,8,9,napoli,22,31,https://cmtracker.fra1.cdn.digitaloceanspaces.com/DB/26/heads/p217870.png,3,7,2,52,2,Right,3,4,3,3,,183,82,Male,,,Yes,No,31000000,26500000,22500000,140000,120000,105000,"Long Ball Pass, First Touch, Relentless",Career Injury Prone,84,69,71,76,78,82,RB,CB | RM,False,False,False,giovanni-di-lorenzo,16,80,80,78,78,77,75,75,75,76,75
47,49,39,51,61,21,58,63,20,44,19,17,30,20,17,15,15,18,19,21,26,12,46,20,14,15,12,18,26,68,66,61,69,64,18,14,19,42,50,26,66,2015-07-01,2026-06-01,0,27,Italy,Nikita,Contini,Contini,Nikita Contini,27135,7681,7681,220532,1161,67,69,1996-05-21T00:00:00.000Z,29,48,Napoli,31,8,9,napoli,14,31,https://cmtracker.fra1.cdn.digitaloceanspaces.com/DB/26/heads/p220532.png,20,2,3,2008,5,Right,1,1,1,1,,190,85,Male,,,Yes,No,1000000,850000,725000,22000,18500,16000,,,48,23,22,39,16,40,GK,-,False,False,False,nikita-contini,66,24,24,25,24,26,24,26,27,26,28
41,45,38,38,67,33,73,72,34,65,21,12,58,18,18,15,20,40,12,30,31,11,63,20,15,19,16,40,24,79,77,84,79,81,20,15,29,52,47,36,80,2017-07-01,2026-06-30,1,51,Serbia,Vanja,Milinković-Savić,Vanja,Vanja Milinković-Savić,37595,25159,37595,224836,1389,79,81,1997-02-20T00:00:00.000Z,28,54,Torino,31,5,5,torino,32,31,https://cmtracker.fra1.cdn.digitaloceanspaces.com/DB/26/heads/p224836.png,6,5,3,30,4,Right,1,3,1,1,,202,99,Male,,,Yes,No,17500000,15000000,13000000,34000,28500,24500,Long Ball Pass,"GK Far Throw, GK Footwork",43,26,36,41,16,52,GK,-,False,False,False,vanja-milinkovic-savic,78,27,26,28,29,29,31,31,30,28,31
41,48,46,48,66,29,65,78,22,67,22,20,40,25,15,16,17,21,19,25,30,10,56,17,22,14,20,20,21,81,79,74,85,84,21,16,22,47,53,32,81,2019-07-01,2027-06-01,0,27,Italy,Alex,Meret,Meret,Alex Meret,1476,24831,24831,225116,1343,82,84,1997-03-22T00:00:00.000Z,28,48,Napoli,31,8,9,napoli,1,31,https://cmtracker.fra1.cdn.digitaloceanspaces.com/DB/26/heads/p225116.png,0,5,2,3513,4,Left,1,3,3,1,,192,82,Male,,,Yes,No,30500000,26000000,22500000,84000,72000,62000,,,45,25,25,47,17,46,GK,-,False,False,False,alex-meret,81,27,27,28,29,29,30,30,31,29,32
74,76,74,71,87,89,82,86,85,80,81,82,81,84,64,83,78,56,78,80,84,79,82,78,80,76,58,62,60,11,11,9,11,8,73,79,73,84,77,79,10,2022-07-01,2027-06-01,0,103,Cameroon,André-Franck,Zambo Anguissa,Anguissa,André-Franck Zambo Anguissa,2158,39957,2223,227236,2280,83,83,1995-11-16T00:00:00.000Z,29,48,Napoli,31,8,9,napoli,99,31,https://cmtracker.fra1.cdn.digitaloceanspaces.com/DB/26/heads/p227236.png,0,9,9,1000,2,Right,3,3,3,0,,184,83,Male,,,Yes,No,41500000,35500000,30500000,150000,125000,110000,"Precision Header, Aerial Fortress, Press Proven, Relentless",,75,73,71,80,79,86,CM,CAM,False,False,False,andre-franck-zambo-anguissa,18,79,79,80,82,80,82,81,81,79,80
87,85,92,82,67,69,59,80,53,85,48,78,79,85,74,86,76,52,45,69,78,48,79,75,45,38,74,79,69,14,10,5,6,13,70,44,75,70,86,69,10,2024-08-21,2028-06-01,0,54,Brazil,David,Neres Campos,Neres,David Neres,8642,26894,26893,236632,2084,81,81,1997-03-03T00:00:00.000Z,28,48,Napoli,31,8,9,napoli,7,31,https://cmtracker.fra1.cdn.digitaloceanspaces.com/DB/26/heads/p236632.png,0,9,7,1007,2,Left,5,3,3,0,,175,69,Male,,,Yes,No,30500000,26000000,22500000,135000,115000,97000,"Power Shot, Gamechanger, Whipped Pass, Inventive, Technical, Trickster, Quick Step",,86,75,72,85,45,62,LW,LM,False,False,False,david-neres-campos,18,65,61,53,62,79,74,80,80,81,75
70,80,65,58,86,92,82,86,84,80,81,87,79,85,66,84,84,60,81,81,84,78,86,81,81,75,76,69,60,9,6,6,11,10,79,78,76,86,72,79,9,2024-08-30,2029-06-01,0,42,Scotland,Scott,McTominay,McTominay,Scott McTominay,33183,24586,24586,237238,2303,85,85,1996-12-08T00:00:00.000Z,28,48,Napoli,31,8,9,napoli,8,31,https://cmtracker.fra1.cdn.digitaloceanspaces.com/DB/26/heads/p237238.png,12,2,1,1517,5,Right,3,3,3,1,,193,88,Male,,,Yes,No,63500000,54000000,46500000,175000,150000,130000,"Precision Header, Low Driven Shot, Incisive Pass, Aerial Fortress, Technical, Enforcer",,75,79,73,76,79,86,CM,CAM | LM | CDM,False,False,False,scott-mctominay,17,80,79,80,82,81,83,82,83,80,83
74,75,71,63,70,80,66,68,45,68,68,69,66,74,75,76,68,53,55,62,72,69,65,70,74,72,61,72,58,5,6,8,13,10,67,72,68,71,71,63,9,2018-07-01,2026-06-30,1,27,Italy,Alessio,Zerbin,Zerbin,Alessio Zerbin,1473,40107,40107,237669,2001,73,73,1999-03-03T00:00:00.000Z,26,48,Napoli,31,8,9,napoli,7,31,https://cmtracker.fra1.cdn.digitaloceanspaces.com/DB/26/heads/p237669.png,5,2,2,4016,2,Right,3,3,1,1,,182,80,Male,,,Yes,No,3900000,3300000,2900000,67000,57000,48500,Technical,,75,65,67,70,68,65,RM,LM | LB | RB,False,False,False,alessio-zerbin,15,72,71,67,68,72,70,70,70,72,68
84,76,87,83,68,78,60,82,74,83,57,75,77,84,69,84,80,57,49,68,77,47,74,76,51,43,80,75,73,13,7,13,12,12,71,47,74,72,83,74,12,2025-07-17,2026-06-30,1,34,Holland,Noa,Lang,Lang,Noa Lang,27291,20906,20906,239380,2128,80,81,1999-06-17T00:00:00.000Z,26,48,Napoli,31,8,9,napoli,77,68,https://cmtracker.fra1.cdn.digitaloceanspaces.com/DB/26/heads/p239380.png,5,2,4,4010,1,Right,5,3,1,0,,179,69,Male,,,Yes,No,29500000,25000000,21500000,120000,100000,87000,"Gamechanger, Incisive Pass, Technical, First Touch, Quick Step",,80,76,71,84,49,70,LW,LM,False,False,False,noa-lang,18,67,63,57,66,78,75,79,79,79,75
75,76,69,70,71,60,64,64,71,66,69,68,66,75,73,74,58,59,59,69,73,68,63,57,70,69,58,69,58,12,14,13,11,8,65,69,70,63,71,67,12,2024-01-05,2027-06-01,0,27,Italy,Pasquale,Mazzocchi,Mazzocchi,Pasquale Mazzocchi,28921,24384,24384,239679,1999,71,71,1995-07-27T00:00:00.000Z,29,48,Napoli,31,8,9,napoli,30,31,https://cmtracker.fra1.cdn.digitaloceanspaces.com/DB/26/heads/p239679.png,3,4,3,1528,2,Right,3,3,1,2,3550000.0,180,74,Male,,,Yes,No,1900000,1600000,1400000,55000,46500,40000,,,76,60,68,70,67,67,RB,RM,False,False,False,pasquale-mazzocchi,17,69,69,68,69,70,68,69,68,70,65
69,71,65,48,72,78,67,77,80,68,79,64,62,75,75,73,50,41,68,69,73,78,56,48,78,75,38,67,42,14,14,12,15,13,61,77,65,65,66,66,14,2022-07-01,2027-06-01,0,60,Uruguay,Mathías,Olivera,M. Olivera,Mathías Olivera,24177,28024,22675,240716,1974,77,77,1997-10-31T00:00:00.000Z,27,48,Napoli,31,8,9,napoli,17,31,https://cmtracker.fra1.cdn.digitaloceanspaces.com/DB/26/heads/p240716.png,0,4,4,1530,2,Left,3,3,1,2,,184,78,Male,,,Yes,No,12000000,10000000,8500000,86000,73000,63000,"Block, Bruiser",,70,50,65,68,76,74,LB,CM,False,False,False,mathias-olivera,20,75,75,75,75,70,70,67,66,68,63
77,68,83,68,72,75,64,76,68,70,69,75,77,81,68,81,70,54,58,74,78,62,78,72,67,62,58,64,58,8,5,14,15,6,67,64,71,73,75,70,10,2024-01-01,2026-06-30,1,19,North Macedonia,Eljif,Elmas,Elmas,Eljif Elmas,10622,10646,10646,241390,2075,77,77,1999-09-24T00:00:00.000Z,25,112172,RB Leipzig,19,8,10,rb-leipzig,20,31,https://cmtracker.fra1.cdn.digitaloceanspaces.com/DB/26/heads/p241390.png,6,3,2,1502,2,Right,4,4,2,1,,184,80,Male,,,Yes,No,14000000,11500000,10000000,53000,44500,38500,Technical,,73,69,69,77,64,70,LM,CAM | LW,False,False,False,eljif-elmas,16,71,69,66,71,75,76,77,76,75,72
65,72,59,58,83,78,78,84,83,77,85,40,66,71,63,60,36,43,80,70,74,87,65,47,84,78,46,52,49,13,11,7,12,11,60,83,60,71,68,67,11,2024-07-13,2029-06-01,0,27,Italy,Alessandro,Buongiorno,Buongiorno,Alessandro Buongiorno,1470,5749,5749,243241,1987,82,86,1999-06-06T00:00:00.000Z,26,48,Napoli,31,8,9,napoli,4,31,https://cmtracker.fra1.cdn.digitaloceanspaces.com/DB/26/heads/p243241.png,3,4,3,57,5,Left,2,3,3,0,,190,86,Male,,,Yes,No,44000000,37500000,32000000,125000,105000,90000,"Block, Intercept",,69,47,61,68,83,81,CB,-,False,False,False,alessandro-buongiorno,19,76,77,81,78,64,69,63,61,61,60
54,82,48,52,81,71,80,80,81,70,85,49,48,71,49,59,43,41,81,68,74,87,60,66,82,80,39,49,34,12,8,13,7,8,58,83,58,72,64,62,10,2020-01-20,2027-06-01,0,219,Kosovo,Amir,Rrahmani,Rrahmani,Amir Rrahmani,1909,31889,31889,244263,1912,83,83,1994-02-24T00:00:00.000Z,31,48,Napoli,31,8,9,napoli,13,31,https://cmtracker.fra1.cdn.digitaloceanspaces.com/DB/26/heads/p244263.png,6,5,3,602,5,Right,2,4,3,1,,192,75,Male,,,Yes,No,29500000,25000000,21500000,140000,120000,105000,"Long Ball Pass, Block, Slide Tackle, Aerial Fortress",,68,49,55,63,83,78,CB,-,False,False,False,amir-rrahmani,16,73,75,81,76,62,67,61,61,60,62
64,65,70,70,75,75,76,72,74,75,72,69,73,78,58,74,60,44,66,74,75,75,74,64,72,67,50,64,45,6,12,12,7,6,62,72,67,73,69,68,9,2023-08-10,2026-06-30,1,46,Sweden,Jens-Lys,Cajuste,Cajuste,Jens-Lys Cajuste,17399,6089,6089,244472,2013,75,78,1999-08-10T00:00:00.000Z,25,48,Napoli,31,8,9,napoli,12,14,https://cmtracker.fra1.cdn.digitaloceanspaces.com/DB/26/heads/p244472.png,0,9,6,1004,5,Right,3,4,1,1,,188,77,Male,,,No,No,8000000,6500000,6000000,73000,62000,53000,Long Throw,,65,60,65,73,70,75,CDM,CM,False,False,False,jens-lys-cajuste,15,70,70,72,73,70,73,71,70,69,68
84,80,76,78,60,68,51,70,72,70,40,72,75,77,74,77,70,72,44,67,70,46,75,69,44,39,58,72,52,11,12,14,8,13,64,43,73,65,78,64,12,2023-08-29,2026-06-30,1,13,Denmark,Jesper,Lindstrøm,Lindstrøm,Jesper Lindstrøm,17466,21764,21764,245741,1960,75,78,2000-02-29T00:00:00.000Z,25,48,Napoli,31,8,9,napoli,19,19,https://cmtracker.fra1.cdn.digitaloceanspaces.com/DB/26/heads/p245741.png,5,2,2,34,1,Right,3,3,2,1,,182,63,Male,,,No,No,9000000,7500000,6500000,76000,65000,56000,"Finesse Shot, Technical, Quick Step",,82,66,72,75,43,63,RM,LM | RW,False,False,False,jesper-lindstrom,17,61,58,51,58,74,68,73,73,74,69
69,52,75,81,56,66,49,75,73,77,72,58,75,77,65,76,53,55,50,77,82,70,63,60,74,67,58,65,65,9,7,9,12,13,62,71,70,59,71,70,10,2024-08-30,2029-06-01,0,42,Scotland,Billy,Gilmour,Gilmour,Billy Gilmour,4590,13292,13292,245992,1985,74,79,2001-06-11T00:00:00.000Z,24,48,Napoli,31,8,9,napoli,6,31,https://cmtracker.fra1.cdn.digitaloceanspaces.com/DB/26/heads/p245992.png,3,4,3,17,7,Right,3,3,1,0,,170,66,Male,,,Yes,No,7500000,6500000,5500000,64000,54000,46500,,Career One Club Player,61,60,70,77,67,61,CM,CDM,False,False,False,billy-gilmour,17,70,69,67,73,70,74,71,68,69,62
84,86,64,62,90,70,82,74,82,72,28,79,60,74,38,75,79,48,72,49,72,32,84,70,28,19,68,60,71,12,8,9,7,14,66,27,62,80,74,66,10,2023-08-05,2026-06-30,1,13,Denmark,Rasmus,Højlund,Højlund,Rasmus Højlund,30832,15951,15951,259399,1922,77,83,2003-02-04T00:00:00.000Z,22,11,Manchester United,13,7,6,manchester-united,19,31,https://cmtracker.fra1.cdn.digitaloceanspaces.com/DB/26/heads/p259399.png,2,2,2,1548,5,Left,3,3,1,0,,191,79,Male,,,Yes,No,20000000,17000000,14500000,92000,78000,67000,"Rapid, Quick Step",,85,75,55,70,36,81,ST,-,False,False,False,rasmus-hojlund,17,52,49,50,52,70,64,71,75,71,77
82,80,82,75,78,85,66,80,73,75,77,81,80,82,84,81,72,45,68,76,82,76,76,66,78,76,60,83,62,14,10,8,10,6,74,77,74,75,80,75,10,2025-08-21,2030-06-01,0,45,Spain,Miguel,Gutiérrez Ortega,M. Gutiérrez,Miguel Gutiérrez,25028,14162,46935,261865,2229,81,85,2001-07-27T00:00:00.000Z,23,48,Napoli,31,8,9,napoli,3,31,https://cmtracker.fra1.cdn.digitaloceanspaces.com/DB/26/heads/p261865.png,0,3,2,2019,1,Left,2,3,3,2,,180,73,Male,,,Yes,No,40500000,34500000,29500000,99000,84000,72000,Low Driven Shot,,81,70,75,79,75,76,LB,LM,False,False,False,miguel-gutierrez-ortega,17,80,79,75,78,80,79,79,78,79,76
42,54,52,59,74,79,74,78,80,72,81,57,57,67,42,59,50,50,80,74,73,80,67,61,80,76,35,47,47,12,11,7,13,6,56,79,60,71,57,66,10,2025-07-20,2030-06-01,0,34,Holland,Sam,Beukema,Beukema,Sam Beukema,32504,4458,4458,262394,1896,77,80,1998-11-17T00:00:00.000Z,26,48,Napoli,31,8,9,napoli,31,31,https://cmtracker.fra1.cdn.digitaloceanspaces.com/DB/26/heads/p262394.png,3,2,1,1532,4,Right,2,3,1,0,,188,77,Male,,,Yes,No,14500000,12000000,10500000,86000,73000,63000,"Long Ball Pass, Block",,48,53,57,65,79,77,CB,-,False,False,False,sam-beukema,17,69,70,77,75,60,68,62,61,58,62
78,80,68,49,85,70,83,72,59,67,29,73,66,68,66,67,72,47,67,62,67,41,75,68,41,34,65,49,74,5,6,14,14,10,68,39,59,77,70,62,10,2023-08-20,2026-06-30,1,129,Morocco,Walid,Cheddira,Cheddira,Walid Cheddira,38416,6980,6980,268511,1891,72,72,1998-01-22T00:00:00.000Z,27,48,Napoli,31,8,9,napoli,99,31,https://cmtracker.fra1.cdn.digitaloceanspaces.com/DB/26/heads/p268511.png,0,4,5,68,6,Right,3,4,1,0,,187,80,Male,,,Yes,No,3000000,2500000,2200000,66000,56000,48000,,,79,71,60,65,42,74,ST,-,False,False,False,walid-cheddira,15,56,54,52,54,69,64,68,70,70,71
77,79,68,55,75,73,68,70,66,68,69,71,59,72,70,71,59,42,60,67,68,68,50,48,74,70,42,63,52,14,7,13,11,10,60,71,63,63,70,65,11,2020-09-01,2026-06-30,1,27,Italy,Alessandro,Zanoli,Zanoli,Alessandro Zanoli,1470,39986,39986,268656,1929,73,77,2000-10-03T00:00:00.000Z,24,48,Napoli,31,8,9,napoli,59,31,https://cmtracker.fra1.cdn.digitaloceanspaces.com/DB/26/heads/p268656.png,19,4,1,50,4,Right,3,3,1,2,,188,76,Male,,,Yes,No,4800000,4100000,3500000,55000,46500,40000,Whipped Pass,,78,54,62,67,68,71,RB,RM,False,False,False,alessandro-zanoli,17,71,70,69,69,69,67,67,67,68,64
69,76,68,60,82,78,79,75,78,70,71,78,72,76,63,75,71,68,73,73,75,66,85,78,72,69,78,65,65,14,12,10,8,12,72,69,72,81,70,73,12,2019-07-15,2026-06-30,1,27,Italy,Michael,Folorunsho,Folorunsho,Michael Folorunsho,24969,12109,12109,268683,2164,75,75,1998-02-07T00:00:00.000Z,27,48,Napoli,31,8,9,napoli,90,31,https://cmtracker.fra1.cdn.digitaloceanspaces.com/DB/26/heads/p268683.png,0,9,7,5001,5,Right,3,4,1,0,,190,92,Male,,,Yes,No,7000000,6000000,5000000,80000,68000,58000,Precision Header,,73,76,69,71,70,79,CM,CAM | CDM,False,False,False,michael-folorunsho,18,71,71,72,73,73,74,74,75,73,75
69,70,65,62,79,73,75,75,75,68,74,54,64,71,47,48,25,40,71,66,75,74,31,22,79,74,25,33,48,7,7,13,9,11,49,76,52,56,69,64,10,2024-07-10,2026-06-30,1,45,Spain,Rafael,Marín Zamora,Rafa Marín,Rafa Marín,30555,24025,30547,277244,1779,75,83,2002-05-19T00:00:00.000Z,23,48,Napoli,31,8,9,napoli,4,53,https://cmtracker.fra1.cdn.digitaloceanspaces.com/DB/26/heads/p277244.png,3,4,4,28,4,Right,2,3,1,0,,191,83,Male,,,Yes,No,14000000,11500000,10000000,66000,56000,48000,,,70,34,54,65,74,76,CB,-,False,False,False,rafael-marin-zamora,16,69,71,74,73,60,65,60,56,56,53
53,53,62,64,70,55,72,74,69,72,74,56,62,73,72,69,56,54,69,73,72,75,70,58,76,74,46,72,54,8,13,15,7,14,63,75,69,65,62,65,12,2019-08-08,2026-06-01,0,46,Sweden,Emil,Krafth,Krafth,Emil Krafth,10742,20186,20186,207650,1956,72,72,1994-08-02T00:00:00.000Z,30,13,Newcastle United,13,8,10,newcastle-united,17,13,https://cmtracker.fra1.cdn.digitaloceanspaces.com/DB/26/heads/p207650.png,5,8,2,9,2,Right,2,3,1,2,,184,83,Male,,,Yes,No,2400000,2000000,1700000,0,0,0,Long Throw,,53,57,68,69,74,67,RB,CB | RM,True,False,False,emil-krafth,17,69,69,72,71,65,68,65,64,64,63
69,78,68,66,90,89,90,84,91,82,84,79,79,82,73,83,75,38,82,77,81,79,84,63,84,77,60,63,61,9,13,8,13,13,75,80,69,84,73,80,12,2019-07-23,2028-06-01,0,54,Brazil,Joelinton,Apolinário de Lira,Joelinton,Joelinton,17758,2440,17758,223334,2267,81,81,1996-08-14T00:00:00.000Z,28,13,Newcastle United,13,8,10,newcastle-united,7,13,https://cmtracker.fra1.cdn.digitaloceanspaces.com/DB/26/heads/p223334.png,15,3,6,3001,6,Right,3,3,3,0,,186,81,Male,,,Yes,No,30500000,25500000,22000000,0,0,0,"Aerial Fortress, Press Proven, Relentless, Bruiser, Enforcer",Career Injury Prone,74,70,69,78,81,90,CM,CDM,True,False,False,joelinton-apolinario-de-lira,19,80,80,83,82,79,80,78,79,77,79
47,50,53,49,66,40,64,73,35,60,24,18,65,36,15,23,14,16,15,55,56,24,60,15,16,15,16,17,25,77,76,80,79,74,24,19,30,49,55,38,78,2024-08-30,2026-06-30,1,14,England,Aaron,Ramsdale,Ramsdale,Aaron Ramsdale,175,30726,30726,233934,1448,77,79,1998-05-14T00:00:00.000Z,27,17,Southampton,14,10,7,southampton,32,13,https://cmtracker.fra1.cdn.digitaloceanspaces.com/DB/26/heads/p233934.png,1,2,1,1540,4,Right,1,3,3,1,,190,77,Male,,,Yes,No,11500000,9500000,8500000,39500,33500,28500,,"GK Cross Claimer, GK Deflector",49,25,37,49,19,51,GK,-,True,False,False,aaron-ramsdale,76,33,31,31,39,38,43,42,38,35,34
80,79,76,77,84,89,82,83,84,84,84,76,79,84,78,78,69,81,70,83,86,81,85,77,82,81,76,75,64,13,9,8,7,7,76,82,81,84,79,79,9,2023-07-03,2029-06-01,0,27,Italy,Sandro,Tonali,Tonali,Sandro Tonali,32655,36604,36604,241096,2351,85,87,2000-05-08T00:00:00.000Z,25,13,Newcastle United,13,8,10,newcastle-united,8,13,https://cmtracker.fra1.cdn.digitaloceanspaces.com/DB/26/heads/p241096.png,3,3,2,2015,281,Right,3,4,3,2,,181,79,Male,,,Yes,No,71500000,60500000,52000000,0,0,0,"Pinged Pass, Slide Tackle, Relentless, Enforcer",,80,75,80,80,80,85,CDM,CM,True,False,False,sandro-tonali,17,82,81,81,83,80,82,80,79,78,77
66,66,73,79,75,90,76,85,86,88,82,77,86,86,77,86,73,63,66,88,88,78,76,82,82,81,65,83,65,7,11,15,11,11,74,81,82,80,74,81,11,2022-01-31,2028-06-01,0,54,Brazil,Bruno,Guimarães Moura,Bruno G.,Bruno Guimarães,5590,14009,5596,247851,2323,86,86,1997-11-16T00:00:00.000Z,27,13,Newcastle United,13,8,10,newcastle-united,39,13,https://cmtracker.fra1.cdn.digitaloceanspaces.com/DB/26/heads/p247851.png,19,3,5,3003,1,Right,3,2,4,1,,182,74,Male,,,Yes,No,85000000,72000000,62000000,0,0,0,"Gamechanger, Incisive Pass, Long Ball Pass, Inventive, Press Proven, Relentless",Career One Club Player,66,73,81,83,78,82,CM,CDM,True,False,False,bruno-guimaraes-moura,18,81,80,79,84,81,85,82,80,80,76
34,37,22,21,60,34,70,68,24,53,22,15,39,23,14,11,7,13,12,23,25,11,50,15,11,11,11,13,18,66,69,66,67,68,14,11,17,46,37,29,68,2024-07-01,2026-06-01,0,14,England,John,Ruddy,Ruddy,John Ruddy,17777,31935,31935,163600,1103,68,68,1986-10-24T00:00:00.000Z,38,13,Newcastle United,13,8,10,newcastle-united,26,13,https://cmtracker.fra1.cdn.digitaloceanspaces.com/DB/26/heads/p163600.png,2,2,2,39,6,Right,1,3,1,1,,193,97,Male,,,Yes,No,160000,130000,120000,0,0,0,,"GK Far Throw, GK Cross Claimer, Career Injury Prone",36,19,21,33,13,47,GK,-,False,False,False,john-ruddy,67,24,23,25,26,25,27,25,26,23,26
66,63,65,79,77,71,66,79,76,79,78,74,80,78,88,76,54,84,76,81,79,78,81,71,79,78,58,86,66,11,14,8,10,11,71,79,81,74,71,76,11,2022-01-07,2026-06-01,0,14,England,Kieran,Trippier,Trippier,Kieran Trippier,19502,36841,36841,186345,2220,79,79,1990-09-19T00:00:00.000Z,34,13,Newcastle United,13,8,10,newcastle-united,2,13,https://cmtracker.fra1.cdn.digitaloceanspaces.com/DB/26/heads/p186345.png,5,1,2,4003,2,Right,3,4,3,2,,173,71,Male,,,Yes,No,7500000,6500000,5500000,0,0,0,"Dead Ball, Long Ball Pass, Whipped Pass, Long Throw",,65,67,83,76,78,73,RB,RM,False,False,False,kieran-trippier,18,77,76,76,77,75,77,74,73,73,70
34,49,32,32,71,78,90,79,86,76,78,61,61,69,68,69,26,46,80,69,75,81,60,29,80,80,22,49,48,15,13,7,10,8,55,81,61,66,46,69,11,2022-01-31,2027-06-01,0,14,England,Dan,Burn,Burn,Dan Burn,8446,5790,5790,198032,1831,80,80,1992-05-09T00:00:00.000Z,33,13,Newcastle United,13,8,10,newcastle-united,33,13,https://cmtracker.fra1.cdn.digitaloceanspaces.com/DB/26/heads/p198032.png,2,6,2,1517,4,Left,2,3,2,0,,201,104,Male,,,Yes,No,12000000,10000000,8500000,0,0,0,"Precision Header, Aerial Fortress, Long Throw",,42,41,61,60,80,81,CB,LB,False,False,False,dan-burn,18,72,72,79,76,63,68,60,59,58,58
32,33,30,38,55,20,61,54,26,48,20,11,42,28,13,17,16,15,11,35,34,12,45,12,11,19,12,12,19,63,61,60,64,61,18,14,22,39,38,28,62,2020-07-27,2026-06-01,0,14,England,Mark,Gillespie,Gillespie,Mark Gillespie,23771,13279,13279,198039,1090,62,62,1992-03-27T00:00:00.000Z,33,13,Newcastle United,13,8,10,newcastle-united,29,13,https://cmtracker.fra1.cdn.digitaloceanspaces.com/DB/26/heads/p198039.png,12,8,1,34,5,Right,1,3,1,1,,192,83,Male,,,No,No,150000,130000,110000,0,0,0,,,33,19,25,36,15,41,GK,-,False,False,False,mark-gillespie,61,23,23,24,27,26,29,28,27,25,26
50,47,36,42,71,35,75,78,36,63,23,13,50,25,11,15,14,12,11,52,42,19,51,15,15,14,14,13,22,81,80,68,82,77,19,16,24,50,51,35,78,2022-06-23,2027-06-01,0,14,England,Nick,Pope,Pope,Nick Pope,27042,29909,29909,203841,1352,80,80,1992-04-19T00:00:00.000Z,33,13,Newcastle United,13,8,10,newcastle-united,1,13,https://cmtracker.fra1.cdn.digitaloceanspaces.com/DB/26/heads/p203841.png,3,8,2,17,5,Right,1,3,3,1,,199,90,Male,,,Yes,No,8000000,7000000,6000000,0,0,0,,"GK Far Throw, GK Footwork",49,22,30,43,16,54,GK,-,False,False,False,nick-pope,79,29,28,30,35,32,36,34,32,29,31
80,83,74,75,68,82,69,81,56,78,65,80,81,80,84,82,80,68,45,66,78,61,84,74,66,55,51,83,66,13,16,13,6,10,68,61,76,76,79,71,12,2017-07-19,2027-06-01,0,14,England,Jacob,Murphy,Murphy,Jacob Murphy,16880,26105,26105,206085,2153,80,80,1995-02-24T00:00:00.000Z,30,13,Newcastle United,13,8,10,newcastle-united,23,13,https://cmtracker.fra1.cdn.digitaloceanspaces.com/DB/26/heads/p206085.png,0,3,5,1016,2,Right,3,4,3,0,,179,74,Male,,,Yes,No,24000000,20500000,17500000,0,0,0,Whipped Pass,,82,73,77,78,58,69,RW,RM,False,False,False,jacob-murphy,19,73,70,63,70,80,76,79,79,80,75
50,51,53,64,80,78,80,83,80,82,85,64,79,78,67,74,60,69,82,83,80,85,80,74,84,80,64,65,78,8,9,11,15,10,71,83,74,79,61,78,11,2018-07-26,2026-06-01,0,47,Switzerland,Fabian,Schär,Schär,Fabian Schär,11362,33162,33162,210047,2185,82,82,1991-12-20T00:00:00.000Z,33,13,Newcastle United,13,8,10,newcastle-united,5,13,https://cmtracker.fra1.cdn.digitaloceanspaces.com/DB/26/heads/p210047.png,23,3,2,1503,5,Right,2,3,3,0,,188,84,Male,,,Yes,No,17000000,14500000,12500000,0,0,0,"Power Shot, Precision Header, Long Ball Pass, Intercept",,51,70,74,72,83,80,CB,-,False,False,False,fabian-schar,18,76,76,81,81,71,78,73,71,69,70
41,43,61,37,71,37,67,76,32,56,23,14,46,23,15,13,12,13,13,24,27,17,55,16,14,12,14,17,18,78,77,73,78,76,17,15,18,50,52,32,77,2024-07-01,2026-06-30,1,22,Greece,Odysseas,Vlachodimos,Odysseas,Odysseas Vlachodimos,27817,38172,27817,211990,1289,78,78,1994-04-26T00:00:00.000Z,31,13,Newcastle United,13,8,10,newcastle-united,1,53,https://cmtracker.fra1.cdn.digitaloceanspaces.com/DB/26/heads/p211990.png,0,4,2,2015,5,Right,1,3,1,1,,188,78,Male,,,Yes,No,9000000,7500000,6500000,0,0,0,,,42,22,24,44,16,52,GK,-,False,False,False,odysseas-vlachodimos,76,27,26,28,29,28,29,29,29,27,29
63,61,62,63,69,57,64,70,63,66,75,62,62,71,79,69,39,68,66,65,71,74,65,44,72,69,40,76,51,10,15,8,14,11,59,72,70,60,64,64,12,2022-06-10,2026-06-30,1,14,England,Matt,Targett,Targett,Matt Targett,24219,35804,35804,218659,1914,72,72,1995-09-18T00:00:00.000Z,29,13,Newcastle United,13,8,10,newcastle-united,3,14,https://cmtracker.fra1.cdn.digitaloceanspaces.com/DB/26/heads/p218659.png,5,1,1,2027,2,Left,3,2,1,2,,183,70,Male,,,Yes,No,2400000,2100000,1800000,0,0,0,,,62,50,70,67,71,63,LB,LM | CB,False,False,False,matt-targett,18,70,69,69,69,66,65,63,62,64,60
80,85,78,77,70,74,71,79,53,77,43,81,80,82,75,82,82,69,46,68,76,44,82,83,43,40,68,79,65,6,5,11,10,8,70,43,76,76,80,67,8,2023-07-23,2028-06-01,0,14,England,Harvey,Barnes,Barnes,Harvey Barnes,14791,3716,3716,234742,2072,80,80,1997-12-09T00:00:00.000Z,27,13,Newcastle United,13,8,10,newcastle-united,11,13,https://cmtracker.fra1.cdn.digitaloceanspaces.com/DB/26/heads/p234742.png,5,2,2,47,2,Right,3,4,2,0,,182,72,Male,,,Yes,No,26500000,22500000,19500000,0,0,0,Finesse Shot,,83,77,75,79,43,67,LW,RW | LM,False,False,False,harvey-barnes,15,64,60,53,61,79,74,79,80,80,77
83,87,83,73,86,78,68,84,67,74,31,85,72,80,72,80,85,54,81,61,76,25,82,76,24,19,85,57,79,14,7,6,15,8,80,23,67,78,82,68,10,2025-09-01,2029-06-01,0,110,Congo DR,Yoane,Wissa,Wissa,Yoane Wissa,39584,38895,38895,234824,2057,82,82,1996-09-03T00:00:00.000Z,28,13,Newcastle United,13,8,10,newcastle-united,9,13,https://cmtracker.fra1.cdn.digitaloceanspaces.com/DB/26/heads/p234824.png,0,9,10,1033,1,Right,3,3,3,0,,176,74,Male,,,Yes,No,37000000,31000000,27000000,0,0,0,"Acrobatic, Low Driven Shot, Gamechanger, Rapid",,85,82,65,79,36,75,ST,-,False,False,False,yoane-wissa,18,58,54,48,54,78,71,78,81,80,81
74,75,79,67,75,71,65,75,70,76,76,75,79,78,67,81,74,46,70,74,78,70,76,67,75,63,66,70,62,11,6,12,9,8,71,70,70,71,74,73,10,2021-08-13,2027-06-01,0,14,England,Joe,Willock,Willock,Joe Willock,17746,38832,38832,237329,2120,76,78,1999-08-20T00:00:00.000Z,25,13,Newcastle United,13,8,10,newcastle-united,28,13,https://cmtracker.fra1.cdn.digitaloceanspaces.com/DB/26/heads/p237329.png,0,9,8,1033,4,Right,3,3,1,0,,186,71,Male,,,Yes,No,11000000,9500000,8000000,0,0,0,Finesse Shot,,75,70,69,76,71,70,CM,CAM,False,False,False,joe-willock,15,72,72,71,73,75,76,76,76,75,74
89,92,78,71,75,87,61,82,80,80,40,80,79,82,80,84,78,66,59,66,78,49,80,76,56,48,74,82,80,5,6,14,8,7,74,51,76,76,83,74,8,2023-01-29,2030-06-01,0,14,England,Anthony,Gordon,Gordon,Anthony Gordon,2322,13617,13617,242964,2172,82,85,2001-02-24T00:00:00.000Z,24,13,Newcastle United,13,8,10,newcastle-united,10,13,https://cmtracker.fra1.cdn.digitaloceanspaces.com/DB/26/heads/p242964.png,2,2,3,3513,1,Right,3,3,3,0,,183,72,Male,,,Yes,No,49000000,41500000,36000000,0,0,0,"Finesse Shot, Whipped Pass, Rapid, Quick Step",,91,78,75,80,50,76,LW,RW | LM,False,False,False,anthony-gordon,15,69,66,59,65,81,75,80,81,81,77
76,77,79,84,72,79,68,79,73,78,67,78,76,78,71,81,77,54,56,74,78,69,78,75,73,64,65,73,53,14,9,8,12,6,70,69,72,75,79,71,10,2025-08-17,2030-06-01,0,14,England,Jacob,Ramsey,J.Ramsey,Jacob Ramsey,16880,30729,46688,246923,2154,77,81,2001-05-21T00:00:00.000Z,24,13,Newcastle United,13,8,10,newcastle-united,41,13,https://cmtracker.fra1.cdn.digitaloceanspaces.com/DB/26/heads/p246923.png,3,3,5,1004,2,Right,3,4,1,0,,180,72,Male,,,Yes,No,17500000,15000000,13000000,0,0,0,Rapid,Career Injury Prone,77,71,71,80,66,73,CM,LW | CAM,False,False,False,jacob-ramsey,17,73,71,69,73,77,76,77,77,77,74
48,63,50,34,82,66,89,80,84,76,82,45,59,74,43,63,24,28,81,75,77,84,65,37,83,82,27,46,37,12,9,8,14,6,51,83,58,68,55,64,10,2022-07-01,2030-06-01,0,34,Holland,Sven,Botman,Botman,Sven Botman,35305,5178,5178,251809,1833,82,85,2000-01-12T00:00:00.000Z,25,13,Newcastle United,13,8,10,newcastle-united,4,13,https://cmtracker.fra1.cdn.digitaloceanspaces.com/DB/26/heads/p251809.png,6,2,2,4008,5,Left,2,3,3,0,,193,81,Male,,,Yes,No,42500000,36000000,31000000,0,0,0,"Long Ball Pass, Jockey, Bruiser",,56,39,55,63,82,80,CB,-,False,False,False,sven-botman,17,71,73,82,78,60,68,61,59,56,58
72,78,67,54,90,76,83,81,77,80,82,44,69,76,55,72,43,44,82,78,81,81,56,46,82,81,44,58,64,10,6,15,9,11,61,82,66,71,71,70,11,2025-08-12,2029-06-01,0,21,Germany,Malick,Thiaw,Thiaw,Malick Thiaw,23257,36187,36187,256261,2047,81,85,2001-08-08T00:00:00.000Z,23,13,Newcastle United,13,8,10,newcastle-united,12,13,https://cmtracker.fra1.cdn.digitaloceanspaces.com/DB/26/heads/p256261.png,0,9,6,1036,4,Right,2,4,3,0,,194,89,Male,,,Yes,No,39000000,33000000,28500000,0,0,0,Slide Tackle,,75,50,64,72,82,82,CB,-,False,False,False,malick-thiaw,17,76,77,81,79,69,73,68,65,66,63
93,91,85,79,84,75,72,78,40,77,31,78,76,78,79,81,72,66,67,64,74,38,72,67,38,33,64,79,56,13,5,13,10,8,72,37,74,74,86,60,10,2025-07-11,2030-06-01,0,46,Sweden,Anthony,Elanga,Elanga,Anthony Elanga,2322,10522,10522,257470,2036,79,82,2002-04-27T00:00:00.000Z,23,13,Newcastle United,13,8,10,newcastle-united,20,13,https://cmtracker.fra1.cdn.digitaloceanspaces.com/DB/26/heads/p257470.png,0,9,8,1033,1,Right,3,5,3,0,,178,70,Male,,,Yes,No,28500000,24000000,20500000,0,0,0,"Low Driven Shot, Rapid, Quick Step, Enforcer",,92,68,73,80,41,68,RW,RM,False,False,False,anthony-elanga,16,62,59,50,56,78,70,77,77,79,75
80,84,76,79,75,79,71,78,74,79,78,72,68,78,79,80,49,51,56,62,77,77,61,46,80,78,41,80,41,10,12,8,13,13,61,79,71,67,80,69,12,2023-08-08,2028-06-01,0,14,England,Tino,Livramento,Livramento,Tino Livramento,36435,21909,21909,262118,2085,80,86,2002-11-12T00:00:00.000Z,22,13,Newcastle United,13,8,10,newcastle-united,21,13,https://cmtracker.fra1.cdn.digitaloceanspaces.com/DB/26/heads/p262118.png,3,5,1,34,2,Right,3,4,1,2,,182,71,Male,,,Yes,No,37500000,31500000,27000000,0,0,0,Jockey,,82,52,70,78,74,75,RB,LB | RM,False,False,False,tino-livramento,19,78,77,75,75,75,72,72,71,73,66
78,76,80,85,71,80,56,80,60,82,82,73,78,79,84,81,60,70,64,77,80,78,72,66,81,80,62,82,55,14,8,9,14,8,70,80,78,69,80,72,11,2024-07-01,2029-06-01,0,14,England,Lewis,Hall,Hall,Lewis Hall,21536,14514,14514,266127,2205,81,86,2004-09-08T00:00:00.000Z,20,13,Newcastle United,13,8,10,newcastle-united,3,13,https://cmtracker.fra1.cdn.digitaloceanspaces.com/DB/26/heads/p266127.png,1,1,2,20,2,Left,2,3,1,2,,179,71,Male,,,Yes,No,42000000,35500000,30500000,0,0,0,"Whipped Pass, Block, Press Proven",,77,65,79,81,77,67,LB,LM,False,False,False,lewis-hall,18,80,79,74,77,77,78,76,75,76,70
67,67,71,68,75,73,73,76,50,78,78,72,77,76,75,75,64,59,70,76,79,73,72,67,75,76,56,76,49,9,7,10,7,12,69,75,73,72,70,68,9,2023-02-11,2028-06-01,0,14,England,Lewis,Miley,Miley,Lewis Miley,21536,25152,25152,274246,2088,76,86,2006-05-01T00:00:00.000Z,19,13,Newcastle United,13,8,10,newcastle-united,67,13,https://cmtracker.fra1.cdn.digitaloceanspaces.com/DB/26/heads/p274246.png,3,5,2,4001,4,Right,3,4,1,0,,193,80,Male,,,No,No,19000000,16000000,14000000,0,0,0,"Pinged Pass, Jockey",,67,63,74,74,74,68,CM,RB | CDM,False,False,False,lewis-miley,16,74,74,72,74,73,75,74,72,72,70
70,76,67,52,83,71,79,72,68,69,41,74,68,72,69,72,76,54,74,69,74,39,79,73,48,34,70,55,67,14,15,13,13,7,73,41,65,77,68,65,13,2024-07-30,2026-06-30,1,49,Ukraine,Roman,Yaremchuk,Yaremchuk,Roman Yaremchuk,31673,39388,39388,240702,1977,74,74,1995-11-27T00:00:00.000Z,29,280,Olympiacos,76,10,9,olympiacos,77,16,https://cmtracker.fra1.cdn.digitaloceanspaces.com/DB/26/heads/p240702.png,6,2,3,2507,4,Right,2,3,1,0,,191,83,Male,,,No,No,5000000,4200000,3600000,34000,29000,25000,"First Touch, Press Proven",,73,73,65,67,47,75,ST,-,True,False,False,roman-yaremchuk,18,59,57,56,59,71,68,72,73,72,74
74,83,74,69,83,84,75,78,76,77,78,67,61,73,65,74,53,70,74,71,72,78,76,67,77,76,46,71,49,10,10,7,10,10,62,77,72,77,76,68,10,2023-07-06,2028-06-01,0,98,Angola,Clinton Mukoni,Mata Pedro Lourenço,Mata,Clinton Mata,7495,24099,24097,208364,2118,77,77,1992-11-07T00:00:00.000Z,32,66,Olympique Lyonnais,16,6,1,olympique-lyonnais,22,16,https://cmtracker.fra1.cdn.digitaloceanspaces.com/DB/26/heads/p208364.png,0,9,9,4502,1,Right,3,3,1,0,,180,73,Male,,,No,No,8000000,7000000,6000000,25500,21500,18500,"Jockey, Block, Intercept",,79,60,68,74,77,80,CB,-,False,False,False,clinton-mukoni-mata-pedro-lourenco,17,75,76,76,75,71,71,69,70,69,69
58,64,76,73,60,48,57,66,48,72,32,74,75,75,76,79,68,74,56,75,74,31,72,76,29,23,62,84,75,12,6,15,15,7,68,28,78,63,68,63,11,2025-09-05,2026-06-01,0,97,Algeria,Rachid,Ghezzal,Ghezzal,Rachid Ghezzal,30485,13177,13177,210372,1887,72,72,1992-05-09T00:00:00.000Z,33,66,Olympique Lyonnais,16,6,1,olympique-lyonnais,18,16,https://cmtracker.fra1.cdn.digitaloceanspaces.com/DB/26/heads/p210372.png,0,3,4,1548,1,Left,4,3,2,1,,182,70,Male,,,Yes,No,1700000,1500000,1300000,18000,15000,13000,"Incisive Pass, Long Ball Pass, Whipped Pass, Technical",,61,71,76,74,34,53,RM,RW,False,False,False,rachid-ghezzal,16,52,48,43,52,71,68,73,71,72,68
74,67,77,83,84,78,72,79,81,77,78,72,68,77,74,73,57,40,77,72,74,75,65,46,79,76,51,66,46,13,9,10,16,15,67,77,66,69,76,71,13,2022-07-23,2027-06-01,0,52,Argentina,Nicolás,Tagliafico,Tagliafico,Nicolás Tagliafico,27077,35592,35592,211256,2101,78,78,1992-08-31T00:00:00.000Z,32,66,Olympique Lyonnais,16,6,1,olympique-lyonnais,3,16,https://cmtracker.fra1.cdn.digitaloceanspaces.com/DB/26/heads/p211256.png,0,4,3,69,2,Left,3,2,3,2,,172,65,Male,,,Yes,No,11500000,9500000,8500000,27000,23000,19500,Slide Tackle,"Career One Club Player, Career Injury Prone",71,56,66,78,77,79,LB,LM,False,False,False,nicolas-tagliafico,20,75,75,76,76,72,72,70,70,70,68
66,72,62,70,86,84,81,83,81,82,79,82,80,82,75,75,75,69,82,85,83,76,86,82,80,76,75,74,72,7,10,14,14,9,78,78,77,84,71,80,11,2022-07-01,2027-06-01,0,18,France,Corentin,Tolisso,Tolisso,Corentin Tolisso,7739,36540,36540,219683,2309,82,82,1994-08-03T00:00:00.000Z,30,66,Olympique Lyonnais,16,6,1,olympique-lyonnais,8,16,https://cmtracker.fra1.cdn.digitaloceanspaces.com/DB/26/heads/p219683.png,0,9,6,530,2,Right,3,2,3,0,,181,81,Male,,,Yes,No,34500000,29000000,25000000,38500,32500,28000,"Precision Header, Aerial Fortress, First Touch, Relentless",,69,79,78,76,79,83,CM,CDM | CAM,False,False,False,corentin-tolisso,18,78,78,79,80,78,81,79,79,77,79
69,70,66,68,83,68,75,68,76,67,70,68,65,74,66,73,51,36,77,69,75,71,65,47,76,73,48,56,47,11,6,8,15,14,64,74,62,68,69,66,11,2024-08-06,2026-06-30,1,34,Holland,Hans,Hateboer,Hateboer,Hans Hateboer,14662,14833,14833,220093,1971,74,74,1994-01-09T00:00:00.000Z,31,74,Stade Rennais,16,6,5,stade-rennais,33,16,https://cmtracker.fra1.cdn.digitaloceanspaces.com/DB/26/heads/p220093.png,6,2,2,2020,4,Right,3,3,3,0,,187,72,Male,,,Yes,No,3400000,2900000,2500000,26000,22000,19000,"Jockey, Long Throw",,70,54,61,69,73,76,CB,RB | RM,False,False,False,hans-hateboer,17,70,71,73,72,69,69,68,67,67,66
54,62,34,44,80,58,84,72,77,72,73,54,60,64,28,55,32,31,75,68,69,72,67,27,74,71,38,28,38,8,9,9,8,10,49,73,50,64,54,63,9,2024-07-08,2026-06-30,1,10,Croatia,Duje,Ćaleta-Car,Ćaleta-Car,Duje Ćaleta-Car,9933,41025,41025,225263,1705,74,74,1996-09-17T00:00:00.000Z,28,66,Olympique Lyonnais,16,6,1,olympique-lyonnais,16,53,https://cmtracker.fra1.cdn.digitaloceanspaces.com/DB/26/heads/p225263.png,6,2,3,9,5,Right,2,3,2,0,,192,89,Male,,,Yes,No,4300000,3600000,3100000,21000,17500,15000,"Aerial Fortress, Bruiser",,58,43,47,57,73,75,CB,-,False,False,False,duje-caleta-car,15,62,64,73,70,56,62,57,57,52,57
74,80,73,69,73,77,73,76,72,80,73,67,75,78,72,75,66,50,55,74,76,71,63,63,76,77,61,68,82,15,9,7,13,10,66,75,69,70,75,75,11,2023-08-08,2027-06-01,0,14,England,Ainsley,Maitland-Niles,Maitland-Niles,Ainsley Maitland-Niles,857,23115,23115,225782,2123,77,77,1997-08-29T00:00:00.000Z,27,66,Olympique Lyonnais,16,6,1,olympique-lyonnais,98,16,https://cmtracker.fra1.cdn.digitaloceanspaces.com/DB/26/heads/p225782.png,0,9,9,1006,1,Right,3,3,2,2,,180,71,Male,,,Yes,No,12000000,10000000,8500000,24500,20500,17500,Rapid,,77,67,69,75,70,74,RB,RM | CDM,False,False,False,ainsley-maitland-niles,18,75,74,72,74,74,74,73,72,73,69
60,76,50,51,76,77,84,82,81,77,81,49,61,64,63,65,49,36,77,70,74,82,54,38,82,80,39,49,74,9,14,6,7,8,61,82,57,66,64,71,9,2024-07-04,2028-06-01,0,136,Senegal,Moussa,Niakhaté,Niakhaté,Moussa Niakhaté,25887,27016,27016,225859,1945,80,80,1996-03-08T00:00:00.000Z,29,66,Olympique Lyonnais,16,6,1,olympique-lyonnais,19,16,https://cmtracker.fra1.cdn.digitaloceanspaces.com/DB/26/heads/p225859.png,21,9,10,1036,5,Left,2,3,2,0,,190,85,Male,,,Yes,No,21000000,17500000,15000000,31500,27000,23000,Long Throw,Career Injury Prone,68,51,59,65,80,80,CB,-,False,False,False,moussa-niakhate,17,74,75,79,76,65,67,62,61,62,61
38,42,48,42,62,35,64,71,25,59,27,15,55,24,13,16,15,14,14,29,24,11,50,18,11,11,16,13,14,74,72,67,74,73,17,11,20,46,49,33,72,2025-08-01,2026-06-30,1,95,United States,Matt,Turner,Turner,Matt Turner,24219,37018,37018,233267,1236,74,74,1994-06-24T00:00:00.000Z,31,66,Olympique Lyonnais,16,6,1,olympique-lyonnais,30,39,https://cmtracker.fra1.cdn.digitaloceanspaces.com/DB/26/heads/p233267.png,6,1,5,3518,4,Right,1,2,1,1,,191,79,Male,,,Yes,No,2600000,2200000,1900000,13500,11500,9900,,"GK Far Throw, GK Footwork",40,21,25,43,15,47,GK,-,False,False,False,matt-turner,72,25,25,25,28,28,31,30,29,27,29
68,62,77,80,66,68,70,76,78,76,76,64,73,79,61,78,51,50,51,74,78,75,66,68,73,72,50,65,42,7,6,7,10,7,59,74,70,68,73,69,8,2024-07-02,2028-06-01,0,7,Belgium,Orel,Mangala,Mangala,Orel Mangala,28217,23393,23393,234078,2004,76,78,1998-03-18T00:00:00.000Z,27,66,Olympique Lyonnais,16,6,1,olympique-lyonnais,5,16,https://cmtracker.fra1.cdn.digitaloceanspaces.com/DB/26/heads/p234078.png,0,9,10,1029,2,Right,3,3,2,1,,178,80,Male,,,Yes,No,9500000,8000000,7000000,22500,19000,16500,,,65,57,67,78,69,71,CDM,CM,False,False,False,orel-mangala,15,72,71,71,74,70,74,72,69,70,64
45,39,29,24,64,28,63,73,29,52,17,8,23,15,10,12,9,12,14,24,28,13,49,6,11,10,6,18,12,74,72,65,76,75,14,12,17,42,42,24,73,2024-08-23,2027-06-01,0,18,France,Rémy,Descamps,Descamps,Rémy Descamps,32104,9052,9052,234371,1105,75,76,1996-06-25T00:00:00.000Z,29,66,Olympique Lyonnais,16,6,1,olympique-lyonnais,40,16,https://cmtracker.fra1.cdn.digitaloceanspaces.com/DB/26/heads/p234371.png,0,6,2,19,4,Left,1,4,1,1,,196,82,Male,,,No,No,5000000,4300000,3700000,14500,12500,10500,,,42,15,19,34,13,46,GK,-,False,False,False,remy-descamps,73,23,23,24,24,23,23,23,24,22,25
67,69,65,67,73,61,72,70,75,72,71,57,67,72,59,68,54,39,61,65,73,69,63,56,73,67,42,48,49,10,15,13,9,8,58,70,59,65,68,66,11,2023-09-01,2026-06-30,1,108,Côte d'Ivoire,Paul,Akouokou,Paul,Paul Akouokou,29016,992,29016,246947,1899,71,72,1997-12-20T00:00:00.000Z,27,66,Olympique Lyonnais,16,6,1,olympique-lyonnais,24,54,https://cmtracker.fra1.cdn.digitaloceanspaces.com/DB/26/heads/p246947.png,0,9,9,3001,1,Right,2,2,1,1,,181,68,Male,,,No,No,2300000,1900000,1700000,15000,12500,11000,,,68,54,59,69,68,70,CDM,CM,False,False,False,paul-akouokou,17,67,68,70,70,66,67,66,65,65,62
73,72,77,76,70,85,64,80,66,78,43,83,78,77,74,78,79,55,57,75,77,44,72,75,51,45,70,68,60,12,11,8,12,12,72,47,71,74,76,68,11,2025-08-04,2029-06-01,0,12,Czech Republic,Pavel,Šulc,Šulc,Pavel Šulc,29079,41151,41151,247050,2057,78,81,2000-12-29T00:00:00.000Z,24,66,Olympique Lyonnais,16,6,1,olympique-lyonnais,10,16,https://cmtracker.fra1.cdn.digitaloceanspaces.com/DB/26/heads/p247050.png,18,1,1,42,1,Right,4,3,1,0,,175,67,Male,,,No,No,22500000,19000000,16500000,24000,20500,17500,Technical,,73,73,71,78,48,71,CAM,ST | RM,False,False,False,pavel-sulc,19,65,62,56,64,77,74,77,77,77,74
87,86,89,89,51,69,36,75,51,77,35,74,71,79,71,84,74,52,32,64,74,41,64,66,43,41,62,64,58,11,6,13,9,11,63,42,69,58,86,61,10,2024-01-10,2028-06-01,0,7,Belgium,Malick,Fofana,Fofana,Malick Fofana,23257,12094,12094,256420,1909,78,86,2005-03-31T00:00:00.000Z,20,66,Olympique Lyonnais,16,6,1,olympique-lyonnais,11,16,https://cmtracker.fra1.cdn.digitaloceanspaces.com/DB/26/heads/p256420.png,21,9,8,1031,7,Right,4,5,1,1,,170,60,Male,,,No,No,36500000,31000000,26500000,20000,17000,14500,"Gamechanger, Technical",,87,66,66,82,38,52,LM,LW,False,False,False,malick-fofana,16,62,58,45,56,76,69,76,75,77,68
68,71,77,66,62,76,64,71,51,74,38,69,73,74,78,75,64,72,49,69,73,37,73,69,36,38,65,73,77,14,14,8,13,7,66,37,73,69,71,64,12,2020-05-01,2026-06-30,1,12,Czech Republic,Adam,Karabec,Karabec,Adam Karabec,454,18888,18888,256970,1938,73,79,2003-07-02T00:00:00.000Z,21,267,Sparta Praha,76,10,6,sparta-praha,7,16,https://cmtracker.fra1.cdn.digitaloceanspaces.com/DB/26/heads/p256970.png,2,8,2,0,4,Left,3,3,1,1,,187,74,Male,,,No,No,6000000,4900000,4200000,16000,13500,12000,Technical,,70,70,73,73,40,63,RM,CAM | RW,False,False,False,adam-karabec,18,60,56,48,56,72,68,71,70,72,67
87,92,63,69,90,68,82,67,64,70,67,29,52,62,51,58,25,29,70,58,64,65,50,25,71,69,31,44,43,13,11,7,7,7,49,69,51,63,76,55,9,2025-07-25,2030-06-01,0,34,Holland,Ruben,Kluivert,Kluivert,Ruben Kluivert,31904,19789,19789,262102,1760,70,77,2001-05-21T00:00:00.000Z,24,66,Olympique Lyonnais,16,6,1,olympique-lyonnais,21,16,https://cmtracker.fra1.cdn.digitaloceanspaces.com/DB/26/heads/p262102.png,3,5,6,14,5,Right,2,3,1,0,,187,82,Male,,,No,No,3500000,3000000,2500000,11500,9700,8300,,,90,34,50,65,68,76,CB,-,False,False,False,ruben-kluivert,15,66,68,70,65,58,57,55,53,55,52
25,22,21,21,57,17,60,76,16,51,14,7,53,17,14,10,9,10,10,39,43,8,62,5,11,11,5,12,14,77,76,82,79,79,17,10,18,41,33,26,79,2025-08-18,2029-06-01,0,43,Slovakia,Dominik,Greif,Greif,Dominik Greif,9605,13774,13774,263139,1113,79,82,1997-04-06T00:00:00.000Z,28,66,Olympique Lyonnais,16,6,1,olympique-lyonnais,1,16,https://cmtracker.fra1.cdn.digitaloceanspaces.com/DB/26/heads/p263139.png,3,4,4,2512,4,Right,1,3,1,1,,197,82,Male,,,Yes,No,19000000,16000000,14000000,19500,16500,14000,,GK Far Throw,24,17,29,33,11,38,GK,-,False,False,False,dominik-greif,77,22,21,22,27,25,31,28,26,23,25
78,79,79,73,69,69,61,70,69,73,67,72,67,74,76,74,55,51,54,74,75,65,72,51,74,73,53,75,42,11,13,10,9,14,63,71,70,65,76,65,12,2024-07-05,2029-06-01,0,54,Brazil,Abner Vinícius,da Silva Santos,Abner Vinícius,Abner Vinícius,372,40535,372,263815,2021,74,77,2000-05-27T00:00:00.000Z,25,66,Olympique Lyonnais,16,6,1,olympique-lyonnais,16,16,https://cmtracker.fra1.cdn.digitaloceanspaces.com/DB/26/heads/p263815.png,0,9,8,1039,2,Left,3,2,1,2,9900000.0,182,74,Male,,,No,No,6000000,5000000,4400000,19000,16000,14000,Whipped Pass,Career One Club Player,79,58,70,74,67,67,LB,LM,False,False,False,abner-vinicius-da-silva-santos,18,72,71,67,70,72,70,70,69,71,66
66,73,58,57,80,65,76,72,70,69,22,77,65,74,56,75,76,53,73,51,71,27,74,71,36,31,71,58,69,11,8,13,7,13,70,32,63,74,66,62,11,2026-01-16,2026-06-30,1,60,Uruguay,Martín,Satriano,Satriano,Martín Satriano,23927,32900,32900,264325,1868,74,78,2001-02-20T00:00:00.000Z,24,66,Olympique Lyonnais,16,6,1,olympique-lyonnais,10,53,https://cmtracker.fra1.cdn.digitaloceanspaces.com/DB/26/heads/p264325.png,0,3,5,3515,6,Right,3,3,1,0,,187,75,Male,,,Yes,No,7000000,6000000,5500000,20000,17000,14500,,,70,73,59,68,38,73,ST,CAM,False,False,False,martin-satriano,16,52,50,49,51,69,64,70,72,70,73
67,65,73,71,70,79,63,78,71,76,75,67,81,78,75,77,61,71,68,83,81,73,68,69,74,71,57,74,62,12,13,5,12,13,69,73,77,70,71,72,11,2025-08-05,2030-06-01,0,14,England,Tyler,Morton,Morton,Tyler Morton,37056,25795,25795,265459,2133,77,83,2002-10-31T00:00:00.000Z,22,66,Olympique Lyonnais,16,6,1,olympique-lyonnais,23,16,https://cmtracker.fra1.cdn.digitaloceanspaces.com/DB/26/heads/p265459.png,6,1,2,3506,4,Right,3,3,1,1,,185,73,Male,,,Yes,No,18500000,15500000,13500000,21000,18000,15500,,,66,64,78,76,72,71,CDM,CM,False,False,False,tyler-morton,19,74,73,72,76,74,77,75,72,73,69
85,79,78,80,64,62,62,72,41,72,17,71,68,78,71,80,71,58,37,61,72,29,77,71,21,23,58,75,49,11,8,11,13,9,62,25,71,68,79,53,11,2024-07-07,2028-06-01,0,117,Ghana,Ernest,Nuamah,Nuamah,Ernest Nuamah,10986,27487,27487,268763,1834,75,82,2003-11-01T00:00:00.000Z,21,66,Olympique Lyonnais,16,6,1,olympique-lyonnais,37,16,https://cmtracker.fra1.cdn.digitaloceanspaces.com/DB/26/heads/p268763.png,0,9,9,1038,2,Left,4,3,1,1,,178,71,Male,,,No,No,13500000,11500000,10000000,16500,14000,12000,"Gamechanger, Rapid, Quick Step",,82,66,68,77,25,57,RM,RW,False,False,False,ernest-nuamah,17,53,48,38,48,73,65,73,73,75,69
88,86,85,81,84,68,71,77,69,74,20,76,66,77,52,78,78,71,70,59,68,24,79,74,30,31,74,66,68,8,8,15,13,15,69,29,71,76,84,63,12,2024-07-08,2026-06-30,1,54,Brazil,Endrick Felipe,Moreira de Sousa,Endrick,Endrick,10809,25717,10808,272505,2003,77,88,2006-07-21T00:00:00.000Z,18,243,Real Madrid,53,10,7,real-madrid,9,16,https://cmtracker.fra1.cdn.digitaloceanspaces.com/DB/26/heads/p272505.png,0,9,8,3001,3,Left,4,3,1,0,65500000.0,173,67,Male,,,Yes,No,26500000,22500000,19500000,110000,94000,81000,"Power Shot, Gamechanger, Rapid, Quick Step",,87,75,64,79,35,73,ST,RW | RM,False,False,False,endrick-felipe-moreira-de-sousa,18,53,51,47,51,72,65,74,76,74,76
56,64,64,57,80,72,85,68,81,77,76,66,73,75,62,70,63,58,74,77,76,79,78,70,80,74,52,64,56,15,10,10,10,8,66,78,69,77,62,72,11,2023-07-01,2027-06-01,0,105,Central African Republic,Geoffrey,Kondogbia,Kondogbia,Geoffrey Kondogbia,13051,19963,19963,201455,2080,77,77,1993-02-15T00:00:00.000Z,32,219,Olympique de Marseille,16,8,6,olympique-de-marseille,19,16,https://cmtracker.fra1.cdn.digitaloceanspaces.com/DB/26/heads/p201455.png,0,9,9,1014,4,Left,3,3,2,1,,188,80,Male,,,Yes,No,8500000,7000000,6000000,44000,37500,32000,"Power Shot, Jockey, Anticipate, Bruiser",,60,64,68,69,77,80,CDM,CB,True,False,False,geoffrey-kondogbia,17,71,72,77,76,68,73,70,69,67,69
69,62,76,83,79,63,68,71,76,74,26,75,69,75,65,73,76,55,76,59,74,30,77,68,55,33,75,64,78,11,12,7,14,8,74,40,66,71,73,67,11,2025-07-01,2026-06-30,1,18,France,Neal,Maupay,Maupay,Neal Maupay,26794,24279,24279,211784,1976,74,74,1996-08-14T00:00:00.000Z,28,219,Olympique de Marseille,16,8,6,olympique-de-marseille,17,53,https://cmtracker.fra1.cdn.digitaloceanspaces.com/DB/26/heads/p211784.png,0,3,3,51,3,Right,3,3,1,0,,174,65,Male,,,Yes,No,5000000,4300000,3700000,41000,34500,30000,Relentless,,66,75,64,75,44,72,ST,-,True,False,False,neal-maupay,17,55,54,53,56,70,67,71,72,71,73
56,52,58,50,73,41,73,78,26,56,21,12,68,15,12,14,15,20,12,50,36,15,60,17,13,17,16,19,24,82,77,80,86,77,19,15,24,53,59,35,81,2024-08-11,2027-06-01,0,52,Argentina,Gerónimo,Rulli,Rulli,Gerónimo Rulli,13137,31993,31993,215316,1421,81,81,1992-05-20T00:00:00.000Z,33,219,Olympique de Marseille,16,8,6,olympique-de-marseille,1,16,https://cmtracker.fra1.cdn.digitaloceanspaces.com/DB/26/heads/p215316.png,0,3,3,1508,5,Right,1,3,3,1,,189,84,Male,,,Yes,No,10000000,8500000,7000000,38000,32500,28000,,GK Footwork,54,24,34,45,16,53,GK,-,True,False,False,geronimo-rulli,80,28,28,28,33,32,36,35,32,30,31
78,79,74,71,78,79,76,75,64,68,70,59,61,66,73,71,45,36,57,61,66,74,53,59,70,73,28,67,34,8,13,11,14,12,54,73,61,69,76,60,12,2024-01-16,2026-06-30,1,47,Switzerland,Ulisses,Garcia,Garcia,Ulisses Garcia,37201,12796,12796,223143,1923,74,74,1996-01-11T00:00:00.000Z,29,219,Olympique de Marseille,16,8,6,olympique-de-marseille,98,31,https://cmtracker.fra1.cdn.digitaloceanspaces.com/DB/26/heads/p223143.png,0,4,9,1009,2,Left,3,2,1,2,,182,73,Male,,,Yes,No,4400000,3700000,3200000,36000,30500,26500,"Whipped Pass, Rapid",,79,46,61,71,69,74,LB,CB | LM,True,False,False,ulisses-garcia,18,72,72,70,69,67,65,65,64,66,60
76,67,87,91,73,75,63,74,71,75,73,71,78,80,66,77,70,68,62,75,80,70,70,69,75,74,65,70,72,14,15,14,14,6,69,73,74,70,79,74,13,2025-07-01,2026-06-30,1,14,England,Angel,Gomes,Angel,Angel Gomes,2199,13497,2199,240507,2180,76,81,2000-08-31T00:00:00.000Z,24,219,Olympique de Marseille,16,8,6,olympique-de-marseille,18,13,https://cmtracker.fra1.cdn.digitaloceanspaces.com/DB/26/heads/p240507.png,0,9,8,1021,7,Right,4,4,1,0,22700000.0,168,62,Male,,,Yes,No,13500000,11500000,9500000,36500,31000,26500,"Finesse Shot, Incisive Pass, Long Ball Pass, Inventive, Technical",,72,70,73,81,71,71,CAM,CM | CDM,True,False,False,angel-gomes,19,73,73,71,74,74,76,76,74,74,71
79,75,79,74,79,76,71,76,61,79,44,83,76,80,77,81,85,76,68,69,78,45,80,80,41,32,73,78,78,6,12,8,7,9,77,40,77,78,77,71,9,2025-01-31,2029-06-01,0,97,Algeria,Amine,Gouiri,Gouiri,Amine Gouiri,1908,13654,13654,240753,2115,79,82,2000-02-16T00:00:00.000Z,25,219,Olympique de Marseille,16,8,6,olympique-de-marseille,9,16,https://cmtracker.fra1.cdn.digitaloceanspaces.com/DB/26/heads/p240753.png,0,3,1,4010,2,Right,4,3,2,0,,181,80,Male,,,Yes,No,28000000,23500000,20500000,54000,46000,39500,"Finesse Shot, Gamechanger, Technical",,77,80,76,78,46,72,ST,CAM,True,False,False,amine-gouiri,15,63,59,55,61,78,73,78,79,79,78
80,76,79,72,73,68,58,73,59,67,41,75,73,82,71,81,71,67,64,70,74,60,74,67,60,61,66,70,64,8,10,14,11,12,70,61,74,68,76,64,11,2023-07-01,2026-06-30,1,108,Côte d'Ivoire,Hamed Junior,Traoré,Traoré,Hamed Junior Traoré,14557,36769,36769,240787,2051,77,78,2000-02-16T00:00:00.000Z,25,1943,AFC Bournemouth,13,4,10,afc-bournemouth,20,16,https://cmtracker.fra1.cdn.digitaloceanspaces.com/DB/26/heads/p240787.png,0,9,9,1038,2,Right,3,3,1,1,,177,70,Male,,,Yes,No,15000000,12500000,11000000,0,0,0,Technical,,78,70,71,76,57,65,LM,CAM | LW,True,False,False,hamed-junior-traore,17,66,65,60,64,75,71,75,75,76,72
69,83,62,56,85,69,81,74,84,76,81,48,70,77,42,66,34,32,77,81,77,83,64,56,81,79,29,39,57,6,8,15,14,15,52,81,59,71,69,70,12,2021-07-03,2028-06-01,0,52,Argentina,Leonardo,Balerdi,Balerdi,Leonardo Balerdi,21439,3498,3498,242835,1970,80,83,1999-01-26T00:00:00.000Z,26,219,Olympique de Marseille,16,8,6,olympique-de-marseille,5,16,https://cmtracker.fra1.cdn.digitaloceanspaces.com/DB/26/heads/p242835.png,20,9,2,4003,5,Right,2,3,3,0,,187,85,Male,,,Yes,No,29000000,24500000,21000000,52000,44500,38000,"Jockey, Intercept, Anticipate, Aerial Fortress",,76,48,57,69,80,80,CB,-,True,False,False,leonardo-balerdi,17,72,74,80,78,65,72,67,64,63,61
66,57,72,61,73,79,73,78,68,80,65,74,80,81,73,82,69,73,63,74,78,54,77,76,64,53,73,75,75,9,8,14,12,13,72,57,77,76,67,74,12,2026-02-02,2030-06-01,0,97,Algeria,Himad,Abdelli,Abdelli,Himad Abdelli,15308,240,240,246297,2122,77,79,1999-11-17T00:00:00.000Z,25,219,Olympique de Marseille,16,8,6,olympique-de-marseille,8,16,https://cmtracker.fra1.cdn.digitaloceanspaces.com/DB/26/heads/p246297.png,0,9,5,1530,5,Right,4,3,1,0,,185,81,Male,,,No,No,15500000,13000000,11500000,43000,36500,31000,"Incisive Pass, Long Ball Pass, Inventive, Technical, First Touch, Relentless",,62,74,76,76,60,73,CAM,CM | CDM,True,False,False,himad-abdelli,18,69,66,64,70,75,76,76,75,75,72
75,65,79,76,67,76,61,76,65,79,77,61,81,82,69,78,48,48,54,79,86,75,66,63,64,59,38,71,60,9,6,13,8,9,59,66,72,67,75,71,9,2025-01-15,2026-06-30,1,7,Belgium,Arthur,Vermeeren,Vermeeren,Arthur Vermeeren,2734,37809,37809,269859,2023,77,86,2005-02-07T00:00:00.000Z,20,112172,RB Leipzig,19,8,10,rb-leipzig,18,16,https://cmtracker.fra1.cdn.digitaloceanspaces.com/DB/26/heads/p269859.png,17,2,1,4007,1,Right,3,4,1,0,,180,74,Male,,,No,No,27000000,23000000,20000000,40500,34500,29500,"Block, Anticipate","Career One Club Player, Career Injury Prone",70,56,72,78,66,67,CM,CDM | CAM,True,False,False,arthur-vermeeren,15,73,71,68,75,74,77,75,71,72,64
76,90,70,67,82,61,70,83,43,79,44,88,71,82,72,81,85,76,76,64,74,22,82,79,35,29,80,80,81,6,9,15,9,9,78,29,77,75,78,68,10,2025-07-31,2027-06-01,0,115,Gabon,Pierre-Emerick,Aubameyang,Aubameyang,Pierre-Emerick Aubameyang,29585,2963,2963,188567,2070,82,82,1989-06-18T00:00:00.000Z,36,219,Olympique de Marseille,16,8,6,olympique-de-marseille,97,16,https://cmtracker.fra1.cdn.digitaloceanspaces.com/DB/26/heads/p188567.png,0,9,5,1004,253,Right,4,4,3,0,,187,80,Male,,,Yes,No,12500000,10500000,9000000,55000,47000,40000,"Finesse Shot, Chip Shot, Precision Header, Rapid",Career One Club Player,83,83,73,77,41,64,ST,-,False,False,False,pierre-emerick-aubameyang,16,59,57,50,56,78,71,78,81,80,81
73,69,69,75,74,79,68,75,67,77,76,70,67,77,78,78,52,80,66,73,76,74,80,75,75,75,51,81,55,8,15,8,14,7,65,75,78,76,73,69,11,2025-09-01,2027-06-01,0,27,Italy,Emerson,Palmieri dos Santos,Emerson,Emerson,10736,28689,10736,210736,2137,77,77,1994-08-03T00:00:00.000Z,30,219,Olympique de Marseille,16,8,6,olympique-de-marseille,33,16,https://cmtracker.fra1.cdn.digitaloceanspaces.com/DB/26/heads/p210736.png,0,9,6,1526,2,Left,3,2,2,2,,176,76,Male,,,Yes,No,10500000,9000000,8000000,44000,37500,32000,,,71,64,76,75,73,72,LB,LM | LW,False,False,False,emerson-palmieri-dos-santos,17,75,74,72,74,73,73,72,71,72,69
52,47,59,61,71,88,78,82,86,79,82,69,77,79,68,75,68,74,65,82,83,79,85,78,80,74,64,70,56,9,7,12,11,11,70,78,76,80,61,75,10,2025-07-01,2028-06-01,0,13,Denmark,Pierre-Emile,Højbjerg,Højbjerg,Pierre-Emile Højbjerg,29586,15947,15947,213648,2161,82,82,1995-08-05T00:00:00.000Z,29,219,Olympique de Marseille,16,8,6,olympique-de-marseille,23,16,https://cmtracker.fra1.cdn.digitaloceanspaces.com/DB/26/heads/p213648.png,5,5,3,54,5,Right,3,4,3,1,,187,81,Male,,,Yes,No,30500000,26000000,22500000,64000,54000,46500,"Intercept, Relentless",Career One Club Player,50,70,76,73,76,81,CDM,CM,False,False,False,pierre-emile-hojbjerg,17,75,74,77,81,73,79,74,73,71,72
73,75,71,66,86,80,75,79,80,82,83,66,67,79,75,70,60,51,84,80,81,82,80,68,88,83,79,66,51,9,7,15,15,7,76,85,70,78,73,72,11,2023-08-30,2026-06-30,1,18,France,Benjamin,Pavard,Pavard,Benjamin Pavard,4195,29078,29078,226851,2213,82,82,1996-03-28T00:00:00.000Z,29,131682,Lombardia FC,31,9,2,lombardia-fc,28,16,https://cmtracker.fra1.cdn.digitaloceanspaces.com/DB/26/heads/p226851.png,3,4,1,1511,5,Right,3,3,3,0,,186,81,Male,,,Yes,No,30000000,25500000,22000000,50000,42500,36500,Jockey,,74,67,70,75,84,80,CB,-,False,False,False,benjamin-pavard,17,79,80,82,80,73,76,72,72,72,72
79,72,83,75,63,74,46,73,62,73,65,73,76,79,70,82,63,66,55,73,76,58,64,62,60,48,59,75,73,15,13,10,6,13,65,56,75,62,77,71,12,2023-07-01,2026-06-30,1,129,Morocco,Amine,Harit,Harit,Amine Harit,1908,14740,14740,232097,2034,75,75,1997-06-18T00:00:00.000Z,28,219,Olympique de Marseille,16,8,6,olympique-de-marseille,25,68,https://cmtracker.fra1.cdn.digitaloceanspaces.com/DB/26/heads/p232097.png,0,3,5,604,1,Right,5,3,2,0,,180,67,Male,,,Yes,No,6500000,5500000,4900000,41500,35000,30000,"Inventive, Technical, Trickster",,76,66,73,78,57,61,CAM,LW | LM | CM,False,False,False,amine-harit,18,68,65,59,67,75,73,75,73,74,68
67,79,62,67,82,78,81,80,84,79,79,63,70,76,64,71,44,32,74,76,79,78,45,41,81,80,29,52,44,13,5,12,13,13,58,80,62,66,71,70,12,2020-07-02,2026-06-30,1,52,Argentina,Facundo,Medina,F. Medina,Facundo Medina,11402,24617,11313,236804,1993,79,83,1999-05-28T00:00:00.000Z,26,64,RC Lens,16,5,3,rc-lens,32,16,https://cmtracker.fra1.cdn.digitaloceanspaces.com/DB/26/heads/p236804.png,22,4,3,2505,2,Left,3,2,2,0,,184,77,Male,,,Yes,No,25500000,21500000,18500000,36000,30500,26000,"Jockey, Slide Tackle, Bruiser",,73,44,62,73,78,81,CB,LB,False,False,False,facundo-medina,18,76,76,79,78,70,73,69,66,67,63
78,87,71,63,80,80,74,74,75,71,73,67,68,73,75,72,56,68,68,66,73,67,69,51,73,73,38,74,62,5,15,12,14,11,62,71,71,71,75,70,12,2023-08-30,2028-06-01,0,87,Panama,Amir,Murillo,Murillo,Amir Murillo,1909,26094,26094,237841,2076,76,76,1996-02-11T00:00:00.000Z,29,219,Olympique de Marseille,16,8,6,olympique-de-marseille,62,16,https://cmtracker.fra1.cdn.digitaloceanspaces.com/DB/26/heads/p237841.png,0,9,8,1004,2,Right,3,3,1,2,,184,78,Male,,,Yes,No,8000000,6500000,5500000,41000,35000,30000,,,83,57,71,71,71,77,RB,CB | RM,False,False,False,amir-murillo,18,74,74,72,72,72,70,69,69,70,67
58,54,40,39,54,26,51,70,17,52,7,8,48,15,13,9,6,14,12,44,35,8,56,5,14,13,5,10,18,73,72,74,73,74,15,12,19,39,53,25,74,2024-08-08,2027-06-01,0,34,Holland,Jeffrey,de Lange,de Lange,Jeffrey de Lange,17347,40587,40587,239559,1167,74,77,1998-04-01T00:00:00.000Z,27,219,Olympique de Marseille,16,8,6,olympique-de-marseille,12,16,https://cmtracker.fra1.cdn.digitaloceanspaces.com/DB/26/heads/p239559.png,5,5,2,2015,5,Right,1,3,1,1,5900000.0,190,80,Male,,,No,No,4900000,4100000,3600000,22000,18500,16000,Long Ball Pass,GK Far Throw,56,16,27,38,11,37,GK,-,False,False,False,jeffrey-de-lange,72,24,24,21,26,28,29,28,27,25,26
86,88,86,74,76,70,59,79,72,74,66,76,69,75,75,77,74,53,67,72,75,68,79,76,69,70,74,74,60,7,9,12,14,15,73,69,71,72,83,70,12,2023-07-01,2026-06-30,1,95,United States,Timothy,Weah,T.Weah,Timothy Weah,36421,38581,35510,241496,2170,77,78,2000-02-22T00:00:00.000Z,25,45,Juventus,31,10,9,juventus,22,16,https://cmtracker.fra1.cdn.digitaloceanspaces.com/DB/26/heads/p241496.png,0,3,10,1021,1,Right,3,3,1,1,,182,66,Male,,,Yes,No,15000000,12500000,11000000,100000,86000,74000,"Finesse Shot, Rapid, Quick Step",,87,73,70,78,68,69,RM,RB | LM,False,False,False,timothy-weah,18,73,73,69,70,76,73,75,76,77,75
61,71,61,52,88,70,91,70,90,65,73,44,52,61,34,52,27,56,78,63,67,69,76,57,71,66,47,46,32,13,10,13,6,7,51,69,56,77,63,60,10,2024-08-04,2026-06-30,1,70,Canada,Derek,Cornelius,Cornelius,Derek Cornelius,9033,7751,7751,243009,1839,74,76,1997-11-25T00:00:00.000Z,27,219,Olympique de Marseille,16,8,6,olympique-de-marseille,13,50,https://cmtracker.fra1.cdn.digitaloceanspaces.com/DB/26/heads/p243009.png,21,3,7,1009,4,Left,2,2,1,0,,187,86,Male,,,Yes,No,5500000,4500000,3900000,34500,29500,25000,,,66,47,53,60,71,85,CB,-,False,False,False,derek-cornelius,15,63,65,74,69,55,60,56,55,53,57
68,81,58,52,87,76,83,80,81,74,82,52,68,75,48,60,40,41,81,76,78,82,69,54,83,80,41,55,48,7,15,9,6,14,58,82,62,74,68,68,11,2025-09-01,2030-06-01,0,129,Morocco,Nayef,Aguerd,Aguerd,Nayef Aguerd,26714,739,739,244749,2004,81,82,1996-03-30T00:00:00.000Z,29,219,Olympique de Marseille,16,8,6,olympique-de-marseille,21,16,https://cmtracker.fra1.cdn.digitaloceanspaces.com/DB/26/heads/p244749.png,21,4,3,36,4,Left,2,3,3,0,,190,76,Male,,,Yes,No,28000000,24000000,20500000,59000,49500,42500,"Precision Header, Long Ball Pass, Anticipate",,75,51,61,67,82,82,CB,-,False,False,False,nayef-aguerd,18,74,76,81,79,66,71,66,65,63,64
82,84,87,75,75,79,60,85,49,82,34,84,80,85,78,84,87,75,67,76,79,27,86,82,39,33,76,78,83,5,6,6,8,9,78,33,80,77,83,69,7,2024-07-18,2029-06-01,0,14,England,Mason,Greenwood,Greenwood,Mason Greenwood,24072,13754,13754,246147,2125,83,87,2001-10-01T00:00:00.000Z,23,219,Olympique de Marseille,16,8,6,olympique-de-marseille,10,16,https://cmtracker.fra1.cdn.digitaloceanspaces.com/DB/26/heads/p246147.png,0,9,5,1024,1,Left,4,5,3,1,,181,80,Male,,,Yes,No,61500000,52000000,45000000,60000,51000,44000,"Finesse Shot, Power Shot, Low Driven Shot, Gamechanger, Technical",Career One Club Player,83,83,78,83,40,66,RM,CAM | RW,False,False,False,mason-greenwood,15,63,59,49,59,82,76,82,83,83,81
86,69,81,82,87,79,85,82,80,79,78,78,78,81,67,79,75,58,65,78,82,74,85,83,76,70,65,72,60,5,8,12,8,11,71,74,74,84,80,76,9,2026-01-23,2030-06-01,0,34,Holland,Quinten,Timber,Q. Timber,Quinten Timber,30362,36404,30265,251806,2258,80,85,2001-06-17T00:00:00.000Z,24,219,Olympique de Marseille,16,8,6,olympique-de-marseille,27,16,https://cmtracker.fra1.cdn.digitaloceanspaces.com/DB/26/heads/p251806.png,21,3,8,1024,2,Right,3,3,1,0,46500000.0,179,74,Male,,,Yes,No,37500000,31500000,27000000,47500,40500,34500,"Power Shot, Incisive Pass, Technical, Bruiser",,78,74,73,81,73,83,CM,CDM | CAM,False,False,False,quinten-timber,16,76,75,76,78,78,79,79,79,78,77
82,87,68,75,81,65,84,65,67,69,25,72,56,70,52,65,74,48,70,46,66,23,77,63,25,21,67,53,63,8,12,10,6,8,66,23,57,74,76,59,9,2024-01-20,2026-06-30,1,103,Cameroon,Faris Pemi,Moumbagna,Moumbagna,Faris Pemi Moumbagna,11535,25872,25872,256669,1823,72,76,2000-07-01T00:00:00.000Z,25,219,Olympique de Marseille,16,8,6,olympique-de-marseille,14,31,https://cmtracker.fra1.cdn.digitaloceanspaces.com/DB/26/heads/p256669.png,0,3,8,5002,6,Left,2,3,1,0,,185,78,Male,,,Yes,No,3900000,3300000,2800000,31000,26500,22500,Rapid,,85,69,54,69,33,74,ST,-,False,False,False,faris-pemi-moumbagna,14,50,48,46,47,66,58,66,69,68,72
52,65,31,60,75,68,75,69,79,55,71,33,35,65,34,57,26,28,73,43,66,75,54,28,78,75,28,43,42,9,8,14,9,14,46,76,48,60,56,53,11,2024-07-01,2026-06-30,1,108,Côte d'Ivoire,Bamo,Meïté,Meïté,Bamo Meïté,3555,24949,24949,264401,1637,74,79,2001-12-03T00:00:00.000Z,23,219,Olympique de Marseille,16,8,6,olympique-de-marseille,5,16,https://cmtracker.fra1.cdn.digitaloceanspaces.com/DB/26/heads/p264401.png,21,9,10,1016,2,Right,2,3,1,0,,183,75,Male,,,Yes,No,7000000,6000000,5000000,30000,25500,22000,,,59,35,42,56,74,74,CB,-,False,False,False,bamo-meite,16,64,66,73,67,52,55,50,50,49,51
83,83,81,89,90,76,68,81,62,74,22,79,75,80,75,82,80,67,75,72,76,21,82,82,37,29,72,79,64,8,13,11,9,12,76,29,76,80,84,63,11,2025-08-01,2030-06-01,0,54,Brazil,Igor Guilherme,Barbosa da Paixão,Paixão,Igor Paixão,16123,3651,28639,271400,2089,80,83,2000-06-28T00:00:00.000Z,25,219,Olympique de Marseille,16,8,6,olympique-de-marseille,14,16,https://cmtracker.fra1.cdn.digitaloceanspaces.com/DB/26/heads/p271400.png,21,3,5,1021,8,Right,4,2,1,1,,168,63,Male,,,Yes,No,33000000,28000000,24000000,52000,44500,38000,"Gamechanger, Whipped Pass, Technical",,83,77,74,81,37,74,LM,LW,False,False,False,igor-guilherme-barbosa-da-paixao,18,58,55,49,55,78,72,78,79,79,79
25,32,30,25,56,23,63,58,24,23,10,7,39,23,14,10,8,14,20,27,25,5,42,5,11,12,6,12,12,64,59,56,64,55,15,10,18,38,34,20,60,2025-07-01,2027-06-01,0,7,Belgium,Jelle,Van Neck,Van Neck,Jelle Van Neck,17366,47442,47442,278095,959,61,74,2004-03-07T00:00:00.000Z,21,219,Olympique de Marseille,16,8,6,olympique-de-marseille,40,16,https://cmtracker.fra1.cdn.digitaloceanspaces.com/DB/26/heads/p278095.png,6,3,2,1524,5,Right,1,3,1,1,,191,75,Male,,,No,No,825000,700000,600000,2700,2300,2000,,,29,13,22,28,12,42,GK,-,False,False,False,jelle-van-neck,60,20,19,22,22,22,24,23,22,20,23
90,90,84,71,88,74,69,78,36,78,38,80,76,79,64,79,79,62,78,62,76,32,82,73,33,32,78,70,70,7,14,15,5,8,75,33,71,78,83,63,10,2023-09-01,2026-06-30,1,18,France,Randal,Kolo Muani,Kolo Muani,Randal Kolo Muani,30754,19936,19936,237679,2050,79,80,1998-12-05T00:00:00.000Z,26,73,Paris Saint-Germain,16,10,10,paris-saint-germain,39,13,https://cmtracker.fra1.cdn.digitaloceanspaces.com/DB/26/heads/p237679.png,0,9,10,1023,4,Right,3,4,3,0,,187,73,Male,,,Yes,No,25000000,21000000,18000000,100000,85000,73000,"Finesse Shot, Technical, Rapid, Quick Step",,90,77,68,78,43,67,ST,-,True,False,False,randal-kolo-muani,16,60,57,50,56,77,70,78,79,78,79
46,42,55,34,66,34,65,77,38,59,15,8,58,26,13,15,8,11,13,26,39,20,57,7,14,12,7,15,12,80,74,76,83,79,16,16,19,46,51,32,79,2024-06-14,2029-06-01,0,40,Russia,Matvey,Safonov,Safonov,Matvey Safonov,24256,32322,32322,240225,1284,80,84,1999-02-25T00:00:00.000Z,26,73,Paris Saint-Germain,16,10,10,paris-saint-germain,39,16,https://cmtracker.fra1.cdn.digitaloceanspaces.com/DB/26/heads/p240225.png,5,2,2,1508,5,Right,1,2,1,1,28900000.0,192,82,Male,,,No,No,27000000,22500000,19500000,59000,50000,43000,,GK Far Throw,44,17,27,44,15,51,GK,-,True,False,False,matvey-safonov,78,27,26,28,31,30,32,33,30,28,28
52,46,38,38,63,41,53,79,23,45,10,7,47,17,12,14,9,14,12,34,38,10,55,8,10,11,9,15,16,84,78,73,86,79,16,11,19,44,51,25,80,2025-08-09,2030-06-01,0,18,France,Lucas,Chevalier,Chevalier,Lucas Chevalier,22230,7058,7058,251752,1226,82,87,2001-11-06T00:00:00.000Z,23,73,Paris Saint-Germain,16,10,10,paris-saint-germain,30,16,https://cmtracker.fra1.cdn.digitaloceanspaces.com/DB/26/heads/p251752.png,3,4,3,0,5,Right,1,3,3,1,,189,84,Male,,,Yes,No,43500000,37000000,32000000,54000,46000,39500,,"GK Footwork, GK Rush Out",49,17,27,39,11,45,GK,-,True,False,False,lucas-chevalier,81,26,25,22,27,29,31,30,28,26,27
94,95,87,84,87,85,73,85,75,83,82,82,72,85,83,86,74,75,74,75,82,80,85,73,87,83,56,78,85,7,8,8,15,12,74,84,80,81,89,80,10,2021-08-31,2029-06-01,0,38,Portugal,Nuno Alexandre,Tavares Mendes,N.Mendes,Nuno Mendes,27507,35871,26378,252145,2395,88,91,2002-06-19T00:00:00.000Z,23,73,Paris Saint-Germain,16,10,10,paris-saint-germain,25,16,https://cmtracker.fra1.cdn.digitaloceanspaces.com/DB/26/heads/p252145.png,0,9,10,1024,2,Left,3,4,4,3,,180,70,Male,,,Yes,No,136000000,115500000,99500000,160000,135000,115000,"Pinged Pass, Whipped Pass, Jockey, Anticipate, Rapid",,95,76,78,85,81,80,LB,LM,True,False,False,nuno-alexandre-tavares-mendes,18,84,84,81,81,83,80,81,82,83,80
75,80,68,67,89,79,79,86,81,86,89,70,76,79,68,69,59,32,88,85,84,90,65,45,89,88,35,58,52,6,6,12,13,10,67,89,65,72,76,76,10,2013-07-19,2028-06-01,0,54,Brazil,Marcos,Aoás Corrêa,Marquinhos,Marquinhos,23599,2432,23838,207865,2158,87,87,1994-05-14T00:00:00.000Z,31,73,Paris Saint-Germain,16,10,10,paris-saint-germain,5,16,https://cmtracker.fra1.cdn.digitaloceanspaces.com/DB/26/heads/p207865.png,0,9,5,1508,2,Right,3,3,4,1,,183,75,Male,,,Yes,No,64000000,54500000,47000000,175000,145000,125000,"Jockey, Anticipate, Aerial Fortress",Career Injury Prone,78,54,67,76,89,82,CB,-,False,False,False,marcos-aoas-correa,17,82,83,86,84,75,78,74,73,72,71
68,74,69,69,84,68,78,81,89,80,80,66,71,77,78,65,53,39,80,66,78,83,62,51,84,82,46,59,42,10,7,8,10,14,67,83,62,69,73,72,10,2023-07-09,2028-06-01,0,18,France,Lucas,Hernández,L.Hernandez,Lucas Hernández,22230,15173,20690,220814,2071,81,81,1996-02-14T00:00:00.000Z,29,73,Paris Saint-Germain,16,10,10,paris-saint-germain,21,16,https://cmtracker.fra1.cdn.digitaloceanspaces.com/DB/26/heads/p220814.png,3,10,3,2019,271,Left,2,2,3,2,,184,79,Male,,,Yes,No,26500000,22500000,19500000,105000,88000,76000,"Slide Tackle, Bruiser",,71,53,65,74,82,80,LB,CB,False,False,False,lucas-hernandez,17,77,78,81,78,71,72,69,68,69,67
61,61,66,67,70,84,67,85,68,82,79,84,84,86,72,82,76,61,68,83,85,71,78,82,79,75,67,75,67,16,11,7,13,13,74,75,78,77,68,78,12,2022-08-31,2027-06-01,0,45,Spain,Fabián,Ruiz Peña,Fabian,Fabián Ruiz,11377,31980,11362,226271,2225,85,85,1996-04-03T00:00:00.000Z,29,73,Paris Saint-Germain,16,10,10,paris-saint-germain,8,16,https://cmtracker.fra1.cdn.digitaloceanspaces.com/DB/26/heads/p226271.png,3,4,3,1540,4,Left,3,3,3,1,,189,70,Male,,,Yes,No,62000000,52500000,45000000,155000,130000,110000,"Finesse Shot, Long Ball Pass, Tiki Taka, First Touch",,61,76,77,78,74,72,CM,CDM,False,False,False,fabian-ruiz-pena,20,77,76,74,79,79,83,81,80,78,77
93,89,94,81,84,76,69,91,58,88,45,95,84,94,80,94,90,68,74,78,89,49,91,85,49,39,79,85,80,6,6,14,13,10,83,46,84,81,90,75,10,2023-08-12,2028-06-01,0,18,France,Ousmane,Dembélé,O.Dembélé,Ousmane Dembélé,28441,8951,27701,231443,2320,90,90,1997-05-15T00:00:00.000Z,28,73,Paris Saint-Germain,16,10,10,paris-saint-germain,10,16,https://cmtracker.fra1.cdn.digitaloceanspaces.com/DB/26/heads/p231443.png,0,9,10,1001,261,Left,5,5,5,1,,178,67,Male,,,Yes,No,144500000,122500000,105500000,260000,220000,185000,"Low Driven Shot, Pinged Pass, Inventive, Trickster, Quick Step",,91,87,81,90,51,72,ST,RW | CAM,False,False,False,ousmane-dembele,18,70,67,60,68,88,83,90,90,90,88
89,95,81,78,84,95,72,90,77,84,85,84,78,85,85,82,80,80,71,73,86,82,82,77,85,79,74,78,68,10,8,14,8,6,80,82,80,82,87,80,10,2021-07-06,2029-06-01,0,129,Morocco,Achraf,Hakimi,Hakimi,Achraf Hakimi,438,14481,14481,235212,2405,89,90,1998-11-04T00:00:00.000Z,26,73,Paris Saint-Germain,16,10,10,paris-saint-germain,2,16,https://cmtracker.fra1.cdn.digitaloceanspaces.com/DB/26/heads/p235212.png,0,9,4,1009,1,Right,4,4,4,3,,181,73,Male,,,Yes,No,131000000,111000000,95500000,200000,170000,145000,"Low Driven Shot, Whipped Pass, Jockey, Anticipate, Press Proven, Quick Step",Career One Club Player,92,78,80,83,80,82,RB,RM,False,False,False,achraf-hakimi,17,86,85,81,83,84,83,83,83,84,82
75,69,86,87,70,73,56,78,72,81,55,79,81,83,82,83,76,77,65,79,81,46,80,75,55,44,75,83,71,11,12,12,14,8,76,49,81,71,79,74,12,2023-07-08,2028-06-01,0,167,Korea Republic,Kang In,Lee,Kang In,Lee Kang In,18815,21231,18815,243780,2174,80,85,2001-02-19T00:00:00.000Z,24,73,Paris Saint-Germain,16,10,10,paris-saint-germain,19,16,https://cmtracker.fra1.cdn.digitaloceanspaces.com/DB/26/heads/p243780.png,21,4,4,559,2,Left,4,3,2,0,,173,66,Male,,,Yes,No,37500000,32000000,27500000,91000,77000,67000,"Dead Ball, Whipped Pass, Inventive, Technical",,72,76,81,83,53,68,RW,CM | RM,False,False,False,kang-in-lee,18,67,64,59,67,79,77,79,78,79,75
85,86,86,84,87,83,76,84,73,84,58,87,85,88,79,89,81,74,62,78,87,53,78,86,62,52,64,86,70,9,15,8,8,14,75,56,83,82,85,77,11,2025-01-17,2029-06-01,0,20,Georgia,Khvicha,Kvaratskhelia,Kvaratskhelia,Khvicha Kvaratskhelia,19475,20487,20487,247635,2301,87,90,2001-02-12T00:00:00.000Z,24,73,Paris Saint-Germain,16,10,10,paris-saint-germain,7,16,https://cmtracker.fra1.cdn.digitaloceanspaces.com/DB/26/heads/p247635.png,6,4,4,3506,2,Right,5,5,3,1,,183,70,Male,,,Yes,No,128500000,109000000,93500000,165000,140000,120000,"Finesse Shot, Gamechanger, Incisive Pass, Technical, Trickster",,86,78,82,86,57,80,LW,RW | LM,False,False,False,khvicha-kvaratskhelia,19,73,70,66,72,85,82,85,85,85,81
75,69,92,89,66,89,59,90,77,88,85,81,91,90,78,91,81,69,52,91,91,74,78,89,79,69,62,83,88,12,13,8,5,5,73,74,85,77,83,85,9,2022-06-30,2029-06-01,0,38,Portugal,Vítor,Machado Ferreira,Vitinha,Vitinha,38340,22834,38125,255253,2359,90,92,2000-02-13T00:00:00.000Z,25,73,Paris Saint-Germain,16,10,10,paris-saint-germain,17,16,https://cmtracker.fra1.cdn.digitaloceanspaces.com/DB/26/heads/p255253.png,0,4,4,1519,1,Right,4,3,5,1,,172,64,Male,,,Yes,No,175500000,149000000,128000000,220000,185000,155000,"Finesse Shot, Incisive Pass, Long Ball Pass, Tiki Taka, Intercept, Relentless",,72,80,84,90,72,73,CM,CDM | CAM,False,False,False,vitor-machado-ferreira,17,81,79,74,83,85,88,87,84,85,78
74,85,63,60,90,78,89,86,86,81,84,36,58,69,46,52,30,38,82,69,78,90,46,29,90,82,26,47,39,9,12,12,10,13,53,88,55,67,74,64,12,2024-08-09,2029-06-01,0,57,Ecuador,Willian,Pacho,Pacho,Willian Pacho,38826,28595,28595,256196,1939,87,90,2001-10-16T00:00:00.000Z,23,73,Paris Saint-Germain,16,10,10,paris-saint-germain,51,16,https://cmtracker.fra1.cdn.digitaloceanspaces.com/DB/26/heads/p256196.png,21,9,9,1031,5,Left,2,3,3,1,,188,81,Male,,,Yes,No,114500000,97000000,83500000,145000,120000,105000,"Jockey, Block, Anticipate",Career One Club Player,80,34,56,69,86,86,CB,-,False,False,False,willian-pacho,19,76,79,85,80,62,67,60,58,58,57
73,73,77,71,89,79,79,81,78,75,44,85,63,78,58,76,82,48,83,63,72,43,82,68,47,34,75,64,75,15,9,7,15,7,74,42,66,80,75,70,11,2023-11-22,2028-06-01,0,38,Portugal,Gonçalo Matias,Ramos,G.Ramos,Gonçalo Ramos,13573,30712,12567,256903,2068,80,84,2001-06-20T00:00:00.000Z,24,73,Paris Saint-Germain,16,10,10,paris-saint-germain,9,16,https://cmtracker.fra1.cdn.digitaloceanspaces.com/DB/26/heads/p256903.png,0,3,5,1503,5,Right,2,4,1,0,,185,82,Male,,,Yes,No,36000000,30500000,26500000,93000,79000,68000,"Finesse Shot, Precision Header, Low Driven Shot, Aerial Fortress, Press Proven",,73,78,61,76,50,81,ST,-,False,False,False,goncalo-matias-ramos,18,60,59,59,61,73,70,74,76,74,79
76,84,64,56,90,73,85,80,77,74,79,35,57,68,55,60,33,40,77,76,77,82,50,34,82,79,28,36,40,14,11,10,13,11,54,81,56,67,72,61,12,2025-08-12,2030-06-01,0,49,Ukraine,Illia,Zabarnyi,Zabarnyi,Illia Zabarnyi,16231,39872,39872,258781,1906,80,85,2002-09-01T00:00:00.000Z,22,73,Paris Saint-Germain,16,10,10,paris-saint-germain,6,16,https://cmtracker.fra1.cdn.digitaloceanspaces.com/DB/26/heads/p258781.png,6,2,2,1531,5,Right,2,3,1,0,,189,80,Male,,,Yes,No,34500000,29500000,25000000,80000,68000,59000,"Long Ball Pass, Jockey, Intercept, Aerial Fortress",Career One Club Player,80,37,57,67,80,81,CB,-,False,False,False,illia-zabarnyi,19,74,76,80,76,63,67,61,58,60,57
89,94,88,64,79,74,64,82,60,83,39,84,79,84,81,86,80,64,69,64,83,34,74,74,39,28,73,80,66,8,8,15,6,6,78,34,76,73,84,69,9,2023-08-31,2028-06-01,0,18,France,Bradley,Barcola,B.Barcola,Bradley Barcola,5327,3668,3234,264652,2101,84,88,2002-09-02T00:00:00.000Z,22,73,Paris Saint-Germain,16,10,10,paris-saint-germain,29,16,https://cmtracker.fra1.cdn.digitaloceanspaces.com/DB/26/heads/p264652.png,5,9,6,1039,4,Right,4,4,3,0,,188,70,Male,,,Yes,No,72500000,61500000,53000000,125000,110000,93000,"Finesse Shot, Gamechanger, Rapid",,92,75,75,81,42,69,LW,RW | LM,False,False,False,bradley-barcola,15,64,60,52,59,82,74,82,82,83,79
81,78,75,88,84,90,83,81,76,78,81,77,79,81,68,78,67,53,66,82,83,74,76,69,81,73,49,66,59,14,11,7,15,8,67,76,72,81,81,75,11,2022-07-15,2029-06-01,0,18,France,Warren,Zaïre-Emery,Zaïre-Emery,Warren Zaïre-Emery,38548,40039,40039,270673,2231,81,88,2006-03-08T00:00:00.000Z,19,73,Paris Saint-Germain,16,10,10,paris-saint-germain,33,16,https://cmtracker.fra1.cdn.digitaloceanspaces.com/DB/26/heads/p270673.png,0,4,5,3001,2,Right,3,4,3,0,,178,68,Male,,,Yes,No,59000000,50000000,43000000,72000,61000,53000,"Tiki Taka, Jockey, First Touch, Press Proven, Quick Step, Relentless",,80,66,72,80,75,83,CM,CDM | RB | CAM,False,False,False,warren-zaire-emery,19,78,78,77,80,78,80,78,77,76,74
85,82,88,87,75,80,77,85,61,89,59,81,78,89,74,91,78,68,46,74,81,52,86,83,60,52,68,82,71,9,12,7,13,5,70,55,81,81,86,74,10,2024-08-17,2029-06-01,0,18,France,Désiré,Doué,D.Doué,Désiré Doué,10097,9773,8243,271421,2228,85,91,2005-06-03T00:00:00.000Z,20,73,Paris Saint-Germain,16,10,10,paris-saint-germain,14,16,https://cmtracker.fra1.cdn.digitaloceanspaces.com/DB/26/heads/p271421.png,6,3,6,1036,2,Right,5,4,3,1,,181,79,Male,,,Yes,No,99000000,83500000,72000000,120000,100000,87000,"Gamechanger, Inventive, First Touch, Press Proven, Quick Step",,84,78,76,88,54,73,RW,LW | CM | RM,False,False,False,desire-doue,17,72,68,62,70,82,79,83,83,83,79
77,71,84,86,88,92,78,86,84,85,85,81,85,88,67,84,72,72,84,87,87,83,79,74,85,82,83,76,60,8,7,5,13,13,79,84,82,83,81,80,10,2024-08-05,2029-06-01,0,38,Portugal,João Pedro,Gonçalves Neves,João Neves,João Neves,18104,13587,18099,272834,2391,87,92,2004-09-27T00:00:00.000Z,20,73,Paris Saint-Germain,16,10,10,paris-saint-germain,87,16,https://cmtracker.fra1.cdn.digitaloceanspaces.com/DB/26/heads/p272834.png,3,6,4,13,2,Right,3,4,4,1,,174,66,Male,,,Yes,No,139000000,117500000,101000000,130000,110000,94000,"Acrobatic, Long Ball Pass, Tiki Taka, Aerial Fortress, Relentless",Career One Club Player,74,75,79,86,84,86,CM,CDM,False,False,False,joao-pedro-goncalves-neves,18,82,82,83,85,81,85,83,81,80,80
61,70,60,60,81,63,76,77,84,70,77,35,59,72,59,66,34,34,76,72,78,80,56,31,82,77,30,58,46,11,14,15,8,12,56,80,61,62,66,62,12,2024-01-01,2028-06-01,0,54,Brazil,Lucas,Lopes Beraldo,Beraldo,Lucas Beraldo,22230,22067,4250,279709,1884,78,83,2003-11-24T00:00:00.000Z,21,73,Paris Saint-Germain,16,10,10,paris-saint-germain,4,16,https://cmtracker.fra1.cdn.digitaloceanspaces.com/DB/26/heads/p279709.png,3,9,2,2504,2,Left,2,2,1,0,,182,78,Male,,,Yes,No,23000000,19500000,17000000,58000,49000,42500,"Pinged Pass, Slide Tackle",,66,39,60,68,78,76,CB,-,False,False,False,lucas-lopes-beraldo,18,72,73,78,75,63,66,61,59,59,57
64,72,71,77,79,72,77,81,73,82,83,71,78,82,83,77,62,85,75,80,84,83,82,78,83,80,67,76,77,5,7,14,9,15,75,82,80,78,73,78,10,2021-07-01,2026-06-01,0,4,Austria,David,Alaba,Alaba,David Alaba,8642,1284,1284,197445,2284,81,81,1992-06-24T00:00:00.000Z,33,243,Real Madrid,53,10,7,real-madrid,4,53,https://cmtracker.fra1.cdn.digitaloceanspaces.com/DB/26/heads/p197445.png,0,3,9,1010,2,Left,3,4,3,1,,180,78,Male,,,Yes,No,14500000,12500000,10500000,200000,170000,145000,Anticipate,,68,73,81,78,81,75,CB,-,True,False,False,david-alaba,17,79,79,80,80,76,79,77,75,75,74
84,85,78,79,87,85,84,80,80,76,79,76,74,74,74,74,63,45,70,75,77,76,69,64,80,79,50,72,49,7,16,9,9,10,67,79,68,78,82,73,11,2019-07-01,2028-06-01,0,18,France,Ferland,Mendy,F.Mendy,Ferland Mendy,11772,24782,11345,228618,2189,81,81,1995-06-08T00:00:00.000Z,30,243,Real Madrid,53,10,7,real-madrid,23,53,https://cmtracker.fra1.cdn.digitaloceanspaces.com/DB/26/heads/p228618.png,0,9,10,1042,350,Left,4,5,3,2,,180,73,Male,,,Yes,No,26000000,22000000,19000000,200000,170000,145000,"Block, Rapid",,85,62,70,77,77,84,LB,LM,True,False,False,ferland-mendy,18,78,78,78,78,76,75,74,74,74,72
72,79,73,72,75,88,68,85,69,81,84,79,86,85,93,79,64,85,69,91,87,78,85,76,82,79,71,91,66,14,15,14,7,6,77,80,87,79,77,78,12,2025-06-01,2031-06-01,0,14,England,Trent,Alexander-Arnold,Trent,Trent Alexander-Arnold,36795,1499,36795,231281,2348,86,87,1998-10-07T00:00:00.000Z,26,243,Real Madrid,53,10,7,real-madrid,12,53,https://cmtracker.fra1.cdn.digitaloceanspaces.com/DB/26/heads/p231281.png,0,9,5,1003,316,Right,3,4,4,3,,180,78,Male,,,Yes,No,86000000,73000000,63000000,290000,250000,210000,"Dead Ball, Incisive Pass, Long Ball Pass, Relentless",,76,74,89,79,78,75,RB,RM,True,False,False,trent-alexander-arnold,18,83,82,78,83,82,84,81,79,80,76
83,82,88,90,60,69,58,78,46,78,33,77,82,85,76,84,75,61,30,76,82,40,73,74,23,21,64,74,58,13,9,13,6,10,66,28,76,67,85,63,11,2019-01-06,2027-06-01,0,129,Morocco,Brahim,Díaz,Brahim,Brahim,5338,10104,5338,231410,1971,81,82,1999-08-03T00:00:00.000Z,25,243,Real Madrid,53,10,7,real-madrid,21,53,https://cmtracker.fra1.cdn.digitaloceanspaces.com/DB/26/heads/p231410.png,3,9,2,2022,8,Right,4,5,3,1,77600000.0,170,68,Male,,,Yes,No,36500000,31000000,26500000,190000,160000,140000,"Incisive Pass, Tiki Taka, Technical, First Touch",,83,70,75,84,29,58,RM,LM | RW,True,False,False,brahim-diaz,17,59,54,42,57,80,74,81,79,80,72
88,87,86,84,76,78,59,82,52,83,25,82,83,87,77,88,78,77,67,72,79,24,76,76,39,28,67,82,80,9,8,12,5,8,74,31,82,73,86,68,9,2019-07-01,2028-06-01,0,54,Brazil,Rodrygo,Silva de Goes,Rodrygo,Rodrygo,31567,34075,31567,243812,2104,84,87,2001-01-09T00:00:00.000Z,24,243,Real Madrid,53,10,7,real-madrid,11,53,https://cmtracker.fra1.cdn.digitaloceanspaces.com/DB/26/heads/p243812.png,0,3,8,1523,1,Right,4,4,3,1,173200000.0,174,64,Male,,,Yes,No,68000000,57500000,49500000,230000,190000,165000,"Finesse Shot, Dead Ball, Gamechanger, Inventive, Technical",,88,77,78,85,37,66,LM,RM | ST | LW,True,False,False,rodrygo-silva-de-goes,15,61,57,47,57,82,75,82,82,83,78
39,35,36,25,62,32,61,78,22,56,19,11,60,15,15,11,8,15,12,26,25,22,59,7,13,11,12,14,19,80,78,79,81,79,15,16,17,45,43,32,80,2018-07-02,2030-06-01,0,49,Ukraine,Andriy,Lunin,Lunin,Andriy Lunin,2127,22425,22425,243952,1217,80,84,1999-02-11T00:00:00.000Z,26,243,Real Madrid,53,10,7,real-madrid,13,53,https://cmtracker.fra1.cdn.digitaloceanspaces.com/DB/26/heads/p243952.png,6,2,2,3,5,Right,1,3,3,1,,191,83,Male,,,Yes,No,27000000,22500000,19500000,115000,96000,83000,,GK Footwork,37,19,26,37,15,44,GK,-,True,False,False,andriy-lunin,79,25,24,26,27,26,29,28,27,24,26
90,88,80,91,76,82,69,71,69,69,73,70,67,77,72,71,42,36,54,61,77,68,63,53,79,73,39,69,39,9,6,12,11,9,57,74,63,69,84,65,10,2023-07-01,2027-06-01,0,45,Spain,Francisco José,García Torres,Fran García,Fran García,12239,12837,12202,246606,2015,77,80,1999-08-14T00:00:00.000Z,25,243,Real Madrid,53,10,7,real-madrid,20,53,https://cmtracker.fra1.cdn.digitaloceanspaces.com/DB/26/heads/p246606.png,3,5,4,57,8,Left,3,3,2,2,45700000.0,169,63,Male,,,Yes,No,15000000,13000000,11000000,135000,115000,100000,"Rapid, Quick Step",,89,51,64,77,69,74,LB,LM,True,False,False,francisco-jose-garcia-torres,15,75,75,71,72,72,70,70,69,71,64
81,80,82,82,82,84,79,81,79,79,81,71,79,85,77,83,64,59,64,84,86,76,75,70,82,85,60,74,62,12,6,8,12,12,71,81,77,78,82,76,10,2021-09-01,2029-06-01,0,18,France,Eduardo,Camavinga,Camavinga,Eduardo Camavinga,10296,6173,6173,248243,2276,82,86,2002-11-10T00:00:00.000Z,22,243,Real Madrid,53,10,7,real-madrid,6,53,https://cmtracker.fra1.cdn.digitaloceanspaces.com/DB/26/heads/p248243.png,0,9,10,1004,4,Left,4,3,3,0,165400000.0,185,77,Male,,,Yes,No,52000000,44000000,38000000,190000,160000,135000,"Jockey, Block, Slide Tackle, Technical, Bruiser",,81,67,77,82,78,81,CM,CDM | LB,True,False,False,eduardo-camavinga,18,81,81,79,82,80,81,79,77,78,74
81,80,83,83,85,94,80,91,85,90,80,89,88,91,68,90,86,68,75,87,89,77,86,87,80,82,78,75,74,14,11,10,8,5,80,80,83,87,84,85,10,2023-07-01,2029-06-01,0,14,England,Jude,Bellingham,Bellingham,Jude Bellingham,18189,4104,4104,252371,2450,89,93,2003-06-29T00:00:00.000Z,22,243,Real Madrid,53,10,7,real-madrid,5,53,https://cmtracker.fra1.cdn.digitaloceanspaces.com/DB/26/heads/p252371.png,21,9,7,1039,2,Right,4,4,5,1,,186,75,Male,,,Yes,No,177500000,150500000,129500000,350000,300000,260000,"Low Driven Shot, Gamechanger, Inventive, Slide Tackle, Technical, First Touch",Career Injury Prone,81,83,79,88,79,86,CAM,CM | LM,True,False,False,jude-bellingham,18,83,82,81,85,86,88,88,87,85,85
84,86,80,74,79,89,76,81,81,76,79,76,77,82,78,80,65,45,55,75,76,74,77,60,77,75,50,79,43,6,7,11,14,8,65,76,73,77,81,72,10,2025-07-15,2031-06-01,0,45,Spain,Álvaro,Fernández Carreras,A. Carreras,Álvaro Carreras,40821,11798,23,268889,2175,80,88,2003-03-23T00:00:00.000Z,22,243,Real Madrid,53,10,7,real-madrid,18,53,https://cmtracker.fra1.cdn.digitaloceanspaces.com/DB/26/heads/p268889.png,6,4,1,4,4,Left,3,4,1,2,,186,75,Male,,,Yes,No,53500000,45000000,39000000,155000,130000,110000,"Long Ball Pass, Relentless",,85,62,72,79,72,81,LB,LM,True,False,False,alvaro-fernandez-carreras,16,79,78,75,78,79,77,77,76,77,73
68,74,53,33,85,68,78,81,79,78,83,59,76,82,50,73,44,49,83,83,85,82,71,64,82,82,41,65,68,12,7,14,8,14,61,82,71,74,62,74,11,2025-06-01,2030-06-01,0,45,Spain,Dean,Huijsen,Huijsen,Dean Huijsen,8813,15743,15743,278349,2074,82,89,2005-04-14T00:00:00.000Z,20,243,Real Madrid,53,10,7,real-madrid,24,53,https://cmtracker.fra1.cdn.digitaloceanspaces.com/DB/26/heads/p278349.png,5,8,2,44,4,Right,2,5,3,0,126000000.0,196,86,Male,,,Yes,No,66000000,56000000,48000000,150000,125000,110000,"Long Ball Pass, Block, Slide Tackle, Aerial Fortress",,71,58,68,67,82,78,CB,-,True,False,False,dean-huijsen,18,75,77,81,81,71,77,73,70,68,68
42,52,63,45,68,38,70,88,23,66,15,13,54,23,14,13,14,20,13,35,33,20,57,17,18,16,12,19,27,85,89,76,90,88,18,18,22,50,58,33,86,2018-08-09,2027-06-01,0,7,Belgium,Thibaut,Courtois,Courtois,Thibaut Courtois,36190,7858,7858,192119,1416,89,89,1992-05-11T00:00:00.000Z,33,243,Real Madrid,53,10,7,real-madrid,1,53,https://cmtracker.fra1.cdn.digitaloceanspaces.com/DB/26/heads/p192119.png,3,3,2,30,13,Left,1,3,5,2,68700000.0,200,96,Male,,,Yes,No,39500000,33500000,29000000,260000,220000,190000,,"GK Far Throw, GK Rush Out",47,23,29,50,16,50,GK,-,False,False,False,thibaut-courtois,87,29,29,29,31,31,34,33,32,30,31
79,80,77,84,84,82,74,83,85,83,81,75,78,84,84,77,56,47,76,74,84,80,68,52,84,83,53,77,45,13,13,15,15,9,71,83,72,72,81,75,13,2013-07-05,2026-06-01,0,45,Spain,Daniel,Carvajal Ramos,Carvajal,Carvajal,8495,6506,6505,204963,2234,85,85,1992-01-11T00:00:00.000Z,33,243,Real Madrid,53,10,7,real-madrid,2,53,https://cmtracker.fra1.cdn.digitaloceanspaces.com/DB/26/heads/p204963.png,3,3,2,1547,355,Right,3,3,4,3,,173,73,Male,,,Yes,No,33000000,28000000,24000000,280000,240000,210000,"Whipped Pass, Block, Relentless",Career Injury Prone,80,58,74,81,81,81,RB,RM,False,False,False,daniel-carvajal-ramos,20,82,82,81,81,78,78,76,75,76,72
68,84,56,50,88,70,88,81,93,80,83,54,61,74,68,69,40,56,83,80,81,83,84,67,84,83,34,50,40,14,15,10,8,12,62,84,66,80,68,69,12,2022-07-01,2026-06-01,0,21,Germany,Antonio,Rüdiger,Rüdiger,Antonio Rüdiger,2350,32148,32148,205452,2091,85,85,1993-03-03T00:00:00.000Z,32,243,Real Madrid,53,10,7,real-madrid,22,53,https://cmtracker.fra1.cdn.digitaloceanspaces.com/DB/26/heads/p205452.png,0,9,9,1002,4,Right,2,3,4,1,,190,86,Male,,,Yes,No,41500000,35000000,30000000,280000,240000,210000,"Long Ball Pass, Jockey, Aerial Fortress, Bruiser",,76,53,66,68,83,85,CB,-,False,False,False,antonio-rudiger,19,77,79,83,80,69,73,68,67,67,67
65,57,77,78,57,76,61,78,75,81,78,78,81,84,74,83,69,67,41,81,84,75,76,76,76,70,62,77,55,12,15,16,13,7,66,74,79,70,71,75,13,2017-07-14,2027-06-01,0,45,Spain,Daniel,Ceballos Fernández,D. Ceballos,Dani Ceballos,8495,6677,8197,222509,2155,81,81,1996-08-07T00:00:00.000Z,28,243,Real Madrid,53,10,7,real-madrid,19,53,https://cmtracker.fra1.cdn.digitaloceanspaces.com/DB/26/heads/p222509.png,0,9,1,4,1,Right,4,3,3,0,,179,70,Male,,,Yes,No,30500000,25500000,22000000,210000,175000,150000,"Whipped Pass, Jockey, Intercept, Technical",,61,69,77,80,68,67,CM,CDM,False,False,False,daniel-ceballos-fernandez,19,75,73,70,78,77,80,79,76,76,70
97,97,93,82,90,83,77,91,61,88,38,91,83,93,78,92,94,69,78,74,87,26,91,86,34,32,87,80,84,13,5,7,6,11,85,31,82,86,92,75,9,2024-07-01,2029-06-01,0,18,France,Kylian,Mbappé,Mbappé,Kylian Mbappé,20546,24412,24412,231747,2298,91,92,1998-12-20T00:00:00.000Z,26,243,Real Madrid,53,10,7,real-madrid,10,53,https://cmtracker.fra1.cdn.digitaloceanspaces.com/DB/26/heads/p231747.png,0,9,7,1016,343,Right,5,4,5,1,368700000.0,182,81,Male,,,Yes,No,185000000,157000000,135000000,720000,610000,530000,"Finesse Shot, Acrobatic, Low Driven Shot, Gamechanger, Rapid, First Touch",Career One Club Player,97,89,79,90,42,78,ST,-,False,False,False,kylian-mbappe,17,67,63,54,63,88,81,89,90,90,89
95,95,94,84,74,84,65,85,58,83,26,86,85,90,81,93,88,62,50,77,83,32,81,83,25,18,73,79,74,5,7,7,10,7,75,25,81,78,91,69,8,2018-07-12,2027-06-01,0,54,Brazil,Vinícius José,de Oliveira Júnior,Vini Jr.,Vini Jr.,38072,40602,38056,238794,2139,89,92,2000-07-12T00:00:00.000Z,24,243,Real Madrid,53,10,7,real-madrid,7,53,https://cmtracker.fra1.cdn.digitaloceanspaces.com/DB/26/heads/p238794.png,0,9,9,1000,1,Right,5,4,5,2,299600000.0,176,73,Male,,,Yes,No,166000000,141000000,121000000,350000,290000,250000,"Finesse Shot, Chip Shot, Gamechanger, Inventive, Rapid, First Touch",,95,81,78,88,30,70,LM,ST | LW,False,False,False,vinicius-jose-de-oliveira-junior,15,62,57,45,58,87,78,87,87,88,82
84,92,77,68,83,93,82,89,80,84,86,85,86,88,77,83,80,72,63,88,88,81,93,91,87,85,78,76,59,6,10,6,8,15,78,85,82,89,82,80,9,2016-07-22,2029-06-01,0,60,Uruguay,Federico,Valverde,Valverde,Federico Valverde,11668,37519,37519,239053,2423,88,89,1998-07-22T00:00:00.000Z,26,243,Real Madrid,53,10,7,real-madrid,8,53,https://cmtracker.fra1.cdn.digitaloceanspaces.com/DB/26/heads/p239053.png,3,3,3,13,397,Right,3,4,4,1,,182,78,Male,,,Yes,No,126000000,107000000,92000000,370000,310000,270000,"Long Ball Pass, Intercept, Slide Tackle, Aerial Fortress, Rapid, Relentless",Career Injury Prone,88,81,81,82,80,85,CM,CDM | RB,False,False,False,federico-valverde,18,86,85,82,86,85,87,86,85,84,83
80,83,66,62,91,85,79,84,83,76,84,64,65,75,69,70,48,40,86,76,78,85,64,51,85,84,34,60,60,11,8,15,15,12,63,85,65,74,75,72,13,2019-07-01,2028-06-01,0,54,Brazil,Éder,Gabriel Militão,E. Militão,Éder Militão,40892,12615,10144,240130,2128,84,86,1998-01-18T00:00:00.000Z,27,243,Real Madrid,53,10,7,real-madrid,3,53,https://cmtracker.fra1.cdn.digitaloceanspaces.com/DB/26/heads/p240130.png,0,9,7,1009,349,Right,2,3,3,1,,186,78,Male,,,Yes,No,53000000,45000000,38500000,250000,210000,180000,"Precision Header, Block, Intercept, Aerial Fortress",,82,54,65,72,85,85,CB,-,False,False,False,eder-gabriel-militao,19,80,81,83,80,72,74,70,69,69,68
73,70,72,70,84,83,82,82,80,82,83,74,81,81,68,76,65,53,75,84,85,81,78,75,83,80,50,76,55,9,8,12,7,12,69,82,74,81,74,76,10,2022-07-01,2028-06-01,0,18,France,Aurélien,Tchouaméni,Tchouameni,Aurélien Tchouaméni,3003,35921,35920,241637,2229,84,87,2000-01-27T00:00:00.000Z,25,243,Real Madrid,53,10,7,real-madrid,14,53,https://cmtracker.fra1.cdn.digitaloceanspaces.com/DB/26/heads/p241637.png,0,9,10,1036,4,Right,3,3,3,1,,188,82,Male,,,Yes,No,59500000,50500000,43500000,240000,200000,175000,"Precision Header, Jockey, Intercept, Anticipate, Aerial Fortress, Relentless, Bruiser",,72,66,75,77,80,82,CDM,CM | CB,False,False,False,aurelien-tchouameni,17,79,79,81,82,76,81,78,76,75,74
78,73,83,85,54,75,43,80,47,80,55,80,85,85,82,85,76,77,41,82,84,52,80,81,57,46,70,85,71,13,10,11,10,14,71,52,83,67,80,70,12,2023-07-06,2029-06-01,0,48,Turkey,Arda,Güler,Arda Güler,Arda Güler,2526,14292,2527,264309,2130,82,89,2005-02-25T00:00:00.000Z,20,243,Real Madrid,53,10,7,real-madrid,15,53,https://cmtracker.fra1.cdn.digitaloceanspaces.com/DB/26/heads/p264309.png,3,4,1,1549,2,Left,4,3,1,1,,175,70,Male,,,Yes,No,71000000,60500000,52000000,160000,135000,115000,"Finesse Shot, Incisive Pass, Whipped Pass, Inventive, Technical",,76,76,83,83,50,55,RM,CAM | CM | RW,False,False,False,arda-guler,19,69,65,55,67,81,79,82,80,81,73
88,86,85,81,84,68,71,77,69,74,20,76,66,77,52,78,78,71,70,59,68,24,79,74,30,31,74,66,68,8,8,15,13,15,69,29,71,76,84,63,12,2024-07-08,2026-06-30,1,54,Brazil,Endrick Felipe,Moreira de Sousa,Endrick,Endrick,10809,25717,10808,272505,2003,77,88,2006-07-21T00:00:00.000Z,18,243,Real Madrid,53,10,7,real-madrid,9,16,https://cmtracker.fra1.cdn.digitaloceanspaces.com/DB/26/heads/p272505.png,0,9,8,3001,3,Left,4,3,1,0,65500000.0,173,67,Male,,,Yes,No,26500000,22500000,19500000,110000,94000,81000,"Power Shot, Gamechanger, Rapid, Quick Step",,87,75,64,79,35,73,ST,RW | RM,False,False,False,endrick-felipe-moreira-de-sousa,18,53,51,47,51,72,65,74,76,74,76
79,74,85,76,74,61,60,78,51,77,36,76,78,81,76,81,72,72,65,70,77,65,75,78,42,35,85,85,72,5,3,5,3,5,75,48,78,70,79,65,5,2021-01-30,2026-06-01,0,27,Italy,Stephan,El Shaarawy,El Shaarawy,Stephan El Shaarawy,34905,10506,10506,190813,2057,78,78,1992-10-27T00:00:00.000Z,32,52,Roma,31,7,6,roma,92,31,https://cmtracker.fra1.cdn.digitaloceanspaces.com/DB/26/heads/p190813.png,6,9,3,2017,2,Right,4,3,3,1,,178,73,Male,,,Yes,No,13000000,11000000,9500000,63000,53000,45500,,,77,76,76,80,49,62,LM,LW | CAM,True,False,False,stephan-el-shaarawy,12,62,59,55,60,76,72,77,77,77,74
53,52,62,58,78,89,78,82,78,82,78,76,80,79,70,75,68,66,76,84,84,79,83,78,80,74,72,68,68,3,5,3,5,3,74,78,75,82,62,77,4,2019-07-01,2027-06-01,0,27,Italy,Bryan,Cristante,Cristante,Bryan Cristante,5624,7914,7914,208268,2169,81,81,1995-03-03T00:00:00.000Z,30,52,Roma,31,7,6,roma,4,31,https://cmtracker.fra1.cdn.digitaloceanspaces.com/DB/26/heads/p208268.png,6,3,5,2501,5,Right,3,4,3,0,,186,80,Male,,,Yes,No,29000000,24500000,21000000,78000,66000,57000,"Precision Header, Aerial Fortress",Career One Club Player,53,74,75,73,77,81,CM,CDM,True,False,False,bryan-cristante,12,76,75,77,80,74,80,76,75,72,74
82,76,88,87,76,76,63,86,48,89,42,78,87,88,80,85,85,87,65,82,84,32,84,83,42,39,92,89,88,5,4,4,8,5,82,38,87,77,84,72,6,2022-07-20,2026-06-01,0,52,Argentina,Paulo,Dybala,Dybala,Paulo Dybala,29046,10042,10042,211110,2209,85,85,1993-11-15T00:00:00.000Z,31,52,Roma,31,7,6,roma,21,31,https://cmtracker.fra1.cdn.digitaloceanspaces.com/DB/26/heads/p211110.png,3,5,3,3,342,Left,5,3,4,1,,177,75,Male,,,Yes,No,52500000,44500000,38500000,115000,96000,82000,"Finesse Shot, Dead Ball, Incisive Pass, Inventive, Technical, First Touch",,79,85,85,87,44,66,CAM,ST,True,False,False,paulo-dybala,14,65,61,52,63,83,79,84,83,83,80
70,73,67,67,74,82,70,76,78,78,76,70,68,78,76,74,57,49,68,69,74,75,63,62,76,76,55,72,46,13,14,9,7,10,66,76,69,71,71,70,11,2022-07-05,2026-06-01,0,48,Turkey,Zeki,Çelik,Çelik,Zeki Çelik,40072,40883,40883,224490,2072,78,78,1997-02-17T00:00:00.000Z,28,52,Roma,31,7,6,roma,19,31,https://cmtracker.fra1.cdn.digitaloceanspaces.com/DB/26/heads/p224490.png,0,4,4,1518,2,Right,3,3,2,2,,180,78,Male,,,Yes,No,15000000,12500000,11000000,60000,51000,44000,,,72,59,68,73,74,76,RB,RM | CB,True,False,False,zeki-celik,18,75,75,74,75,72,72,71,70,71,68
75,74,79,72,80,77,70,79,74,78,69,77,83,84,74,78,76,79,74,80,84,73,79,76,74,72,74,74,80,12,7,10,11,13,77,73,79,77,76,77,11,2017-07-01,2026-06-01,0,27,Italy,Lorenzo,Pellegrini,Pellegrini,Lorenzo Pellegrini,22099,29235,29235,228251,2271,80,80,1996-06-19T00:00:00.000Z,29,52,Roma,31,7,6,roma,7,31,https://cmtracker.fra1.cdn.digitaloceanspaces.com/DB/26/heads/p228251.png,6,4,3,4008,5,Right,3,4,3,0,,186,77,Male,,,Yes,No,24500000,20500000,18000000,74000,63000,54000,"Finesse Shot, Press Proven",,75,77,79,78,72,75,CAM,CM,True,False,False,lorenzo-pellegrini,18,75,75,73,76,78,79,80,79,78,77
65,74,35,58,85,84,79,86,87,83,87,36,56,79,34,59,48,34,85,74,75,87,51,58,85,79,40,38,47,13,12,8,8,6,57,84,57,72,64,66,10,2020-07-01,2027-06-01,0,27,Italy,Gianluca,Mancini,Mancini,Gianluca Mancini,13216,23366,23366,229582,1935,84,84,1996-04-17T00:00:00.000Z,29,52,Roma,31,7,6,roma,23,31,https://cmtracker.fra1.cdn.digitaloceanspaces.com/DB/26/heads/p229582.png,0,4,4,54,5,Right,2,3,3,0,,190,77,Male,,,Yes,No,41500000,35500000,30500000,98000,83000,71000,"Precision Header, Anticipate, Bruiser",,70,47,52,67,85,84,CB,-,True,False,False,gianluca-mancini,18,74,77,83,80,63,70,63,62,60,62
71,73,70,61,89,72,80,76,82,77,78,63,66,76,71,67,42,55,82,76,79,78,66,47,80,79,41,68,45,13,8,10,8,5,63,79,69,71,71,69,9,2024-09-03,2028-06-01,0,45,Spain,Mario,Hermoso Canseco,Hermoso,Mario Hermoso,23733,15160,15159,229668,2054,79,79,1995-06-18T00:00:00.000Z,30,52,Roma,31,7,6,roma,22,31,https://cmtracker.fra1.cdn.digitaloceanspaces.com/DB/26/heads/p229668.png,3,2,4,8,2,Left,2,3,3,0,,184,76,Male,,,Yes,No,17000000,14500000,12500000,66000,56000,48500,"Long Ball Pass, Block, Slide Tackle, Aerial Fortress",,72,51,69,71,79,81,CB,-,True,False,False,mario-hermoso-canseco,16,75,76,79,77,69,72,68,66,67,65
89,84,86,86,73,69,66,79,65,79,31,81,71,81,72,83,79,61,67,61,77,29,84,71,33,35,81,76,74,7,9,9,14,10,76,33,73,73,85,67,10,2025-01-14,2026-06-30,1,34,Holland,Donyell,Malen,Malen,Donyell Malen,9684,23244,23244,231447,2072,79,79,1999-01-19T00:00:00.000Z,26,2,Aston Villa,13,7,9,aston-villa,14,31,https://cmtracker.fra1.cdn.digitaloceanspaces.com/DB/26/heads/p231447.png,0,3,5,1033,393,Right,4,4,3,1,,176,68,Male,,,Yes,No,22500000,19000000,16500000,120000,100000,88000,"Technical, First Touch, Quick Step",,87,78,70,82,39,68,RM,RW | ST,True,False,False,donyell-malen,17,60,56,49,56,78,70,78,79,79,78
79,78,77,73,77,69,69,76,80,71,76,73,73,75,81,75,48,68,66,72,75,73,72,64,77,75,37,78,54,8,12,8,10,13,62,75,74,71,77,72,11,2020-08-10,2026-06-30,1,22,Greece,Kostas,Tsimikas,Tsimikas,Kostas Tsimikas,20063,36923,36923,232223,2112,77,77,1996-05-12T00:00:00.000Z,29,9,Liverpool,13,10,6,liverpool,12,31,https://cmtracker.fra1.cdn.digitaloceanspaces.com/DB/26/heads/p232223.png,5,9,3,529,2,Left,3,3,1,2,,179,77,Male,,,Yes,No,11000000,9500000,8000000,110000,92000,79000,,,79,58,75,75,73,74,LB,LM,True,False,False,kostas-tsimikas,17,75,75,74,74,73,73,72,71,72,67
69,78,50,55,85,86,81,81,79,80,80,68,64,75,68,69,49,30,79,74,78,84,65,54,84,77,43,59,33,13,8,7,8,8,64,82,62,75,67,68,9,2023-07-01,2028-06-01,0,108,Côte d'Ivoire,Evan,Ndicka,Ndicka,Evan Ndicka,11207,26769,26769,236403,2021,81,83,1999-08-20T00:00:00.000Z,25,52,Roma,31,7,6,roma,5,31,https://cmtracker.fra1.cdn.digitaloceanspaces.com/DB/26/heads/p236403.png,0,9,10,1012,5,Left,2,3,3,0,50600000.0,192,82,Male,,,Yes,No,33500000,28500000,24500000,69000,58000,50000,"Block, Slide Tackle, Bruiser",,74,52,62,68,81,83,CB,-,True,False,False,evan-ndicka,17,77,78,80,79,71,73,69,68,68,67
80,86,72,66,91,73,80,78,74,83,25,85,72,77,48,75,83,58,82,69,77,32,89,78,28,23,67,63,84,13,13,5,10,12,72,28,69,83,77,71,11,2024-08-02,2029-06-01,0,49,Ukraine,Artem,Dovbyk,Dovbyk,Artem Dovbyk,2730,9774,9774,242458,2051,81,81,1997-06-21T00:00:00.000Z,28,52,Roma,31,7,6,roma,9,31,https://cmtracker.fra1.cdn.digitaloceanspaces.com/DB/26/heads/p242458.png,5,8,1,9,5,Left,3,4,3,0,,189,78,Male,,,Yes,No,31000000,26500000,22500000,85000,72000,62000,,,83,81,65,75,38,80,ST,-,True,False,False,artem-dovbyk,18,54,52,51,55,74,70,77,79,75,81
54,62,52,58,79,67,77,78,80,63,79,45,55,64,47,56,26,26,78,62,65,78,56,31,79,76,41,35,30,9,8,15,7,14,52,78,49,62,61,59,11,2021-07-01,2026-06-30,1,1,Albania,Marash,Kumbulla,Kumbulla,Marash Kumbulla,23522,20407,20407,245426,1752,77,80,2000-02-08T00:00:00.000Z,25,52,Roma,31,7,6,roma,4,53,https://cmtracker.fra1.cdn.digitaloceanspaces.com/DB/26/heads/p245426.png,3,4,1,1509,5,Right,2,3,1,0,,191,78,Male,,,Yes,No,14500000,12500000,10500000,51000,43500,37500,,,58,38,48,62,78,76,CB,-,True,False,False,marash-kumbulla,17,67,70,76,71,56,61,55,54,53,54
77,72,79,72,83,82,82,82,82,79,78,75,75,84,70,83,71,53,68,78,82,74,86,76,81,71,55,70,54,11,10,11,10,9,70,76,74,82,77,74,11,2025-07-01,2029-06-01,0,18,France,Kouadio Manu,Koné,Manu Kone,Kouadio Manu Koné,20098,19994,23469,250723,2225,80,84,2001-05-17T00:00:00.000Z,24,52,Roma,31,7,6,roma,17,31,https://cmtracker.fra1.cdn.digitaloceanspaces.com/DB/26/heads/p250723.png,0,3,10,4502,5,Right,4,3,2,0,,185,80,Male,,,Yes,No,35500000,30000000,26000000,61000,52000,44500,"Power Shot, Pinged Pass, Technical, Relentless",,75,70,71,80,74,82,CM,CDM,True,False,False,kouadio-manu-kone,17,77,76,77,79,78,79,79,78,77,76
75,74,74,71,73,70,61,72,72,69,72,75,66,73,65,70,60,38,68,66,75,72,57,50,74,72,42,48,42,10,8,9,7,13,62,73,59,63,74,66,10,2025-01-23,2029-06-01,0,34,Holland,Devyne,Rensch,Rensch,Devyne Rensch,9106,31126,31126,258826,1943,74,79,2003-01-18T00:00:00.000Z,22,52,Roma,31,7,6,roma,2,31,https://cmtracker.fra1.cdn.digitaloceanspaces.com/DB/26/heads/p258826.png,3,4,5,2511,2,Right,3,4,1,2,,179,73,Male,,,Yes,No,7000000,6000000,5000000,38000,32500,28000,"Jockey, Intercept, Slide Tackle",,75,54,60,72,72,69,RB,CB | CM,True,False,False,devyne-rensch,16,71,71,71,71,70,69,69,69,69,66
67,66,66,66,81,66,76,73,65,72,13,74,63,74,50,71,76,53,75,50,70,18,75,78,13,13,71,63,67,9,8,14,11,12,69,15,63,76,68,59,11,2021-01-09,2026-06-30,1,25,Republic of Ireland,Evan,Ferguson,Ferguson,Evan Ferguson,11207,11764,11764,259608,1819,74,82,2004-10-19T00:00:00.000Z,20,1808,Brighton & Hove Albion,13,5,9,brighton-hove-albion,11,31,https://cmtracker.fra1.cdn.digitaloceanspaces.com/DB/26/heads/p259608.png,5,1,2,68,5,Right,3,3,1,0,,188,78,Male,,,Yes,No,11000000,9500000,8000000,60000,51000,44000,Finesse Shot,,67,74,58,70,26,72,ST,-,True,False,False,evan-ferguson,17,46,42,41,45,67,62,69,71,69,73
80,84,80,73,70,78,64,75,67,75,72,72,70,76,68,77,43,39,53,72,76,69,50,39,73,67,32,67,37,14,8,15,12,14,55,70,67,61,79,66,13,2025-02-05,2026-06-30,1,129,Morocco,Anass,Salah-Eddine,Salah-Eddine,Anass Salah-Eddine,2011,32411,32411,268728,1961,75,81,2002-01-18T00:00:00.000Z,23,52,Roma,31,7,6,roma,2,10,https://cmtracker.fra1.cdn.digitaloceanspaces.com/DB/26/heads/p268728.png,0,3,5,1542,1,Left,3,3,1,2,,181,66,Male,,,Yes,No,10000000,8500000,7000000,41500,35000,30000,First Touch,,82,46,65,76,67,70,LB,LM,True,False,False,anass-salah-eddine,19,73,72,68,72,73,72,71,68,70,62
85,79,91,92,52,61,33,67,49,58,23,70,62,80,80,84,72,67,42,69,76,25,78,67,32,38,70,68,70,10,11,5,9,12,68,32,74,59,83,56,10,2024-07-01,2026-06-30,1,45,Spain,Bryan,Zaragoza Martínez,Bryan,Bryan Zaragoza,5624,40001,5624,271916,1887,77,83,2001-09-09T00:00:00.000Z,23,21,Bayern München,19,10,3,bayern-munchen,97,31,https://cmtracker.fra1.cdn.digitaloceanspaces.com/DB/26/heads/p271916.png,6,3,1,2507,8,Right,4,4,1,0,,164,61,Male,,,Yes,No,19500000,16500000,14500000,57000,48500,42000,Technical,,82,71,70,79,32,49,LW,LM,True,False,False,bryan-zaragoza-martinez,16,57,53,40,51,75,67,74,74,76,69
46,48,56,52,67,40,68,70,19,63,18,12,40,24,17,18,14,15,19,25,31,20,53,17,12,19,18,13,21,74,72,71,76,74,20,17,19,49,55,29,74,2025-01-24,2027-06-01,0,27,Italy,Pierluigi,Gollini,Gollini,Pierluigi Gollini,29577,13488,13488,211515,1302,74,74,1995-03-18T00:00:00.000Z,30,52,Roma,31,7,6,roma,95,31,https://cmtracker.fra1.cdn.digitaloceanspaces.com/DB/26/heads/p211515.png,6,3,4,34,5,Right,1,2,1,1,,194,94,Male,,,Yes,No,3300000,2800000,2400000,30000,25500,22000,,,47,23,24,47,18,49,GK,-,False,False,False,pierluigi-gollini,73,28,28,28,28,29,29,30,29,28,30
77,62,84,83,71,87,56,77,76,80,75,78,78,83,86,78,68,76,63,80,82,76,82,67,75,74,63,83,55,13,6,13,13,13,73,75,80,73,77,74,12,2024-07-01,2028-06-01,0,45,Spain,José Ángel,Esmoris Tasende,Angeliño,Angeliño,18032,11052,2207,220651,2233,79,79,1997-01-04T00:00:00.000Z,28,52,Roma,31,7,6,roma,3,31,https://cmtracker.fra1.cdn.digitaloceanspaces.com/DB/26/heads/p220651.png,5,2,3,2500,2,Left,4,3,3,2,,171,69,Male,,,Yes,No,19000000,16000000,13500000,66000,56000,48500,"Whipped Pass, Anticipate, Relentless, Long Throw",,70,69,81,81,73,73,LB,LM,False,False,False,jose-angel-esmoris-tasende,18,78,76,72,77,78,79,77,76,77,73
60,55,66,54,73,32,61,80,28,48,13,9,53,28,18,26,14,22,22,42,42,12,58,18,24,19,16,23,37,81,81,77,86,85,23,19,29,49,63,32,82,2024-07-01,2027-06-01,0,51,Serbia,Mile,Svilar,Svilar,Mile Svilar,25142,35325,35325,230872,1463,84,87,1999-08-27T00:00:00.000Z,25,52,Roma,31,7,6,roma,99,31,https://cmtracker.fra1.cdn.digitaloceanspaces.com/DB/26/heads/p230872.png,20,4,2,2008,5,Right,1,3,3,1,,189,77,Male,,,Yes,No,51000000,43000000,37000000,55000,46500,40000,,"GK Cross Claimer, GK Rush Out",58,25,33,50,18,49,GK,-,False,False,False,mile-svilar,82,31,31,30,33,36,36,37,35,34,33
36,40,38,47,62,19,68,70,22,40,9,7,40,15,14,12,8,13,14,25,27,12,53,7,12,13,9,11,16,72,68,71,75,70,15,13,16,42,47,23,72,2025-07-29,2027-06-01,0,56,Colombia,Devis,Vásquez,Vásquez,Devis Vásquez,9100,38307,38307,233189,1115,72,75,1998-05-12T00:00:00.000Z,27,52,Roma,31,7,6,roma,32,31,https://cmtracker.fra1.cdn.digitaloceanspaces.com/DB/26/heads/p233189.png,0,3,7,528,5,Right,1,3,1,1,,195,93,Male,,,Yes,No,2700000,2300000,2000000,23000,19500,17000,,GK Deflector,38,17,22,37,12,43,GK,-,False,False,False,devis-vasquez,71,21,21,24,23,23,24,24,24,22,25
82,76,75,65,83,63,66,72,64,74,39,77,67,77,59,75,73,53,73,58,68,37,73,66,34,31,73,66,65,8,11,5,5,7,70,34,66,71,74,65,8,2021-07-01,2026-06-30,1,191,Uzbekistan,Eldor,Shomurodov,Shomurodov,Eldor Shomurodov,10534,33854,33854,239964,1920,74,74,1995-06-29T00:00:00.000Z,30,52,Roma,31,7,6,roma,14,68,https://cmtracker.fra1.cdn.digitaloceanspaces.com/DB/26/heads/p239964.png,0,3,3,513,4,Right,3,4,1,0,,190,76,Male,,,Yes,No,4900000,4100000,3600000,52000,44500,38000,"Chip Shot, Enforcer",,79,71,62,73,43,69,ST,CAM,False,False,False,eldor-shomurodov,14,56,54,51,54,71,65,72,73,72,73
86,86,82,82,70,80,64,70,73,64,71,70,59,66,75,72,41,43,61,66,69,67,53,45,73,70,35,62,48,5,9,6,14,12,57,70,62,63,82,65,10,2024-08-27,2026-06-30,1,183,Saudi Arabia,Saud,Abdulhamid,Saud,Saud Abdulhamid,32912,292,32912,246688,1949,75,77,1999-07-18T00:00:00.000Z,25,52,Roma,31,7,6,roma,23,16,https://cmtracker.fra1.cdn.digitaloceanspaces.com/DB/26/heads/p246688.png,0,9,9,1013,2,Right,3,3,1,2,,175,70,Male,,,Yes,No,7500000,6500000,5500000,45500,38500,33500,"Rapid, Quick Step, Long Throw",Career One Club Player,86,49,62,73,68,72,RB,RM,False,False,False,saud-abdulhamid,16,73,72,69,69,70,66,66,65,68,61
57,66,69,52,83,82,75,76,64,75,77,69,77,78,74,75,61,53,73,79,79,69,64,64,76,67,46,66,79,10,5,7,5,14,67,71,71,74,64,74,9,2025-07-20,2030-06-01,0,129,Morocco,Neil,El Aynaoui,El Aynaoui,Neil El Aynaoui,26841,10464,10464,262745,2066,76,82,2001-07-02T00:00:00.000Z,23,52,Roma,31,7,6,roma,8,31,https://cmtracker.fra1.cdn.digitaloceanspaces.com/DB/26/heads/p262745.png,6,4,2,4016,5,Right,3,3,1,0,,185,77,Male,,,Yes,No,14000000,12000000,10000000,45500,38500,33500,"Intercept, Aerial Fortress",,62,64,71,71,72,76,CM,CDM,False,False,False,neil-el-aynaoui,15,74,73,73,75,73,76,73,71,71,68
84,79,83,78,69,86,51,77,42,70,30,78,76,84,75,82,76,79,58,74,78,28,76,81,40,38,69,83,69,15,8,11,14,15,72,36,81,73,81,61,13,2024-07-30,2029-06-01,0,52,Argentina,Matías,Soulé,Soulé,Matías Soulé,24267,34636,34636,265695,2056,79,85,2003-04-15T00:00:00.000Z,22,52,Roma,31,7,6,roma,18,31,https://cmtracker.fra1.cdn.digitaloceanspaces.com/DB/26/heads/p265695.png,3,3,3,1,2,Left,4,4,1,0,,176,69,Male,,,Yes,No,33500000,28000000,24500000,59000,50000,43000,"Finesse Shot, Dead Ball, Incisive Pass, Technical",,82,75,78,79,39,62,CAM,ST | CM,False,False,False,matias-soule,19,62,58,47,57,79,74,79,78,79,75
77,74,83,89,52,65,36,70,53,69,33,72,78,76,68,76,69,64,48,68,74,42,77,74,41,48,70,75,58,12,9,10,7,12,66,44,72,61,79,61,10,2024-02-01,2026-06-30,1,27,Italy,Tommaso,Baldanzi,Baldanzi,Tommaso Baldanzi,36578,3478,3478,269312,1929,74,80,2003-03-23T00:00:00.000Z,22,52,Roma,31,7,6,roma,8,31,https://cmtracker.fra1.cdn.digitaloceanspaces.com/DB/26/heads/p269312.png,5,7,3,49,8,Left,3,3,1,0,,170,63,Male,,,Yes,No,8000000,7000000,6000000,41000,35000,30000,,,76,70,71,77,42,52,CAM,CM,False,False,False,tommaso-baldanzi,16,59,56,47,56,72,69,74,73,73,68
51,53,49,47,82,79,86,79,91,84,85,69,71,76,60,75,66,45,81,77,77,83,81,67,86,85,55,66,57,14,10,8,7,7,68,85,68,79,56,77,10,2024-07-11,2026-06-30,1,38,Portugal,João Maria,Palhinha Gonçalves,J.Palhinha,Palhinha,18093,28668,46376,229391,2109,83,83,1995-07-09T00:00:00.000Z,29,21,Bayern München,19,10,3,bayern-munchen,6,13,https://cmtracker.fra1.cdn.digitaloceanspaces.com/DB/26/heads/p229391.png,3,3,4,4014,4,Right,2,4,3,2,,190,83,Male,,,Yes,No,36500000,31000000,26500000,96000,82000,70000,"Jockey, Slide Tackle",Career Injury Prone,52,66,66,68,84,85,CDM,CM,True,False,False,joao-maria-palhinha-goncalves,17,75,76,83,81,70,75,71,71,68,72
63,68,65,64,86,69,83,81,89,79,84,43,60,67,42,60,48,38,85,70,76,83,64,36,83,86,52,54,40,5,7,11,14,10,61,84,58,68,69,66,10,2022-08-30,2029-06-01,0,52,Argentina,Cristian,Romero,Romero,Cristian Romero,7917,31695,31695,232488,1965,83,85,1998-04-27T00:00:00.000Z,27,18,Tottenham Hotspur,13,7,8,tottenham-hotspur,17,13,https://cmtracker.fra1.cdn.digitaloceanspaces.com/DB/26/heads/p232488.png,0,3,5,526,5,Right,3,2,3,0,,185,79,Male,,,Yes,No,45500000,38500000,33500000,155000,130000,115000,"Precision Header, Pinged Pass, Slide Tackle, Aerial Fortress, Bruiser",,66,47,57,69,84,82,CB,-,True,False,False,cristian-romero,17,72,74,82,77,61,67,62,61,59,62
65,67,73,77,74,74,74,77,76,79,78,69,74,79,65,80,58,75,65,78,80,76,78,75,77,75,65,62,58,12,8,8,8,12,67,76,75,75,72,73,10,2022-06-17,2026-06-01,0,126,Mali,Yves,Bissouma,Bissouma,Yves Bissouma,39851,4669,4669,236480,2151,78,78,1996-08-30T00:00:00.000Z,28,18,Tottenham Hotspur,13,7,8,tottenham-hotspur,8,13,https://cmtracker.fra1.cdn.digitaloceanspaces.com/DB/26/heads/p236480.png,0,9,10,1012,1,Right,3,3,3,1,,182,78,Male,,,Yes,No,14500000,12500000,10500000,110000,93000,80000,,,66,67,72,78,74,75,CDM,CM,True,False,False,yves-bissouma,17,74,74,75,77,73,76,74,73,72,70
90,90,84,71,88,74,69,78,36,78,38,80,76,79,64,79,79,62,78,62,76,32,82,73,33,32,78,70,70,7,14,15,5,8,75,33,71,78,83,63,10,2023-09-01,2026-06-30,1,18,France,Randal,Kolo Muani,Kolo Muani,Randal Kolo Muani,30754,19936,19936,237679,2050,79,80,1998-12-05T00:00:00.000Z,26,73,Paris Saint-Germain,16,10,10,paris-saint-germain,39,13,https://cmtracker.fra1.cdn.digitaloceanspaces.com/DB/26/heads/p237679.png,0,9,10,1023,4,Right,3,4,3,0,,187,73,Male,,,Yes,No,25000000,21000000,18000000,100000,85000,73000,"Finesse Shot, Technical, Rapid, Quick Step",,90,77,68,78,43,67,ST,-,True,False,False,randal-kolo-muani,16,60,57,50,56,77,70,78,79,78,79
65,79,53,46,89,66,90,77,85,72,77,43,52,68,44,59,26,31,81,62,69,77,49,25,80,76,31,46,42,12,13,6,15,11,51,78,54,64,64,62,12,2025-07-01,2030-06-01,0,4,Austria,Kevin,Danso,Danso,Kevin Danso,19357,8546,8546,237985,1817,79,82,1998-09-19T00:00:00.000Z,26,18,Tottenham Hotspur,13,7,8,tottenham-hotspur,4,13,https://cmtracker.fra1.cdn.digitaloceanspaces.com/DB/26/heads/p237985.png,0,9,8,5002,5,Right,2,3,2,0,,190,89,Male,,,Yes,No,24000000,20500000,17500000,115000,98000,84000,"Long Ball Pass, Aerial Fortress, Long Throw, Bruiser",,72,36,51,63,78,83,CB,-,True,False,False,kevin-danso,19,69,71,79,73,59,62,57,56,55,56
54,49,56,38,67,38,60,80,29,62,15,13,68,41,11,22,6,10,11,55,57,23,60,5,11,13,7,14,13,82,79,80,84,82,19,16,29,46,56,34,82,2023-07-01,2028-06-01,0,27,Italy,Guglielmo,Vicario,Vicario,Guglielmo Vicario,13954,37882,37882,240091,1395,82,84,1996-10-07T00:00:00.000Z,28,18,Tottenham Hotspur,13,7,8,tottenham-hotspur,1,13,https://cmtracker.fra1.cdn.digitaloceanspaces.com/DB/26/heads/p240091.png,6,7,3,1547,4,Right,1,4,3,1,,194,76,Male,,,Yes,No,30500000,26000000,22500000,97000,82000,70000,,GK Footwork,52,17,36,50,15,49,GK,-,True,False,False,guglielmo-vicario,81,32,30,28,38,39,44,42,37,35,32
87,88,78,67,87,76,75,78,71,78,74,75,72,78,76,82,38,28,71,65,78,77,54,45,77,75,27,72,37,13,8,7,6,11,58,77,65,68,80,68,9,2022-07-19,2029-06-01,0,14,England,Djed,Spence,Spence,Djed Spence,9488,34712,34712,243702,2031,79,83,2000-08-09T00:00:00.000Z,24,18,Tottenham Hotspur,13,7,8,tottenham-hotspur,24,13,https://cmtracker.fra1.cdn.digitaloceanspaces.com/DB/26/heads/p243702.png,0,9,8,1029,1,Right,3,3,1,2,,184,71,Male,,,No,No,27500000,23500000,20000000,100000,85000,73000,Rapid,,88,46,65,77,75,77,LB,RB,True,False,False,djed-spence,16,77,77,75,74,75,73,73,71,73,66
78,73,78,71,77,64,64,61,57,64,22,65,55,65,48,64,66,43,67,44,57,17,64,57,16,18,59,52,67,12,8,7,14,5,60,17,54,66,73,55,10,2020-11-26,2026-06-30,1,14,England,Dane,Scarlett,Scarlett,Dane Scarlett,8458,33001,33001,261025,1679,65,78,2004-03-24T00:00:00.000Z,21,18,Tottenham Hotspur,13,7,8,tottenham-hotspur,44,50,https://cmtracker.fra1.cdn.digitaloceanspaces.com/DB/26/heads/p261025.png,0,3,7,3000,1,Right,3,4,1,0,,180,76,Male,,,Yes,No,2100000,1800000,1500000,22500,19000,16500,Technical,,76,63,50,67,28,66,ST,LW | LM,True,False,False,dane-scarlett,15,45,42,39,42,61,54,61,63,63,65
85,87,79,77,80,67,67,69,48,74,18,77,71,77,67,81,79,56,70,64,68,22,88,77,27,32,76,68,81,12,9,15,11,7,72,27,70,76,80,62,11,2025-07-01,2031-06-01,0,18,France,Mathys,Tel,Tel,Mathys Tel,24175,35973,35973,268421,1986,77,86,2005-04-27T00:00:00.000Z,20,18,Tottenham Hotspur,13,7,8,tottenham-hotspur,11,13,https://cmtracker.fra1.cdn.digitaloceanspaces.com/DB/26/heads/p268421.png,0,9,9,1036,2,Right,4,4,1,0,,183,77,Male,,,Yes,No,27500000,23500000,20000000,85000,72000,62000,Finesse Shot,,86,80,66,76,34,66,ST,LW | LM | CAM,True,False,False,mathys-tel,16,54,51,44,49,74,66,74,77,76,77
70,72,66,67,75,77,72,75,71,75,74,68,71,74,67,74,59,55,68,74,75,73,62,60,74,73,55,60,57,15,12,13,5,6,65,74,68,70,70,70,11,2024-07-02,2030-06-01,0,14,England,Archie,Gray,Gray,Archie Gray,2521,13735,13735,270208,2044,75,86,2006-03-12T00:00:00.000Z,19,18,Tottenham Hotspur,13,7,8,tottenham-hotspur,14,13,https://cmtracker.fra1.cdn.digitaloceanspaces.com/DB/26/heads/p270208.png,0,8,1,43,4,Right,2,4,1,1,,187,70,Male,,,No,No,13500000,11500000,10000000,59000,50000,43500,,Career One Club Player,71,60,67,72,72,74,CDM,CB | RB | CM,True,False,False,archie-gray,16,73,72,72,73,71,72,71,69,70,67
87,85,82,76,56,68,43,73,38,72,23,76,73,79,74,80,69,57,44,61,71,29,75,73,30,28,66,70,68,5,10,12,7,11,65,29,70,63,81,59,9,2024-08-16,2029-06-01,0,18,France,Wilson,Odobert,Odobert,Wilson Odobert,38847,27796,27796,270579,1871,77,84,2004-11-28T00:00:00.000Z,20,18,Tottenham Hotspur,13,7,8,tottenham-hotspur,28,13,https://cmtracker.fra1.cdn.digitaloceanspaces.com/DB/26/heads/p270579.png,3,9,8,1006,1,Right,3,4,1,0,,182,75,Male,,,Yes,No,24500000,21000000,18000000,83000,70000,60000,Technical,,86,71,68,77,31,51,LW,LM | RM,True,False,False,wilson-odobert,15,56,52,40,50,75,67,75,75,76,70
54,53,61,66,72,54,70,78,79,76,77,60,64,74,71,70,58,48,73,75,76,77,65,52,78,77,48,72,54,11,7,6,14,7,66,78,68,63,63,69,9,2014-07-23,2026-06-01,0,50,Wales,Ben,Davies,Davies,Ben Davies,4136,8679,8679,205923,1977,75,75,1993-04-24T00:00:00.000Z,32,18,Tottenham Hotspur,13,7,8,tottenham-hotspur,33,13,https://cmtracker.fra1.cdn.digitaloceanspaces.com/DB/26/heads/p205923.png,6,1,2,2027,2,Left,3,3,2,0,,181,76,Male,,,Yes,No,4300000,3600000,3100000,91000,77000,66000,Block,Career Injury Prone,54,56,68,71,76,69,CB,-,False,False,False,ben-davies,17,71,71,75,74,67,70,67,66,66,65
70,65,82,82,56,78,56,80,70,87,58,83,87,87,84,86,80,87,35,86,86,61,83,82,68,45,77,86,77,11,14,14,14,12,73,58,87,71,76,77,13,2023-06-28,2028-06-01,0,14,England,James,Maddison,Maddison,James Maddison,17050,22876,22876,220697,2229,84,84,1996-11-23T00:00:00.000Z,28,18,Tottenham Hotspur,13,7,8,tottenham-hotspur,10,13,https://cmtracker.fra1.cdn.digitaloceanspaces.com/DB/26/heads/p220697.png,19,2,4,2027,1,Right,4,4,3,1,,175,73,Male,,,Yes,No,49500000,42000000,36000000,185000,155000,135000,"Finesse Shot, Dead Ball, Gamechanger, Incisive Pass, Whipped Pass, Inventive",,68,80,86,84,53,65,CM,CAM,False,False,False,james-maddison,20,71,67,60,72,82,82,83,81,82,75
68,74,67,68,88,87,84,80,75,78,43,83,70,79,55,78,81,48,83,60,77,40,82,73,35,22,77,57,82,9,15,14,10,9,75,33,65,83,72,72,12,2024-08-10,2030-06-01,0,14,England,Dominic,Solanke,Solanke,Dominic Solanke,9603,34461,34461,225539,2051,80,80,1997-09-14T00:00:00.000Z,27,18,Tottenham Hotspur,13,7,8,tottenham-hotspur,19,13,https://cmtracker.fra1.cdn.digitaloceanspaces.com/DB/26/heads/p225539.png,0,9,5,1555,4,Right,3,2,3,0,,187,80,Male,,,Yes,No,27000000,23000000,19500000,140000,120000,100000,"Precision Header, Acrobatic",,71,80,61,75,45,84,ST,-,False,False,False,dominic-solanke,18,59,56,56,60,74,71,75,77,74,79
63,65,61,64,70,72,70,78,78,82,83,73,78,81,74,81,68,68,64,80,82,78,71,65,80,77,71,71,67,8,7,14,12,14,72,79,77,70,67,77,11,2022-01-31,2030-06-01,0,60,Uruguay,Rodrigo,Bentancur,Bentancur,Rodrigo Bentancur,31534,4229,4229,227535,2170,80,81,1997-06-25T00:00:00.000Z,28,18,Tottenham Hotspur,13,7,8,tottenham-hotspur,30,13,https://cmtracker.fra1.cdn.digitaloceanspaces.com/DB/26/heads/p227535.png,3,4,4,2020,4,Right,3,4,3,1,,187,72,Male,,,Yes,No,24000000,20500000,17500000,130000,110000,93000,First Touch,,64,69,76,75,76,73,CDM,CM,False,False,False,rodrigo-bentancur,17,76,76,76,79,75,78,76,74,74,71
77,75,72,65,88,68,74,78,84,79,46,80,74,79,73,80,79,65,82,61,76,43,83,72,58,48,78,74,77,12,7,8,13,11,78,50,72,77,74,74,11,2022-07-01,2027-06-01,0,54,Brazil,Richarlison,de Andrade,Richarlison,Richarlison,31261,40547,31261,231943,2139,79,79,1997-05-10T00:00:00.000Z,28,18,Tottenham Hotspur,13,7,8,tottenham-hotspur,9,13,https://cmtracker.fra1.cdn.digitaloceanspaces.com/DB/26/heads/p231943.png,15,3,5,1503,2,Right,4,4,3,0,,184,83,Male,,,Yes,No,21000000,18000000,15500000,135000,115000,100000,"Precision Header, Acrobatic, Technical",,76,78,71,76,55,79,ST,LW | LM,False,False,False,richarlison-de-andrade,18,64,63,63,63,76,71,76,78,77,78
36,49,42,38,53,18,54,62,27,45,11,8,34,24,12,14,9,11,13,30,30,17,48,9,12,12,6,12,11,69,65,64,66,65,14,14,19,37,46,23,66,2016-09-21,2029-06-01,0,14,England,Brandon,Austin,Austin,Brandon Austin,5365,3011,3011,236568,1076,67,71,1999-01-08T00:00:00.000Z,26,18,Tottenham Hotspur,13,7,8,tottenham-hotspur,40,13,https://cmtracker.fra1.cdn.digitaloceanspaces.com/DB/26/heads/p236568.png,0,3,7,1039,4,Right,1,2,1,1,,188,77,Male,,,Yes,No,1300000,1100000,950000,23500,20000,17000,,,43,15,22,38,13,38,GK,-,False,False,False,brandon-austin,65,22,22,23,25,25,25,26,25,24,25
72,77,73,72,79,85,78,82,87,81,80,80,78,79,75,76,72,73,68,79,82,79,81,74,80,79,70,73,63,7,6,15,9,9,74,80,76,80,76,79,10,2026-01-14,2031-06-01,0,14,England,Conor,Gallagher,Gallagher,Conor Gallagher,7667,12696,12696,238216,2273,80,82,2000-02-06T00:00:00.000Z,25,18,Tottenham Hotspur,13,7,8,tottenham-hotspur,22,13,https://cmtracker.fra1.cdn.digitaloceanspaces.com/DB/26/heads/p238216.png,6,2,1,4003,2,Right,3,4,3,0,,182,77,Male,,,Yes,No,31000000,26500000,22500000,120000,105000,89000,"Block, Intercept, Relentless",Career Injury Prone,75,73,77,77,77,82,CM,LM | CDM,False,False,False,conor-gallagher,16,79,78,78,80,77,79,77,77,76,76
91,88,86,92,75,73,78,78,68,81,59,78,77,83,78,88,76,58,55,68,76,60,81,74,66,46,76,74,68,6,12,7,10,7,73,58,75,77,87,72,9,2025-07-10,2031-06-01,0,117,Ghana,Mohammed,Kudus,Kudus,Mohammed Kudus,25497,20363,20363,245155,2193,81,83,2000-08-02T00:00:00.000Z,24,18,Tottenham Hotspur,13,7,8,tottenham-hotspur,20,13,https://cmtracker.fra1.cdn.digitaloceanspaces.com/DB/26/heads/p245155.png,0,9,9,1005,2,Left,4,3,3,0,,177,70,Male,,,Yes,No,39500000,33500000,29000000,130000,110000,94000,"Inventive, First Touch",,90,76,72,85,57,74,RW,RM | ST,False,False,False,mohammed-kudus,16,71,68,64,69,80,75,79,80,81,77
83,72,90,87,68,82,62,80,76,81,65,79,84,85,74,86,79,65,60,79,82,60,78,81,62,56,62,82,61,9,11,5,10,8,72,60,80,75,83,75,9,2025-08-29,2030-06-01,0,34,Holland,Xavi,Simons,Xavi,Xavi Simons,39086,34132,39086,245367,2204,82,85,2003-04-21T00:00:00.000Z,22,18,Tottenham Hotspur,13,7,8,tottenham-hotspur,7,13,https://cmtracker.fra1.cdn.digitaloceanspaces.com/DB/26/heads/p245367.png,20,9,5,4525,1,Right,4,3,3,0,,179,58,Male,,,Yes,No,50000000,42500000,36500000,130000,110000,96000,"Finesse Shot, Incisive Pass, Tiki Taka, Inventive, Technical, First Touch",,78,73,78,85,61,72,CAM,LM | LW | ST,False,False,False,xavi-simons,17,72,70,65,72,81,80,82,81,81,76
84,83,84,82,52,66,40,71,30,78,35,74,72,77,73,82,75,72,38,69,75,50,75,71,47,35,63,79,58,12,11,9,10,13,65,44,76,61,81,58,11,2023-07-11,2026-06-30,1,26,Israel,Manor,Solomon,Solomon,Manor Solomon,23437,34480,34480,246791,1945,77,77,1999-07-24T00:00:00.000Z,25,18,Tottenham Hotspur,13,7,8,tottenham-hotspur,19,31,https://cmtracker.fra1.cdn.digitaloceanspaces.com/DB/26/heads/p246791.png,0,8,2,1546,8,Right,4,4,1,1,,170,66,Male,,,Yes,No,14000000,11500000,10000000,98000,83000,72000,Technical,,84,69,73,79,41,47,LM,RW | LW,False,False,False,manor-solomon,17,61,57,46,56,75,70,75,75,76,70
77,72,77,72,75,91,80,87,74,85,65,83,86,86,84,88,82,68,52,78,86,62,78,74,66,58,83,86,70,14,5,10,5,10,78,62,82,80,77,78,9,2023-07-01,2028-06-01,0,46,Sweden,Dejan,Kulusevski,Kulusevski,Dejan Kulusevski,8874,20394,20394,247394,2269,83,86,2000-04-25T00:00:00.000Z,25,18,Tottenham Hotspur,13,7,8,tottenham-hotspur,21,13,https://cmtracker.fra1.cdn.digitaloceanspaces.com/DB/26/heads/p247394.png,26,2,1,2020,5,Left,4,3,3,0,,186,80,Male,,,Yes,No,56500000,47500000,41000000,155000,130000,115000,"Finesse Shot, Whipped Pass, Press Proven, Relentless",,75,78,81,83,61,80,CM,RW | CAM,False,False,False,dejan-kulusevski,17,76,72,68,75,84,82,83,82,83,79
86,89,74,70,85,75,77,77,81,78,78,76,75,78,79,79,64,51,68,65,76,76,74,59,76,74,58,64,46,8,14,11,14,10,69,76,68,74,80,73,12,2022-08-16,2030-06-01,0,27,Italy,Destiny,Udogie,Udogie,Destiny Udogie,9077,37155,37155,259583,2165,79,83,2002-11-28T00:00:00.000Z,22,18,Tottenham Hotspur,13,7,8,tottenham-hotspur,13,13,https://cmtracker.fra1.cdn.digitaloceanspaces.com/DB/26/heads/p259583.png,0,3,8,1024,5,Left,3,3,3,2,,186,73,Male,,,Yes,No,28000000,24000000,20500000,100000,85000,73000,"Whipped Pass, Block, Quick Step",,88,63,68,76,74,80,LB,LM,False,False,False,destiny-udogie,18,77,77,76,75,77,74,75,75,76,73
71,66,75,72,84,85,71,83,76,80,80,77,78,80,72,81,65,60,70,80,82,77,69,67,80,76,54,67,54,14,8,14,8,8,69,78,74,76,74,75,11,2021-08-27,2030-06-01,0,136,Senegal,Pape Matar,Sarr,P.M.Sarr,Pape Matar Sarr,28781,32873,28541,259868,2184,80,85,2002-09-14T00:00:00.000Z,22,18,Tottenham Hotspur,13,7,8,tottenham-hotspur,29,13,https://cmtracker.fra1.cdn.digitaloceanspaces.com/DB/26/heads/p259868.png,0,9,10,1042,1,Right,2,3,1,0,,184,70,Male,,,Yes,No,38000000,32000000,27500000,110000,94000,81000,,,69,64,73,79,77,79,CM,CDM,False,False,False,pape-matar-sarr,17,78,77,77,79,77,79,77,75,75,72
65,69,63,59,81,67,78,73,72,68,76,25,48,65,36,65,27,33,75,60,69,74,56,40,76,75,38,37,49,10,11,14,6,12,49,75,52,65,66,57,11,2024-01-12,2029-06-01,0,39,Romania,Radu,Drăgușin,Dragusin,Radu Drăgușin,30528,9793,9815,260105,1772,75,81,2002-02-03T00:00:00.000Z,23,18,Tottenham Hotspur,13,7,8,tottenham-hotspur,3,13,https://cmtracker.fra1.cdn.digitaloceanspaces.com/DB/26/heads/p260105.png,3,5,2,28,5,Right,2,3,1,0,,191,80,Male,,,Yes,No,9500000,8000000,7000000,75000,64000,55000,,,67,39,47,66,75,75,CB,-,False,False,False,radu-dragusin,16,66,68,74,70,56,60,56,54,54,53
72,73,72,71,70,70,63,70,68,74,52,73,73,73,68,72,68,63,59,71,74,45,68,65,59,60,58,68,52,8,7,13,13,12,66,55,70,68,72,66,11,2021-01-10,2026-06-30,1,14,England,Alfie,Devine,Devine,Alfie Devine,1534,9099,9099,264180,1977,72,84,2004-08-01T00:00:00.000Z,20,18,Tottenham Hotspur,13,7,8,tottenham-hotspur,21,14,https://cmtracker.fra1.cdn.digitaloceanspaces.com/DB/26/heads/p264180.png,19,5,4,1507,1,Right,3,4,1,0,,182,75,Male,,,Yes,No,6500000,5500000,4900000,53000,44500,38500,,,73,64,70,72,55,68,CAM,CM,False,False,False,alfie-devine,16,64,63,59,64,71,70,71,71,71,68
84,95,59,49,92,71,85,84,82,83,83,62,59,75,58,76,60,34,79,74,77,83,71,57,84,86,47,52,45,7,13,13,7,11,65,85,63,76,75,69,11,2023-08-08,2029-06-01,0,34,Holland,Micky,van de Ven,van de Ven,Micky van de Ven,25007,40745,40745,264453,2097,83,86,2001-04-19T00:00:00.000Z,24,18,Tottenham Hotspur,13,7,8,tottenham-hotspur,37,13,https://cmtracker.fra1.cdn.digitaloceanspaces.com/DB/26/heads/p264453.png,19,2,3,4014,5,Left,3,3,3,0,,193,86,Male,,,Yes,No,52500000,44500000,38000000,135000,115000,97000,"Block, Slide Tackle",,90,57,59,71,83,83,CB,LB,False,False,False,micky-van-de-ven,17,78,80,83,79,72,72,71,72,71,72
64,69,58,68,81,71,80,69,70,67,71,38,52,62,44,56,38,30,71,64,68,71,56,33,71,70,31,39,33,15,9,10,7,6,51,71,51,65,66,56,10,2023-08-05,2026-06-30,1,14,England,Ashley,Phillips,Phillips,Ashley Phillips,2819,29513,29513,264731,1742,71,81,2005-06-26T00:00:00.000Z,20,18,Tottenham Hotspur,13,7,8,tottenham-hotspur,26,14,https://cmtracker.fra1.cdn.digitaloceanspaces.com/DB/26/heads/p264731.png,0,3,4,1039,5,Right,2,3,1,0,,192,84,Male,,,Yes,No,4500000,3800000,3300000,43500,37000,32000,,,67,38,50,63,71,76,CB,-,False,False,False,ashley-phillips,15,65,66,71,68,57,60,56,54,54,55
68,72,63,69,83,69,71,71,81,59,23,72,54,71,52,66,75,54,79,51,64,25,72,60,23,21,64,56,72,7,6,7,11,6,67,23,60,71,69,61,8,2023-08-08,2026-06-30,1,52,Argentina,Alejo,Veliz,Veliz,Alejo Veliz,1440,37734,37734,269176,1797,72,79,2003-09-19T00:00:00.000Z,21,18,Tottenham Hotspur,13,7,8,tottenham-hotspur,9,353,https://cmtracker.fra1.cdn.digitaloceanspaces.com/DB/26/heads/p269176.png,3,3,2,2002,5,Right,3,3,1,0,,186,77,Male,,,Yes,No,5500000,4800000,4100000,57000,48500,42000,,,70,69,55,67,34,76,ST,-,False,False,False,alejo-veliz,14,49,47,46,48,65,59,65,68,66,71
77,73,73,73,72,79,70,77,77,80,77,75,78,78,68,79,65,65,54,79,80,69,70,69,76,72,54,75,53,7,13,13,9,10,65,73,76,72,75,74,11,2024-07-01,2031-06-01,0,46,Sweden,Lucas,Bergvall,Bergvall,Lucas Bergvall,22230,4299,4299,272926,2139,78,87,2006-02-02T00:00:00.000Z,19,18,Tottenham Hotspur,13,7,8,tottenham-hotspur,15,13,https://cmtracker.fra1.cdn.digitaloceanspaces.com/DB/26/heads/p272926.png,4,2,1,2004,5,Right,3,3,1,0,,187,74,Male,,,No,No,35500000,30000000,26000000,76000,65000,55000,"Press Proven, Long Throw",,75,64,74,77,70,75,CM,CAM | RM,False,False,False,lucas-bergvall,17,75,73,72,76,76,77,76,74,74,70
