attributes.acceleration,attributes.sprintspeed,attributes.agility,attributes.balance,attributes.jumping,attributes.stamina,attributes.strength,attributes.reactions,attributes.aggression,attributes.composure,attributes.interceptions,attributes.positioning,attributes.vision,attributes.ballcontrol,attributes.crossing,attributes.dribbling,attributes.finishing,attributes.freekickaccuracy,attributes.headingaccuracy,attributes.longpassing,attributes.shortpassing,attributes.marking,attributes.shotpower,attributes.longshots,attributes.standingtackle,attributes.slidingtackle,attributes.volleys,attributes.curve,attributes.penalties,attributes.gkdiving,attributes.gkhandling,attributes.gkkicking,attributes.gkreflexes,attributes.gkpositioning,stats.attack,stats.defending,stats.skill,stats.power,stats.movement,stats.mentality,stats.goalkeeper,info.contract.jointeamdate,info.contract.enddate,info.contract.isloanedout,info.nation.id,info.nation.name,info.name.firstname,info.name.lastname,info.name.playerjerseyname,info.name.knownas,info.name.firstnameid,info.name.lastnameid,info.name.playerjerseynameid,info.playerid,info.total_attributes,info.overallrating,info.potential,info.birthdate,info.age,info.teams.club_team.id,info.teams.club_team.name,info.teams.club_team.leagueid,info.teams.club_team.domesticprestige,info.teams.club_team.profitability,info.teams.club_team.slug,info.teams.club_team.jerseynumber,info.league,info.headshot,info.haircolor,info.eyecolor,info.skintone,info.headtype,info.bodytype,info.preferredfoot,info.skillmoves,info.weafoot,info.internationalrep,info.ovrmodifier,info.release_clause,info.height,info.weight,info.gender,info.defensiveworkrate,info.attackingworkrate,info.real_face,info.isretiring,info.valueUSD,info.valueEUR,info.valueGBP,info.wageUSD,info.wageEUR,info.wageGBP,info.traits.trait1,info.traits.trait2,card_attrs.pac,card_attrs.sho,card_attrs.pas,card_attrs.dri,card_attrs.def,card_attrs.phy,primary_position,other_positions,updated,added,removed,slug,real_ovrs.0,real_ovrs.1,real_ovrs.2,real_ovrs.3,real_ovrs.4,real_ovrs.5,real_ovrs.6,real_ovrs.7,real_ovrs.8,real_ovrs.9,real_ovrs.10
76,74,75,70,61,75,49,73,58,78,69,79,76,81,63,78,73,54,52,74,78,47,80,68,67,43,58,74,56,5,10,10,6,6,65,53,73,67,74,70,8,2024-01-14,2027-06-01,0,18,France,Senny,Mayulu,Mayulu,Senny Mayulu,33367,24363,24363,70004,1996,76,86,2006-05-17T00:00:00.000Z,19,73,Paris Saint-Germain,16,10,10,paris-saint-germain,24,16,https://cmtracker.fra1.cdn.digitaloceanspaces.com/DB/26/heads/p70004.png,0,3,6,1016,1,Left,3,5,1,0,,183,69,Male,,,Yes,No,19000000,16000000,14000000,51000,43000,37000,Press Proven,,75,69,70,76,56,61,CM,ST | CDM,True,False,False,senny-mayulu,14,67,65,59,68,75,75,76,76,75,72
79,79,85,85,62,60,62,69,51,66,39,67,66,73,59,78,72,43,41,59,68,41,77,68,37,39,62,70,48,14,13,12,9,14,61,39,65,66,80,57,13,2024-07-01,2030-06-01,0,21,Germany,Said,El Mala,S. El Mala,Said El Mala,32360,10495,32171,71178,1867,71,86,2006-08-26T00:00:00.000Z,18,31,1. FC Köln,19,2,2,1-fc-koln,13,19,https://cmtracker.fra1.cdn.digitaloceanspaces.com/DB/26/heads/p71178.png,3,2,2,58,5,Right,4,4,1,1,,187,80,Male,,,No,No,5000000,4400000,3700000,12000,10500,8900,"Low Driven Shot, Technical",,79,66,61,76,39,59,LM,CAM | LW,True,False,False,said-el-mala,18,57,54,48,54,69,64,70,71,71,68
90,92,87,85,60,65,50,63,35,56,21,67,64,74,68,78,61,35,41,60,67,23,60,58,35,25,45,55,46,5,8,12,9,6,57,28,61,59,84,49,8,2025-02-01,2029-06-01,0,108,Côte d'Ivoire,Bazoumana,Touré,Touré,Bazoumana Touré,3946,36732,36732,71418,1706,72,86,2006-03-02T00:00:00.000Z,19,10029,TSG 1899 Hoffenheim,19,5,7,tsg-1899-hoffenheim,29,19,https://cmtracker.fra1.cdn.digitaloceanspaces.com/DB/26/heads/p71418.png,0,9,9,1031,1,Left,4,2,1,1,,175,68,Male,,,No,No,6500000,5500000,4800000,19000,16000,14000,Quick Step,,91,56,58,74,29,53,LM,LW | CAM,True,False,False,bazoumana-toure,13,54,50,39,47,71,62,69,69,72,64
77,76,76,75,63,65,53,69,39,71,29,68,70,72,71,75,66,55,51,59,70,38,68,69,32,27,53,71,56,6,6,5,14,10,63,33,67,64,75,56,9,2024-05-02,2026-05-31,1,14,England,Mikey,Moore,Moore,Mikey Moore,25106,25666,25666,72159,1805,72,86,2007-08-11T00:00:00.000Z,17,18,Tottenham Hotspur,13,7,8,tottenham-hotspur,47,50,https://cmtracker.fra1.cdn.digitaloceanspaces.com/DB/26/heads/p72159.png,3,2,2,1501,1,Right,3,4,1,0,,180,75,Male,,,No,No,6500000,5500000,4600000,41000,35000,30000,Press Proven,,77,63,66,73,35,55,LW,LM,True,False,False,mikey-moore,15,55,52,43,51,70,64,70,70,71,66
66,70,73,72,65,62,69,73,69,70,71,63,72,76,63,74,49,54,52,74,78,68,57,55,75,73,49,63,51,12,8,7,5,14,59,72,69,62,71,66,10,2023-07-01,2029-06-01,0,45,Spain,Marc,Bernal Casas,Bernal,Marc Bernal,23525,4329,4328,74463,1952,74,86,2007-05-26T00:00:00.000Z,18,241,FC Barcelona,53,10,2,fc-barcelona,22,53,https://cmtracker.fra1.cdn.digitaloceanspaces.com/DB/26/heads/p74463.png,0,3,4,1542,4,Left,2,3,1,1,21400000.0,193,84,Male,,,No,No,11000000,9500000,8000000,43000,36500,31000,,,68,54,67,73,68,66,CDM,CM,True,False,False,marc-bernal-casas,16,70,69,69,72,69,71,70,67,68,62
82,85,76,65,83,64,71,66,52,69,28,69,54,66,54,65,72,51,70,48,59,24,81,59,29,23,58,58,66,9,14,11,9,10,63,26,58,72,75,57,11,2025-01-11,2028-06-01,0,18,France,Robinio,Vaz,Vaz,Robinio Vaz,31464,37684,37684,76410,1800,70,86,2007-02-17T00:00:00.000Z,18,219,Olympique de Marseille,16,8,6,olympique-de-marseille,34,16,https://cmtracker.fra1.cdn.digitaloceanspaces.com/DB/26/heads/p76410.png,0,9,10,1038,4,Right,3,3,1,0,,185,74,Male,,,No,No,4800000,4100000,3500000,17500,15000,13000,,,84,68,54,68,35,68,ST,-,True,False,False,robinio-vaz,16,50,48,45,46,64,56,64,67,66,70
82,87,69,79,77,55,65,70,38,68,20,71,69,72,62,75,68,55,64,63,66,30,69,65,24,25,65,60,61,9,15,7,13,5,65,27,65,67,78,55,10,2025-07-16,2030-06-01,0,108,Côte d'Ivoire,Yan,Diomande,Yan Diomande,Yan Diomande,39288,9430,39294,78012,1823,71,85,2006-11-14T00:00:00.000Z,18,112172,RB Leipzig,19,8,10,rb-leipzig,49,19,https://cmtracker.fra1.cdn.digitaloceanspaces.com/DB/26/heads/p78012.png,21,9,9,1005,2,Right,4,4,1,0,,181,76,Male,,,No,No,5000000,4400000,3700000,24000,20500,17500,,,85,67,63,72,33,59,RW,LW | LM | RM,True,False,False,yan-diomande,16,51,48,42,47,70,63,70,71,71,70
61,66,60,67,68,64,67,58,60,58,60,48,56,60,59,58,32,47,63,59,62,60,58,39,61,57,47,50,45,8,6,10,10,14,53,60,55,60,63,55,10,2025-07-01,2028-06-01,0,45,Spain,Alejandro,Gomes Furtado,Gomes,Ale Gomes,1433,45024,13497,81491,1698,61,85,2008-02-14T00:00:00.000Z,17,244,Real Zaragoza,54,7,6,real-zaragoza,36,54,https://cmtracker.fra1.cdn.digitaloceanspaces.com/DB/26/heads/p81491.png,21,9,8,1005,1,Right,2,4,1,0,,184,75,Male,,,No,No,1200000,975000,850000,1200,1000,900,,,64,45,56,60,60,65,CB,RB | LB,True,False,False,alejandro-gomes-furtado,14,60,60,61,60,57,57,55,54,55,53
35,28,44,44,56,16,55,69,17,27,11,4,31,10,11,5,6,8,12,20,23,7,50,5,11,9,6,9,11,76,70,66,73,70,12,9,11,37,44,17,71,2021-07-01,2027-06-01,0,110,Congo DR,Matthieu,Epolo,Epolo,Matthieu Epolo,24228,10901,10901,262265,995,73,85,2005-01-15T00:00:00.000Z,20,232,Standard Liège,4,8,6,standard-liege,40,4,https://cmtracker.fra1.cdn.digitaloceanspaces.com/DB/26/heads/p262265.png,0,9,9,1024,4,Right,1,2,1,1,,187,77,Male,,,No,No,7500000,6500000,5500000,5500,4600,4000,,"GK Footwork, GK Far Reach",32,14,17,33,10,36,GK,-,True,False,False,matthieu-epolo,71,18,18,20,20,19,20,20,20,18,21
78,70,85,87,62,75,52,70,50,67,60,69,72,72,60,70,66,52,50,70,71,55,58,66,58,55,64,61,55,15,13,15,6,14,63,56,65,63,78,63,13,2025-07-17,2026-06-30,1,36,Norway,Sverre,Nypan,Nypan,Sverre Nypan,35314,27604,27604,268737,1943,70,86,2006-12-19T00:00:00.000Z,18,10,Manchester City,13,10,8,manchester-city,19,14,https://cmtracker.fra1.cdn.digitaloceanspaces.com/DB/26/heads/p268737.png,6,8,2,4024,1,Right,4,4,1,0,,183,70,Male,,,No,No,4800000,4000000,3500000,41500,35000,30000,Inventive,,74,63,64,75,56,60,CM,CAM | ST,True,False,False,sverre-nypan,18,65,63,57,64,70,69,70,69,69,65
73,67,84,81,69,78,62,77,60,74,62,75,76,78,62,79,69,70,56,77,79,55,70,67,64,53,63,74,64,6,5,12,5,8,66,58,76,70,77,69,8,2025-08-29,2030-06-01,0,38,Portugal,Mateus Gonçalo,Espanha Fernandes,M.Fernandes,Mateus Fernandes,24128,11055,45986,270857,2054,76,85,2004-07-10T00:00:00.000Z,20,19,West Ham United,13,3,8,west-ham-united,18,13,https://cmtracker.fra1.cdn.digitaloceanspaces.com/DB/26/heads/p270857.png,21,4,5,5,2,Right,4,4,1,0,,178,72,Male,,,Yes,No,19500000,16500000,14000000,53000,45000,38500,"Inventive, First Touch",,70,68,73,79,58,67,CAM,CM,True,False,False,mateus-goncalo-espanha-fernandes,14,67,65,62,69,74,75,76,74,74,70
74,76,84,79,67,74,62,67,52,70,52,70,72,79,65,81,64,54,52,68,73,51,82,61,58,50,55,67,60,11,11,6,15,12,62,53,70,70,76,63,11,2025-06-01,2030-06-01,0,97,Algeria,Ibrahim,Maza,Maza,Ibrahim Maza,16045,24365,24365,275029,1974,73,85,2005-11-24T00:00:00.000Z,19,32,Bayer 04 Leverkusen,19,9,9,bayer-04-leverkusen,30,19,https://cmtracker.fra1.cdn.digitaloceanspaces.com/DB/26/heads/p275029.png,0,9,5,3507,2,Right,4,3,1,0,,180,70,Male,,,No,No,8500000,7000000,6000000,39000,33000,28500,"Inventive, Technical",,75,65,67,77,53,64,CAM,CM,True,False,False,ibrahim-maza,17,64,62,57,63,72,70,73,72,72,69
70,75,64,68,67,77,62,70,66,73,68,66,75,71,67,65,60,67,59,74,72,62,73,65,61,59,57,67,65,6,6,6,12,13,63,61,69,69,70,69,9,2025-08-12,2030-06-01,0,42,Scotland,Lennon,Miller,Miller,Lennon Miller,21414,25174,25174,275522,1988,71,85,2006-08-25T00:00:00.000Z,18,55,Udinese,31,4,3,udinese,38,31,https://cmtracker.fra1.cdn.digitaloceanspaces.com/DB/26/heads/p275522.png,0,3,2,1526,1,Right,2,4,1,0,,182,72,Male,,,No,No,5000000,4300000,3700000,9300,7900,6800,"Incisive Pass, Intercept, Aerial Fortress",,73,64,70,69,62,68,CM,CDM | CAM,True,False,False,lennon-miller,15,67,67,63,68,69,70,69,68,68,66
81,74,80,78,76,65,68,71,59,67,58,70,67,75,56,81,66,37,59,64,73,59,66,54,59,54,55,46,48,8,10,8,9,13,62,58,61,66,77,62,10,2024-07-01,2028-06-01,0,47,Switzerland,Johan,Manzambi,Manzambi,Johan Manzambi,17765,23491,23491,276694,1914,72,85,2005-10-14T00:00:00.000Z,19,25,SC Freiburg,19,5,4,sc-freiburg,44,19,https://cmtracker.fra1.cdn.digitaloceanspaces.com/DB/26/heads/p276694.png,21,9,8,1030,2,Right,4,3,1,0,,183,75,Male,,,No,No,6500000,5500000,4800000,16000,14000,12000,Technical,,78,60,57,75,58,67,CAM,CDM | CM | ST,True,False,False,johan-manzambi,16,64,63,62,64,71,68,71,71,71,69
62,67,50,60,74,66,74,70,66,59,70,36,52,65,27,61,21,24,68,58,66,73,34,27,70,67,20,22,36,14,12,9,10,8,41,70,46,55,62,54,11,2023-08-02,2030-06-01,0,45,Spain,Jon,Martín Vicente,Martin,Jon Martín,17819,23947,23881,277225,1598,70,85,2006-04-23T00:00:00.000Z,19,457,Real Sociedad,53,7,6,real-sociedad,31,53,https://cmtracker.fra1.cdn.digitaloceanspaces.com/DB/26/heads/p277225.png,0,9,3,1519,5,Right,2,3,1,0,7900000.0,185,83,Male,,,No,No,4200000,3500000,3100000,15000,13000,11000,Aerial Fortress,,65,29,42,61,70,70,CB,-,True,False,False,jon-martin-vicente,17,62,64,69,66,54,59,54,52,51,49
73,76,75,69,78,75,68,75,75,75,75,72,72,76,74,77,65,59,72,73,78,73,70,66,75,73,63,72,59,7,13,8,12,7,71,74,72,72,74,72,10,2021-07-01,2030-06-01,0,14,England,Nico,O'Reilly,O'Reilly,Nico O'Reilly,27054,27678,27678,277427,2130,77,85,2005-03-21T00:00:00.000Z,20,10,Manchester City,13,10,8,manchester-city,33,13,https://cmtracker.fra1.cdn.digitaloceanspaces.com/DB/26/heads/p277427.png,0,3,5,1035,4,Left,3,2,1,2,,193,77,Male,,,No,No,26000000,22000000,19000000,81000,69000,59000,,,75,66,71,75,74,74,LB,CM,True,False,False,nico-o-reilly,16,74,74,73,74,74,74,73,73,73,71
81,80,75,72,82,63,55,73,48,72,38,76,68,81,57,80,76,55,69,70,76,42,75,74,54,46,74,69,73,14,6,7,13,13,71,48,71,70,77,63,11,2025-02-03,2030-06-01,0,18,France,Eli Junior,Kroupi,Kroupi.Jr,Eli Junior Kroupi,10560,20284,20285,277909,2007,75,85,2006-06-23T00:00:00.000Z,19,1943,AFC Bournemouth,13,4,10,afc-bournemouth,22,13,https://cmtracker.fra1.cdn.digitaloceanspaces.com/DB/26/heads/p277909.png,0,3,7,1016,2,Right,3,3,1,0,,179,70,Male,,,Yes,No,14500000,12000000,10500000,0,0,0,"Finesse Shot, Incisive Pass",,81,75,66,76,50,62,ST,-,True,False,False,eli-junior-kroupi,18,61,59,55,59,74,71,75,76,75,74
81,89,78,77,56,55,54,56,42,70,27,72,68,73,62,74,57,42,33,49,59,24,61,42,35,34,50,62,59,15,14,13,13,10,53,31,60,54,77,57,13,2025-02-03,2030-06-01,0,18,France,Tidiam,Gomis,Gomis,Tidiam Gomis,36348,13513,13513,278061,1706,68,85,2006-08-08T00:00:00.000Z,18,112172,RB Leipzig,19,8,10,rb-leipzig,27,19,https://cmtracker.fra1.cdn.digitaloceanspaces.com/DB/26/heads/p278061.png,19,9,5,1000,1,Right,4,3,1,1,7200000.0,183,71,Male,,,No,No,3600000,3100000,2600000,15500,13000,11500,,,85,57,57,71,31,52,LM,RM | ST | LW,True,False,False,tidiam-gomis,17,52,49,39,46,67,58,66,66,68,61
70,67,66,67,55,60,52,60,50,63,49,59,68,69,62,66,50,68,49,66,73,53,69,67,48,43,60,71,44,6,10,10,5,13,59,48,68,61,66,56,9,2024-07-12,2027-06-01,0,45,Spain,Alejandro,Granados Torres,Alejandro Granados,Alejandro Granados,1433,13707,1435,278499,1788,65,85,2006-05-30T00:00:00.000Z,19,231,Club Brugge,4,10,9,club-brugge,70,4,https://cmtracker.fra1.cdn.digitaloceanspaces.com/DB/26/heads/p278499.png,19,4,2,8,1,Left,2,4,1,0,5000000.0,180,68,Male,,,No,No,2400000,2000000,1700000,6700,5600,4900,,,69,58,68,65,48,54,CM,CAM | CDM,True,False,False,alejandro-granados-torres,14,58,56,52,58,65,64,65,64,64,60
65,69,69,68,56,70,57,68,64,66,67,69,73,74,66,73,65,67,45,69,73,68,67,66,68,64,45,66,42,14,6,8,14,11,59,67,70,64,68,64,11,2023-07-01,2028-06-01,0,45,Spain,Rodrigo,Mendoza Martinez,R. Mendoza,Rodri Mendoza,31534,24780,46159,278523,1932,71,85,2005-03-15T00:00:00.000Z,20,468,Elche CF,53,3,4,elche-cf,30,53,https://cmtracker.fra1.cdn.digitaloceanspaces.com/DB/26/heads/p278523.png,3,9,2,13,1,Right,3,3,1,0,10700000.0,182,72,Male,,,No,No,5500000,4500000,3900000,13000,11000,9600,,,67,59,69,70,62,62,CM,RM | CAM,True,False,False,rodrigo-mendoza-martinez,17,68,67,63,68,70,70,70,69,69,65
85,64,88,89,51,59,48,52,24,69,21,55,72,77,69,76,62,70,24,71,73,18,71,70,29,22,62,76,55,11,12,11,9,6,58,23,74,60,76,50,10,2024-01-28,2027-06-01,0,22,Greece,Konstantinos,Karetsas,Karetsas,Konstantinos Karetsas,19987,18920,18920,70497,1751,70,86,2007-11-19T00:00:00.000Z,17,673,Genk,4,9,8,genk,20,4,https://cmtracker.fra1.cdn.digitaloceanspaces.com/DB/26/heads/p70497.png,3,4,2,4003,1,Left,3,4,1,0,,171,62,Male,,,No,No,4700000,4000000,3400000,9000,7700,6600,"Technical, First Touch",,75,63,72,75,23,46,CAM,RW | CM,False,False,False,konstantinos-karetsas,14,50,45,33,47,69,64,70,67,70,60
78,83,80,79,73,82,66,65,72,67,66,70,70,79,72,78,74,52,59,65,65,65,68,63,69,67,54,64,53,11,15,8,6,13,65,67,68,71,77,67,11,2024-07-01,2028-06-01,0,26,Israel,Anan,Khalaili,Khalaili,Anan Khalaili,1999,19387,19387,70888,2051,75,86,2004-09-03T00:00:00.000Z,20,2014,Union Saint-Gilloise,4,9,7,union-saint-gilloise,25,4,https://cmtracker.fra1.cdn.digitaloceanspaces.com/DB/26/heads/p70888.png,0,9,4,1542,2,Right,4,4,1,1,,183,77,Male,,,No,No,14500000,12500000,10500000,18500,15500,13500,Inventive,,81,64,65,75,65,73,RM,RB | RW,False,False,False,anan-khalaili,17,71,70,67,68,73,70,71,72,73,70
70,68,77,76,61,69,58,70,57,68,64,64,76,74,62,72,59,63,50,71,76,61,60,71,62,61,55,73,55,14,9,5,13,11,61,62,71,64,73,64,11,2024-07-01,2029-06-01,0,22,Greece,Christos,Mouzakitis,Mouzakitis,Christos Mouzakitis,7297,25900,25900,73884,1955,71,86,2006-12-25T00:00:00.000Z,18,280,Olympiacos,76,10,9,olympiacos,96,76,https://cmtracker.fra1.cdn.digitaloceanspaces.com/DB/26/heads/p73884.png,3,3,2,1541,2,Left,3,3,1,0,,175,67,Male,,,No,No,5000000,4300000,3700000,14500,12500,10500,,,69,61,70,73,60,61,CM,CAM | CDM,False,False,False,christos-mouzakitis,17,66,65,61,67,69,71,71,68,69,64
70,68,77,88,43,55,29,58,33,62,28,62,68,74,62,74,58,54,47,57,62,36,66,69,32,35,61,65,62,11,6,8,12,14,58,35,65,53,73,53,11,2025-04-04,2026-06-01,0,21,Germany,Lennart,Karl,Karl,Lennart Karl,21412,18937,18937,78063,1706,67,86,2008-02-22T00:00:00.000Z,17,21,Bayern München,19,10,3,bayern-munchen,46,19,https://cmtracker.fra1.cdn.digitaloceanspaces.com/DB/26/heads/p78063.png,5,6,1,2015,7,Left,4,3,1,0,,168,67,Male,,,No,No,3000000,2500000,2200000,12500,10500,9100,Inventive,,69,63,61,72,36,40,CAM,RM | CM,False,False,False,lennart-karl,15,51,48,39,47,65,60,66,66,66,61
77,75,73,75,48,61,40,46,31,62,25,62,62,66,62,68,65,56,44,60,65,20,55,55,25,20,49,56,61,10,14,14,7,5,57,22,62,52,70,51,10,2025-08-01,2028-06-01,0,38,Portugal,Cardoso,Varela,Varela,Cardoso Varela,6337,37620,37620,80384,1614,65,85,2008-10-29T00:00:00.000Z,16,130017,Dinamo Zagreb,76,10,2,dinamo-zagreb,23,76,https://cmtracker.fra1.cdn.digitaloceanspaces.com/DB/26/heads/p80384.png,21,9,7,1002,7,Right,3,4,1,0,,169,60,Male,,,No,No,2300000,1900000,1700000,3900,3300,2800,,,76,58,60,65,27,45,LW,LM,False,False,False,cardoso-varela,13,47,44,34,43,64,57,63,63,64,59
84,79,81,76,60,62,44,65,51,62,34,66,67,73,67,74,67,48,53,62,65,36,65,60,39,30,46,55,48,12,8,5,11,9,60,35,63,59,77,55,9,2025-08-28,2030-06-01,0,45,Spain,Jan,Virgili Tenas,Jan Virgili,Jan Virgili,17069,44878,44879,80915,1764,71,85,2006-07-26T00:00:00.000Z,18,453,RCD Mallorca,53,3,8,rcd-mallorca,17,53,https://cmtracker.fra1.cdn.digitaloceanspaces.com/DB/26/heads/p80915.png,0,9,2,4000,1,Right,4,3,1,0,7600000.0,177,68,Male,,,No,No,5000000,4400000,3700000,16000,13500,12000,,,82,59,61,72,38,54,LW,LM | RM,False,False,False,jan-virgili-tenas,15,55,53,45,52,69,63,69,69,70,65
74,74,83,72,69,81,60,73,48,74,60,70,75,75,61,75,68,56,57,72,75,57,71,65,65,58,59,65,60,15,5,11,5,7,64,60,69,70,76,65,9,2025-07-03,2030-06-01,0,34,Holland,Antoni,Milambo,Milambo,Antoni Milambo,2341,25130,25130,263640,1995,73,85,2005-04-03T00:00:00.000Z,20,1925,Brentford,13,3,9,brentford,17,13,https://cmtracker.fra1.cdn.digitaloceanspaces.com/DB/26/heads/p263640.png,21,3,6,1015,2,Right,4,3,1,0,,179,68,Male,,,Yes,No,8500000,7500000,6500000,41500,35000,30000,First Touch,,74,66,67,75,59,65,CM,CAM,False,False,False,antoni-milambo,15,67,66,61,67,72,72,73,72,72,69
77,73,76,76,55,73,38,70,50,64,49,68,74,75,60,75,60,70,51,71,76,42,70,55,41,43,49,60,59,7,12,13,13,11,60,42,71,59,75,61,12,2025-08-22,2030-06-01,0,21,Germany,Paul,Wanner,Wanner,Paul Wanner,29016,38527,38527,266237,1856,72,86,2005-12-23T00:00:00.000Z,19,247,PSV,10,10,8,psv,10,10,https://cmtracker.fra1.cdn.digitaloceanspaces.com/DB/26/heads/p266237.png,19,2,1,4011,4,Left,4,2,1,0,11100000.0,185,75,Male,,,No,No,6500000,5500000,4800000,12500,10500,9200,"Finesse Shot, Inventive, Technical",,75,60,69,73,45,54,CAM,RW | CM,False,False,False,paul-wanner,17,60,58,49,59,71,69,71,70,70,65
75,80,71,70,82,80,72,70,43,64,16,76,55,70,31,69,74,40,72,54,69,16,66,58,19,12,65,48,59,11,9,9,8,13,63,16,57,72,74,53,10,2025-06-17,2029-06-01,0,21,Germany,Nicolò,Tresoldi,Tresoldi,Nicolò Tresoldi,27083,36797,36797,266895,1726,72,86,2004-08-20T00:00:00.000Z,20,231,Club Brugge,4,10,9,club-brugge,7,4,https://cmtracker.fra1.cdn.digitaloceanspaces.com/DB/26/heads/p266895.png,3,3,2,1503,2,Right,3,4,1,0,,183,77,Male,,,No,No,6500000,5500000,4900000,20000,17000,14500,"Precision Header, Acrobatic",,78,66,50,69,27,69,ST,-,False,False,False,nicolo-tresoldi,16,46,43,39,45,66,61,67,69,66,71
74,75,74,74,81,68,78,74,76,76,69,74,77,75,69,73,67,67,68,72,76,69,74,68,73,69,68,77,69,12,10,13,7,6,70,71,73,74,75,74,10,2022-07-01,2029-06-01,0,38,Portugal,Gustavo Filipe,Azevedo Sá,Gustavo Sá,Gustavo Sá,14134,3153,14145,271057,2152,74,85,2004-11-11T00:00:00.000Z,20,112809,Famalicão,308,5,8,famalicao,20,308,https://cmtracker.fra1.cdn.digitaloceanspaces.com/DB/26/heads/p271057.png,12,2,2,56,5,Right,3,3,1,0,,186,80,Male,,,No,No,11000000,9500000,8000000,10500,9000,7800,"Low Driven Shot, Incisive Pass, Aerial Fortress",,75,70,73,74,70,76,CAM,CM,False,False,False,gustavo-filipe-azevedo-sa,16,71,71,72,72,73,73,73,73,73,72
71,75,82,82,59,61,38,62,50,64,56,56,71,75,62,73,52,62,50,73,74,53,58,48,50,55,60,72,43,11,6,15,14,11,60,53,71,53,75,57,12,2022-08-12,2026-06-30,1,34,Holland,Tygo,Land,Land,Tygo Land,37055,20895,20895,275411,1844,67,85,2006-01-11T00:00:00.000Z,19,247,PSV,10,10,8,psv,18,10,https://cmtracker.fra1.cdn.digitaloceanspaces.com/DB/26/heads/p275411.png,2,1,2,3,7,Right,4,4,1,0,,168,65,Male,,,No,No,3100000,2600000,2300000,6900,5800,5000,"Tiki Taka, Press Proven",,73,53,69,73,53,52,CM,CDM,False,False,False,tygo-land,16,62,60,54,61,68,67,68,65,67,59
64,70,51,61,72,53,74,67,70,50,70,34,34,66,26,28,31,21,61,46,67,71,28,21,73,69,30,27,28,11,11,13,13,12,43,71,38,50,63,48,12,2024-07-23,2026-06-30,1,51,Serbia,Jan-Carlo,Simić,Simić,Jan-Carlo Simić,17075,34114,34114,277022,1523,70,85,2005-05-02T00:00:00.000Z,20,229,Anderlecht,4,10,9,anderlecht,4,350,https://cmtracker.fra1.cdn.digitaloceanspaces.com/DB/26/heads/p277022.png,3,9,2,3503,6,Right,2,3,1,0,,186,75,Male,,,No,No,4300000,3600000,3100000,13500,11500,9900,Bruiser,,67,29,37,54,69,67,CB,-,False,False,False,jan-carlo-simic,17,60,63,69,64,48,52,48,46,46,47
74,75,72,69,87,63,81,72,76,72,23,74,70,70,64,71,76,55,75,58,68,28,81,79,19,18,66,72,63,13,8,12,9,8,70,22,66,79,73,63,10,2025-09-01,2030-06-01,0,13,Denmark,Conrad,Harder,Harder,Conrad Harder,7668,14723,14723,277689,1921,74,85,2005-04-07T00:00:00.000Z,20,112172,RB Leipzig,19,8,10,rb-leipzig,11,19,https://cmtracker.fra1.cdn.digitaloceanspaces.com/DB/26/heads/p277689.png,4,2,1,3500,5,Left,3,3,1,0,,185,71,Male,,,Yes,No,11000000,9500000,8000000,37500,31500,27000,"Power Shot, Enforcer",,75,73,65,71,33,77,ST,CAM | LW | CM,False,False,False,conrad-harder,16,50,47,46,49,69,63,71,72,71,74
78,76,78,75,65,67,70,72,55,75,44,71,74,76,75,78,69,53,41,58,72,36,68,64,38,26,57,73,61,15,14,12,14,13,63,34,68,67,76,64,14,2025-08-25,2029-06-01,0,14,England,Tyler,Dibling,Dibling,Tyler Dibling,37056,9231,9231,279497,1913,74,85,2006-02-17T00:00:00.000Z,19,7,Everton,13,4,4,everton,20,13,https://cmtracker.fra1.cdn.digitaloceanspaces.com/DB/26/heads/p279497.png,6,4,2,51,4,Left,3,3,1,1,,186,79,Male,,,Yes,No,10500000,9000000,8000000,35000,29500,25500,"Incisive Pass, Technical",,77,65,68,76,37,64,RM,CAM | RW,False,False,False,tyler-dibling,20,59,55,48,56,73,67,72,72,74,68
75,76,66,63,81,67,76,69,70,69,70,60,64,70,65,70,44,46,69,64,69,71,60,55,71,70,44,60,46,5,15,13,10,9,59,71,62,68,70,64,11,2024-01-03,2029-06-01,0,14,England,Josh,Acheampong,Acheampong,Josh Acheampong,17971,428,428,71651,1932,71,85,2006-05-05T00:00:00.000Z,19,5,Chelsea,13,8,10,chelsea,34,13,https://cmtracker.fra1.cdn.digitaloceanspaces.com/DB/26/heads/p71651.png,0,9,8,1004,4,Right,2,3,1,0,,190,85,Male,,,No,No,4900000,4200000,3600000,0,0,0,,,76,52,61,68,70,74,CB,RB | CDM | CM,True,False,False,josh-acheampong,16,69,69,71,69,66,66,65,64,65,62
84,87,72,73,86,74,79,66,71,64,34,70,63,69,45,73,73,40,69,63,71,39,70,58,41,34,58,61,72,10,13,14,7,7,64,38,62,74,77,63,11,2025-07-01,2030-06-01,0,22,Greece,Charalampos,Kostoulas,Kostoulas,Charalampos Kostoulas,6909,20072,20072,73885,1910,72,85,2007-05-07T00:00:00.000Z,18,1808,Brighton & Hove Albion,13,5,9,brighton-hove-albion,19,13,https://cmtracker.fra1.cdn.digitaloceanspaces.com/DB/26/heads/p73885.png,3,3,4,1516,4,Right,3,3,1,0,,185,75,Male,,,No,No,6500000,5500000,4700000,44500,37500,32500,,,86,67,57,70,43,78,ST,CAM | RM,True,False,False,charalampos-kostoulas,15,56,54,53,56,69,64,69,70,69,71
76,79,76,71,68,63,56,67,55,69,31,69,65,70,65,71,64,57,56,56,65,25,66,63,30,36,59,64,63,14,12,5,7,12,62,31,64,64,74,59,10,2025-07-01,2026-06-30,1,45,Spain,Antonio José,Cordero Campillo,Antoñito C.,Antoñito Cordero,2352,7733,2371,74209,1805,69,85,2006-11-14T00:00:00.000Z,18,13,Newcastle United,13,8,10,newcastle-united,10,4,https://cmtracker.fra1.cdn.digitaloceanspaces.com/DB/26/heads/p74209.png,3,3,4,56,1,Right,4,3,1,1,,178,71,Male,,,No,No,4200000,3500000,3000000,0,0,0,"Dead Ball, Whipped Pass",,78,64,62,71,36,61,LM,RM | LW,True,False,False,antonio-jose-cordero-campillo,17,54,51,44,49,68,61,67,68,68,66
73,70,74,79,49,44,43,54,43,43,26,59,57,61,62,66,57,56,49,52,58,29,59,54,36,38,60,58,50,7,8,8,11,10,58,35,59,50,70,47,9,2025-02-07,2027-06-01,0,21,Germany,Wisdom,Mike,Mike,Wisdom Mike,38890,25096,25096,77126,1603,61,85,2008-09-24T00:00:00.000Z,16,21,Bayern München,19,10,3,bayern-munchen,36,19,https://cmtracker.fra1.cdn.digitaloceanspaces.com/DB/26/heads/p77126.png,0,9,8,1021,2,Left,3,5,1,1,,175,65,Male,,,No,No,1200000,1000000,875000,5700,4800,4100,,,72,57,57,63,36,45,LM,LW,True,False,False,wisdom-mike,13,48,46,40,44,60,54,60,60,61,58
52,54,42,41,75,64,83,68,70,63,70,31,54,59,41,55,30,33,70,59,64,71,65,37,72,71,35,50,42,8,6,11,8,9,48,72,52,65,52,55,9,2025-09-01,2030-06-01,0,51,Serbia,Veljko,Milosavljević,Milosavljević,Veljko Milosavljević,37735,44937,44937,81319,1663,71,84,2007-06-28T00:00:00.000Z,18,1943,AFC Bournemouth,13,4,10,afc-bournemouth,44,13,https://cmtracker.fra1.cdn.digitaloceanspaces.com/DB/26/heads/p81319.png,3,9,2,2001,5,Right,2,2,1,0,,192,87,Male,,,No,No,4800000,4100000,3500000,0,0,0,,,53,40,50,55,71,73,CB,-,True,False,False,veljko-milosavljevic,14,62,63,70,66,52,58,52,51,49,52
79,82,76,69,59,54,45,58,37,54,25,58,57,64,46,65,64,42,52,39,58,24,64,58,23,20,57,59,63,13,15,6,8,10,56,23,54,56,73,49,11,2023-07-31,2028-06-01,0,34,Holland,Emre,Ünüvar,Ünüvar,Emre Ünüvar,10779,41007,41007,82106,1603,62,84,2008-03-18T00:00:00.000Z,17,245,Ajax,10,10,6,ajax,59,10,https://cmtracker.fra1.cdn.digitaloceanspaces.com/DB/26/heads/p82106.png,21,9,4,3,7,Right,3,4,1,0,,170,60,Male,,,No,No,1500000,1300000,1100000,2700,2300,2000,,,81,61,50,64,29,49,ST,-,True,False,False,emre-unuvar,16,45,43,36,41,60,53,61,62,62,61
72,65,79,73,68,91,69,68,66,68,64,64,68,72,63,69,58,54,50,72,74,58,57,60,67,60,36,54,52,8,5,6,13,5,57,62,65,69,72,64,8,2021-01-27,2028-06-01,0,37,Poland,Antoni,Kozubal,Kozubal,Antoni Kozubal,2341,20175,20175,261108,1908,71,84,2004-08-18T00:00:00.000Z,20,873,Lech Poznań,66,10,7,lech-poznan,43,66,https://cmtracker.fra1.cdn.digitaloceanspaces.com/DB/26/heads/p261108.png,2,1,3,2022,2,Right,2,3,1,0,,176,68,Male,,,No,No,5500000,4500000,3900000,6500,5500,4700,"Incisive Pass, Relentless",Career One Club Player,69,55,64,72,60,74,CM,CDM,True,False,False,antoni-kozubal,14,68,66,63,68,69,70,68,66,67,62
90,93,92,93,84,61,78,65,78,66,42,62,64,67,63,71,67,79,58,59,62,33,88,74,47,49,59,70,59,8,10,12,8,7,62,43,70,77,87,62,9,2025-07-18,2030-06-01,0,195,Australia,Nestory,Irankunda,Irankunda,Nestory Irankunda,26916,16426,16426,266245,2018,69,84,2006-02-09T00:00:00.000Z,19,1795,Watford,14,6,5,watford,66,14,https://cmtracker.fra1.cdn.digitaloceanspaces.com/DB/26/heads/p266245.png,0,9,9,1007,2,Right,3,3,1,1,,175,74,Male,,,No,No,3900000,3300000,2800000,14000,12000,10500,"Power Shot, Dead Ball, Rapid, Quick Step",,92,68,66,76,46,75,RM,ST | LM | RW,True,False,False,nestory-irankunda,14,58,57,55,56,68,62,68,69,70,70
81,76,82,84,75,88,72,77,76,77,79,73,75,77,60,79,66,49,53,75,78,72,68,69,78,76,43,64,52,13,9,8,13,13,60,76,69,75,80,72,12,2025-07-04,2027-06-01,0,110,Congo DR,Noah,Sadiki,Sadiki,Noah Sadiki,27292,32294,32294,269230,2130,77,84,2004-12-17T00:00:00.000Z,20,106,Sunderland,13,2,8,sunderland,27,13,https://cmtracker.fra1.cdn.digitaloceanspaces.com/DB/26/heads/p269230.png,0,9,9,1021,2,Right,3,3,1,0,,173,77,Male,,,Yes,No,24500000,21000000,18000000,51000,43000,37000,,,79,62,67,79,72,78,CM,CDM | CAM,True,False,False,noah-sadiki,18,76,75,73,77,75,76,75,74,74,70
70,73,77,76,56,73,54,71,60,70,61,69,72,72,69,71,66,54,47,70,73,62,67,64,62,58,56,69,55,7,8,8,14,6,63,61,68,63,74,65,9,2023-01-07,2030-06-01,0,14,England,Chris,Rigg,Rigg,Chris Rigg,7262,31302,31302,273459,1940,71,84,2007-06-18T00:00:00.000Z,18,106,Sunderland,13,2,8,sunderland,11,13,https://cmtracker.fra1.cdn.digitaloceanspaces.com/DB/26/heads/p273459.png,3,4,2,7,1,Left,3,3,1,0,9300000.0,177,67,Male,,,Yes,No,5000000,4400000,3700000,28000,23500,20500,,,72,63,68,73,58,61,CAM,CM,True,False,False,chris-rigg,15,67,65,60,66,70,70,70,69,70,65
74,77,70,67,75,73,68,60,60,64,24,65,57,63,51,66,63,55,64,51,63,22,63,61,21,25,60,58,63,12,10,8,6,5,61,23,59,68,70,56,9,2023-04-14,2026-06-01,0,25,Republic of Ireland,Mason,Melia,Melia,Mason Melia,24072,24712,24712,276346,1724,65,84,2007-09-22T00:00:00.000Z,17,423,St Patrick's Athletic,65,7,6,st-patrick-s-athletic,9,65,https://cmtracker.fra1.cdn.digitaloceanspaces.com/DB/26/heads/p276346.png,6,3,2,2000,4,Right,2,4,1,0,,186,78,Male,,,No,No,2100000,1800000,1500000,600,500,450,Precision Header,,76,63,56,65,31,69,ST,-,True,False,False,mason-melia,13,48,46,42,45,63,57,63,64,63,64
80,77,83,80,61,66,47,66,66,68,63,62,56,66,63,66,38,53,53,54,64,62,56,42,67,63,35,70,46,9,8,10,15,11,51,64,62,55,78,61,11,2025-07-16,2029-06-01,0,129,Morocco,Youssef,Enríquez Lekhedim,Youssef,Yusi,39724,10872,39724,278003,1826,68,84,2005-10-07T00:00:00.000Z,19,463,Deportivo Alavés,53,2,7,deportivo-alaves,3,53,https://cmtracker.fra1.cdn.digitaloceanspaces.com/DB/26/heads/p278003.png,0,9,4,10,7,Left,2,3,1,2,3400000.0,170,62,Male,,,No,No,3500000,3000000,2600000,9700,8200,7000,,,79,47,60,72,62,60,LB,-,True,False,False,youssef-enriquez-lekhedim,16,65,65,61,62,63,60,61,60,62,56
81,80,83,82,62,61,53,59,61,61,49,67,58,68,56,70,61,51,49,56,63,42,53,57,53,44,59,52,58,11,7,13,7,11,58,47,60,58,77,59,10,2025-01-30,2026-06-30,1,45,Spain,Unai,Hernández Lorenzo,Unai,Unai Hernández,37251,15183,37251,278391,1798,66,84,2004-12-14T00:00:00.000Z,20,607,Al Ittihad,350,10,10,al-ittihad,7,350,https://cmtracker.fra1.cdn.digitaloceanspaces.com/DB/26/heads/p278391.png,3,9,2,57,1,Right,3,3,1,1,,171,65,Male,,,No,No,2600000,2200000,1900000,11000,9200,7900,,,81,59,56,71,47,59,LM,RM | CAM | LW,True,False,False,unai-hernandez-lorenzo,14,58,56,52,55,65,60,65,64,66,62
59,58,63,59,70,64,59,69,68,57,71,29,59,69,52,66,34,28,74,61,69,73,52,47,73,71,34,33,44,9,9,8,10,10,53,73,52,59,62,55,10,2024-07-01,2030-06-01,0,45,Spain,Pau,Navarro Badenes,Pau Navarro,Pau Navarro,29000,26696,29007,278659,1711,69,84,2005-04-25T00:00:00.000Z,20,483,Villarreal CF,53,8,6,villarreal-cf,26,53,https://cmtracker.fra1.cdn.digitaloceanspaces.com/DB/26/heads/p278659.png,3,1,1,35,5,Right,2,3,1,2,9800000.0,185,72,Male,,,No,No,3800000,3200000,2800000,14000,12000,10500,,,59,40,50,64,72,65,RB,CB | CM | CDM,True,False,False,pau-navarro-badenes,15,66,67,69,68,58,62,58,56,56,53
67,67,68,70,54,58,49,61,51,63,52,62,64,69,51,70,54,42,53,65,68,50,57,52,56,47,54,55,51,7,8,7,8,10,56,51,61,54,67,58,8,2025-07-01,2028-06-01,0,14,England,Trey,Nyoni,Nyoni,Trey Nyoni,36808,27602,27602,279128,1720,64,84,2007-06-30T00:00:00.000Z,18,9,Liverpool,13,10,6,liverpool,42,13,https://cmtracker.fra1.cdn.digitaloceanspaces.com/DB/26/heads/p279128.png,0,9,9,1033,4,Right,3,3,1,0,,185,75,Male,,,No,No,1900000,1600000,1400000,17500,14500,12500,,,67,55,58,67,52,53,CM,CAM | CDM,True,False,False,trey-nyoni,13,58,56,53,58,63,63,64,63,63,59
74,72,75,77,57,51,49,58,47,65,32,60,63,64,57,64,60,60,50,57,63,35,64,63,37,38,56,63,56,14,8,9,7,7,58,37,62,57,72,54,9,2025-07-01,2026-06-01,0,45,Spain,Pablo,Menéndez Agudín,Agudín,Pablo Agudín,28559,46232,46234,279758,1712,63,84,2007-11-08T00:00:00.000Z,17,110827,Real Oviedo,53,6,7,real-oviedo,27,53,https://cmtracker.fra1.cdn.digitaloceanspaces.com/DB/26/heads/p279758.png,6,9,4,1532,1,Right,4,3,1,0,,178,69,Male,,,No,No,1800000,1500000,1300000,4600,3900,3400,,,73,60,61,67,38,51,CAM,LM | ST | CM,True,False,False,pablo-menendez-agudin,14,51,49,44,48,62,58,63,62,63,60
71,84,66,62,76,75,73,63,66,69,68,35,62,60,47,59,33,35,63,61,65,71,53,38,68,73,30,32,47,9,13,9,8,10,48,71,50,63,70,58,10,2024-01-01,2026-06-01,0,52,Argentina,Tobías,Ramírez,Ramirez,Tobías Ramírez,36496,30734,30702,70679,1754,69,85,2006-11-11T00:00:00.000Z,18,111019,Argentinos Juniors,353,5,4,argentinos-juniors,2,353,https://cmtracker.fra1.cdn.digitaloceanspaces.com/DB/26/heads/p70679.png,0,9,4,4002,5,Right,2,3,1,0,,185,78,Male,,,No,No,3900000,3300000,2900000,5300,4500,3800,,,78,39,50,63,69,73,CB,-,False,False,False,tobias-ramirez,15,66,67,68,66,58,60,57,55,56,52
68,72,48,47,79,64,79,59,63,46,65,25,30,56,26,26,30,27,69,58,61,63,48,28,68,64,27,34,38,14,6,9,11,13,43,65,41,60,59,45,11,2024-11-11,2029-06-01,0,18,France,Joane,Gadou,Gadou,Joane Gadou,17716,12645,12645,71350,1521,66,85,2007-01-17T00:00:00.000Z,18,191,RB Salzburg,80,10,5,rb-salzburg,23,80,https://cmtracker.fra1.cdn.digitaloceanspaces.com/DB/26/heads/p71350.png,0,9,9,1038,5,Right,2,2,1,0,,195,78,Male,,,No,No,2400000,2000000,1800000,4700,4000,3500,Long Ball Pass,,70,33,39,47,66,71,CB,-,False,False,False,joane-gadou,16,57,60,66,61,45,49,44,43,42,47
82,81,79,66,71,74,59,73,67,66,69,70,70,75,75,73,42,50,55,63,73,70,71,45,73,71,53,63,58,13,8,13,7,11,60,72,65,64,77,67,11,2022-07-01,2030-06-01,0,38,Portugal,Martim,Moreira Fernandes,Martim,Martim Fernandes,23875,25713,23875,72093,1989,75,85,2006-01-18T00:00:00.000Z,19,236,FC Porto,308,10,6,fc-porto,52,308,https://cmtracker.fra1.cdn.digitaloceanspaces.com/DB/26/heads/p72093.png,3,3,2,3518,2,Right,2,2,1,2,25300000.0,181,73,Male,,,No,No,13500000,11500000,10000000,9800,8300,7200,Whipped Pass,,82,57,66,72,68,68,RB,RM,False,False,False,martim-moreira-fernandes,16,73,72,68,70,71,69,69,68,70,64
64,59,58,69,69,72,66,60,62,50,62,55,51,65,49,53,40,44,62,65,63,64,59,40,66,65,40,43,54,5,6,13,11,13,51,65,54,62,62,56,10,2025-07-01,2027-06-01,0,7,Belgium,Nathan,De Cat,De Cat,Nathan De Cat,26665,44105,44105,73921,1717,65,85,2008-07-19T00:00:00.000Z,16,229,Anderlecht,4,10,9,anderlecht,74,4,https://cmtracker.fra1.cdn.digitaloceanspaces.com/DB/26/heads/p73921.png,1,2,1,6,4,Right,2,3,1,1,,192,73,Male,,,No,No,2200000,1800000,1600000,4600,3900,3300,,,62,48,53,59,64,67,CDM,CM,False,False,False,nathan-de-cat,14,61,62,63,63,57,59,56,55,55,55
82,83,80,67,74,68,65,60,45,66,60,68,57,63,56,65,45,53,55,54,55,60,56,55,60,58,60,60,45,9,8,8,11,12,55,60,59,64,75,57,10,2025-07-05,2030-06-01,0,58,Paraguay,Diego,León,Leon,Diego León,9256,21556,21434,74142,1823,64,85,2007-04-03T00:00:00.000Z,18,11,Manchester United,13,7,6,manchester-united,35,13,https://cmtracker.fra1.cdn.digitaloceanspaces.com/DB/26/heads/p74142.png,21,9,5,2518,2,Left,2,2,1,2,,177,67,Male,,,No,No,2100000,1800000,1500000,14500,12000,10500,,,83,55,56,67,59,63,LB,LM,False,False,False,diego-leon,15,62,62,59,58,62,59,61,61,62,59
83,78,83,61,70,56,56,70,42,70,33,72,75,77,73,80,68,49,55,65,70,25,72,66,30,30,63,65,61,8,11,14,7,8,66,29,68,64,75,59,10,2025-07-02,2029-06-01,0,45,Spain,Jesús,Rodríguez Caraballo,Jesús R.,Jesús Rodríguez,17484,31570,17496,75055,1846,75,85,2005-11-21T00:00:00.000Z,19,1745,Como,31,6,10,como,17,31,https://cmtracker.fra1.cdn.digitaloceanspaces.com/DB/26/heads/p75055.png,6,2,2,4015,5,Right,3,3,1,1,,185,68,Male,,,No,No,14500000,12000000,10500000,54000,46000,39500,,,81,67,66,74,35,56,LM,RM | LW,False,False,False,jesus-rodriguez-caraballo,15,55,52,43,51,73,66,73,73,74,69
77,79,64,68,74,62,54,68,58,69,17,74,65,72,54,70,76,49,72,51,69,22,74,68,21,23,70,53,65,14,14,14,12,7,69,22,59,67,72,58,13,2025-07-11,2029-06-01,0,103,Cameroon,Christian,Kofane,Kofane,Christian Kofane,7277,19871,19871,76416,1799,72,85,2006-07-26T00:00:00.000Z,18,32,Bayer 04 Leverkusen,19,9,9,bayer-04-leverkusen,35,19,https://cmtracker.fra1.cdn.digitaloceanspaces.com/DB/26/heads/p76416.png,0,9,9,1015,5,Right,3,3,1,0,,189,68,Male,,,No,No,6500000,5500000,4700000,36500,31000,27000,,,78,71,57,69,31,62,ST,-,False,False,False,christian-kofane,18,49,46,41,46,68,61,69,71,70,72
85,81,86,81,60,64,54,70,41,63,29,70,67,77,72,77,68,66,39,64,74,22,76,70,36,28,64,82,61,6,9,8,7,12,64,29,74,65,81,56,9,2025-01-31,2029-06-01,0,54,Brazil,William,Gomes C. Santos,W. Gomes,William Gomes,38818,13500,44289,77033,1869,74,85,2006-03-15T00:00:00.000Z,19,236,FC Porto,308,10,6,fc-porto,7,308,https://cmtracker.fra1.cdn.digitaloceanspaces.com/DB/26/heads/p77033.png,0,3,5,1548,2,Left,3,3,1,0,,171,66,Male,,,Yes,No,10500000,9000000,8000000,10500,9000,7800,Finesse Shot,,83,68,71,76,31,55,LW,RW | LM,False,False,False,william-gomes-c-santos,15,56,52,41,51,73,66,73,72,74,68
65,73,49,48,80,62,82,59,58,70,64,34,48,55,40,51,33,34,70,49,63,68,46,28,75,70,34,43,42,5,11,11,11,10,48,71,47,60,59,53,10,2025-08-01,2028-06-01,0,18,France,Tylel,Tati,Tati,Tylel Tati,44619,44620,44620,80570,1641,69,84,2008-01-19T00:00:00.000Z,17,71,FC Nantes,16,3,2,fc-nantes,78,16,https://cmtracker.fra1.cdn.digitaloceanspaces.com/DB/26/heads/p80570.png,3,9,9,1006,5,Left,2,2,1,0,,192,83,Male,,,No,No,3500000,3000000,2600000,5400,4500,3900,,,69,36,46,55,69,71,CB,-,False,False,False,tylel-tati,14,61,63,69,62,52,53,50,49,50,50
79,76,84,77,62,66,61,56,52,70,46,63,75,75,55,80,56,54,41,67,68,43,61,55,44,41,42,60,51,15,13,5,11,5,53,43,68,61,75,60,10,2025-01-02,2029-06-01,0,8,Bosnia and Herzegovina,Esmir,Bajraktarević,Bajraktarević,Esmir Bajraktarević,11051,3417,3417,269823,1809,69,84,2005-03-10T00:00:00.000Z,20,247,PSV,10,10,8,psv,19,10,https://cmtracker.fra1.cdn.digitaloceanspaces.com/DB/26/heads/p269823.png,19,9,2,2027,2,Left,4,2,1,0,,175,64,Male,,,No,No,4000000,3400000,2900000,10000,8600,7400,Technical,,78,55,63,74,43,60,RW,RM,False,False,False,esmir-bajraktarevic,15,57,55,50,57,69,66,69,67,68,61
37,44,38,48,66,36,77,70,22,47,15,11,40,30,10,17,9,10,13,35,40,16,50,9,9,10,9,17,18,67,61,66,72,64,17,12,22,48,48,26,66,2023-04-01,2026-06-30,1,21,Germany,Dennis,Seimen,Seimen,Dennis Seimen,9011,33274,33274,271114,1183,67,84,2005-12-01T00:00:00.000Z,19,36,VfB Stuttgart,19,7,5,vfb-stuttgart,41,20,https://cmtracker.fra1.cdn.digitaloceanspaces.com/DB/26/heads/p271114.png,3,3,2,4005,5,Left,1,4,1,1,,190,89,Male,,,Yes,No,2800000,2300000,2000000,4900,4200,3600,,,41,18,25,42,13,50,GK,-,False,False,False,dennis-seimen,66,26,25,26,30,29,32,31,29,27,29
91,91,77,77,71,71,64,68,55,52,63,61,59,66,70,66,61,70,46,58,65,59,63,52,64,64,41,68,48,14,8,13,15,11,57,63,66,65,81,57,13,2025-01-13,2029-06-01,0,57,Ecuador,Yaimar,Medina,Y. Medina,Yaimar Medina,39255,24617,39203,271417,1922,70,84,2004-11-05T00:00:00.000Z,20,673,Genk,4,9,8,genk,19,4,https://cmtracker.fra1.cdn.digitaloceanspaces.com/DB/26/heads/p271417.png,0,9,10,1036,2,Left,3,2,1,2,,175,70,Male,,,No,No,4300000,3700000,3200000,11500,9900,8500,"Rapid, Quick Step",,91,54,65,68,59,65,LB,LW | LM,False,False,False,yaimar-medina,18,68,67,61,63,68,63,65,65,68,63
40,39,39,31,60,35,60,68,16,35,11,5,33,10,13,10,6,11,12,36,32,5,50,9,13,11,6,10,17,70,67,67,73,70,14,10,16,43,44,20,70,2020-10-02,2030-06-01,0,34,Holland,Rome-Jayden,Owusu-Oduro,Owusu-Oduro,Rome-Jayden Owusu-Oduro,31688,28473,28473,272958,1070,71,84,2004-07-02T00:00:00.000Z,20,1906,AZ,10,8,9,az,1,10,https://cmtracker.fra1.cdn.digitaloceanspaces.com/DB/26/heads/p272958.png,0,9,5,1016,5,Right,1,4,1,1,,188,82,Male,,,No,No,4700000,4000000,3400000,5100,4400,3700,,"GK Cross Claimer, GK Far Reach",40,16,23,32,10,43,GK,-,False,False,False,rome-jayden-owusu-oduro,69,22,22,21,24,24,26,24,22,21,23
55,64,61,76,56,78,58,68,72,68,64,65,66,65,53,64,63,41,51,67,69,60,70,63,67,63,66,58,45,15,5,6,8,10,61,64,59,65,65,64,9,2021-09-03,2026-06-01,0,42,Scotland,David,Watson,Watson,David Watson,8642,38570,38570,274934,1860,67,84,2005-02-12T00:00:00.000Z,20,82,Kilmarnock,50,3,4,kilmarnock,12,50,https://cmtracker.fra1.cdn.digitaloceanspaces.com/DB/26/heads/p274934.png,2,3,1,4018,1,Right,2,3,1,0,,175,68,Male,,,No,No,3100000,2700000,2300000,3100,2600,2200,"Aerial Fortress, Long Throw",,60,62,59,67,61,66,CM,CDM | CAM,False,False,False,david-watson,15,64,63,62,66,64,66,65,64,63,63
70,65,56,67,67,62,55,76,76,74,72,68,65,76,61,74,65,56,65,71,77,65,75,68,72,71,48,50,50,7,6,10,9,15,64,70,66,66,67,68,10,2022-07-01,2029-06-01,0,27,Italy,Niccolò,Pisilli,Pisilli,Niccolò Pisilli,27030,29724,29724,275291,1964,72,84,2004-09-23T00:00:00.000Z,20,52,Roma,31,7,6,roma,61,31,https://cmtracker.fra1.cdn.digitaloceanspaces.com/DB/26/heads/p275291.png,6,4,3,12,2,Right,2,3,1,0,,180,75,Male,,,Yes,No,6500000,5500000,4800000,28000,24000,20500,,,68,62,63,71,69,65,CM,CAM,False,False,False,niccolo-pisilli,16,69,69,69,71,70,71,71,71,69,69
53,76,37,54,78,61,80,75,70,76,77,19,56,63,36,53,21,30,75,58,71,77,58,26,78,74,21,53,44,14,5,8,12,13,45,77,52,61,59,57,11,2025-06-09,2026-06-30,1,136,Senegal,Mamadou,Sarr,M.Sarr,Mamadou Sarr,23308,32873,22739,275507,1702,76,84,2005-08-29T00:00:00.000Z,19,5,Chelsea,13,8,10,chelsea,23,16,https://cmtracker.fra1.cdn.digitaloceanspaces.com/DB/26/heads/p275507.png,21,9,9,1038,4,Right,2,3,1,0,,194,77,Male,,,No,No,18000000,15000000,13000000,0,0,0,,,65,32,51,60,76,72,CB,-,False,False,False,mamadou-sarr,17,66,68,75,70,53,59,53,51,49,50
82,91,76,70,60,65,72,74,51,69,23,69,66,76,66,77,72,55,36,60,67,20,69,67,26,30,65,68,55,5,13,9,6,11,62,26,68,67,79,56,9,2025-07-11,2030-06-01,0,34,Holland,Ruben,van Bommel,van Bommel,Ruben van Bommel,31904,40686,40686,275592,1821,74,84,2004-08-03T00:00:00.000Z,20,247,PSV,10,10,8,psv,7,10,https://cmtracker.fra1.cdn.digitaloceanspaces.com/DB/26/heads/p275592.png,6,3,2,2006,4,Right,3,2,1,0,,192,83,Male,,,No,No,11000000,9500000,8000000,17500,15000,12500,"Finesse Shot, Rapid, First Touch",,87,66,64,74,27,62,LW,LM,False,False,False,ruben-van-bommel,15,54,50,41,49,72,64,71,72,73,69
90,93,81,76,78,66,73,73,58,74,36,70,68,75,69,78,69,60,51,60,73,41,83,72,36,32,62,64,70,14,9,6,8,13,65,37,68,75,83,63,10,2024-08-30,2029-06-01,0,45,Spain,Matias,Fernandez-Pardo,Fernandez-Pardo,Fernandez-Pardo,24182,11784,11784,276048,1981,75,84,2005-02-03T00:00:00.000Z,20,65,LOSC Lille,16,7,5,losc-lille,7,16,https://cmtracker.fra1.cdn.digitaloceanspaces.com/DB/26/heads/p276048.png,3,9,2,2508,5,Right,3,3,1,1,,188,77,Male,,,No,No,14500000,12500000,10500000,22500,19000,16500,"Press Proven, Quick Step",,92,71,66,76,39,69,LM,RM | LW,False,False,False,matias-fernandez-pardo,17,59,56,50,55,74,66,73,74,75,72
67,66,56,53,76,74,74,69,65,58,64,66,67,73,48,71,60,42,69,71,75,53,71,59,66,57,40,47,46,14,5,14,12,6,59,59,61,71,63,61,11,2025-06-01,2030-06-01,0,34,Holland,Ezechiel,Banzuzi,Banzuzi,Ezechiel Banzuzi,11276,3603,3603,276216,1854,70,84,2005-02-16T00:00:00.000Z,20,112172,RB Leipzig,19,8,10,rb-leipzig,6,19,https://cmtracker.fra1.cdn.digitaloceanspaces.com/DB/26/heads/p276216.png,21,9,9,1007,4,Right,2,3,1,0,,191,80,Male,,,No,No,4500000,3800000,3300000,22000,18500,16000,Aerial Fortress,,67,57,58,63,62,72,CM,CDM,False,False,False,ezechiel-banzuzi,16,64,64,65,67,67,69,68,68,66,67
60,67,60,53,83,68,79,73,61,60,26,74,62,74,66,72,76,77,79,63,70,25,77,67,44,33,70,75,74,6,10,7,12,7,73,34,73,75,63,60,9,2024-07-01,2027-06-01,0,27,Italy,Francesco Pio,Esposito,P. Esposito,Francesco Pio Esposito,12216,11069,28520,277327,1910,74,84,2005-06-28T00:00:00.000Z,20,44,Lombardia FC,31,9,2,lombardia-fc,94,31,https://cmtracker.fra1.cdn.digitaloceanspaces.com/DB/26/heads/p277327.png,5,9,1,606,4,Right,3,3,1,0,,191,83,Male,,,No,No,11000000,9500000,8000000,23500,20000,17500,Precision Header,,64,73,69,65,41,73,ST,-,False,False,False,francesco-pio-esposito,15,54,52,51,54,69,65,69,71,69,73
76,75,71,71,72,91,65,68,63,57,66,51,48,69,70,68,43,27,58,62,68,67,82,40,69,67,36,62,41,5,6,12,15,7,55,68,58,70,73,55,9,2023-10-26,2028-06-01,0,21,Germany,Elias,Baum,Baum,Elias Baum,10567,3899,3899,278228,1848,72,84,2005-10-26T00:00:00.000Z,19,1824,Eintracht Frankfurt,19,8,5,eintracht-frankfurt,2,19,https://cmtracker.fra1.cdn.digitaloceanspaces.com/DB/26/heads/p278228.png,5,1,2,1517,2,Right,2,3,1,2,,180,73,Male,,,No,No,6500000,5500000,4600000,16000,13500,12000,,,76,49,56,67,65,73,RB,RM,False,False,False,elias-baum,15,71,70,66,67,65,63,61,61,63,60
73,78,67,65,81,66,76,70,82,70,29,70,55,70,45,68,73,45,70,45,65,36,75,63,31,27,63,57,65,5,6,9,10,14,64,32,57,73,71,62,9,2024-07-01,2029-06-01,0,45,Spain,Marc,Guiu Paz,Marc Guiu,Marc Guiu,23525,14019,23537,278813,1824,71,84,2006-01-04T00:00:00.000Z,19,5,Chelsea,13,8,10,chelsea,38,13,https://cmtracker.fra1.cdn.digitaloceanspaces.com/DB/26/heads/p278813.png,3,7,2,1546,5,Right,3,4,1,0,,187,82,Male,,,Yes,No,5500000,4500000,3900000,0,0,0,,,76,68,52,68,39,76,ST,-,False,False,False,marc-guiu-paz,15,51,49,50,51,65,59,65,68,66,71
57,70,52,53,80,64,81,70,77,68,71,41,53,67,45,57,36,28,75,63,68,73,44,36,78,75,23,47,42,10,11,10,13,14,50,76,53,61,61,59,12,2022-09-20,2029-06-01,0,18,France,Jérémy,Jacquet,Jacquet,Jérémy Jacquet,18419,16894,16894,278903,1752,75,84,2005-07-13T00:00:00.000Z,19,74,Stade Rennais,16,6,5,stade-rennais,97,16,https://cmtracker.fra1.cdn.digitaloceanspaces.com/DB/26/heads/p278903.png,0,9,8,1038,4,Right,2,2,1,0,24100000.0,188,77,Male,,,No,No,13500000,11500000,9500000,18500,15500,13500,,,64,37,51,61,74,76,CB,-,False,False,False,jeremy-jacquet,18,66,68,74,70,57,61,57,55,55,54
90,78,79,76,63,62,56,58,32,60,20,66,58,69,64,74,65,44,42,56,61,28,62,57,33,28,54,61,60,12,12,11,8,12,58,30,61,60,77,50,11,2025-07-04,2028-06-01,0,34,Holland,Jayden,Addai,Addai,Jayden Addai,17282,474,474,279239,1711,68,84,2005-08-26T00:00:00.000Z,19,1745,Como,31,6,10,como,42,31,https://cmtracker.fra1.cdn.digitaloceanspaces.com/DB/26/heads/p279239.png,0,9,9,1024,2,Left,4,2,1,1,,175,73,Male,,,No,No,3700000,3100000,2700000,26500,22500,19500,"Technical, Quick Step",,84,61,57,69,30,53,RM,RW,False,False,False,jayden-addai,16,51,48,39,45,67,58,65,66,68,63
80,78,85,84,63,67,50,68,50,68,35,68,69,70,66,72,66,58,52,63,68,35,70,68,35,25,55,63,55,5,7,10,8,12,62,32,66,64,79,58,9,2023-02-04,2027-06-01,0,14,England,Tyrique,George,George,Tyrique George,37076,13058,13058,71998,1828,71,84,2006-02-04T00:00:00.000Z,19,5,Chelsea,13,8,10,chelsea,32,13,https://cmtracker.fra1.cdn.digitaloceanspaces.com/DB/26/heads/p71998.png,21,9,10,1024,4,Right,4,4,1,1,,185,80,Male,,,No,No,5000000,4400000,3800000,0,0,0,Quick Step,,79,64,65,75,36,58,LM,RM | ST | LW,True,False,False,tyrique-george,14,55,52,44,52,69,64,69,69,70,66
66,71,67,64,68,80,68,70,73,76,64,64,68,71,48,69,54,54,58,69,74,64,70,50,66,67,56,54,50,8,7,14,7,12,58,66,64,68,68,66,10,2024-07-01,2026-06-30,1,14,England,Harrison,Armstrong,Armstrong,Harrison Armstrong,14763,2638,2638,74413,1921,69,84,2007-01-19T00:00:00.000Z,18,7,Everton,13,4,4,everton,5,14,https://cmtracker.fra1.cdn.digitaloceanspaces.com/DB/26/heads/p74413.png,6,2,2,31,4,Right,2,3,1,0,,185,70,Male,,,No,No,3800000,3200000,2800000,19000,16000,14000,,,69,57,61,70,64,72,CM,CDM,True,False,False,harrison-armstrong,15,66,66,66,69,66,68,67,66,64,64
69,71,67,64,67,55,58,62,64,60,65,54,57,67,55,64,41,37,64,62,67,68,47,39,73,71,40,49,42,7,12,5,12,5,54,71,56,54,67,57,9,2025-07-01,2028-06-01,0,18,France,Axel,Tape,Tape,Axel Tape,3065,35776,35776,75736,1740,67,84,2007-08-10T00:00:00.000Z,17,32,Bayer 04 Leverkusen,19,9,9,bayer-04-leverkusen,16,19,https://cmtracker.fra1.cdn.digitaloceanspaces.com/DB/26/heads/p75736.png,21,9,9,1006,1,Right,3,3,1,0,,180,79,Male,,,No,No,2800000,2400000,2100000,13000,11000,9600,,,70,44,55,64,68,61,CB,-,True,False,False,axel-tape,14,64,65,66,65,61,61,60,58,59,56
69,71,80,70,36,38,34,52,36,64,20,53,70,72,59,70,60,71,30,57,57,37,71,60,29,30,64,69,61,11,14,5,6,8,54,32,68,48,69,51,9,2022-03-07,2028-06-01,0,7,Belgium,Rayane,Bounida,Bounida,Rayane Bounida,30903,5237,5237,76944,1634,64,84,2006-03-03T00:00:00.000Z,19,245,Ajax,10,10,6,ajax,43,10,https://cmtracker.fra1.cdn.digitaloceanspaces.com/DB/26/heads/p76944.png,0,3,4,1545,1,Right,4,4,1,0,,179,62,Male,,,No,No,1900000,1600000,1400000,4100,3500,3000,"Inventive, Technical, First Touch",,70,62,64,68,29,36,LW,CAM | LM,True,False,False,rayane-bounida,14,46,43,35,43,62,56,64,63,64,57
72,70,71,60,74,58,69,62,36,64,23,66,57,61,55,62,67,62,63,48,57,23,66,57,26,24,63,59,65,7,10,9,6,9,61,25,59,65,67,52,9,2024-10-05,2028-06-01,0,13,Denmark,Chido,Obi,Obi,Chido Obi,7109,27731,27731,77354,1681,65,84,2007-11-29T00:00:00.000Z,17,11,Manchester United,13,7,6,manchester-united,32,13,https://cmtracker.fra1.cdn.digitaloceanspaces.com/DB/26/heads/p77354.png,21,9,8,5003,4,Right,2,4,1,0,,188,81,Male,,,No,No,2100000,1800000,1500000,15500,13000,11500,,,71,64,56,63,32,59,ST,-,True,False,False,chido-obi,13,46,44,40,43,61,54,61,62,62,64
76,78,75,73,71,66,56,63,52,66,65,63,59,66,68,72,35,34,63,56,67,64,56,40,66,64,37,60,42,9,15,15,12,9,54,65,58,58,73,58,12,2023-07-01,2026-01-01,1,14,England,Harry,Amass,Amass,Harry Amass,14769,1864,1864,273599,1813,69,83,2007-03-16T00:00:00.000Z,18,11,Manchester United,13,7,6,manchester-united,12,14,https://cmtracker.fra1.cdn.digitaloceanspaces.com/DB/26/heads/p273599.png,3,9,1,3514,1,Left,2,4,1,2,,178,75,Male,,,No,No,3700000,3100000,2700000,28000,23500,20500,,,77,46,57,69,64,61,LB,LM,True,False,False,harry-amass,17,66,66,63,63,65,62,62,61,63,58
78,82,68,67,90,78,80,74,66,71,72,72,70,74,79,78,67,58,79,69,73,70,73,62,73,71,69,72,59,9,9,7,14,13,74,72,71,77,74,69,11,2025-07-15,2030-06-01,0,136,Senegal,El Hadji Malick,Diouf,Diouf,El Hadji Malick Diouf,10476,9442,9442,274915,2146,77,83,2004-12-29T00:00:00.000Z,20,19,West Ham United,13,3,8,west-ham-united,12,13,https://cmtracker.fra1.cdn.digitaloceanspaces.com/DB/26/heads/p274915.png,0,9,10,1024,2,Left,3,2,1,2,,183,75,Male,,,No,No,18000000,15500000,13000000,52000,44500,38000,,,80,67,70,72,73,79,LB,LM,True,False,False,el-hadji-malick-diouf,17,74,74,73,72,74,72,72,73,73,73
82,83,72,47,77,74,80,67,53,58,23,74,66,73,57,79,73,34,65,54,66,26,71,59,21,18,61,52,60,6,6,13,9,13,65,22,59,73,71,56,10,2025-06-06,2030-06-01,0,21,Germany,Ilyas,Ansah,Ansah,Ilyas Ansah,16245,2300,2300,276372,1772,72,83,2004-11-08T00:00:00.000Z,20,1831,1. FC Union Berlin,19,5,7,1-fc-union-berlin,10,19,https://cmtracker.fra1.cdn.digitaloceanspaces.com/DB/26/heads/p276372.png,0,9,9,1013,5,Right,4,3,1,0,6600000.0,197,84,Male,,,No,No,6000000,5000000,4500000,22500,19000,16500,Technical,,83,66,55,66,31,71,ST,CAM | LW | CM,True,False,False,ilyas-ansah,15,51,48,43,48,71,62,70,72,71,72
67,66,70,72,84,73,69,75,73,71,75,67,73,75,70,72,68,67,74,76,76,72,65,60,75,74,55,67,65,9,8,13,6,5,69,74,72,71,70,71,9,2022-07-01,2028-06-01,0,14,England,Jack,Hinshelwood,Hinshelwood,Jack Hinshelwood,16876,15331,15331,277283,2087,75,83,2005-04-11T00:00:00.000Z,20,1808,Brighton & Hove Albion,13,5,9,brighton-hove-albion,13,13,https://cmtracker.fra1.cdn.digitaloceanspaces.com/DB/26/heads/p277283.png,6,6,2,35,1,Right,3,4,1,1,,181,76,Male,,,No,No,13500000,11500000,10000000,55000,46500,40000,Dead Ball,,67,63,72,73,74,75,CDM,RB | LB | CM,True,False,False,jack-hinshelwood,14,73,73,73,74,71,73,71,70,70,69
76,69,76,82,68,80,51,67,37,64,15,68,57,65,34,57,67,31,64,32,49,14,65,53,16,11,57,38,67,12,8,13,8,8,55,14,45,64,74,52,10,2023-06-01,2027-06-01,0,42,Scotland,James,Wilson,Wilson,James Wilson,17050,38847,38847,278600,1579,64,83,2007-03-06T00:00:00.000Z,18,80,Heart of Midlothian,50,8,5,heart-of-midlothian,21,50,https://cmtracker.fra1.cdn.digitaloceanspaces.com/DB/26/heads/p278600.png,6,1,1,2015,1,Right,2,3,1,0,3650000.0,178,70,Male,,,No,No,1800000,1500000,1300000,2000,1700,1400,,,73,63,40,69,24,59,ST,-,True,False,False,james-wilson,15,42,40,33,38,58,52,59,62,60,63
70,67,74,74,63,64,51,65,70,61,68,58,60,68,50,67,40,43,61,65,68,65,59,41,67,65,37,52,44,8,14,15,7,6,52,66,59,56,70,61,10,2024-12-20,2026-06-30,1,21,Germany,Noël,Aséko,Aseko,Noël Aséko,27456,2911,2794,279622,1787,67,83,2005-11-22T00:00:00.000Z,19,21,Bayern München,19,10,3,bayern-munchen,15,20,https://cmtracker.fra1.cdn.digitaloceanspaces.com/DB/26/heads/p279622.png,21,9,10,1024,2,Right,2,3,1,1,,178,73,Male,,,No,No,3000000,2500000,2200000,15000,12500,11000,,,69,47,56,68,65,62,CDM,CM,True,False,False,noel-aseko,15,64,64,64,65,62,63,62,60,61,57
86,87,78,82,84,71,74,70,61,70,33,73,67,77,70,80,71,64,68,58,64,31,74,66,49,39,65,75,67,9,9,7,14,15,68,40,71,74,81,62,11,2024-01-01,2026-06-01,0,52,Argentina,Maher,Carrizo,Carrizo,Maher Carrizo,23021,6487,6487,279841,2008,74,83,2006-02-19T00:00:00.000Z,19,101088,Vélez Sarsfield,353,7,3,velez-sarsfield,28,353,https://cmtracker.fra1.cdn.digitaloceanspaces.com/DB/26/heads/p279841.png,24,5,4,2002,1,Left,3,3,1,1,,180,67,Male,,,No,No,10500000,9000000,8000000,11500,9600,8200,,,87,69,66,76,44,73,RM,RW | CAM,True,False,False,maher-carrizo,17,59,57,53,55,73,65,72,73,74,73
76,74,79,77,57,67,54,73,60,74,64,72,73,74,70,76,63,55,43,73,74,59,70,69,66,62,51,71,57,7,9,11,8,12,61,63,70,64,76,67,10,2024-01-16,2029-06-01,0,14,England,Josh,King,King,Josh King,17971,19647,19647,70786,1980,73,84,2007-01-03T00:00:00.000Z,18,144,Fulham,13,5,7,fulham,24,13,https://cmtracker.fra1.cdn.digitaloceanspaces.com/DB/26/heads/p70786.png,0,9,6,1039,1,Right,3,4,1,0,,173,66,Male,,,No,No,7500000,6500000,5500000,41500,35000,30500,,,75,64,69,76,59,60,CAM,CM,False,False,False,josh-king,16,68,66,61,67,72,71,73,71,72,66
71,67,68,61,63,71,58,67,70,65,65,65,71,71,71,74,68,69,51,74,73,69,71,71,69,66,58,80,57,9,8,9,13,12,65,68,74,67,67,66,11,2022-07-01,2027-06-01,0,23,Hungary,Alex,Tóth,Tóth,Alex Tóth,1476,37107,37107,70903,2005,71,84,2005-10-23T00:00:00.000Z,19,1874,Ferencvárosi TC,76,10,5,ferencvarosi-tc,64,76,https://cmtracker.fra1.cdn.digitaloceanspaces.com/DB/26/heads/p70903.png,3,3,1,3509,1,Right,2,3,1,0,,181,70,Male,,,No,No,5000000,4400000,3800000,12500,10500,9100,Whipped Pass,,69,65,73,68,64,66,CM,CDM,False,False,False,alex-toth,16,69,67,65,69,70,70,70,69,70,66
79,80,84,85,49,75,43,68,52,65,37,69,55,67,69,74,69,49,37,59,65,23,67,62,35,28,65,58,60,12,9,9,6,13,61,29,62,60,80,57,10,2025-01-01,2026-06-30,1,167,Korea Republic,Min Hyeok,Yang,MinHyeok,Yang Min Hyeok,25220,39316,25246,71106,1777,70,84,2006-04-16T00:00:00.000Z,19,18,Tottenham Hotspur,13,7,8,tottenham-hotspur,47,14,https://cmtracker.fra1.cdn.digitaloceanspaces.com/DB/26/heads/p71106.png,3,4,2,513,1,Right,3,3,1,1,,171,61,Male,,,Yes,No,4500000,3800000,3300000,39000,33000,28500,"Technical, First Touch",,80,65,59,74,32,55,RM,RW | LM,False,False,False,min-hyeok-yang,16,55,51,40,50,69,61,67,67,69,64
74,79,74,67,69,65,60,59,56,60,61,60,63,63,52,66,55,57,58,57,59,58,61,60,62,42,55,56,58,9,10,6,7,10,56,54,60,63,71,60,9,2024-01-01,2026-06-01,0,57,Ecuador,Justin,Lerma,Lerma,Justin Lerma,18377,21475,21475,72419,1808,63,84,2008-05-05T00:00:00.000Z,17,111592,Independiente del Valle,1003,9,5,independiente-del-valle,53,1003,https://cmtracker.fra1.cdn.digitaloceanspaces.com/DB/26/heads/p72419.png,15,9,8,1012,1,Right,4,3,1,1,,176,62,Male,,,No,No,1800000,1500000,1300000,3100,2600,2200,,,77,58,57,65,56,63,LM,CAM | CM | LW,False,False,False,justin-lerma,14,59,59,58,59,62,60,62,62,62,61
75,76,75,64,70,55,66,74,38,70,19,66,64,75,68,77,64,51,55,62,64,32,66,53,33,38,62,69,60,9,7,14,11,15,63,35,67,62,73,53,12,2024-06-14,2029-06-01,0,54,Brazil,Luis Guilherme,Lira dos Santos,L.Guilherme,Luis Guilherme,22336,21807,44076,72754,1797,71,84,2006-02-09T00:00:00.000Z,19,19,West Ham United,13,3,8,west-ham-united,17,13,https://cmtracker.fra1.cdn.digitaloceanspaces.com/DB/26/heads/p72754.png,0,9,8,4016,2,Left,4,4,1,1,,175,71,Male,,,No,No,5000000,4400000,3800000,32000,27000,23500,Rapid,,76,62,63,73,35,57,RM,LM | CAM | RW,False,False,False,luis-guilherme-lira-dos-santos,17,53,51,44,49,69,62,68,69,70,67
75,65,83,85,54,70,46,67,48,67,38,65,62,66,56,65,61,52,48,61,67,42,64,56,40,51,64,58,56,13,11,14,13,8,60,45,61,58,75,56,12,2025-08-08,2029-06-01,0,27,Italy,Mattia,Liberali,Liberali,Mattia Liberali,24235,21643,21643,74094,1791,65,84,2007-04-07T00:00:00.000Z,18,111592,Catanzaro,32,5,4,catanzaro,14,32,https://cmtracker.fra1.cdn.digitaloceanspaces.com/DB/26/heads/p74094.png,6,3,2,49,7,Left,3,3,1,0,,169,67,Male,,,No,No,2100000,1800000,1600000,1200,1000,850,,,70,61,59,72,44,55,RW,RM | CAM,False,False,False,mattia-liberali,17,56,54,47,54,64,61,65,64,64,61
84,83,83,74,54,58,45,67,44,68,24,68,63,73,60,75,62,49,39,53,64,26,60,58,29,25,56,59,53,15,14,7,9,9,57,27,62,55,79,54,11,2024-08-16,2026-06-01,0,136,Senegal,Ibrahim,Mbaye,Mbaye,Ibrahim Mbaye,16045,24415,24415,74449,1710,70,84,2008-01-24T00:00:00.000Z,17,73,Paris Saint-Germain,16,10,10,paris-saint-germain,49,16,https://cmtracker.fra1.cdn.digitaloceanspaces.com/DB/26/heads/p74449.png,21,9,8,1011,1,Right,3,3,1,0,,176,65,Male,,,No,No,4300000,3600000,3100000,25000,21500,18500,,,84,60,58,73,29,50,RW,LW | RM,False,False,False,ibrahim-mbaye,17,51,48,38,46,68,60,68,68,69,63
54,61,41,46,70,54,73,64,61,60,72,25,46,60,25,45,35,43,65,59,66,65,41,55,67,65,39,29,51,13,9,9,14,7,46,66,48,59,54,53,11,2025-07-10,2029-06-01,0,45,Spain,Sergi,Domínguez Viloria,Sergi Domínguez,Sergi Domínguez,33445,9616,33449,74544,1589,67,84,2005-04-01T00:00:00.000Z,20,130017,Dinamo Zagreb,76,10,2,dinamo-zagreb,36,76,https://cmtracker.fra1.cdn.digitaloceanspaces.com/DB/26/heads/p74544.png,3,3,2,600,5,Right,2,3,1,0,,188,78,Male,,,No,No,3000000,2500000,2200000,6400,5400,4700,,,58,41,45,53,67,65,CB,-,False,False,False,sergi-dominguez-viloria,16,58,60,66,63,49,56,51,49,47,49
74,72,73,77,53,61,54,57,59,68,24,56,55,67,62,71,61,67,41,54,57,39,75,73,34,27,65,76,53,10,8,7,8,5,58,34,67,64,71,53,8,2022-07-01,2027-06-01,0,10,Croatia,Bruno,Durdov,Durdov,Bruno Durdov,5590,9994,9994,74626,1743,64,84,2007-12-11T00:00:00.000Z,17,263,Hajduk Split,76,9,5,hajduk-split,34,76,https://cmtracker.fra1.cdn.digitaloceanspaces.com/DB/26/heads/p74626.png,6,3,2,29,1,Left,3,4,1,0,,175,65,Male,,,No,No,1900000,1600000,1400000,3800,3200,2800,,,73,64,62,69,33,57,RW,RM,False,False,False,bruno-durdov,13,50,47,42,47,63,56,62,63,64,61
77,70,73,69,56,56,55,55,58,51,60,52,47,64,58,64,28,29,38,57,62,58,33,27,60,58,25,40,38,8,15,7,9,10,43,59,51,46,69,51,10,2024-10-06,2026-06-01,0,7,Belgium,Semm,Renders,Renders,Semm Renders,33346,31116,31116,74970,1567,62,84,2007-12-17T00:00:00.000Z,17,230,Antwerp,4,9,8,antwerp,17,4,https://cmtracker.fra1.cdn.digitaloceanspaces.com/DB/26/heads/p74970.png,2,1,2,2004,1,Right,2,3,1,2,3000000.0,176,70,Male,,,No,No,1400000,1200000,1000000,2900,2500,2100,,,74,34,49,63,55,56,RB,RM,False,False,False,semm-renders,15,60,59,56,58,58,56,55,53,57,47
88,87,83,70,67,72,58,74,58,61,32,66,60,66,59,73,69,47,45,51,63,31,72,63,29,23,62,58,52,13,8,6,6,5,60,28,59,67,81,55,8,2024-09-04,2028-06-01,0,4,Austria,Nikolaus,Wurmbrand,Wurmbrand,Nikolaus Wurmbrand,27154,39032,39032,74980,1777,70,84,2006-01-05T00:00:00.000Z,19,254,SK Rapid,80,8,5,sk-rapid,15,80,https://cmtracker.fra1.cdn.digitaloceanspaces.com/DB/26/heads/p74980.png,19,4,2,0,2,Right,3,4,1,1,,172,75,Male,,,No,No,4500000,3800000,3300000,8600,7300,6300,Quick Step,,88,64,56,71,32,64,RM,ST | RW,False,False,False,nikolaus-wurmbrand,15,54,51,43,49,68,60,67,69,69,67
69,69,56,51,77,61,76,67,70,67,68,35,52,58,39,60,24,30,67,55,62,70,35,26,70,69,27,44,41,6,9,6,8,7,44,70,50,55,63,56,8,2025-02-01,2029-06-01,0,14,England,Ayden,Heaven,Heaven,Ayden Heaven,3093,14945,14945,75087,1631,69,84,2006-09-22T00:00:00.000Z,18,11,Manchester United,13,7,6,manchester-united,26,13,https://cmtracker.fra1.cdn.digitaloceanspaces.com/DB/26/heads/p75087.png,0,3,9,1038,5,Left,2,3,1,0,,189,84,Male,,,No,No,3600000,3000000,2600000,28000,23500,20500,,,69,31,47,60,69,71,CB,LB,False,False,False,ayden-heaven,13,62,64,69,64,54,56,53,51,51,48
64,65,61,56,74,62,71,69,67,63,72,32,63,67,28,65,29,33,70,65,71,71,42,33,71,70,32,42,45,9,9,15,14,15,46,71,55,57,63,57,13,2025-01-21,2026-06-30,1,54,Brazil,Vitor,Reis,Vitor Reis,Vitor Reis,38128,31043,38137,76624,1715,70,84,2006-01-12T00:00:00.000Z,19,10,Manchester City,13,10,8,manchester-city,12,53,https://cmtracker.fra1.cdn.digitaloceanspaces.com/DB/26/heads/p76624.png,0,9,6,1542,4,Right,2,3,1,0,,186,77,Male,,,Yes,No,4200000,3500000,3100000,41500,35000,30000,,,65,36,50,64,71,69,CB,-,False,False,False,vitor-reis,18,63,65,70,68,57,62,59,55,54,51
61,65,58,63,41,44,47,64,39,62,32,59,58,64,64,69,58,37,34,61,66,43,53,47,28,31,43,52,41,11,7,8,15,8,53,34,57,47,63,49,10,2024-07-01,2027-06-01,0,42,Scotland,Findlay,Curtis,Curtis,Findlay Curtis,11938,8045,8045,76784,1533,63,84,2006-10-01T00:00:00.000Z,18,86,Rangers,50,10,9,rangers,52,50,https://cmtracker.fra1.cdn.digitaloceanspaces.com/DB/26/heads/p76784.png,3,9,1,12,1,Right,3,3,1,0,,180,66,Male,,,No,No,1800000,1500000,1300000,9800,8300,7100,,,63,50,56,63,34,43,LW,RW | LM,False,False,False,findlay-curtis,16,50,47,40,48,62,57,62,61,62,56
71,68,62,77,56,77,57,65,56,48,67,59,62,66,32,60,57,35,44,72,68,55,56,55,68,61,32,34,42,6,9,8,12,6,47,62,54,61,69,56,9,2025-01-29,2027-06-01,0,17,Finland,Matias,Siltanen,Siltanen,Matias Siltanen,24182,34050,34050,76879,1703,67,84,2007-03-29T00:00:00.000Z,18,710,Djurgårdens IF,56,9,8,djurgardens-if,20,56,https://cmtracker.fra1.cdn.digitaloceanspaces.com/DB/26/heads/p76879.png,2,2,2,3,2,Right,2,3,1,1,,175,67,Male,,,No,No,2900000,2500000,2100000,3100,2700,2300,,,70,50,51,63,59,62,CDM,CM,False,False,False,matias-siltanen,14,62,62,60,65,61,65,63,62,60,58
77,73,63,63,80,63,72,57,57,66,63,25,41,66,49,65,29,24,63,64,66,61,49,47,63,58,35,53,40,11,11,11,13,15,49,61,55,63,67,49,13,2025-01-23,2027-06-01,0,34,Holland,Ruud,Nijstad,Nijstad,Ruud Nijstad,32048,27127,27127,77415,1693,63,84,2008-01-17T00:00:00.000Z,17,1908,FC Twente,10,7,8,fc-twente,43,10,https://cmtracker.fra1.cdn.digitaloceanspaces.com/DB/26/heads/p77415.png,6,2,2,57,4,Left,2,3,1,0,,193,75,Male,,,No,No,1700000,1400000,1200000,2200,1900,1600,,,75,38,50,63,62,68,CB,-,False,False,False,ruud-nijstad,17,61,62,63,62,57,57,54,52,55,51
65,73,76,84,35,48,35,59,45,58,22,59,57,65,60,65,58,61,33,58,64,23,59,54,29,24,50,57,54,7,6,7,10,13,53,26,62,47,72,50,9,2024-08-01,2027-06-01,0,45,Spain,Daniel,Díaz Gándara,Díaz,Dani Díaz,8495,10108,10104,78014,1573,63,84,2006-06-22T00:00:00.000Z,19,111592,Real Sociedad B,54,1,3,real-sociedad-b,7,54,https://cmtracker.fra1.cdn.digitaloceanspaces.com/DB/26/heads/p78014.png,3,9,2,4011,7,Left,3,3,1,1,,165,58,Male,,,No,No,1800000,1500000,1300000,1600,1400,1200,,,69,56,60,68,26,41,RM,ST | RW,False,False,False,daniel-diaz-gandara,14,47,43,34,44,61,56,62,61,62,56
71,76,41,63,81,63,84,63,75,49,64,32,26,59,25,55,22,22,61,51,58,62,36,21,64,66,23,28,40,7,9,8,9,14,38,64,43,57,63,48,10,2025-03-25,2029-06-01,0,116,Gambia,Abubacarr Sedi,Kinteh,Kinteh,Abubacarr Sedi Kinteh,408,19662,19662,78049,1528,67,84,2006-11-30T00:00:00.000Z,18,418,Tromsø IL,41,7,5,tromso-il,25,41,https://cmtracker.fra1.cdn.digitaloceanspaces.com/DB/26/heads/p78049.png,0,9,10,1004,5,Left,2,3,1,0,,186,75,Male,,,No,No,2900000,2400000,2100000,1900,1600,1400,,,74,29,35,55,63,76,CB,-,False,False,False,abubacarr-sedi-kinteh,15,58,60,66,60,50,50,47,47,47,47
72,75,74,78,54,58,49,63,51,61,55,56,62,64,56,64,56,52,49,64,68,53,56,55,57,55,53,56,51,10,10,10,11,8,57,55,60,55,73,56,10,2024-07-01,2029-06-01,0,14,England,Louis,Page,Page,Louis Page,22141,28623,28623,79587,1766,64,84,2008-07-10T00:00:00.000Z,16,95,Leicester City,14,10,6,leicester-city,25,14,https://cmtracker.fra1.cdn.digitaloceanspaces.com/DB/26/heads/p79587.png,21,9,7,1007,1,Right,3,3,1,0,,173,67,Male,,,No,No,1900000,1600000,1400000,6900,5900,5000,,,74,55,60,67,54,53,CAM,CM,False,False,False,louis-page,15,60,59,55,59,63,62,63,62,63,58
78,71,66,63,71,64,68,63,66,60,66,61,64,68,44,62,44,57,52,66,68,64,55,38,68,60,34,42,46,14,10,12,10,9,49,64,59,60,69,61,11,2025-07-01,2026-06-01,0,54,Brazil,Rayan Lucas,Marques de Souza,Rayan Lucas,Rayan Lucas,44461,44462,44461,79771,1784,67,84,2005-01-03T00:00:00.000Z,20,237,Sporting CP,308,10,9,sporting-cp,60,308,https://cmtracker.fra1.cdn.digitaloceanspaces.com/DB/26/heads/p79771.png,0,9,7,532,5,Right,2,4,1,1,,185,83,Male,,,No,No,3000000,2500000,2200000,6100,5100,4400,,,75,46,57,64,62,67,CDM,CM,False,False,False,rayan-lucas-marques-de-souza,16,63,63,64,65,62,63,62,61,60,58
87,92,84,83,70,83,62,74,65,76,69,73,70,78,71,80,66,49,48,61,72,63,70,68,66,62,58,74,60,9,11,6,13,8,63,64,69,71,84,69,10,2024-08-16,2029-06-01,0,7,Belgium,Diego Manuel,J. da Silva Moreira,Moreira Jr.,Diego Moreira,9277,16820,25714,270039,2081,77,83,2004-08-06T00:00:00.000Z,20,76,RC Strasbourg,16,6,9,rc-strasbourg,7,16,https://cmtracker.fra1.cdn.digitaloceanspaces.com/DB/26/heads/p270039.png,20,5,5,1523,2,Left,4,3,1,1,,179,73,Male,,,Yes,No,19500000,16500000,14000000,42000,36000,31000,"Gamechanger, Rapid, Relentless",,90,66,66,79,62,70,LM,LB | RM,False,False,False,diego-manuel-j-da-silva-moreira,17,73,71,65,69,75,71,74,74,75,70
85,84,92,78,65,64,60,68,25,73,41,62,70,78,70,81,60,48,42,69,73,36,65,55,44,37,53,77,63,8,9,5,10,13,60,39,71,62,82,56,9,2024-09-02,2029-06-01,0,54,Brazil,Ângelo Gabriel,Borges Damaceno,Ângelo,Ângelo,40860,5083,40859,272829,1863,74,83,2004-12-21T00:00:00.000Z,20,112139,Al Nassr,350,9,10,al-nassr,20,350,https://cmtracker.fra1.cdn.digitaloceanspaces.com/DB/26/heads/p272829.png,0,9,7,608,1,Left,5,2,1,1,17100000.0,180,78,Male,,,No,No,11000000,9500000,8000000,28000,23500,20500,Technical,,85,60,68,78,40,54,RM,LM | CM | RW,False,False,False,angelo-gabriel-borges-damaceno,16,60,57,47,56,73,67,72,70,73,65
89,85,89,91,64,72,65,72,59,69,30,67,65,76,67,79,61,50,29,53,68,29,74,67,44,32,64,69,51,8,5,12,8,5,58,35,66,69,86,57,8,2025-07-07,2029-06-01,0,117,Ghana,Christopher,Bonsu Baah,Bonsu Baah,Christopher Bonsu Baah,7296,5039,5039,274913,1868,73,83,2004-12-14T00:00:00.000Z,20,112391,Al Qadsiah,350,7,8,al-qadsiah,22,350,https://cmtracker.fra1.cdn.digitaloceanspaces.com/DB/26/heads/p274913.png,0,9,9,1038,2,Left,4,3,1,1,12300000.0,172,73,Male,,,No,No,8000000,6500000,5500000,22500,19000,16500,Technical,,87,64,62,79,33,65,LM,RM | LW,False,False,False,christopher-bonsu-baah,13,58,54,45,53,72,64,71,71,73,66
71,62,82,82,71,68,63,72,71,72,73,62,73,73,52,73,54,44,62,72,76,67,58,55,74,69,48,49,49,9,10,11,9,14,59,70,63,63,74,67,11,2025-09-06,2028-06-01,0,18,France,Valentin,Atangana,Atangana,Valentin Atangana,37455,2918,2918,275137,1950,73,83,2005-08-25T00:00:00.000Z,19,112387,Al Ahli,350,8,10,al-ahli,6,350,https://cmtracker.fra1.cdn.digitaloceanspaces.com/DB/26/heads/p275137.png,21,9,9,1016,1,Right,2,3,1,1,,173,68,Male,,,Yes,No,7500000,6000000,5500000,22000,19000,16000,Inventive,,67,54,61,76,69,68,CDM,CM,False,False,False,valentin-atangana,17,68,68,69,71,68,71,70,67,67,63
80,66,83,63,60,73,57,69,49,69,42,63,68,74,46,72,52,41,42,59,64,38,54,44,52,36,55,62,52,12,11,10,8,7,52,42,62,58,73,58,10,2021-07-04,2026-06-30,1,34,Holland,Isaac,Babadi,Babadi,Isaac Babadi,16476,3268,3268,277465,1733,67,83,2005-04-06T00:00:00.000Z,20,247,PSV,10,10,8,psv,10,4,https://cmtracker.fra1.cdn.digitaloceanspaces.com/DB/26/heads/p277465.png,0,9,9,1016,1,Right,3,4,1,0,,178,68,Male,,,No,No,3200000,2700000,2300000,7500,6300,5500,"Inventive, Technical",,73,53,57,72,42,60,CAM,CM | LW,False,False,False,isaac-babadi,16,56,54,49,56,65,63,66,65,65,60
57,56,50,65,64,72,66,56,67,56,67,34,50,67,53,53,36,34,59,58,67,64,59,44,71,68,28,35,39,12,8,8,11,6,49,68,50,61,57,53,9,2023-07-01,2027-06-01,0,18,France,Marius,Courcoul,Courcoul,Marius Courcoul,23760,7853,7853,277484,1640,66,83,2007-01-01T00:00:00.000Z,18,1530,Angers SCO,16,2,1,angers-sco,5,16,https://cmtracker.fra1.cdn.digitaloceanspaces.com/DB/26/heads/p277484.png,5,3,2,1547,2,Right,2,3,1,1,,182,70,Male,,,No,No,2400000,2100000,1800000,3800,3200,2800,,,57,40,50,58,66,67,CDM,CM | CB,False,False,False,marius-courcoul,14,63,64,65,65,55,58,54,52,52,51
75,77,65,65,79,65,74,65,66,58,68,55,57,67,23,63,26,25,65,63,67,66,41,39,68,67,28,23,34,9,14,11,13,12,42,67,49,60,70,57,12,2025-07-01,2026-06-30,1,136,Senegal,Abdoulaye,Faye,Faye,Abdoulaye Faye,262,11644,11644,277969,1693,68,83,2004-09-22T00:00:00.000Z,20,32,Bayer 04 Leverkusen,19,9,9,bayer-04-leverkusen,25,16,https://cmtracker.fra1.cdn.digitaloceanspaces.com/DB/26/heads/p277969.png,0,9,10,1015,4,Left,2,3,1,0,,191,70,Male,,,No,No,3200000,2700000,2300000,22000,18500,16000,,,76,37,43,64,67,71,CB,-,False,False,False,abdoulaye-faye,17,62,63,68,66,58,62,59,57,56,54
85,83,85,85,77,56,64,66,52,63,25,67,55,72,56,75,65,54,60,54,62,32,70,63,31,25,63,59,57,6,13,8,6,9,62,30,63,66,81,54,9,2023-07-01,2026-06-01,0,52,Argentina,Ian,Subiabre,Subiabre,Ian Subiabre,16010,35101,35101,279934,1803,69,83,2007-01-01T00:00:00.000Z,18,1876,River Plate,353,10,5,river-plate,38,353,https://cmtracker.fra1.cdn.digitaloceanspaces.com/DB/26/heads/p279934.png,0,9,4,2005,2,Left,3,3,1,0,,171,71,Male,,,Yes,No,3800000,3200000,2800000,8200,7000,6000,,,84,64,57,74,35,62,LW,RW | LM,False,False,False,ian-subiabre,14,51,49,44,47,67,59,67,68,69,68
67,66,69,78,59,66,62,64,55,56,62,61,63,62,51,70,61,54,47,70,72,54,62,58,59,54,47,52,68,8,12,6,14,12,56,56,62,62,69,61,11,2024-02-05,2028-06-01,0,49,Ukraine,Viktor,Tsukanov,Tsukanov,Viktor Tsukanov,37962,36936,36936,70862,1821,65,83,2006-02-04T00:00:00.000Z,19,101059,Shakhtar Donetsk,76,10,3,shakhtar-donetsk,24,76,https://cmtracker.fra1.cdn.digitaloceanspaces.com/DB/26/heads/p70862.png,6,2,2,17,8,Right,2,3,1,0,,170,68,Male,,,No,No,2200000,1800000,1600000,5000,4200,3600,,,67,60,60,67,55,61,CM,CAM | RM | CDM,True,False,False,viktor-tsukanov,17,61,60,58,62,64,65,65,64,63,61
69,71,63,70,61,71,57,67,59,58,62,70,70,70,53,68,65,45,53,69,72,58,59,61,62,60,47,48,47,10,12,6,7,8,58,60,60,62,68,61,9,2024-08-20,2028-06-01,0,13,Denmark,Thomas,Jørgensen,Jørgensen,Thomas Jørgensen,36228,18446,18446,71174,1828,69,83,2005-09-30T00:00:00.000Z,19,1443,Viborg FF,1,5,4,viborg-ff,10,1,https://cmtracker.fra1.cdn.digitaloceanspaces.com/DB/26/heads/p71174.png,1,1,2,3,2,Left,2,3,1,0,,177,72,Male,,,No,No,3900000,3300000,2800000,6300,5300,4600,,,70,58,60,66,59,62,CM,CDM,True,False,False,thomas-jorgensen,15,64,63,60,65,67,68,68,67,67,64
70,69,63,64,74,70,73,69,64,71,70,48,49,71,58,63,28,35,60,66,70,73,34,36,69,66,33,45,43,10,14,12,9,6,50,70,56,58,67,58,11,2024-08-11,2029-06-01,0,34,Holland,Marvin,Young,Young,Marvin Young,23985,39699,39699,74344,1755,69,83,2005-10-02T00:00:00.000Z,19,100646,Sparta Rotterdam,10,4,4,sparta-rotterdam,3,10,https://cmtracker.fra1.cdn.digitaloceanspaces.com/DB/26/heads/p74344.png,0,9,7,3500,2,Right,2,3,1,0,,183,78,Male,,,No,No,3700000,3100000,2700000,4200,3500,3100,,,70,37,54,67,68,70,CB,RB,True,False,False,marvin-young,16,67,68,68,68,61,62,59,56,58,52
71,64,64,68,60,82,55,69,62,69,64,68,67,76,67,72,60,45,49,69,72,62,68,63,71,69,59,66,49,5,10,10,14,12,62,68,66,66,68,64,11,2024-08-18,2028-06-01,0,18,France,Louis,Leroux,Leroux,Louis Leroux,22141,21477,21477,74473,1931,71,83,2006-01-23T00:00:00.000Z,19,71,FC Nantes,16,3,2,fc-nantes,66,16,https://cmtracker.fra1.cdn.digitaloceanspaces.com/DB/26/heads/p74473.png,3,1,2,17,1,Left,3,2,1,0,,184,75,Male,,,No,No,5000000,4400000,3800000,10000,8400,7300,,,68,61,64,70,63,65,CM,LB | CDM,True,False,False,louis-leroux,16,69,68,63,68,70,70,69,68,68,64
68,66,51,60,81,55,82,54,58,55,14,63,54,61,40,62,67,43,68,44,48,17,68,64,22,22,44,45,59,7,6,6,14,9,54,21,51,70,60,51,9,2024-08-28,2026-06-30,1,49,Ukraine,Artem,Stepanov,Stepanov,Artem Stepanov,2730,34900,34900,74749,1577,64,83,2007-08-10T00:00:00.000Z,17,32,Bayer 04 Leverkusen,19,9,9,bayer-04-leverkusen,11,20,https://cmtracker.fra1.cdn.digitaloceanspaces.com/DB/26/heads/p74749.png,5,3,2,2022,6,Right,2,3,1,0,,192,88,Male,,,No,No,1700000,1500000,1300000,11000,9200,7900,,,67,61,46,57,29,69,ST,-,True,False,False,artem-stepanov,13,40,39,40,39,56,50,57,60,58,63
75,73,76,69,53,56,51,60,35,60,20,61,60,65,57,66,61,39,44,50,63,20,63,55,23,17,50,57,55,5,5,14,6,13,55,20,56,56,71,49,9,2025-07-01,2027-06-01,0,45,Spain,Antonio,Fernández Casino,Toni Fernández,Toni Fernández,2350,44152,44166,75156,1577,64,83,2008-07-15T00:00:00.000Z,16,241,FC Barcelona,53,10,2,fc-barcelona,29,53,https://cmtracker.fra1.cdn.digitaloceanspaces.com/DB/26/heads/p75156.png,3,7,4,4015,2,Left,4,2,1,0,,174,73,Male,,,No,No,1700000,1500000,1300000,12500,10500,9000,,,74,58,54,66,25,49,RW,RM,True,False,False,antonio-fernandez-casino,13,46,42,34,42,62,56,62,63,63,60
71,74,69,64,74,71,67,57,71,59,55,51,50,58,55,55,47,47,65,58,60,58,54,45,63,64,43,53,50,5,10,15,11,13,54,62,55,63,67,56,11,2024-09-01,2027-06-01,0,42,Scotland,Colby,Donovan,Donovan,Colby Donovan,7570,9682,9682,76125,1762,64,83,2006-09-07T00:00:00.000Z,18,78,Celtic,50,10,9,celtic,51,50,https://cmtracker.fra1.cdn.digitaloceanspaces.com/DB/26/heads/p76125.png,0,2,1,3503,1,Right,3,3,1,2,,180,76,Male,,,No,No,1700000,1400000,1200000,9100,7700,6600,,,73,48,54,60,61,71,RB,CB,True,False,False,colby-donovan,15,61,61,62,60,58,56,56,55,56,56
66,67,59,64,68,71,60,58,54,51,25,63,48,67,41,64,72,32,65,56,61,21,65,55,25,21,50,56,60,7,7,8,15,10,58,23,55,64,63,51,10,2025-11-11,2027-06-01,0,7,Belgium,Robin,Mirisola,Mirisola,Robin Mirisola,31462,44316,44316,77638,1612,65,83,2006-12-08T00:00:00.000Z,18,673,Genk,4,9,8,genk,29,4,https://cmtracker.fra1.cdn.digitaloceanspaces.com/DB/26/heads/p77638.png,0,9,2,3500,2,Right,2,3,1,0,,183,72,Male,,,No,No,2200000,1800000,1600000,6100,5100,4400,,,67,61,49,61,31,63,ST,RW,False,True,False,robin-mirisola,14,46,43,40,45,60,56,61,63,61,64
77,75,82,70,57,64,55,49,34,65,24,52,66,68,59,68,54,49,41,55,55,37,57,55,33,35,53,54,58,10,12,10,14,8,53,35,59,58,71,50,11,2023-06-15,2030-06-01,0,34,Holland,Wassim,Bouziane,Bouziane,Wassim Bouziane,38562,5264,5264,77934,1655,63,83,2006-12-22T00:00:00.000Z,18,1906,AZ,10,8,9,az,75,10,https://cmtracker.fra1.cdn.digitaloceanspaces.com/DB/26/heads/p77934.png,21,9,4,1514,2,Right,3,3,1,1,,181,72,Male,,,No,No,1600000,1300000,1100000,3500,3000,2600,,,76,55,56,67,34,53,LM,LW,False,True,False,wassim-bouziane,15,50,48,40,46,62,56,61,60,62,56
64,63,56,61,54,45,50,66,48,69,50,57,65,66,50,67,48,48,51,64,66,48,66,45,50,52,54,56,59,8,8,13,14,8,54,50,61,52,62,58,11,2025-07-01,2026-06-30,1,27,Italy,Christian,Comotto,Comotto,Christian Comotto,7277,7624,7624,80597,1689,61,83,2008-04-25T00:00:00.000Z,17,47,Milano FC,31,9,5,milano-fc,34,32,https://cmtracker.fra1.cdn.digitaloceanspaces.com/DB/26/heads/p80597.png,1,9,2,1,4,Right,2,3,1,0,,185,70,Male,,,No,No,1200000,1000000,875000,4600,3900,3400,,,64,55,58,64,50,49,CM,CDM,True,False,False,christian-comotto,15,55,54,52,56,61,61,62,61,60,58
66,64,55,52,71,70,64,73,70,66,70,65,67,72,53,58,57,65,70,70,71,70,78,68,66,65,34,35,48,15,14,14,9,13,57,67,60,71,62,65,13,2025-07-24,2028-06-01,0,51,Serbia,Aleksandar,Stanković,Stankovic,Aleksandar Stanković,1445,34812,34813,278318,1898,70,82,2005-08-03T00:00:00.000Z,19,231,Club Brugge,4,10,9,club-brugge,25,4,https://cmtracker.fra1.cdn.digitaloceanspaces.com/DB/26/heads/p278318.png,3,3,3,29,5,Right,3,3,1,1,,185,80,Male,,,No,No,4200000,3600000,3100000,12500,11000,9300,"Dead Ball, Intercept, Aerial Fortress",,65,58,60,63,68,69,CDM,CM | CB,True,False,False,aleksandar-stankovic,19,66,67,68,69,65,68,66,66,64,65
67,67,63,63,75,62,75,65,76,67,72,35,60,66,55,61,40,50,66,66,68,69,55,50,71,70,35,55,40,10,7,9,11,5,53,70,60,64,65,59,9,2024-08-08,2026-06-30,1,52,Argentina,Aaron,Anselmino,Anselmino,Aaron Anselmino,175,2307,2307,278455,1806,70,82,2005-04-29T00:00:00.000Z,20,5,Chelsea,13,8,10,chelsea,28,19,https://cmtracker.fra1.cdn.digitaloceanspaces.com/DB/26/heads/p278455.png,3,3,2,12,5,Right,3,4,1,0,,186,83,Male,,,No,No,4300000,3600000,3100000,0,0,0,,,67,43,59,64,70,72,CB,-,True,False,False,aaron-anselmino,14,66,66,70,68,59,62,59,56,57,55
55,66,59,55,74,54,77,56,49,55,21,56,50,61,25,59,63,34,66,42,44,17,57,55,25,23,47,32,56,10,13,14,14,5,49,22,46,64,59,48,12,2024-12-07,2026-06-30,1,46,Sweden,Jonah,Kusi-Asare,Kusi-Asare,Jonah Kusi-Asare,17832,20458,20458,278578,1489,60,82,2007-07-04T00:00:00.000Z,17,21,Bayern München,19,10,3,bayern-munchen,18,13,https://cmtracker.fra1.cdn.digitaloceanspaces.com/DB/26/heads/p278578.png,0,9,8,1004,4,Right,2,3,1,0,,196,84,Male,,,No,No,925000,775000,675000,5400,4500,3900,,,61,56,38,58,30,64,ST,-,True,False,False,jonah-kusi-asare,15,38,38,40,39,52,48,54,57,54,59
67,76,62,76,69,51,61,65,70,62,64,51,49,69,69,56,35,38,64,62,66,63,43,22,67,66,23,52,41,7,10,6,9,8,52,66,56,50,70,57,8,2022-07-01,2026-06-30,1,45,Spain,Héctor,Fort García,H. Fort,Héctor Fort,15913,12161,14322,278923,1699,68,82,2006-08-02T00:00:00.000Z,18,241,FC Barcelona,53,10,2,fc-barcelona,39,53,https://cmtracker.fra1.cdn.digitaloceanspaces.com/DB/26/heads/p278923.png,3,4,2,38,4,Right,3,3,1,2,,185,78,Male,,,No,No,3200000,2700000,2300000,22500,19000,16500,,,72,36,56,65,65,63,RB,LB | CM,True,False,False,hector-fort-garcia,14,64,65,65,63,60,58,57,55,58,53
77,80,63,76,67,65,61,58,43,63,31,68,66,70,66,71,68,53,50,59,64,35,66,62,38,31,59,62,58,8,13,8,10,9,62,35,63,65,71,55,10,2024-02-18,2029-06-01,0,13,Denmark,Mikel,Gogorza,Gogorza,Mikel Gogorza,25098,13464,13464,279252,1778,68,82,2006-09-27T00:00:00.000Z,18,1516,FC Midtjylland,1,9,9,fc-midtjylland,41,1,https://cmtracker.fra1.cdn.digitaloceanspaces.com/DB/26/heads/p279252.png,0,3,2,2506,5,Right,3,3,1,0,,186,74,Male,,,No,No,3300000,2800000,2400000,10500,9100,7800,,,79,64,62,67,37,59,LW,LM,True,False,False,mikel-gogorza,15,54,51,45,50,67,61,66,67,68,65
65,68,72,61,64,60,61,55,42,59,25,56,60,67,56,69,64,53,55,62,65,45,64,58,48,53,55,54,61,6,9,15,11,12,59,49,61,62,65,51,11,2024-08-28,2026-06-30,1,21,Germany,Francis,Onyeka,Onyeka,Francis Onyeka,12226,28168,28168,70037,1730,63,83,2007-04-29T00:00:00.000Z,18,32,Bayer 04 Leverkusen,19,9,9,bayer-04-leverkusen,21,20,https://cmtracker.fra1.cdn.digitaloceanspaces.com/DB/26/heads/p70037.png,0,3,7,1039,4,Left,3,4,1,0,,186,72,Male,,,No,No,1600000,1300000,1100000,11000,9200,7900,,,67,60,58,64,45,57,CAM,CM | RM,False,False,False,francis-onyeka,14,54,52,49,52,62,59,63,62,63,61
86,89,78,64,64,52,62,59,28,59,21,61,59,71,51,75,68,64,38,48,62,20,68,62,28,17,63,71,57,14,13,12,7,13,57,22,66,62,76,48,12,2024-01-28,2026-06-01,0,7,Belgium,Noah,Adedeji-Sternberg,Adedeji Strernberg,Noah Adedeji-Sternberg,27292,483,44014,70496,1704,67,83,2005-06-19T00:00:00.000Z,20,673,Genk,4,9,8,genk,32,4,https://cmtracker.fra1.cdn.digitaloceanspaces.com/DB/26/heads/p70496.png,0,9,8,1003,1,Right,3,3,1,1,,183,68,Male,,,No,No,3200000,2700000,2300000,8600,7300,6300,Gamechanger,,88,63,59,68,25,52,LM,LW,False,False,False,noah-adedeji-sternberg,16,47,44,36,43,65,57,66,67,68,65
81,76,72,70,70,64,55,66,70,66,23,67,65,69,64,71,64,54,58,54,64,24,63,60,22,20,61,59,60,7,11,7,11,15,63,22,62,63,73,59,11,2023-07-01,2026-06-30,1,50,Wales,Lewis,Koumas,Koumas,Lewis Koumas,21536,20121,20121,70994,1763,69,83,2005-09-19T00:00:00.000Z,19,9,Liverpool,13,10,6,liverpool,30,14,https://cmtracker.fra1.cdn.digitaloceanspaces.com/DB/26/heads/p70994.png,6,3,2,6,1,Right,3,4,1,1,,182,68,Male,,,No,No,3900000,3300000,2800000,36000,30500,26500,,,79,63,60,69,29,65,RM,LM | RW,False,False,False,lewis-koumas,16,50,47,41,47,67,60,66,67,68,65
66,67,60,65,79,65,73,68,61,64,71,40,42,63,47,57,33,40,72,72,73,70,57,42,70,68,26,49,30,6,7,6,7,9,51,70,57,64,66,52,7,2023-07-26,2028-06-01,0,49,Ukraine,Taras,Mykhavko,Mykhavko,Taras Mykhavko,35791,26224,26224,71330,1725,70,83,2005-05-30T00:00:00.000Z,20,130015,Dynamo Kyiv,76,10,3,dynamo-kyiv,32,76,https://cmtracker.fra1.cdn.digitaloceanspaces.com/DB/26/heads/p71330.png,19,1,2,22,5,Left,2,3,1,0,,185,80,Male,,,No,No,4300000,3600000,3100000,10000,8600,7400,Aerial Fortress,,67,38,54,63,70,70,CB,-,False,False,False,taras-mykhavko,13,65,66,69,68,57,61,56,54,55,54
77,68,84,85,55,68,46,56,67,68,63,52,65,66,53,66,48,46,46,65,68,60,58,52,63,62,36,64,46,6,10,10,10,9,51,62,62,56,74,61,9,2023-07-01,2026-06-30,1,14,England,Kiano,Dyer,Dyer,Kiano Dyer,44050,10046,10046,71997,1798,63,83,2006-11-21T00:00:00.000Z,18,5,Chelsea,13,8,10,chelsea,33,10,https://cmtracker.fra1.cdn.digitaloceanspaces.com/DB/26/heads/p71997.png,0,9,7,1016,1,Right,3,3,1,0,,178,63,Male,,,No,No,1600000,1300000,1100000,0,0,0,Press Proven,,73,49,60,71,59,59,CM,CDM,False,False,False,kiano-dyer,14,63,62,59,63,62,63,63,60,62,55
77,75,81,75,66,59,54,63,59,67,68,68,63,68,67,72,44,42,56,73,70,64,53,49,65,66,41,63,46,8,13,13,5,11,56,65,64,57,75,62,10,2024-07-02,2026-06-30,1,54,Brazil,Pedro Henrique,Cardoso de Lima,Pedro Lima,Pedro Lima,29165,6343,29169,73049,1864,68,83,2006-07-01T00:00:00.000Z,19,110,Wolverhampton Wanderers,13,4,8,wolverhampton-wanderers,46,308,https://cmtracker.fra1.cdn.digitaloceanspaces.com/DB/26/heads/p73049.png,3,9,7,4502,2,Right,3,2,1,2,,178,57,Male,,,No,No,3200000,2700000,2400000,21500,18000,15500,,,76,50,63,71,64,60,RB,RM,False,False,False,pedro-henrique-cardoso-de-lima,15,66,66,63,65,67,66,66,64,66,59
61,62,60,71,63,77,61,63,65,60,65,34,42,52,32,48,30,29,55,53,58,67,46,30,65,63,28,33,37,9,10,5,13,10,41,65,43,56,64,51,10,2025-09-15,2030-06-01,0,195,Australia,Dylan,Leonard,Leonard,Dylan Leonard,10050,21438,21438,73098,1557,63,83,2007-08-30T00:00:00.000Z,17,34,FC Schalke 04,20,8,2,fc-schalke-04,3,20,https://cmtracker.fra1.cdn.digitaloceanspaces.com/DB/26/heads/p73098.png,3,8,2,4001,5,Right,2,4,1,0,,187,70,Male,,,No,No,1500000,1200000,1100000,1600,1400,1200,,,62,34,41,59,63,67,CB,-,False,False,False,dylan-leonard,16,59,60,62,61,49,52,48,47,47,46
63,71,46,45,74,60,74,55,57,45,65,23,35,60,30,50,26,27,65,50,60,62,55,24,69,65,24,38,42,6,12,13,7,9,41,66,45,58,56,45,10,2025-09-01,2029-06-01,0,21,Germany,David,Odogu,Odogu,David Odogu,8642,27798,27798,73286,1507,65,83,2006-06-03T00:00:00.000Z,19,47,Milano FC,31,9,5,milano-fc,27,31,https://cmtracker.fra1.cdn.digitaloceanspaces.com/DB/26/heads/p73286.png,0,9,7,1006,4,Right,2,3,1,0,,191,83,Male,,,No,No,2100000,1700000,1500000,8700,7300,6300,,,67,32,40,50,65,66,CB,-,False,False,False,david-odogu,13,58,60,65,60,48,50,46,46,46,47
82,80,64,72,76,70,64,67,69,64,69,60,61,71,69,69,42,51,61,61,68,68,45,44,69,66,35,65,45,6,9,6,13,13,55,68,64,60,73,62,10,2024-01-22,2026-06-30,1,51,Serbia,Kosta,Nedeljković,Nedeljković,Kosta Nedeljković,20061,26815,26815,74207,1874,72,83,2005-12-16T00:00:00.000Z,19,2,Aston Villa,13,7,9,aston-villa,19,19,https://cmtracker.fra1.cdn.digitaloceanspaces.com/DB/26/heads/p74207.png,21,9,2,17,1,Right,2,2,1,2,,184,72,Male,,,No,No,5500000,4800000,4100000,45500,38500,33000,,,81,45,63,68,67,70,RB,RM,False,False,False,kosta-nedeljkovic,16,69,69,67,67,67,64,64,63,65,59
87,89,86,88,70,59,75,58,57,66,34,58,62,68,55,74,68,38,37,60,66,35,62,54,37,39,58,61,45,14,11,9,10,10,57,37,61,64,82,54,11,2024-07-01,2025-06-01,0,52,Argentina,Santino,Andino,Andino,Santino Andino,32770,2046,2046,75074,1800,68,83,2005-10-25T00:00:00.000Z,19,111706,Godoy Cruz,353,3,2,godoy-cruz,27,353,https://cmtracker.fra1.cdn.digitaloceanspaces.com/DB/26/heads/p75074.png,6,2,2,2020,1,Right,3,3,1,1,,174,66,Male,,,No,No,3400000,2900000,2500000,4400,3700,3200,,,88,58,57,73,36,65,LM,LW | CAM,False,False,False,santino-andino,16,54,52,47,52,67,60,66,66,68,64
58,73,45,49,80,66,81,70,71,67,73,29,48,62,46,47,19,23,72,56,67,72,39,19,75,68,26,33,34,12,11,11,10,14,46,72,45,57,59,54,12,2025-01-28,2026-06-30,1,138,Sierra Leone,Abdulai Juma,Bah,Juma Bah,Abdulai Juma Bah,285,3370,18255,75148,1626,73,83,2006-04-11T00:00:00.000Z,19,10,Manchester City,13,10,8,manchester-city,28,16,https://cmtracker.fra1.cdn.digitaloceanspaces.com/DB/26/heads/p75148.png,0,9,9,1033,5,Right,2,2,1,0,,195,82,Male,,,Yes,No,7000000,6000000,5500000,56000,48000,41000,,,66,28,46,57,72,75,CB,-,False,False,False,abdulai-juma-bah,18,65,67,72,67,53,56,50,48,49,47
66,76,58,54,75,57,75,57,60,56,25,63,52,62,50,59,62,45,66,46,56,20,65,54,29,25,57,49,60,8,13,8,15,11,59,25,53,66,63,53,11,2025-07-01,2027-06-01,0,7,Belgium,Kaye,Furo,Furo,Kaye Furo,19113,44196,44196,75452,1634,63,83,2007-02-06T00:00:00.000Z,18,231,Club Brugge,4,10,9,club-brugge,87,4,https://cmtracker.fra1.cdn.digitaloceanspaces.com/DB/26/heads/p75452.png,21,9,5,1001,4,Right,2,4,1,0,,190,80,Male,,,No,No,1600000,1300000,1100000,5900,5000,4300,,,71,60,50,58,33,67,ST,-,False,False,False,kaye-furo,16,45,44,43,44,58,52,58,60,59,63
69,70,74,81,56,60,56,54,59,59,33,61,62,70,64,72,66,68,45,61,65,40,76,75,41,37,68,72,56,8,10,8,13,14,62,40,69,65,70,55,11,2025-07-09,2029-06-01,0,8,Bosnia and Herzegovina,Kerim,Alajbegović,Alajbegović,Kerim Alajbegović,19307,1289,1289,75533,1823,66,83,2007-09-21T00:00:00.000Z,17,191,RB Salzburg,80,10,5,rb-salzburg,27,80,https://cmtracker.fra1.cdn.digitaloceanspaces.com/DB/26/heads/p75533.png,3,3,2,1512,4,Right,3,4,1,1,,185,70,Male,,,No,No,2500000,2100000,1800000,4100,3400,3000,,,70,67,65,68,39,58,LM,CAM | LW,False,False,False,kerim-alajbegovic,15,54,51,46,52,65,61,66,66,66,64
62,67,58,47,84,60,87,63,42,68,18,69,52,72,45,69,73,45,73,45,62,13,75,69,23,19,65,57,63,10,10,12,13,7,64,19,58,75,60,52,11,2024-11-05,2028-06-01,0,18,France,Mohamed Kader,Meïté,Meite,Mohamed Kader Meïté,25489,24949,24679,75598,1697,71,83,2007-10-11T00:00:00.000Z,17,74,Stade Rennais,16,6,5,stade-rennais,39,16,https://cmtracker.fra1.cdn.digitaloceanspaces.com/DB/26/heads/p75598.png,21,3,8,1031,5,Right,3,3,1,0,,192,80,Male,,,No,No,5000000,4300000,3700000,12000,10000,8600,Enforcer,,65,69,51,63,29,68,ST,-,False,False,False,mohamed-kader-meite,15,44,42,41,43,62,57,64,67,64,70
62,65,62,59,70,62,67,62,64,64,63,29,42,62,50,50,49,42,66,50,63,65,68,40,66,63,47,49,59,7,13,6,11,8,55,65,51,62,62,54,9,2024-07-01,2027-06-01,0,34,Holland,Aaron,Bouwman,Bouwman,Aaron Bouwman,175,5261,5261,76116,1705,65,83,2007-08-28T00:00:00.000Z,17,245,Ajax,10,10,6,ajax,30,10,https://cmtracker.fra1.cdn.digitaloceanspaces.com/DB/26/heads/p76116.png,0,9,5,1039,5,Right,2,3,1,0,,188,71,Male,,,No,No,2000000,1700000,1400000,2800,2400,2100,,,64,49,49,60,65,66,CB,-,False,False,False,aaron-bouwman,15,61,62,64,61,53,54,52,52,52,55
63,70,55,59,81,60,72,66,49,64,19,72,54,72,34,70,71,46,77,40,59,14,68,65,23,15,58,51,62,12,7,13,5,15,60,18,56,70,63,54,11,2025-01-10,2026-06-30,1,136,Senegal,Idrissa,Gueye,Gueye,Idrissa Gueye,16082,13948,13948,76411,1661,70,83,2006-09-16T00:00:00.000Z,18,68,FC Metz,16,2,1,fc-metz,7,31,https://cmtracker.fra1.cdn.digitaloceanspaces.com/DB/26/heads/p76411.png,21,9,9,1000,4,Right,3,3,1,0,,185,66,Male,,,No,No,4400000,3700000,3200000,7900,6700,5700,,,67,66,47,64,30,66,ST,-,False,False,False,idrissa-gueye,16,43,41,41,42,61,56,64,67,63,69
70,73,77,75,54,50,53,65,51,70,50,62,72,70,60,71,51,55,46,64,67,49,55,48,51,49,47,65,56,13,13,5,12,10,55,50,65,52,72,61,11,2024-08-20,2028-06-01,0,34,Holland,Sean,Steur,Steur,Sean Steur,33204,34929,34929,77152,1779,64,83,2008-01-11T00:00:00.000Z,17,245,Ajax,10,10,6,ajax,48,10,https://cmtracker.fra1.cdn.digitaloceanspaces.com/DB/26/heads/p77152.png,2,5,3,11,1,Right,3,4,1,0,,183,62,Male,,,No,No,1700000,1500000,1300000,2800,2400,2100,Inventive,,72,53,64,71,49,52,CM,CDM,False,False,False,sean-steur,17,58,57,52,57,65,63,66,64,65,59
79,81,65,72,86,64,75,62,71,62,41,70,57,72,58,80,71,47,72,62,71,31,72,54,37,36,63,62,65,10,13,11,15,14,67,35,65,71,72,61,13,2025-02-08,2029-06-01,0,54,Brazil,Kauã Elias,Nogueira,Kaua Elias,Kauã Elias,19084,27319,19071,77760,1901,71,83,2006-03-28T00:00:00.000Z,19,101059,Shakhtar Donetsk,76,10,3,shakhtar-donetsk,19,76,https://cmtracker.fra1.cdn.digitaloceanspaces.com/DB/26/heads/p77760.png,0,9,5,1512,2,Right,4,3,1,0,,181,71,Male,,,No,No,5500000,4500000,3900000,13000,11000,9400,,,80,66,60,69,43,74,ST,-,False,False,False,kaua-elias-nogueira,18,56,54,52,55,69,63,68,70,70,71
76,77,75,78,66,62,52,68,58,62,41,67,60,70,60,73,65,46,59,55,66,40,66,59,42,37,58,58,55,6,11,12,8,8,62,40,61,61,75,58,9,2025-09-27,2028-06-01,0,18,France,Quentin,Ndjantou,Ndjantou,Quentin Ndjantou,30340,44378,44378,78549,1796,68,83,2007-07-23T00:00:00.000Z,17,73,Paris Saint-Germain,16,10,10,paris-saint-germain,47,16,https://cmtracker.fra1.cdn.digitaloceanspaces.com/DB/26/heads/p78549.png,0,9,9,1024,1,Right,3,3,1,0,,182,75,Male,,,No,No,3200000,2800000,2400000,20000,17000,14500,,,77,62,58,71,44,60,LW,ST | LM,False,False,False,quentin-ndjantou,15,56,54,49,53,67,62,67,67,68,66
75,80,75,79,55,58,57,58,56,60,28,59,59,62,57,63,58,52,38,58,60,25,69,67,26,29,45,61,48,9,12,11,6,7,52,27,60,62,74,52,9,2025-05-24,2028-06-01,0,45,Spain,Arturo,Rodríguez Cosano,Arturo,Arturo,2747,31572,2747,78859,1662,63,83,2006-08-05T00:00:00.000Z,18,472,UD Las Palmas,54,2,4,ud-las-palmas,37,54,https://cmtracker.fra1.cdn.digitaloceanspaces.com/DB/26/heads/p78859.png,0,8,2,13,2,Left,3,3,1,0,3400000.0,176,69,Male,,,No,No,1600000,1300000,1100000,1700,1400,1200,,,78,58,58,66,29,57,RW,LW | RM,False,False,False,arturo-rodriguez-cosano,14,48,46,39,46,62,56,62,62,62,59
68,65,72,71,75,70,74,68,54,65,32,72,60,69,53,64,73,55,65,43,65,41,67,62,35,24,51,49,69,11,6,9,14,11,62,34,56,70,69,59,11,2025-09-01,2031-06-01,0,54,Brazil,Thalys henrique,Gomes de Araújo,Thalys,Thalys,44980,44981,44982,81406,1782,68,83,2005-02-22T00:00:00.000Z,20,1861,UD Almería,54,2,8,ud-almeria,9,54,https://cmtracker.fra1.cdn.digitaloceanspaces.com/DB/26/heads/p81406.png,0,9,5,2512,1,Left,2,3,1,0,6500000.0,184,72,Male,,,No,No,3500000,2900000,2500000,4300,3700,3200,,,67,66,54,68,39,68,ST,-,False,False,False,thalys-henrique-gomes-de-araujo,16,52,50,48,50,64,59,65,67,65,68
83,74,74,67,80,72,70,73,56,74,38,78,74,77,67,78,79,58,66,64,70,31,75,75,30,28,68,68,72,9,8,10,14,5,70,30,69,75,75,66,10,2024-08-31,2028-06-01,0,7,Belgium,Lucas,Stassin,Stassin,Lucas Stassin,22230,34829,34829,262657,1965,75,83,2004-11-29T00:00:00.000Z,20,1819,AS Saint-Étienne,17,10,5,as-saint-etienne,9,17,https://cmtracker.fra1.cdn.digitaloceanspaces.com/DB/26/heads/p262657.png,5,9,2,508,1,Right,2,3,1,0,,183,71,Male,,,No,No,14500000,12500000,10500000,9400,8000,6900,Gamechanger,,79,75,67,74,39,70,ST,-,False,False,False,lucas-stassin,16,57,54,48,55,74,68,74,76,75,75
60,64,64,55,60,81,75,68,52,68,72,60,75,72,68,69,60,71,42,77,77,54,64,67,70,65,44,73,55,15,15,13,6,10,59,63,73,70,63,64,12,2024-07-24,2028-06-01,0,7,Belgium,Mathias,Delorge,Delorge,Mathias Delorge,24162,8929,8929,266681,1941,73,83,2004-07-31T00:00:00.000Z,20,674,Gent,4,8,6,gent,17,4,https://cmtracker.fra1.cdn.digitaloceanspaces.com/DB/26/heads/p266681.png,19,1,2,42,4,Left,2,3,1,0,8500000.0,189,70,Male,,,No,No,8000000,6500000,5500000,11500,9900,8500,"Long Ball Pass, Intercept",,62,58,74,66,61,67,CM,CDM,False,False,False,mathias-delorge,17,69,67,63,70,69,72,69,66,67,62
62,70,63,52,77,56,78,64,72,66,69,42,47,68,48,63,25,22,70,62,69,71,46,21,74,71,28,47,30,11,5,7,9,13,48,72,53,56,63,55,9,2024-07-15,2029-06-01,0,18,France,Willy,Kambwala,Kambwala,Willy Kambwala,38838,18742,18742,268414,1678,72,83,2004-08-25T00:00:00.000Z,20,483,Villarreal CF,53,8,6,villarreal-cf,5,53,https://cmtracker.fra1.cdn.digitaloceanspaces.com/DB/26/heads/p268414.png,0,9,9,1038,9,Right,2,3,1,0,11000000.0,192,85,Male,,,Yes,No,5500000,4800000,4100000,20000,17000,14500,,,66,32,49,63,71,71,CB,-,False,False,False,willy-kambwala,15,65,66,71,67,57,59,56,54,54,52
78,72,85,84,60,77,59,66,39,61,47,64,68,71,49,74,65,40,43,60,68,49,67,65,45,43,60,63,55,12,12,10,11,8,57,46,62,66,77,56,11,2024-07-01,2026-06-30,1,21,Germany,Maurice,Krattenmacher,Krattenmacher,Maurice Krattenmacher,24287,20208,20208,268916,1830,69,83,2005-08-11T00:00:00.000Z,19,21,Bayern München,19,10,3,bayern-munchen,14,20,https://cmtracker.fra1.cdn.digitaloceanspaces.com/DB/26/heads/p268916.png,19,8,1,2017,1,Right,3,5,1,0,,180,75,Male,,,No,No,3900000,3300000,2800000,21000,17500,15000,"Inventive, Technical",,75,63,58,74,45,59,CAM,ST | CM,False,False,False,maurice-krattenmacher,16,59,56,50,57,67,65,69,68,68,64
85,82,87,92,52,65,44,65,31,64,36,66,61,77,60,81,60,50,38,64,63,23,63,51,26,24,47,58,59,9,8,11,13,11,54,25,66,55,83,53,11,2023-07-21,2028-06-01,0,54,Brazil,Newerton,Martins da Silva,Newertton,Newerton,26955,23911,26956,277194,1726,70,82,2005-06-03T00:00:00.000Z,20,101059,Shakhtar Donetsk,76,10,3,shakhtar-donetsk,39,76,https://cmtracker.fra1.cdn.digitaloceanspaces.com/DB/26/heads/p277194.png,0,9,7,1037,7,Right,4,3,1,0,,167,60,Male,,,No,No,4500000,3800000,3300000,12000,10000,8600,Quick Step,,84,58,59,78,29,48,LW,LM,False,False,False,newerton-martins-da-silva,16,53,49,37,48,70,62,68,68,70,63
90,87,82,81,72,62,51,68,57,62,18,69,61,73,53,78,68,47,61,51,60,25,66,51,25,28,50,48,61,10,8,6,11,10,59,26,60,61,82,55,9,2023-07-31,2028-06-01,0,54,Brazil,Eguinaldo,de Sousa Lemos,Eguinaldo,Eguinaldo,10368,40616,10368,277448,1750,70,82,2004-08-09T00:00:00.000Z,20,101059,Shakhtar Donetsk,76,10,3,shakhtar-donetsk,7,76,https://cmtracker.fra1.cdn.digitaloceanspaces.com/DB/26/heads/p277448.png,0,9,7,1006,2,Right,3,4,1,1,,175,69,Male,,,No,No,4500000,3800000,3300000,11000,9200,7900,,,89,61,53,74,31,61,LM,LW | ST,False,False,False,eguinaldo-de-sousa-lemos,15,50,48,41,45,68,59,68,70,70,68
66,72,60,56,73,80,73,72,74,71,65,68,74,73,49,70,65,43,63,71,74,70,70,67,71,65,48,50,50,9,15,7,9,10,60,69,62,73,66,67,10,2023-06-01,2026-06-01,0,48,Turkey,Demir Ege,Tıknaz,Tiknaz,Demir Ege Tıknaz,8967,35512,36389,277871,1953,72,82,2004-08-17T00:00:00.000Z,20,327,Beşiktaş,68,8,7,besiktas,5,68,https://cmtracker.fra1.cdn.digitaloceanspaces.com/DB/26/heads/p277871.png,3,3,2,35,4,Right,2,3,1,1,10100000.0,193,76,Male,,,No,No,5500000,4800000,4200000,20500,17500,15000,,,69,61,60,67,67,75,CDM,CM | CB,False,False,False,demir-ege-tiknaz,17,68,68,69,71,69,71,70,70,68,68
91,93,89,78,65,75,51,68,31,69,21,65,58,68,67,71,65,47,48,59,66,22,68,67,24,25,69,68,50,13,6,9,13,7,63,24,63,66,84,49,10,2024-02-01,2029-06-01,0,45,Spain,David,Mella Boullón,Mella,Mella,8642,24724,24723,278035,1786,71,82,2005-05-23T00:00:00.000Z,20,242,RC Deportivo,54,4,2,rc-deportivo,11,54,https://cmtracker.fra1.cdn.digitaloceanspaces.com/DB/26/heads/p278035.png,5,8,4,3,8,Left,4,4,1,1,,169,65,Male,,,No,No,4900000,4100000,3500000,4800,4000,3500,"Gamechanger, Inventive, Rapid",,92,64,61,74,28,56,RM,LM | RW,False,False,False,david-mella-boullon,16,53,50,37,46,70,60,68,68,70,66
80,77,74,68,71,60,68,62,61,56,30,63,59,65,59,69,61,32,50,48,61,31,59,45,28,24,60,49,61,10,14,6,6,7,59,28,53,61,73,55,9,2024-07-01,2026-06-01,0,27,Italy,Seydou,Fini,Fini,Seydou Fini,33580,11942,11942,278350,1674,65,82,2006-06-02T00:00:00.000Z,19,110556,Genoa,31,4,5,genoa,40,31,https://cmtracker.fra1.cdn.digitaloceanspaces.com/DB/26/heads/p278350.png,21,9,10,1012,2,Right,3,3,1,1,,178,73,Male,,,No,No,2200000,1800000,1600000,5400,4600,4000,,,79,58,51,66,33,65,RM,LM | ST | RW,False,False,False,seydou-fini,14,50,47,43,47,64,56,62,63,64,62
30,34,28,54,52,22,58,54,19,33,11,8,32,15,14,7,7,13,13,28,27,6,43,7,13,13,8,10,16,60,58,57,59,57,14,11,15,37,40,20,59,2025-09-12,2028-06-01,0,48,Turkey,Deniz,Dönmezer,Dönmezer,Deniz Dönmezer,9007,46156,46156,278372,966,59,82,2008-09-21T00:00:00.000Z,16,101020,Kayserispor,68,3,2,kayserispor,27,68,https://cmtracker.fra1.cdn.digitaloceanspaces.com/DB/26/heads/p278372.png,0,9,2,51,5,Right,1,2,1,1,,190,84,Male,,,No,No,750000,625000,550000,300,250,200,,,32,15,21,32,11,38,GK,-,False,False,False,deniz-donmezer,57,19,19,21,22,21,22,21,20,19,21
68,68,71,70,65,78,67,68,80,67,66,60,66,69,63,68,55,55,54,68,71,67,65,57,67,67,52,64,51,5,12,8,6,9,59,67,65,67,69,65,8,2022-07-01,2028-06-01,0,14,England,Sydie,Peck,Peck,Sydie Peck,35352,29136,29136,279572,1927,70,82,2004-09-13T00:00:00.000Z,20,1794,Sheffield United,14,9,7,sheffield-united,42,14,https://cmtracker.fra1.cdn.digitaloceanspaces.com/DB/26/heads/p279572.png,19,5,1,29,5,Right,2,3,1,1,,185,75,Male,,,No,No,4300000,3600000,3100000,24500,20500,18000,,,68,57,65,69,64,73,CDM,CM,False,False,False,sydie-peck,14,68,67,66,69,66,67,66,64,65,62
62,68,78,63,83,70,80,65,77,68,71,57,59,74,47,70,48,39,63,70,72,67,64,55,75,73,39,55,45,13,14,13,8,8,54,72,62,71,68,63,12,2024-01-25,2026-06-30,1,54,Brazil,Gabriel Silva,Moscardo de Salles,G. Moscardo,Gabriel Moscardo,12624,25808,46231,279731,1913,72,82,2005-09-28T00:00:00.000Z,19,73,Paris Saint-Germain,16,10,10,paris-saint-germain,17,308,https://cmtracker.fra1.cdn.digitaloceanspaces.com/DB/26/heads/p279731.png,3,3,3,1524,5,Right,3,3,1,1,,185,73,Male,,,No,No,5500000,4800000,4100000,34500,29500,25000,Jockey,,65,51,57,70,70,78,CDM,CM,False,False,False,gabriel-silva-moscardo-de-salles,16,67,67,72,71,64,67,65,63,63,62
75,74,73,73,67,66,63,60,70,62,29,67,65,73,65,69,66,64,52,60,71,35,66,62,43,49,61,69,63,9,14,10,14,8,63,43,67,65,71,60,11,2023-09-01,2025-12-31,1,52,Argentina,Javier,Ruiz,Ruiz,Javier Ruiz,17262,31976,31976,279777,1867,69,82,2004-09-24T00:00:00.000Z,20,110093,Independiente,353,8,1,independiente,11,353,https://cmtracker.fra1.cdn.digitaloceanspaces.com/DB/26/heads/p279777.png,0,3,4,1555,1,Right,3,3,1,0,,173,73,Male,,,No,No,4000000,3400000,2900000,6800,5800,5000,,,75,64,66,68,42,67,RW,LW | RM,False,False,False,javier-ruiz,16,57,54,50,54,68,63,68,67,68,65
80,80,74,76,67,70,59,65,55,62,65,63,67,67,68,67,48,41,52,60,66,60,59,42,65,64,33,65,39,6,7,14,8,6,54,63,60,60,75,59,9,2025-01-25,2029-06-01,0,45,Spain,Ángel,Ortiz Monterrey,Á.Ortiz,Ángel Ortiz,40837,28286,40774,76740,1820,69,82,2004-07-25T00:00:00.000Z,20,449,Real Betis Balompié,53,6,5,real-betis-balompie,40,53,https://cmtracker.fra1.cdn.digitaloceanspaces.com/DB/26/heads/p76740.png,5,2,2,1514,8,Right,2,3,1,2,8700000.0,167,60,Male,,,No,No,3800000,3200000,2800000,11000,9300,8000,,,80,47,61,69,61,63,RB,-,True,False,False,angel-ortiz-monterrey,13,67,66,62,63,66,64,64,63,65,59
76,75,69,75,83,72,78,62,83,75,67,50,65,68,51,67,56,51,64,69,64,60,81,70,67,70,38,50,41,14,10,8,11,6,55,66,61,77,72,64,10,2023-07-01,2030-06-01,0,117,Ghana,Yussif,Saidu,Saidu,Yussif Saidu,39828,32367,32367,77644,1946,65,82,2005-06-14T00:00:00.000Z,20,244,Real Zaragoza,54,7,6,real-zaragoza,33,54,https://cmtracker.fra1.cdn.digitaloceanspaces.com/DB/26/heads/p77644.png,0,9,9,1007,2,Right,2,4,1,0,4250000.0,184,73,Male,,,No,No,2200000,1900000,1600000,2800,2400,2100,,,76,56,58,69,66,79,CM,CB | CDM,True,False,False,yussif-saidu,15,65,66,68,67,64,65,64,64,63,64
69,73,62,64,57,68,58,61,55,57,57,58,39,56,64,55,27,55,48,51,53,59,33,38,59,60,28,59,48,7,11,7,13,12,44,60,56,51,66,53,10,2025-07-01,2025-12-31,1,95,United States,Aiden,Harangi,Harangi,Aiden Harangi,807,44479,44479,79800,1621,63,82,2006-02-08T00:00:00.000Z,19,1824,Eintracht Frankfurt,19,8,5,eintracht-frankfurt,23,39,https://cmtracker.fra1.cdn.digitaloceanspaces.com/DB/26/heads/p79800.png,3,3,2,2016,2,Right,2,3,1,2,,175,73,Male,,,No,No,1400000,1200000,1000000,5300,4500,3900,,,71,39,54,59,57,60,LB,RB,True,False,False,aiden-harangi,16,60,60,57,56,56,52,51,51,54,48
64,67,68,48,70,65,66,66,65,63,63,65,65,66,61,71,57,54,66,67,68,58,61,62,63,60,42,49,38,6,7,9,7,13,59,61,62,65,63,60,9,2025-07-01,2026-06-01,0,52,Argentina,Juan Cruz,Meza,J. Meza,Juan Cruz Meza,18141,24944,16778,79821,1820,66,82,2008-03-14T00:00:00.000Z,17,1876,River Plate,353,10,5,river-plate,47,353,https://cmtracker.fra1.cdn.digitaloceanspaces.com/DB/26/heads/p79821.png,21,9,4,1528,1,Right,3,4,1,0,,183,69,Male,,,No,No,2500000,2100000,1800000,4100,3500,3000,,,66,54,61,64,62,67,CAM,RM | CM,True,False,False,juan-cruz-meza,14,63,63,63,64,65,65,65,65,65,63
67,69,55,65,55,60,55,58,50,58,50,54,63,70,53,69,62,59,45,60,65,55,53,52,61,53,50,58,55,10,9,9,9,13,55,57,64,55,63,55,10,2025-08-15,2027-06-01,0,21,Germany,Jeremiah,Mensah,Mensah,Jeremiah Mensah,17443,24802,24802,80665,1729,62,82,2008-02-21T00:00:00.000Z,17,32,Bayer 04 Leverkusen,19,9,9,bayer-04-leverkusen,27,19,https://cmtracker.fra1.cdn.digitaloceanspaces.com/DB/26/heads/p80665.png,0,9,8,1050,2,Right,2,3,1,0,,176,68,Male,,,No,No,1300000,1100000,925000,7600,6500,5600,,,68,54,60,63,53,55,CM,CAM | CDM,True,False,False,jeremiah-mensah,15,59,58,55,58,63,62,63,62,62,59
54,65,50,34,73,60,77,58,63,48,57,29,32,42,30,36,22,29,67,39,43,59,44,27,66,63,34,31,31,6,8,7,9,12,40,63,36,57,53,44,9,2025-07-01,2028-06-01,0,37,Poland,Kacper,Potulski,Potulski,Kacper Potulski,18550,44997,44997,81427,1405,62,82,2007-10-19T00:00:00.000Z,17,169,1. FSV Mainz 05,19,5,2,1-fsv-mainz-05,48,19,https://cmtracker.fra1.cdn.digitaloceanspaces.com/DB/26/heads/p81427.png,5,2,2,3503,4,Right,2,3,1,0,,195,85,Male,,,No,No,1200000,1000000,875000,3200,2700,2300,,,60,31,34,45,62,68,CB,-,True,False,False,kacper-potulski,14,52,55,62,53,41,42,39,39,39,43
84,88,77,72,62,47,52,42,40,50,21,57,58,61,56,62,57,59,48,48,53,23,55,60,23,22,57,58,54,10,14,11,12,11,55,23,58,56,73,47,12,2025-02-14,2027-06-01,0,34,Holland,Pharell,Nash,Nash,Pharell Nash,45135,26619,26619,81845,1604,61,82,2008-02-07T00:00:00.000Z,17,245,Ajax,10,10,6,ajax,66,10,https://cmtracker.fra1.cdn.digitaloceanspaces.com/DB/26/heads/p81845.png,21,9,9,1031,1,Right,3,4,1,0,,182,78,Male,,,No,No,1200000,1000000,875000,2300,2000,1700,,,86,57,55,61,27,50,LW,ST | LM,True,False,False,pharell-nash,15,44,42,35,39,59,51,59,59,61,57
83,78,83,84,73,72,60,58,57,58,30,60,59,67,64,72,62,40,55,59,62,30,69,63,31,30,55,63,53,14,13,11,13,6,60,31,61,68,78,53,12,2022-03-31,2027-06-01,0,36,Norway,Edvin,Austbø,Austbø,Edvin Austbø,10312,3008,3008,271265,1787,67,82,2005-05-01T00:00:00.000Z,20,300,Viking FK,41,8,4,viking-fk,17,41,https://cmtracker.fra1.cdn.digitaloceanspaces.com/DB/26/heads/p271265.png,5,3,1,42,1,Right,3,4,1,1,,172,64,Male,,,No,No,2900000,2500000,2100000,2000,1700,1500,Technical,,81,60,58,70,35,66,LM,RW | LW,True,False,False,edvin-austbo,16,53,50,44,49,66,59,65,65,66,64
63,68,61,42,81,61,72,66,59,61,16,68,64,69,64,70,68,51,76,48,66,15,68,61,16,15,68,48,63,11,14,12,13,7,69,16,58,69,60,56,12,2025-07-23,2029-06-01,0,60,Uruguay,Álvaro Daniel,Rodríguez Muñoz,Álvaro,Álvaro Rodríguez,40827,31585,40821,272445,1705,69,82,2004-07-14T00:00:00.000Z,20,468,Elche CF,53,3,4,elche-cf,20,53,https://cmtracker.fra1.cdn.digitaloceanspaces.com/DB/26/heads/p272445.png,0,4,4,1523,4,Left,3,3,1,0,8200000.0,192,81,Male,,,Yes,No,4000000,3400000,2900000,11500,9800,8400,,,66,66,57,62,28,68,ST,-,True,False,False,alvaro-daniel-rodriguez-munoz,17,46,43,40,43,65,58,65,67,66,68
65,68,65,67,75,67,74,69,70,70,72,54,52,67,55,59,29,27,69,68,70,70,28,32,75,72,29,37,35,6,12,7,9,13,51,73,52,56,67,59,10,2025-08-09,2030-06-01,0,13,Denmark,Lucas,Høgsberg,Høgsberg,Lucas Høgsberg,22230,15945,15945,276377,1737,72,82,2006-06-23T00:00:00.000Z,19,76,RC Strasbourg,16,6,9,rc-strasbourg,24,16,https://cmtracker.fra1.cdn.digitaloceanspaces.com/DB/26/heads/p276377.png,2,1,2,3,5,Right,2,3,1,0,,187,70,Male,,,No,No,5500000,4700000,4100000,25500,21500,18500,,,67,35,52,66,72,72,CB,RB | LB,True,False,False,lucas-hogsberg,16,67,68,71,69,60,63,58,55,57,53
55,60,53,58,62,54,63,57,55,49,60,30,50,57,46,51,27,32,59,54,62,59,46,31,62,58,30,40,40,6,8,14,5,12,45,60,47,52,57,48,9,2025-08-23,2026-06-30,1,27,Italy,Andrea,Natali,Natali,Andrea Natali,2064,44257,44257,76396,1505,60,82,2008-01-28T00:00:00.000Z,17,32,Bayer 04 Leverkusen,19,9,9,bayer-04-leverkusen,84,10,https://cmtracker.fra1.cdn.digitaloceanspaces.com/DB/26/heads/p76396.png,19,4,2,1508,4,Right,2,3,1,0,,186,77,Male,,,No,No,875000,725000,625000,5100,4300,3700,,,58,34,47,54,60,59,CB,-,False,False,False,andrea-natali,13,56,57,59,58,50,53,49,47,48,46
76,75,64,62,48,54,45,61,30,55,25,58,64,60,62,64,58,64,33,57,62,30,65,70,31,32,58,65,60,15,6,10,11,8,55,31,62,57,68,49,10,2025-09-02,2026-06-30,1,45,Spain,Pablo,López Gómez,Pablo López,Pablo López,28559,44266,44267,76501,1638,63,82,2006-03-27T00:00:00.000Z,19,461,Valencia CF,53,7,6,valencia-cf,29,54,https://cmtracker.fra1.cdn.digitaloceanspaces.com/DB/26/heads/p76501.png,6,9,4,1545,1,Left,3,3,1,0,,175,65,Male,,,No,No,1500000,1200000,1100000,7300,6200,5300,,,76,62,62,61,30,44,RW,LW | RM,False,False,False,pablo-lopez-gomez,15,49,46,37,45,62,57,62,62,63,58
83,77,79,82,62,37,64,58,33,54,15,55,56,70,57,73,60,60,35,53,59,30,62,60,29,25,52,75,52,11,12,6,7,8,53,28,67,57,76,45,9,2024-07-10,2027-06-01,0,140,South Africa,Shandre,Campbell,Campbell,Shandre Campbell,33658,6201,6201,77170,1651,65,82,2005-07-15T00:00:00.000Z,19,231,Club Brugge,4,10,9,club-brugge,84,4,https://cmtracker.fra1.cdn.digitaloceanspaces.com/DB/26/heads/p77170.png,21,9,7,3000,1,Left,3,3,1,0,,178,65,Male,,,No,No,2200000,1800000,1600000,7300,6200,5300,Finesse Shot,,80,57,60,69,27,49,LW,RW | LM,False,False,False,shandre-campbell,14,46,43,37,42,63,55,63,63,65,60
70,70,62,74,45,52,51,50,34,54,25,55,54,57,52,54,55,40,35,53,51,23,54,45,26,27,37,41,48,7,10,6,15,9,46,26,49,50,66,45,10,2025-02-18,2027-06-01,0,195,Australia,Amlani,Tatu,Tatu,Amlani Tatu,1917,35852,35852,77174,1441,57,82,2008-07-01T00:00:00.000Z,17,111393,Adelaide United,351,6,6,adelaide-united,74,351,https://cmtracker.fra1.cdn.digitaloceanspaces.com/DB/26/heads/p77174.png,0,9,9,1015,1,Right,2,4,1,1,,175,69,Male,,,No,No,600000,525000,450000,500,450,350,,,70,49,49,59,27,46,LM,RM | LW,False,False,False,amlani-tatu,14,43,41,34,40,55,50,54,54,55,52
63,69,53,53,70,69,65,56,61,67,55,40,51,68,65,64,41,29,68,64,63,57,66,54,59,58,42,53,37,14,7,8,9,10,56,58,56,65,59,52,10,2023-07-01,2030-06-01,0,10,Croatia,Leon,Jakirović,Jakirović,Leon Jakirović,21434,17017,17017,77325,1708,61,82,2008-01-16T00:00:00.000Z,17,130017,Dinamo Zagreb,76,10,2,dinamo-zagreb,86,76,https://cmtracker.fra1.cdn.digitaloceanspaces.com/DB/26/heads/p77325.png,6,3,2,2004,4,Left,2,3,1,0,,190,76,Male,,,No,No,1200000,975000,850000,2100,1800,1500,,,66,47,54,60,59,66,CB,LB,False,False,False,leon-jakirovic,14,61,61,60,60,60,59,57,57,58,56
76,77,72,69,45,58,38,58,29,46,20,63,65,69,57,68,65,41,40,40,56,29,54,53,33,29,63,66,61,5,7,11,8,14,57,31,57,50,71,48,9,2025-07-01,2030-06-01,0,38,Portugal,Sandro Miguel,Rodrigues Vidigal,S. Vidigal,Sandro Vidigal,32658,31562,44299,77349,1585,65,82,2007-07-28T00:00:00.000Z,17,1896,Sporting de Braga,308,8,8,sporting-de-braga,95,308,https://cmtracker.fra1.cdn.digitaloceanspaces.com/DB/26/heads/p77349.png,0,9,2,8,1,Right,3,4,1,0,,172,62,Male,,,No,No,2100000,1800000,1500000,2900,2500,2100,,,77,60,54,64,30,43,LW,RW | CAM | LM,False,False,False,sandro-miguel-rodrigues-vidigal,14,49,46,36,42,63,55,63,63,65,60
75,77,80,79,45,58,46,60,35,55,18,59,57,62,58,63,56,38,31,49,57,18,49,56,24,23,38,56,46,5,12,10,14,12,48,22,54,51,75,45,11,2024-08-01,2027-06-01,0,45,Spain,Alex,Marchal García,Marchal,Alex Marchal,1476,23562,23561,77527,1521,62,82,2007-09-17T00:00:00.000Z,17,111592,Real Sociedad B,54,1,3,real-sociedad-b,27,54,https://cmtracker.fra1.cdn.digitaloceanspaces.com/DB/26/heads/p77527.png,3,9,4,12,1,Right,3,3,1,0,,176,62,Male,,,No,No,1300000,1100000,925000,1200,1100,900,,,76,51,53,67,23,46,LW,LM,False,False,False,alex-marchal-garcia,16,46,42,32,40,61,53,60,59,62,55
87,82,78,83,58,69,41,58,57,65,55,52,54,64,50,68,36,30,51,61,63,57,39,33,55,54,33,56,41,10,6,5,7,8,47,56,56,48,78,54,8,2023-07-07,2026-06-01,0,34,Holland,Lucas,Jetten,Jetten,Lucas Jetten,22230,17505,17505,77814,1666,62,82,2007-06-07T00:00:00.000Z,18,245,Ajax,10,10,6,ajax,46,10,https://cmtracker.fra1.cdn.digitaloceanspaces.com/DB/26/heads/p77814.png,0,9,9,542,8,Left,2,3,1,2,2650000.0,166,61,Male,,,No,No,1200000,1100000,900000,2700,2300,2000,,,85,39,52,69,54,56,LB,LM,False,False,False,lucas-jetten,13,61,60,55,58,62,58,59,57,60,52
69,72,73,75,67,69,65,68,60,69,28,70,70,70,60,68,68,48,57,60,72,34,65,55,29,29,57,44,67,9,12,11,10,10,63,31,58,65,72,61,11,2025-07-09,2029-06-01,0,51,Serbia,Mihajlo,Cvetković,Cvetković,Mihajlo Cvetković,25061,8117,8117,78261,1790,67,82,2007-01-10T00:00:00.000Z,18,229,Anderlecht,4,10,9,anderlecht,9,4,https://cmtracker.fra1.cdn.digitaloceanspaces.com/DB/26/heads/p78261.png,3,9,2,1541,1,Right,3,3,1,0,,175,75,Male,,,No,No,2800000,2400000,2100000,10000,8500,7300,First Touch,,71,64,59,71,35,65,ST,LW,False,False,False,mihajlo-cvetkovic,16,53,50,45,52,68,63,68,68,68,66
78,76,80,66,52,60,48,60,40,57,22,50,66,68,57,62,55,44,44,58,60,35,60,63,40,44,52,57,60,6,7,13,5,7,54,40,58,57,72,50,8,2025-05-30,2028-06-01,0,45,Spain,Hugo,Pinilla Ruiz,Hugo Pinilla,Hugo Pinilla,15717,29662,15730,78926,1652,63,82,2006-04-28T00:00:00.000Z,19,244,Real Zaragoza,54,7,6,real-zaragoza,31,54,https://cmtracker.fra1.cdn.digitaloceanspaces.com/DB/26/heads/p78926.png,3,9,2,0,4,Right,3,3,1,1,,185,70,Male,,,No,No,1500000,1200000,1100000,2200,1900,1600,,,77,57,57,66,37,50,RM,CAM | LM | RW,False,False,False,hugo-pinilla-ruiz,12,52,50,42,48,62,58,62,61,63,57
78,72,78,75,55,70,50,55,63,60,24,66,61,62,66,68,62,43,41,61,65,43,59,49,30,38,41,61,50,13,11,7,11,9,55,37,59,57,72,54,11,2023-07-01,2026-06-01,0,22,Greece,Stavros,Pnevmonidis,Pnevmonidis,Stavros Pnevmonidis,34835,29800,29800,79110,1697,66,82,2006-08-07T00:00:00.000Z,18,280,Olympiacos,76,10,9,olympiacos,80,76,https://cmtracker.fra1.cdn.digitaloceanspaces.com/DB/26/heads/p79110.png,0,9,2,2004,2,Right,4,3,1,1,,178,61,Male,,,No,No,2600000,2200000,1900000,7700,6500,5600,,,75,55,60,66,35,60,LM,CAM | RM | LW,False,False,False,stavros-pnevmonidis,15,53,50,43,49,65,58,63,63,65,59
77,74,78,62,49,52,48,50,34,55,27,54,69,70,61,73,62,38,32,40,59,28,54,49,26,29,50,58,40,13,8,14,6,7,53,28,56,51,69,47,10,2025-07-08,2029-06-01,0,51,Serbia,Lazar,Jovanović,Jovanović,Lazar Jovanović,21123,18047,18047,79300,1546,64,82,2006-11-30T00:00:00.000Z,18,36,VfB Stuttgart,19,7,5,vfb-stuttgart,45,19,https://cmtracker.fra1.cdn.digitaloceanspaces.com/DB/26/heads/p79300.png,2,1,3,2508,1,Left,3,3,1,1,3500000.0,184,76,Male,,,No,No,1800000,1500000,1300000,6800,5800,5000,,,76,52,54,65,28,46,RM,LM | RW,False,False,False,lazar-jovanovic,13,48,45,36,43,63,55,63,62,65,57
78,65,67,85,56,68,54,62,65,64,55,56,53,64,64,66,25,28,44,51,58,51,29,24,55,52,28,40,38,8,7,10,8,14,44,53,50,47,72,56,10,2025-05-04,2028-06-01,0,129,Morocco,Moncef,Zekri,Zekri,Moncef Zekri,44432,44433,44433,79432,1592,61,82,2008-09-20T00:00:00.000Z,16,110724,KV Mechelen,4,5,5,kv-mechelen,23,4,https://cmtracker.fra1.cdn.digitaloceanspaces.com/DB/26/heads/p79432.png,21,9,4,1031,2,Left,3,4,1,1,,171,60,Male,,,No,No,1200000,1000000,875000,1800,1600,1300,,,72,33,49,68,51,61,LM,LW,False,False,False,moncef-zekri,15,60,58,54,57,60,56,56,54,57,48
77,79,76,70,47,80,44,55,48,59,30,62,63,60,58,55,49,44,44,55,63,39,55,38,29,31,39,52,62,8,7,11,13,5,51,33,54,53,72,54,9,2025-07-19,2028-06-01,0,56,Colombia,Juan David,Obando,Obando,Juan David Obando,18143,27718,27718,80018,1607,60,82,2006-12-09T00:00:00.000Z,18,101100,Atlético Nacional,1003,10,8,atletico-nacional,44,1003,https://cmtracker.fra1.cdn.digitaloceanspaces.com/DB/26/heads/p80018.png,0,9,9,1005,2,Right,3,3,1,0,,175,70,Male,,,No,No,925000,775000,675000,3300,2800,2400,,,78,51,56,63,35,55,CAM,CM,False,False,False,juan-david-obando,13,52,50,40,48,61,56,59,58,60,55
87,85,79,75,69,57,56,56,48,66,30,63,60,63,63,66,64,51,51,53,58,34,70,58,36,27,56,59,56,11,10,7,10,15,59,33,59,62,77,54,11,2024-07-01,2026-06-01,0,14,England,Bradley,Burrowes,Burrowes,Bradley Burrowes,5327,44824,44824,80816,1749,65,82,2008-03-04T00:00:00.000Z,17,2,Aston Villa,13,7,9,aston-villa,83,13,https://cmtracker.fra1.cdn.digitaloceanspaces.com/DB/26/heads/p80816.png,0,9,4,1010,2,Right,3,3,1,1,,179,75,Male,,,No,No,2100000,1800000,1500000,14500,12000,10500,,,86,61,57,68,36,58,RM,ST | RW,False,False,False,bradley-burrowes,16,51,49,43,47,64,56,63,64,65,63
82,81,70,70,61,60,62,57,60,67,30,65,63,70,64,74,59,45,33,60,61,27,61,50,23,25,44,42,57,14,14,14,13,7,53,25,59,59,72,57,13,2025-08-16,2030-06-01,0,54,Brazil,Lucas,dos Santos Ferreira,Lucas Ferreira,Lucas Ferreira,22230,44854,22238,80882,1685,67,82,2006-04-28T00:00:00.000Z,19,101059,Shakhtar Donetsk,76,10,3,shakhtar-donetsk,42,76,https://cmtracker.fra1.cdn.digitaloceanspaces.com/DB/26/heads/p80882.png,0,3,7,1536,4,Left,3,3,1,0,,187,74,Male,,,No,No,2900000,2400000,2100000,7800,6600,5700,,,82,56,56,68,28,61,RW,LM | CAM | RM,False,False,False,lucas-dos-santos-ferreira,17,51,47,39,47,67,59,65,65,67,61
65,66,73,73,63,66,57,73,50,69,44,64,74,78,56,75,66,62,57,69,76,40,59,54,46,39,58,64,63,6,14,11,7,14,63,42,70,60,70,61,11,2024-07-01,2029-06-01,0,23,Hungary,Bence,Dárdai,Dardai,Bence Dárdai,4154,10078,8574,259522,1851,72,82,2006-01-24T00:00:00.000Z,19,175,VfL Wolfsburg,19,6,8,vfl-wolfsburg,8,19,https://cmtracker.fra1.cdn.digitaloceanspaces.com/DB/26/heads/p259522.png,3,3,2,12,4,Right,3,3,1,0,,189,71,Male,,,No,No,6000000,5000000,4400000,24500,20500,17500,,,66,61,67,74,45,59,CAM,CM,False,False,False,bence-dardai,17,58,56,51,59,69,69,71,69,69,66
68,69,58,60,76,73,75,60,66,59,64,30,40,59,34,45,30,23,67,61,67,69,51,25,68,68,37,45,37,14,9,12,7,7,47,69,47,60,63,50,10,2025-07-22,2026-06-01,0,22,Greece,Alexios,Kalogeropoulos,Kalogeropoulos,Alexios Kalogeropoulos,1518,18708,18708,262109,1633,68,82,2004-07-26T00:00:00.000Z,20,280,Olympiacos,76,10,9,olympiacos,6,76,https://cmtracker.fra1.cdn.digitaloceanspaces.com/DB/26/heads/p262109.png,3,9,2,28,5,Right,2,3,1,0,,187,80,Male,,,No,No,3200000,2700000,2300000,11000,9400,8000,Slide Tackle,,69,35,45,57,67,73,CB,-,False,False,False,alexios-kalogeropoulos,14,61,63,67,64,51,55,50,48,48,49
85,85,71,68,82,75,70,70,59,65,30,72,61,69,59,69,72,55,70,55,65,26,72,66,30,30,68,57,65,10,15,10,13,8,67,29,61,73,76,59,12,2023-07-28,2030-06-01,0,45,Spain,Eliezer,Mayenda,Mayenda,Eliezer Mayenda,10583,24350,24350,271248,1877,72,82,2005-05-08T00:00:00.000Z,20,106,Sunderland,13,2,8,sunderland,12,13,https://cmtracker.fra1.cdn.digitaloceanspaces.com/DB/26/heads/p271248.png,0,9,10,1036,3,Left,2,2,1,0,,180,75,Male,,,Yes,No,6000000,5000000,4500000,38500,32500,28000,,,85,69,59,69,37,72,ST,RM | LM | RW,False,False,False,eliezer-mayenda,17,54,52,47,50,69,62,68,70,69,71
36,44,31,25,63,36,71,69,32,38,15,9,36,15,12,13,8,10,9,31,34,13,59,7,13,10,6,18,11,75,72,78,75,72,14,12,18,48,41,24,75,2025-07-04,2030-06-01,0,18,France,Robin,Risser,Risser,Robin Risser,31462,31380,31380,271918,1146,74,82,2004-12-02T00:00:00.000Z,20,64,RC Lens,16,5,3,rc-lens,40,16,https://cmtracker.fra1.cdn.digitaloceanspaces.com/DB/26/heads/p271918.png,3,9,2,38,4,Right,1,3,1,1,,193,82,Male,,,No,No,9500000,8000000,7000000,9100,7700,6600,,,40,17,24,32,12,51,GK,-,False,False,False,robin-risser,73,24,23,25,27,25,27,25,25,23,26
84,82,84,78,74,60,61,68,60,63,46,70,69,74,61,75,72,40,58,64,71,42,68,63,45,42,57,62,56,8,14,9,8,11,64,43,63,66,80,61,10,2024-08-21,2029-06-01,0,45,Spain,Joel,Roca Casals,Joel Roca,Joel Roca,17749,31474,17755,272718,1899,70,82,2005-06-07T00:00:00.000Z,20,110062,Girona FC,53,1,9,girona-fc,3,53,https://cmtracker.fra1.cdn.digitaloceanspaces.com/DB/26/heads/p272718.png,3,5,2,4013,1,Right,3,3,1,0,7800000.0,176,72,Male,,,No,No,4600000,3900000,3300000,16500,14000,12000,,,83,64,61,74,47,64,ST,LM | LW | CAM,False,False,False,joel-roca-casals,16,59,57,53,58,71,66,72,72,72,69
73,74,71,67,63,62,56,50,66,58,64,39,56,69,68,68,48,42,52,62,69,59,68,62,68,68,35,61,66,8,10,6,12,13,55,65,61,63,67,59,10,2023-01-01,2026-06-01,0,7,Belgium,Kobe,Corbanie,Corbanie,Kobe Corbanie,19840,7720,7720,273537,1813,67,82,2005-05-10T00:00:00.000Z,20,230,Antwerp,4,9,8,antwerp,2,4,https://cmtracker.fra1.cdn.digitaloceanspaces.com/DB/26/heads/p273537.png,4,1,1,602,4,Right,2,2,1,2,,187,75,Male,,,No,No,2800000,2300000,2000000,8100,6900,5900,,,74,53,60,64,62,62,RB,CDM | CB | CM,False,False,False,kobe-corbanie,14,65,65,62,63,62,61,61,59,62,56
76,81,76,65,84,62,73,69,28,70,17,73,55,71,42,70,74,45,72,54,66,16,72,65,28,26,65,59,68,9,7,10,7,5,64,24,60,72,74,52,8,2024-07-25,2029-06-01,0,133,Nigeria,George,Ilenikhena,Ilenikhena,George Ilenikhena,13058,16204,16204,273546,1760,72,82,2006-08-16T00:00:00.000Z,18,69,AS Monaco,16,8,5,as-monaco,19,16,https://cmtracker.fra1.cdn.digitaloceanspaces.com/DB/26/heads/p273546.png,21,9,9,1036,4,Left,3,3,1,0,10500000.0,185,76,Male,,,No,No,6000000,5000000,4300000,18500,15500,13500,,,79,70,54,70,32,62,ST,-,False,False,False,george-ilenikhena,13,48,46,42,45,66,60,67,70,68,72
68,70,57,56,73,60,67,68,71,60,69,34,34,62,36,60,23,28,70,63,66,69,38,21,69,67,34,30,31,14,10,9,7,7,46,69,49,52,64,50,10,2025-02-03,2029-06-01,0,13,Denmark,Tobias,Slotsager,Slotsager,Tobias Slotsager,36487,34341,34341,273628,1601,69,82,2006-01-01T00:00:00.000Z,19,206,Hellas Verona,31,2,2,hellas-verona,19,31,https://cmtracker.fra1.cdn.digitaloceanspaces.com/DB/26/heads/p273628.png,0,3,3,2022,5,Right,2,3,1,0,,189,79,Male,,,No,No,3700000,3100000,2700000,5100,4300,3700,Block,,69,30,43,61,69,68,CB,-,False,False,False,tobias-slotsager,15,62,64,68,65,54,55,51,50,51,49
80,81,79,75,80,85,77,69,73,59,65,58,70,70,50,69,39,46,59,71,72,63,57,44,70,71,37,45,44,12,6,8,11,6,52,68,61,69,77,62,9,2025-07-01,2030-06-01,0,52,Argentina,Christian,Ordoñez,Ordoñez,Christian Ordoñez,7277,28211,28211,273884,1901,71,82,2004-07-24T00:00:00.000Z,20,50,Parma,31,3,4,parma,24,31,https://cmtracker.fra1.cdn.digitaloceanspaces.com/DB/26/heads/p273884.png,0,9,5,59,1,Right,2,3,1,1,9600000.0,177,65,Male,,,No,No,4600000,3900000,3300000,11000,9500,8200,Aerial Fortress,,81,47,59,70,66,79,CDM,CM,False,False,False,christian-ordonez,15,69,69,68,70,67,68,66,64,64,60
70,66,72,74,59,62,49,70,48,64,26,71,70,70,53,77,67,53,56,65,72,43,71,67,35,42,58,67,61,11,7,12,14,5,62,40,67,62,71,57,10,2023-02-08,2029-06-01,0,21,Germany,Mert,Kömür,Kömür,Mert Kömür,24860,20614,20614,274226,1807,71,82,2005-07-17T00:00:00.000Z,19,100409,FC Augsburg,19,4,6,fc-augsburg,36,19,https://cmtracker.fra1.cdn.digitaloceanspaces.com/DB/26/heads/p274226.png,3,3,2,17,2,Right,3,4,1,0,,183,77,Male,,,No,No,4800000,4000000,3500000,17500,15000,13000,,,68,66,63,71,40,55,CAM,ST | CM,False,False,False,mert-komur,16,54,51,46,53,68,65,70,70,69,67
68,71,66,73,75,75,73,72,79,73,71,73,73,74,52,72,60,38,66,73,76,69,67,59,72,69,51,58,40,9,8,10,12,13,61,70,63,70,70,69,11,2024-07-11,2028-06-01,0,110,Congo DR,Ngal'ayel,Mukau,Mukau,Ngal'ayel Mukau,26973,26006,26006,274447,1990,74,82,2004-11-03T00:00:00.000Z,20,65,LOSC Lille,16,7,5,losc-lille,17,16,https://cmtracker.fra1.cdn.digitaloceanspaces.com/DB/26/heads/p274447.png,3,9,9,1038,4,Left,2,2,1,1,,186,79,Male,,,No,No,10500000,8500000,7500000,19500,16500,14500,,,70,58,62,72,69,76,CDM,CM | CAM,False,False,False,ngal-ayel-mukau,17,69,69,71,72,69,72,71,70,68,68
76,81,66,69,62,62,59,64,42,68,21,64,65,68,62,70,66,62,45,54,63,25,63,66,33,28,62,65,55,10,15,9,13,11,60,29,64,63,72,53,12,2025-07-01,2029-06-01,0,14,England,Tom,Watson,Watson,Tom Watson,36551,38570,38570,275246,1744,68,82,2006-04-08T00:00:00.000Z,19,1808,Brighton & Hove Albion,13,5,9,brighton-hove-albion,14,13,https://cmtracker.fra1.cdn.digitaloceanspaces.com/DB/26/heads/p275246.png,2,2,2,34,4,Right,3,3,1,1,,190,77,Male,,,No,No,3400000,2900000,2500000,27000,22500,19500,,,79,63,62,68,30,56,LM,RM | LW,False,False,False,tom-watson,17,51,48,40,46,66,59,66,66,67,64
88,85,82,82,54,53,48,45,30,65,25,51,48,68,56,72,44,42,36,42,50,23,56,41,26,21,40,57,45,6,13,11,8,9,46,24,57,51,77,44,10,2023-09-01,2026-06-30,1,14,England,Trevan,Sanusi,Sanusi,Trevan Sanusi,46068,32799,32799,275301,1522,61,82,2007-04-25T00:00:00.000Z,18,13,Newcastle United,13,8,10,newcastle-united,14,16,https://cmtracker.fra1.cdn.digitaloceanspaces.com/DB/26/heads/p275301.png,0,9,9,1010,1,Right,4,3,1,0,,178,63,Male,,,No,No,1200000,1000000,900000,0,0,0,Trickster,,87,46,49,69,26,46,LW,RW | LM,False,False,False,trevan-sanusi,13,46,43,34,39,59,49,57,57,60,53
77,70,80,80,55,59,53,57,42,60,37,56,60,67,52,69,54,43,43,52,65,34,47,44,31,29,52,54,55,9,6,11,12,7,54,32,57,52,73,52,9,2025-07-01,2029-06-01,0,21,Germany,Noah,Darvich,Darvich,Noah Darvich,27292,8620,8620,275436,1622,62,82,2006-09-25T00:00:00.000Z,18,36,VfB Stuttgart,19,7,5,vfb-stuttgart,19,19,https://cmtracker.fra1.cdn.digitaloceanspaces.com/DB/26/heads/p275436.png,3,9,4,3503,1,Left,4,4,1,0,2950000.0,184,73,Male,,,No,No,1300000,1100000,950000,5700,4900,4200,"Incisive Pass, Inventive, Technical, First Touch",,74,51,54,69,35,52,CAM,CM | RM,False,False,False,noah-darvich,13,51,48,42,48,62,57,62,61,62,56
72,77,63,47,81,66,79,66,73,58,63,48,44,62,58,54,38,63,67,58,67,60,77,68,70,63,36,56,35,11,5,5,7,9,54,65,59,75,65,54,8,2024-08-25,2026-06-30,1,136,Senegal,Mikayil,Faye,Mikayil,Mikayil Faye,25093,11644,25093,277118,1806,68,82,2004-07-14T00:00:00.000Z,20,74,Stade Rennais,16,6,5,stade-rennais,30,31,https://cmtracker.fra1.cdn.digitaloceanspaces.com/DB/26/heads/p277118.png,0,9,9,1016,3,Left,2,3,1,0,,183,81,Male,,,No,No,3200000,2700000,2300000,9600,8100,7000,,,75,50,58,58,65,75,CB,-,False,False,False,mikayil-faye,14,64,65,67,64,59,59,57,58,58,59
91,89,91,93,66,67,49,74,62,80,34,75,75,79,77,82,73,71,52,66,73,28,79,75,34,27,66,78,68,9,15,13,11,6,69,30,76,68,88,66,11,2025-07-14,2033-06-01,0,54,Brazil,Estêvão Willian,Almeida,Estêvão,Estêvão,11129,1682,11128,76687,2028,78,89,2007-04-24T00:00:00.000Z,18,5,Chelsea,13,8,10,chelsea,41,13,https://cmtracker.fra1.cdn.digitaloceanspaces.com/DB/26/heads/p76687.png,0,9,8,1001,250,Left,4,2,1,1,,176,70,Male,,,Yes,No,35000000,29500000,25500000,0,0,0,"Finesse Shot, Inventive, Technical, Quick Step",,90,73,73,83,35,61,RM,CAM | RW,True,False,False,estevao-willian-almeida,17,59,55,45,54,77,69,77,77,78,73
76,75,74,76,66,59,59,64,80,64,24,65,68,68,61,68,66,70,51,60,66,55,78,76,29,32,55,57,56,13,15,15,10,6,60,39,65,68,73,60,12,2025-08-04,2029-06-01,0,45,Spain,Pablo,García Fernández,Pablo G.,Pablo García,28559,12813,28565,76739,1857,68,87,2006-06-13T00:00:00.000Z,19,449,Real Betis Balompié,53,6,5,real-betis-balompie,52,53,https://cmtracker.fra1.cdn.digitaloceanspaces.com/DB/26/heads/p76739.png,3,9,4,2027,2,Left,3,3,1,1,8400000.0,175,67,Male,,,No,No,3700000,3100000,2700000,9900,8400,7200,,,76,66,64,69,38,66,RM,ST | LM | RW,True,False,False,pablo-garcia-fernandez,17,53,50,48,52,66,61,67,68,67,66
68,66,72,70,50,55,44,72,51,70,45,74,77,77,72,74,68,48,48,72,75,44,61,64,58,55,58,74,53,11,12,5,9,9,65,53,69,55,70,62,10,2023-01-01,2028-06-01,0,83,Mexico,Gilberto,Mora,G. Mora,Gilberto Mora,13265,25674,44430,79399,1861,73,87,2008-10-14T00:00:00.000Z,16,111592,NG - FA,382,5,6,ng-fa,99,382,https://cmtracker.fra1.cdn.digitaloceanspaces.com/DB/26/heads/p79399.png,0,9,4,4022,7,Right,3,3,1,0,,168,65,Male,,,No,No,8000000,7000000,6000000,8200,7000,6000,,,67,63,70,73,50,50,CAM,LW | CM,False,True,False,gilberto-mora,16,62,60,53,61,72,70,73,71,72,66
80,83,80,83,58,66,51,74,44,76,52,73,75,77,78,79,71,60,42,70,74,47,72,70,55,43,59,76,58,14,11,8,9,12,65,49,73,64,80,63,11,2022-09-18,2030-06-01,0,14,England,Ethan,Nwaneri,Nwaneri,Ethan Nwaneri,11137,27566,27566,271807,1980,76,87,2007-03-21T00:00:00.000Z,18,1,Arsenal,13,10,9,arsenal,22,13,https://cmtracker.fra1.cdn.digitaloceanspaces.com/DB/26/heads/p271807.png,0,9,7,1038,2,Left,3,3,1,0,,176,70,Male,,,Yes,No,18500000,16000000,13500000,78000,66000,57000,"Finesse Shot, Technical",,82,67,72,78,48,55,RW,CM | RM,True,False,False,ethan-nwaneri,18,65,62,53,61,75,71,75,74,76,69
76,76,83,77,81,67,77,74,51,71,49,71,73,78,50,82,63,46,64,69,75,44,60,58,48,42,50,55,55,8,10,6,6,11,61,45,66,69,78,62,9,2024-07-01,2029-06-01,0,21,Germany,Assan,Ouédraogo,Ouédraogo,Assan Ouédraogo,2869,28451,28451,276602,1906,71,87,2006-05-09T00:00:00.000Z,19,112172,RB Leipzig,19,8,10,rb-leipzig,20,19,https://cmtracker.fra1.cdn.digitaloceanspaces.com/DB/26/heads/p276602.png,3,9,7,1031,4,Right,4,3,1,0,9500000.0,191,89,Male,,,No,No,5500000,4800000,4200000,23500,20000,17000,"Inventive, Technical",,76,60,61,78,49,69,CM,CAM,True,False,False,assan-ouedraogo,15,60,58,57,61,72,70,74,72,72,69
80,80,74,74,80,73,75,66,60,62,23,71,63,74,69,75,69,48,62,56,66,31,74,72,29,31,62,73,62,9,6,6,5,5,66,31,66,75,75,57,7,2023-07-24,2026-06-30,1,45,Spain,Adrián,Liso Lahoz,Liso,Adrián Liso,600,21834,21833,277269,1865,71,86,2005-04-02T00:00:00.000Z,20,244,Real Zaragoza,54,7,6,real-zaragoza,23,53,https://cmtracker.fra1.cdn.digitaloceanspaces.com/DB/26/heads/p277269.png,3,4,2,3507,2,Left,3,3,1,0,,182,72,Male,,,No,No,5500000,4500000,3900000,7300,6100,5300,Low Driven Shot,,80,68,63,71,35,72,ST,LM | LW,True,False,False,adrian-liso-lahoz,12,55,51,46,50,70,63,69,71,71,70
77,76,68,84,83,75,79,77,80,79,76,72,76,77,73,77,55,45,70,75,78,74,69,62,77,75,58,74,55,11,10,6,9,12,67,76,70,74,77,73,10,2023-10-05,2030-06-01,0,14,England,Myles,Lewis-Skelly,Lewis-Skelly,Myles Lewis-Skelly,26232,21538,21538,278773,2144,78,87,2006-09-26T00:00:00.000Z,18,1,Arsenal,13,10,9,arsenal,49,13,https://cmtracker.fra1.cdn.digitaloceanspaces.com/DB/26/heads/p278773.png,0,9,7,1033,2,Left,3,3,1,2,,178,72,Male,,,Yes,No,33500000,28000000,24500000,75000,64000,55000,Press Proven,,77,62,70,77,74,79,LB,CM,True,False,False,myles-lewis-skelly,17,75,75,76,76,74,75,73,72,73,70
79,73,82,80,66,73,60,74,64,78,53,76,78,80,72,82,70,74,47,72,77,49,73,72,51,49,65,74,70,7,13,10,9,6,67,50,77,69,78,70,9,2025-08-14,2031-06-01,0,52,Argentina,Franco,Mastantuono,Mastantuono,Franco Mastantuono,12247,24088,24088,279173,2058,77,88,2007-08-14T00:00:00.000Z,17,243,Real Madrid,53,10,7,real-madrid,30,53,https://cmtracker.fra1.cdn.digitaloceanspaces.com/DB/26/heads/p279173.png,4,10,2,1521,2,Left,3,3,1,1,,178,74,Male,,,Yes,No,25500000,22000000,18500000,78000,66000,57000,Dead Ball,,76,71,75,79,50,66,RM,RW | CAM,True,False,False,franco-mastantuono,15,66,62,56,64,76,73,77,75,76,71
82,81,79,75,72,73,66,64,64,69,68,68,68,75,75,70,61,30,53,67,75,68,56,35,71,72,63,66,41,12,15,14,12,10,66,71,62,61,77,63,13,2023-05-10,2029-06-01,0,7,Belgium,Joaquin,Seys,Seys,Joaquin Seys,17724,33588,33588,71305,1970,74,87,2005-03-28T00:00:00.000Z,20,231,Club Brugge,4,10,9,club-brugge,65,4,https://cmtracker.fra1.cdn.digitaloceanspaces.com/DB/26/heads/p71305.png,15,2,1,4011,1,Left,2,4,1,2,,178,63,Male,,,Yes,No,11500000,9500000,8500000,20500,17500,15000,,,82,54,64,72,66,69,LB,RB | LM,False,False,False,joaquin-seys,18,72,71,67,69,71,68,69,67,70,64
69,70,64,64,72,59,74,66,51,72,67,24,67,73,58,74,57,22,59,71,73,69,53,47,71,68,46,36,39,7,13,7,9,10,59,70,56,61,67,54,10,2024-07-01,2027-06-01,0,7,Belgium,Jorthy,Mokio,Mokio,Jorthy Mokio,17950,25531,25531,71351,1781,69,88,2008-02-29T00:00:00.000Z,17,245,Ajax,10,10,6,ajax,24,10,https://cmtracker.fra1.cdn.digitaloceanspaces.com/DB/26/heads/p71351.png,0,9,9,1038,1,Left,2,4,1,1,,183,72,Male,,,No,No,3900000,3300000,2800000,5100,4300,3700,,,70,44,55,69,67,64,CDM,CM | LB | CB,False,False,False,jorthy-mokio,15,67,67,67,68,64,65,64,61,63,58
73,58,78,75,67,79,64,72,63,79,64,67,78,78,65,80,60,55,52,72,77,63,64,64,65,62,58,77,66,9,9,10,7,12,63,64,73,68,72,70,10,2023-06-30,2028-06-01,0,34,Holland,Kees,Smit,Smit,Kees Smit,19189,34368,34368,71532,2022,74,88,2006-01-20T00:00:00.000Z,19,1906,AZ,10,8,9,az,26,10,https://cmtracker.fra1.cdn.digitaloceanspaces.com/DB/26/heads/p71532.png,17,6,1,2009,2,Right,4,4,1,0,,180,66,Male,,,No,No,12000000,10000000,8500000,14000,12000,10500,"Tiki Taka, Technical, First Touch",,66,63,71,77,61,68,CAM,CM | CDM,False,False,False,kees-smit,16,69,67,64,69,72,73,73,71,71,66
80,74,83,92,48,59,32,78,41,73,33,75,78,79,72,78,70,54,40,70,78,42,59,65,44,36,66,78,61,8,14,11,8,6,66,41,72,53,82,61,10,2023-07-01,2030-06-01,0,38,Portugal,Rodrigo,Mora de Carvalho,R. Mora,Rodrigo Mora,31534,25675,30426,72997,1885,76,89,2007-05-05T00:00:00.000Z,18,236,FC Porto,308,10,6,fc-porto,86,308,https://cmtracker.fra1.cdn.digitaloceanspaces.com/DB/26/heads/p72997.png,19,3,2,4016,7,Right,4,4,1,0,,168,56,Male,,,Yes,No,20500000,17500000,15000000,10500,9000,7700,"Finesse Shot, Gamechanger, Inventive, Technical, Trickster",,77,66,72,81,39,45,CAM,LW | CM | ST,False,False,False,rodrigo-mora-de-carvalho,16,60,56,45,56,75,71,76,74,76,67
92,89,85,88,61,62,54,62,39,71,36,64,66,68,64,71,65,52,38,49,57,32,68,62,39,30,57,63,59,11,9,8,12,9,57,34,61,62,84,56,10,2025-07-01,2028-06-01,0,14,England,Rio,Ngumoha,Rio,Rio Ngumoha,31351,44536,31351,80376,1792,68,88,2008-08-29T00:00:00.000Z,16,9,Liverpool,13,10,6,liverpool,73,13,https://cmtracker.fra1.cdn.digitaloceanspaces.com/DB/26/heads/p80376.png,0,9,7,1004,8,Right,4,3,1,1,,170,68,Male,,,No,No,3900000,3300000,2800000,24500,21000,18000,"Technical, Quick Step",,91,63,59,74,35,54,LM,LW,False,False,False,rio-ngumoha,15,54,52,43,48,67,59,66,67,69,64
91,97,83,75,69,66,60,66,43,70,36,75,73,75,72,78,73,51,45,61,65,44,64,59,52,56,57,68,62,15,11,13,5,12,63,51,67,64,83,60,12,2024-01-25,2029-06-01,0,18,France,Jean-Mattéo,Bahoya,Bahoya,Jean-Mattéo Bahoya,17316,3383,3383,269728,1942,75,86,2005-05-07T00:00:00.000Z,20,1824,Eintracht Frankfurt,19,8,5,eintracht-frankfurt,19,19,https://cmtracker.fra1.cdn.digitaloceanspaces.com/DB/26/heads/p269728.png,0,9,6,4502,2,Right,4,3,1,1,,180,76,Male,,,No,No,14500000,12500000,10500000,24000,20500,17500,Technical,,94,65,65,75,47,60,LM,CAM | LW,False,False,False,jean-matteo-bahoya,16,63,61,52,56,74,66,72,73,75,69
17,29,32,27,63,26,72,65,30,41,9,7,55,42,12,30,8,27,27,62,55,9,59,9,10,14,9,21,15,79,74,78,77,71,23,11,37,46,34,27,76,2024-08-27,2026-06-30,1,7,Belgium,Mike,Penders,Penders,Mike Penders,25096,29259,29259,270821,1261,75,86,2005-07-31T00:00:00.000Z,19,5,Chelsea,13,8,10,chelsea,39,16,https://cmtracker.fra1.cdn.digitaloceanspaces.com/DB/26/heads/p270821.png,0,3,2,1547,5,Left,1,2,1,1,,200,95,Male,,,No,No,12500000,10500000,9000000,0,0,0,,,23,18,39,40,14,48,GK,-,False,False,False,mike-penders,74,25,23,27,34,33,41,37,33,30,31
82,80,78,76,76,78,75,72,74,70,69,55,69,69,76,70,52,37,53,64,72,68,63,58,74,74,27,71,48,13,13,12,13,13,56,72,63,70,78,65,13,2023-07-01,2029-06-01,0,34,Holland,Givairo,Read,Read,Givairo Read,13361,30937,30937,271266,1994,75,88,2006-06-02T00:00:00.000Z,19,246,Feyenoord,10,10,5,feyenoord,26,10,https://cmtracker.fra1.cdn.digitaloceanspaces.com/DB/26/heads/p271266.png,0,3,8,4502,2,Right,3,3,1,2,26300000.0,183,70,Male,,,Yes,No,15000000,13000000,11000000,11500,9900,8500,"Whipped Pass, Quick Step",,81,51,65,73,68,76,RB,RM,False,False,False,givairo-read,19,73,72,70,70,70,68,67,66,68,62
53,62,34,43,86,67,85,64,69,53,68,49,42,68,36,59,58,51,81,73,74,66,76,55,73,69,39,35,50,9,11,7,12,13,58,70,58,74,52,56,11,2025-06-01,2026-06-30,1,10,Croatia,Luka,Vušković,L. Vušković,Luka Vušković,22372,38276,46063,275192,1790,72,87,2007-02-24T00:00:00.000Z,18,18,Tottenham Hotspur,13,7,8,tottenham-hotspur,44,19,https://cmtracker.fra1.cdn.digitaloceanspaces.com/DB/26/heads/p275192.png,6,3,2,17,4,Right,2,3,1,0,,193,86,Male,,,No,No,6000000,5000000,4400000,42500,36000,31000,"Precision Header, Long Ball Pass, Aerial Fortress",,58,55,52,54,71,77,CB,-,False,False,False,luka-vuskovic,16,63,65,72,69,58,63,59,60,56,64
75,62,80,78,73,67,66,74,48,77,36,78,75,79,57,81,79,59,61,67,77,42,78,78,29,26,71,75,68,5,7,15,9,10,69,33,73,73,74,64,10,2024-07-02,2029-06-01,0,48,Turkey,Can,Uzun,Uzun,Can Uzun,6219,37357,37357,275328,1962,77,86,2005-11-11T00:00:00.000Z,19,1824,Eintracht Frankfurt,19,8,5,eintracht-frankfurt,42,19,https://cmtracker.fra1.cdn.digitaloceanspaces.com/DB/26/heads/p275328.png,0,4,4,1546,4,Right,4,3,1,0,,186,70,Male,,,No,No,27000000,23000000,19500000,26000,22000,19000,"Finesse Shot, Gamechanger, Technical, First Touch",,69,75,68,78,39,64,CAM,ST | CM,False,False,False,can-uzun,15,55,52,48,56,73,70,76,76,75,74
53,61,44,60,69,69,63,76,79,71,78,26,44,69,42,48,26,20,71,51,65,79,38,22,76,74,24,30,24,14,8,15,6,7,46,77,44,53,59,54,10,2023-07-01,2028-06-01,0,27,Italy,Pietro,Comuzzo,Comuzzo,Pietro Comuzzo,29604,7630,7630,278340,1602,74,86,2005-02-20T00:00:00.000Z,20,110374,Fiorentina,31,6,6,fiorentina,15,31,https://cmtracker.fra1.cdn.digitaloceanspaces.com/DB/26/heads/p278340.png,12,4,1,47,2,Right,2,2,1,0,,183,75,Male,,,Yes,No,11500000,9500000,8000000,30000,25500,22000,,,57,27,42,61,76,70,CB,-,False,False,False,pietro-comuzzo,16,66,68,73,69,52,57,51,49,49,48
88,86,71,62,68,68,58,63,38,66,45,68,62,75,66,74,64,60,48,57,64,39,74,74,43,39,73,70,72,9,12,7,11,10,63,41,68,69,74,59,10,2024-09-02,2028-06-01,0,54,Brazil,João Gabriel,e Costa Cesco,J. Costa,João Costa,18080,40672,16749,278567,1884,71,86,2005-03-28T00:00:00.000Z,20,112096,Al Ettifaq,350,6,7,al-ettifaq,18,350,https://cmtracker.fra1.cdn.digitaloceanspaces.com/DB/26/heads/p278567.png,3,9,6,1523,2,Left,3,3,1,1,,178,69,Male,,,No,No,5500000,4500000,3900000,16500,14000,12000,,,87,71,63,69,43,58,RM,LM | LB | RB,False,False,False,joao-gabriel-e-costa-cesco,16,59,57,48,54,70,63,69,70,71,67
63,73,59,65,75,67,75,69,71,64,70,41,54,65,44,59,33,33,69,64,67,70,53,34,78,75,29,42,48,9,12,9,5,6,49,75,53,61,66,58,9,2025-02-03,2030-06-01,0,21,Germany,Finn,Jeltsch,Jeltsch,Finn Jeltsch,11948,17368,17368,278780,1750,72,87,2006-07-17T00:00:00.000Z,18,36,VfB Stuttgart,19,7,5,vfb-stuttgart,29,19,https://cmtracker.fra1.cdn.digitaloceanspaces.com/DB/26/heads/p278780.png,4,2,1,28,5,Right,2,4,1,0,,187,86,Male,,,No,No,6000000,5000000,4400000,17500,15000,13000,,,68,40,51,64,72,72,CB,-,False,False,False,finn-jeltsch,14,66,68,72,69,58,61,57,55,55,54
76,74,69,64,78,78,72,73,68,76,76,66,78,78,59,76,59,52,66,79,81,68,61,56,76,68,46,62,54,9,7,12,8,12,63,71,70,69,72,70,10,2023-08-21,2027-06-01,0,18,France,Ayyoub,Bouaddi,Bouaddi,Ayyoub Bouaddi,3135,5194,5194,278901,2037,77,86,2007-10-02T00:00:00.000Z,17,65,LOSC Lille,16,7,5,losc-lille,32,16,https://cmtracker.fra1.cdn.digitaloceanspaces.com/DB/26/heads/p278901.png,0,3,2,1502,4,Right,3,3,1,1,,186,72,Male,,,Yes,No,24000000,20500000,17500000,16500,14000,12000,Technical,,75,57,69,73,71,74,CDM,CM,False,False,False,ayyoub-bouaddi,16,73,72,72,75,73,75,73,71,71,67
78,77,77,75,73,89,67,79,82,74,77,76,75,76,66,76,68,55,58,72,78,78,70,66,76,74,61,65,59,13,8,5,10,6,67,76,69,73,78,74,9,2025-07-23,2030-06-01,0,13,Denmark,Victor,Froholdt,Froholdt,Victor Froholdt,37896,12391,12391,279015,2139,76,88,2006-02-25T00:00:00.000Z,19,236,FC Porto,308,10,6,fc-porto,8,308,https://cmtracker.fra1.cdn.digitaloceanspaces.com/DB/26/heads/p279015.png,1,2,2,57,4,Right,3,4,1,0,22000000.0,187,74,Male,,,No,No,21000000,17500000,15000000,11000,9300,8000,Inventive,,78,67,69,76,73,78,CM,CDM | CAM,False,False,False,victor-froholdt,16,76,75,74,76,75,76,75,74,74,71
87,83,84,81,66,75,68,64,55,70,40,74,74,81,71,80,63,70,35,70,74,46,67,63,40,36,66,72,56,7,12,11,10,15,62,41,75,68,80,62,11,2024-06-14,2027-06-01,0,38,Portugal,Geovany,Tcherno Quenda,G. Quenda,Geovany Quenda,13080,35913,12546,279044,1966,76,88,2007-04-30T00:00:00.000Z,18,237,Sporting CP,308,10,9,sporting-cp,7,308,https://cmtracker.fra1.cdn.digitaloceanspaces.com/DB/26/heads/p279044.png,21,3,9,1000,1,Left,4,4,1,1,,172,71,Male,,,Yes,No,20500000,17500000,15000000,14000,12000,10000,"Incisive Pass, Whipped Pass, Inventive, Technical",,85,65,72,77,39,66,RM,LM | CAM | RW,False,False,False,geovany-tcherno-quenda,16,61,57,49,59,75,70,74,73,75,67
65,68,66,66,66,55,58,61,40,58,22,61,48,69,40,66,68,40,66,48,61,16,67,61,22,16,61,50,76,11,9,15,15,12,60,18,55,62,66,51,13,2024-10-29,2026-06-30,1,27,Italy,Francesco,Camarda,Camarda,Francesco Camarda,12215,6170,6170,279202,1623,65,87,2008-03-10T00:00:00.000Z,17,47,Milano FC,31,9,5,milano-fc,22,31,https://cmtracker.fra1.cdn.digitaloceanspaces.com/DB/26/heads/p279202.png,6,3,2,0,1,Right,3,3,1,0,,184,75,Male,,,No,No,2700000,2300000,1900000,8100,6900,5900,,,67,66,48,64,28,55,ST,-,False,False,False,francesco-camarda,17,43,41,37,42,59,54,61,63,61,64
87,79,85,82,56,80,41,74,59,73,71,70,68,79,75,78,57,56,43,66,78,73,61,50,76,80,36,70,33,7,6,14,10,13,58,77,70,58,82,63,10,2024-01-03,2030-06-01,0,21,Germany,Nathaniel,Brown,Brown,Nathaniel Brown,26670,5558,5558,269701,1986,78,85,2003-06-16T00:00:00.000Z,22,1824,Eintracht Frankfurt,19,8,5,eintracht-frankfurt,21,19,https://cmtracker.fra1.cdn.digitaloceanspaces.com/DB/26/heads/p269701.png,0,3,6,5000,1,Left,4,3,1,2,,180,64,Male,,,No,No,32000000,27000000,23500000,32500,27500,23500,"Inventive, Anticipate, Slide Tackle",,83,51,69,79,69,59,LB,LM,True,False,False,nathaniel-brown,16,76,75,66,72,75,72,73,71,73,64
79,80,71,75,77,73,69,74,64,70,15,75,59,72,46,69,76,52,65,50,69,15,72,62,11,20,70,62,61,11,12,15,14,10,66,16,61,71,76,58,13,2023-03-15,2028-06-01,0,7,Belgium,Romeo,Vermant,Vermant,Romeo Vermant,31693,37808,37808,275051,1815,72,85,2004-01-24T00:00:00.000Z,21,231,Club Brugge,4,10,9,club-brugge,17,4,https://cmtracker.fra1.cdn.digitaloceanspaces.com/DB/26/heads/p275051.png,1,1,1,2015,1,Right,3,3,1,0,,184,76,Male,,,No,No,7000000,6000000,5000000,20000,17000,14500,,,80,69,56,72,25,71,ST,-,True,False,False,romeo-vermant,18,48,44,39,45,68,60,69,71,69,72
82,76,79,80,68,81,61,76,74,77,74,72,77,77,80,76,65,75,48,79,81,70,77,75,76,72,52,73,55,13,12,15,9,12,66,73,76,73,79,72,13,2024-07-30,2029-06-01,0,136,Senegal,Lamine,Camara,Lamine,Lamine Camara,20872,6168,20872,275138,2169,77,85,2004-01-01T00:00:00.000Z,21,69,AS Monaco,16,8,5,as-monaco,15,16,https://cmtracker.fra1.cdn.digitaloceanspaces.com/DB/26/heads/p275138.png,21,9,10,1007,1,Right,3,3,1,0,49300000.0,173,65,Male,,,No,No,28000000,23500000,20500000,27000,23000,19500,"Dead Ball, Long Ball Pass",,79,66,78,78,68,71,CM,CDM,True,False,False,lamine-camara,18,76,75,70,75,76,77,76,74,76,70
81,80,82,89,64,91,63,76,68,72,75,61,67,77,76,77,67,63,40,64,76,65,69,65,76,77,68,68,58,8,8,11,5,14,66,73,70,71,82,67,10,2023-09-05,2028-06-01,0,129,Morocco,Zakaria,El Ouahdi,El Ouahdi,Zakaria El Ouahdi,39932,10502,10502,275353,2101,78,85,2001-12-31T00:00:00.000Z,23,673,Genk,4,9,8,genk,77,4,https://cmtracker.fra1.cdn.digitaloceanspaces.com/DB/26/heads/p275353.png,0,9,4,602,1,Right,3,3,1,2,,172,69,Male,,,No,No,31500000,27000000,23000000,27000,23000,20000,"Low Driven Shot, Technical, Quick Step",,81,65,69,79,67,72,RB,RM | CM,True,False,False,zakaria-el-ouahdi,16,77,75,68,73,74,72,72,71,73,67
74,69,78,83,76,83,73,82,81,79,82,74,80,80,64,77,70,66,62,76,81,75,75,75,78,68,60,72,55,6,9,5,6,13,68,74,75,77,78,76,8,2023-07-01,2031-06-01,0,45,Spain,Mikel,Jauregizar Alboniga,Jauregizar,Jauregizar,25098,17234,17233,279604,2187,79,88,2003-11-13T00:00:00.000Z,21,448,Athletic Club de Bilbao,53,7,10,athletic-club-de-bilbao,18,53,https://cmtracker.fra1.cdn.digitaloceanspaces.com/DB/26/heads/p279604.png,6,7,2,3506,2,Right,3,4,1,0,,177,74,Male,,,Yes,No,46500000,39500000,34000000,40000,34000,29000,"Anticipate, Relentless",,72,68,73,80,73,78,CM,CDM,True,False,False,mikel-jauregizar-alboniga,16,76,75,75,78,75,79,77,76,75,73
19,25,40,27,64,29,79,73,29,36,15,6,30,19,14,15,10,11,14,39,40,7,53,8,15,12,8,12,11,79,77,71,77,79,18,12,20,47,37,22,77,2025-09-01,2030-06-01,0,7,Belgium,Senne,Lammens,Lammens,Senne Lammens,33366,20876,20876,254803,1143,78,87,2002-07-07T00:00:00.000Z,22,11,Manchester United,13,7,6,manchester-united,31,13,https://cmtracker.fra1.cdn.digitaloceanspaces.com/DB/26/heads/p254803.png,3,9,2,12,5,Right,1,4,1,1,57700000.0,193,92,Male,,,No,No,32500000,27500000,23500000,49000,41500,36000,,"GK Footwork, GK Cross Claimer",22,16,24,35,13,50,GK,-,False,False,False,senne-lammens,77,23,22,26,29,25,29,26,24,22,26
66,58,78,84,65,71,55,78,79,78,77,69,79,82,53,79,64,53,62,79,82,78,68,65,80,79,53,64,51,12,14,11,12,8,63,79,72,65,73,73,12,2022-07-01,2028-06-01,0,45,Spain,Marc,Casadó Torras,M. Casadó,Marc Casadó,23525,6527,22629,272600,2086,79,86,2003-09-14T00:00:00.000Z,21,241,FC Barcelona,53,10,2,fc-barcelona,17,53,https://cmtracker.fra1.cdn.digitaloceanspaces.com/DB/26/heads/p272600.png,3,4,2,2517,2,Right,3,4,1,1,75400000.0,171,65,Male,,,Yes,No,39500000,33500000,29000000,70000,59000,51000,"First Touch, Press Proven",,62,62,68,80,75,68,CDM,CM,False,False,False,marc-casado-torras,18,73,73,74,77,72,77,76,73,72,68
83,83,88,66,75,74,76,62,55,57,38,71,62,78,65,82,73,74,49,58,62,36,81,78,34,35,79,69,61,13,13,10,15,13,66,35,73,77,77,58,13,2025-09-10,2030-06-01,0,60,Uruguay,Luciano,Rodríguez,L. Rodríguez,Luciano Rodríguez,22276,31568,46039,273604,1968,74,86,2003-07-16T00:00:00.000Z,21,111592,NEOM SC,350,3,9,neom-sc,19,350,https://cmtracker.fra1.cdn.digitaloceanspaces.com/DB/26/heads/p273604.png,0,9,7,44,2,Right,3,4,1,0,,179,71,Male,,,No,No,12000000,10500000,9000000,18500,15500,13500,Technical,,83,74,65,72,38,70,RW,RM | ST,False,False,False,luciano-rodriguez,18,57,54,48,53,71,64,71,73,73,72
62,73,63,71,89,74,86,74,70,72,11,78,69,74,55,71,79,59,84,56,68,35,78,72,16,18,69,66,75,9,15,6,10,7,71,23,66,80,69,63,10,2025-07-28,2030-06-01,0,52,Argentina,Joaquín,Panichelli,Panichelli,Joaquín Panichelli,17726,28730,28730,273748,1914,76,85,2002-10-07T00:00:00.000Z,22,76,RC Strasbourg,16,6,9,rc-strasbourg,9,16,https://cmtracker.fra1.cdn.digitaloceanspaces.com/DB/26/heads/p273748.png,3,9,2,3,4,Right,3,3,1,0,,190,82,Male,,,No,No,20000000,17000000,14500000,51000,43000,37000,"Precision Header, Press Proven",,68,75,62,71,33,80,ST,-,False,False,False,joaquin-panichelli,17,49,46,46,49,69,63,71,73,70,76
65,61,71,71,83,70,82,78,86,73,76,30,44,66,44,63,30,33,75,72,72,79,44,25,78,76,35,42,35,6,9,9,7,13,52,78,56,61,70,58,9,2020-11-27,2028-06-01,0,34,Holland,Wouter,Goes,Goes,Wouter Goes,38992,13455,13455,273752,1803,77,85,2004-06-10T00:00:00.000Z,21,1906,AZ,10,8,9,az,3,10,https://cmtracker.fra1.cdn.digitaloceanspaces.com/DB/26/heads/p273752.png,3,9,2,57,5,Right,2,3,1,0,,188,73,Male,,,No,No,26000000,22000000,19000000,17000,14500,12500,"Jockey, Anticipate",,63,33,51,70,77,80,CB,-,False,False,False,wouter-goes,16,69,70,77,73,58,62,56,53,54,53
75,82,70,75,62,73,46,73,55,61,31,72,61,77,72,80,72,69,59,60,68,33,73,67,33,35,74,70,65,14,10,14,11,15,69,34,72,65,75,58,13,2025-07-23,2028-06-01,0,7,Belgium,Samuel,Mbangula,Mbangula,Samuel Mbangula,32576,24409,24409,74566,1907,74,85,2004-01-16T00:00:00.000Z,21,38,Werder Bremen,19,4,2,werder-bremen,19,19,https://cmtracker.fra1.cdn.digitaloceanspaces.com/DB/26/heads/p74566.png,21,9,9,1016,1,Right,3,3,1,1,,179,65,Male,,,Yes,No,11000000,9500000,8000000,20500,17500,15000,,,79,71,67,73,38,59,LM,LW,True,False,False,samuel-mbangula,19,58,55,45,52,72,65,71,72,73,70
64,69,72,65,85,73,83,81,63,83,35,83,78,82,46,85,82,42,79,64,78,32,82,66,44,30,73,59,74,11,8,13,8,9,72,36,67,78,71,70,10,2025-08-30,2031-06-01,0,21,Germany,Nick,Woltemade,Woltemade,Nick Woltemade,27042,38936,38936,254022,2001,80,85,2002-02-14T00:00:00.000Z,23,13,Newcastle United,13,8,10,newcastle-united,27,13,https://cmtracker.fra1.cdn.digitaloceanspaces.com/DB/26/heads/p254022.png,2,8,1,52,4,Right,4,3,1,0,,199,90,Male,,,Yes,No,38000000,32000000,27500000,0,0,0,"Gamechanger, Tiki Taka, Press Proven",,67,77,61,78,44,76,ST,CAM,True,False,False,nick-woltemade,17,57,54,55,59,74,73,78,79,75,79
72,77,61,57,88,80,84,70,78,68,77,36,51,70,51,38,35,28,76,60,70,79,52,32,83,78,29,34,47,10,11,13,8,14,53,80,46,68,68,60,12,2024-08-30,2029-06-01,0,103,Cameroon,Flavien-Enzo,Boyomo,Boyomo,Flavien-Enzo Boyomo,12015,5291,5291,259066,1817,78,85,2001-10-07T00:00:00.000Z,23,479,CA Osasuna,53,5,7,ca-osasuna,22,53,https://cmtracker.fra1.cdn.digitaloceanspaces.com/DB/26/heads/p259066.png,0,9,9,1021,3,Right,2,2,1,0,59800000.0,180,76,Male,,,Yes,No,31000000,26000000,22500000,34000,28500,24500,"Long Ball Pass, Block",,75,39,49,61,79,83,CB,-,True,False,False,flavien-enzo-boyomo,17,71,74,78,73,57,61,55,53,54,55
29,33,31,25,52,23,64,73,24,31,7,6,33,16,11,10,5,14,14,14,21,8,56,5,13,13,9,10,16,78,76,75,79,75,12,12,13,40,39,20,77,2025-08-01,2030-06-01,0,34,Holland,Robin,Roefs,Roefs,Robin Roefs,31462,31601,31601,263798,1049,77,84,2003-01-17T00:00:00.000Z,22,106,Sunderland,13,2,8,sunderland,22,13,https://cmtracker.fra1.cdn.digitaloceanspaces.com/DB/26/heads/p263798.png,12,4,3,21,4,Left,1,3,1,1,30400000.0,192,72,Male,,,Yes,No,21500000,18500000,15500000,32500,27500,24000,,"GK Footwork, GK Far Reach",31,16,17,31,11,41,GK,-,True,False,False,robin-roefs,76,20,20,22,21,21,21,21,22,19,24
79,81,78,74,85,81,73,75,80,74,77,32,64,74,57,66,25,29,75,70,73,75,50,29,77,78,31,48,36,11,12,7,7,9,53,77,58,64,78,61,10,2025-07-28,2030-06-01,0,52,Argentina,Valentín,Gómez,V. Gómez,Valentín Gómez,37462,14255,45934,267860,1892,76,84,2003-06-26T00:00:00.000Z,22,449,Real Betis Balompié,53,6,5,real-betis-balompie,16,53,https://cmtracker.fra1.cdn.digitaloceanspaces.com/DB/26/heads/p267860.png,3,4,2,58,1,Left,2,2,1,0,35600000.0,180,76,Male,,,No,No,18500000,15500000,13500000,25500,21500,18500,"Long Ball Pass, Block, Intercept, Aerial Fortress",,80,34,57,74,76,80,CB,LB | CDM,True,False,False,valentin-gomez,16,74,75,76,74,64,66,62,58,60,55
78,78,54,58,79,77,72,72,66,64,65,69,70,73,76,71,56,48,64,64,75,71,74,58,73,71,48,73,46,13,8,12,8,5,64,72,66,72,68,64,10,2025-07-24,2030-06-01,0,38,Portugal,Alberto,Oliveira Baio,Alberto,Alberto Costa,1347,28009,1347,270674,1989,74,84,2003-09-29T00:00:00.000Z,21,236,FC Porto,308,10,6,fc-porto,20,308,https://cmtracker.fra1.cdn.digitaloceanspaces.com/DB/26/heads/p270674.png,0,3,5,2500,4,Right,2,2,1,2,,186,79,Male,,,Yes,No,10500000,9000000,8000000,9700,8200,7100,,,78,59,68,65,69,74,RB,-,True,False,False,alberto-oliveira-baio,15,72,72,70,70,72,70,69,69,70,67
67,67,69,67,62,63,59,71,54,63,70,74,74,75,65,75,70,55,53,72,74,60,63,71,72,55,57,65,53,7,7,6,13,15,64,63,69,64,69,65,10,2022-07-01,2027-06-01,0,45,Spain,Pablo,Marín Tejada,Marin,Pablo Marín,28559,24023,23716,272455,1943,73,84,2003-07-03T00:00:00.000Z,21,457,Real Sociedad,53,7,6,real-sociedad,28,53,https://cmtracker.fra1.cdn.digitaloceanspaces.com/DB/26/heads/p272455.png,3,4,3,1556,2,Right,3,3,1,0,,178,71,Male,,,Yes,No,8000000,7000000,6000000,23500,20000,17000,,,67,65,68,70,62,60,CM,CAM | CDM,True,False,False,pablo-marin-tejada,16,67,65,63,68,71,72,72,71,71,68
73,78,70,62,85,80,82,76,83,72,74,63,70,74,68,72,50,72,71,75,77,75,72,70,77,77,68,70,60,6,15,11,9,13,67,77,73,78,72,71,11,2025-08-22,2032-06-01,0,38,Portugal,Renato,Palma Veiga,Renato Veiga,Renato Veiga,31101,28681,31110,273906,2150,77,84,2003-07-29T00:00:00.000Z,21,483,Villarreal CF,53,8,6,villarreal-cf,12,53,https://cmtracker.fra1.cdn.digitaloceanspaces.com/DB/26/heads/p273906.png,0,9,6,1524,4,Left,2,3,1,0,35600000.0,190,88,Male,,,Yes,No,23500000,20000000,17000000,29500,25000,21500,Block,,76,64,72,71,75,83,CB,LB | CDM,True,False,False,renato-palma-veiga,17,75,75,76,76,71,73,70,69,69,68
77,82,78,61,87,66,79,75,61,74,14,77,69,76,55,75,76,46,74,51,76,25,78,68,18,19,72,68,70,10,12,6,11,14,71,21,64,76,75,61,11,2025-07-09,2029-06-01,0,18,France,Thierno,Barry,Barry,Thierno Barry,36200,3767,3767,276295,1900,76,84,2002-10-21T00:00:00.000Z,22,7,Everton,13,4,4,everton,11,13,https://cmtracker.fra1.cdn.digitaloceanspaces.com/DB/26/heads/p276295.png,21,9,10,1036,4,Right,3,4,1,0,,195,82,Male,,,Yes,No,20000000,17000000,14500000,55000,46000,40000,Enforcer,,80,74,61,73,30,73,ST,-,True,False,False,thierno-barry,18,50,47,44,48,71,64,73,75,73,76
70,73,66,70,83,77,80,72,76,65,74,48,58,69,62,67,32,31,75,67,72,75,55,35,77,74,31,52,29,14,7,10,8,8,55,76,58,66,71,59,10,2025-08-01,2030-06-01,0,60,Uruguay,Santiago,Mouriño,Mouriño,Santiago Mouriño,32765,25885,25885,276493,1862,75,84,2002-02-13T00:00:00.000Z,23,483,Villarreal CF,53,8,6,villarreal-cf,15,53,https://cmtracker.fra1.cdn.digitaloceanspaces.com/DB/26/heads/p276493.png,21,9,6,1039,5,Right,2,3,1,2,26400000.0,186,76,Male,,,Yes,No,14000000,12000000,10000000,31500,26500,23000,,,72,38,57,68,75,79,RB,CB,True,False,False,santiago-mourino,16,71,72,75,72,64,65,61,59,61,58
91,88,90,76,84,78,74,72,74,71,71,81,64,74,71,79,62,58,66,71,75,74,60,64,76,75,49,68,56,6,6,15,7,13,65,75,70,72,84,70,10,2025-07-28,2030-06-01,0,54,Brazil,Wesley Vinícius,França Lima,Wesley,Wesley,38694,12278,38691,80170,2139,77,85,2003-09-06T00:00:00.000Z,21,52,Roma,31,7,6,roma,43,31,https://cmtracker.fra1.cdn.digitaloceanspaces.com/DB/26/heads/p80170.png,15,9,6,1501,2,Right,3,3,1,2,,178,75,Male,,,No,No,26500000,22500000,19500000,39000,33000,28500,Quick Step,,90,62,68,77,72,78,RB,RM,False,False,False,wesley-vinicius-franca-lima,15,75,75,73,73,75,72,74,73,75,71
85,83,86,86,73,81,60,63,62,74,63,71,76,73,62,79,72,51,55,67,73,65,56,59,65,63,38,56,53,12,12,7,7,13,60,65,66,66,81,67,11,2025-09-01,2029-06-01,0,47,Switzerland,Alvyn Antonio,Sanches,Sanches,Alvyn Sanches,1794,32619,32619,260272,2001,73,84,2003-02-12T00:00:00.000Z,22,900,BSC Young Boys,189,9,5,bsc-young-boys,10,189,https://cmtracker.fra1.cdn.digitaloceanspaces.com/DB/26/heads/p260272.png,21,9,7,1039,1,Left,4,3,1,0,,183,68,Male,,,No,No,8000000,7000000,6000000,19000,16000,14000,"Inventive, Anticipate, First Touch, Press Proven",,84,58,64,77,62,69,CAM,CM | ST,False,False,False,alvyn-antonio-sanches,16,69,68,64,67,73,71,73,72,73,67
52,66,44,50,80,61,80,71,68,60,71,23,69,66,45,43,28,27,76,76,76,75,34,25,74,72,22,60,33,13,6,8,8,12,50,74,55,56,57,54,10,2022-07-01,2026-06-01,0,7,Belgium,Zeno,Van Den Bosch,Van Den Bosch,Zeno Van Den Bosch,40100,37530,37530,260931,1674,74,84,2003-07-06T00:00:00.000Z,21,230,Antwerp,4,9,8,antwerp,33,4,https://cmtracker.fra1.cdn.digitaloceanspaces.com/DB/26/heads/p260931.png,1,2,1,3505,4,Right,2,4,1,0,,191,78,Male,,,No,No,10500000,9000000,7500000,17500,15000,13000,"Long Ball Pass, Intercept, Press Proven",Career Injury Prone,59,28,59,56,74,72,CB,-,False,False,False,zeno-van-den-bosch,16,65,67,73,72,55,63,55,50,50,48
84,83,90,74,55,67,48,78,25,75,24,71,71,77,72,80,70,52,32,68,72,22,71,75,20,18,55,69,55,11,8,10,5,13,61,20,70,64,82,54,10,2022-07-01,2030-06-01,0,45,Spain,Yeremay,Hernández Cubas,Yeremay,Yeremay,39500,15180,39500,264492,1800,76,84,2002-12-10T00:00:00.000Z,22,242,RC Deportivo,54,4,2,rc-deportivo,10,54,https://cmtracker.fra1.cdn.digitaloceanspaces.com/DB/26/heads/p264492.png,3,4,4,2004,8,Right,4,3,1,1,30600000.0,170,61,Male,,,No,No,20000000,17000000,14500000,8600,7300,6200,"Low Driven Shot, Whipped Pass, Inventive, Press Proven",,84,66,67,79,23,49,LM,RM | LW,False,False,False,yeremay-hernandez-cubas,16,54,49,35,48,75,67,75,74,76,68
59,67,39,45,77,75,82,61,65,64,73,34,48,69,40,51,31,34,67,66,73,59,65,42,73,67,35,47,40,10,13,14,12,10,50,67,54,69,55,54,12,2022-07-01,2028-06-01,0,118,Guinea,Ibrahima Sory,Bangoura,Bangoura,Ibrahima Sory Bangoura,16048,3578,3578,277206,1707,70,84,2004-01-05T00:00:00.000Z,21,673,Genk,4,9,8,genk,21,4,https://cmtracker.fra1.cdn.digitaloceanspaces.com/DB/26/heads/p277206.png,0,9,9,1031,4,Right,2,3,1,1,,190,79,Male,,,No,No,4400000,3700000,3200000,11500,9900,8500,Aerial Fortress,,63,41,51,55,68,75,CDM,CM,False,False,False,ibrahima-sory-bangoura,16,64,65,69,68,56,61,55,53,52,53
66,70,67,53,88,83,86,76,76,68,71,78,76,77,51,75,74,49,79,73,77,62,79,68,68,65,70,66,59,14,11,8,10,11,71,65,68,81,67,72,11,2024-07-01,2026-06-30,1,133,Nigeria,Christantus,Uche,Uche,Christantus Uche,44092,37144,37144,73374,2104,76,84,2003-05-19T00:00:00.000Z,22,1860,Getafe CF,53,5,6,getafe-cf,12,13,https://cmtracker.fra1.cdn.digitaloceanspaces.com/DB/26/heads/p73374.png,21,9,10,1037,5,Right,3,3,1,0,,190,80,Male,,,Yes,No,20000000,17000000,14500000,34500,29000,25000,"Press Proven, Relentless, Enforcer",,68,71,65,69,69,83,ST,CAM | CM,True,False,False,christantus-uche,18,69,69,72,73,72,75,74,75,72,76
78,77,60,74,87,71,74,75,83,60,76,23,43,74,28,71,35,25,78,79,77,77,54,24,78,77,45,33,51,7,15,8,13,6,53,78,57,62,73,56,10,2024-11-08,2029-06-01,0,45,Spain,Raúl,Asencio del Rosario,R. Asencio,Asencio,30926,2797,30405,75605,1836,77,84,2003-02-13T00:00:00.000Z,22,243,Real Madrid,53,10,7,real-madrid,17,53,https://cmtracker.fra1.cdn.digitaloceanspaces.com/DB/26/heads/p75605.png,3,3,2,4011,2,Right,2,3,1,0,49500000.0,184,85,Male,,,Yes,No,23500000,20000000,17000000,125000,105000,90000,,,78,39,48,69,77,79,CB,RB,True,False,False,raul-asencio-del-rosario,17,69,71,77,75,61,65,60,57,57,56
87,88,84,83,70,72,64,68,52,63,25,71,65,76,65,77,71,44,46,56,68,28,71,66,30,31,68,70,66,12,15,9,8,14,64,30,65,69,82,57,12,2025-08-28,2030-06-01,0,54,Brazil,Weslley,Pinto Batista,Patati,Patati,44872,44873,44874,80911,1883,73,84,2003-10-01T00:00:00.000Z,21,1906,AZ,10,8,9,az,7,10,https://cmtracker.fra1.cdn.digitaloceanspaces.com/DB/26/heads/p80911.png,0,9,5,1536,2,Left,4,3,1,1,,173,59,Male,,,No,No,8000000,7000000,6000000,13500,11500,9700,"Incisive Pass, Inventive, Technical",,88,69,61,75,32,65,RM,LM | RW,True,False,False,weslley-pinto-batista,18,55,52,43,50,72,64,71,72,73,69
60,65,61,72,86,74,86,74,71,61,73,31,53,69,45,66,31,48,79,68,71,77,68,55,75,74,45,35,48,14,11,11,5,7,55,76,58,74,67,57,10,2021-07-01,2030-06-01,0,45,Spain,César,Tárrega Requeni,Tárrega,César Tárrega,8158,37096,37095,265726,1869,76,83,2002-02-26T00:00:00.000Z,23,461,Valencia CF,53,7,6,valencia-cf,5,53,https://cmtracker.fra1.cdn.digitaloceanspaces.com/DB/26/heads/p265726.png,0,7,1,529,5,Right,2,3,1,0,24100000.0,194,78,Male,,,Yes,No,16500000,14000000,12000000,33000,28000,24000,,,63,46,53,67,76,79,CB,-,True,False,False,cesar-tarrega-requeni,16,68,69,75,72,59,64,59,57,57,57
72,70,65,67,71,76,62,73,61,71,74,64,75,78,61,77,63,52,62,76,78,65,60,62,74,65,57,65,61,8,7,9,10,6,65,68,70,67,70,68,8,2022-07-01,2029-06-01,0,18,France,Kévin,Danois,Danois,Kévin Danois,20600,8544,8544,272894,1997,75,83,2004-06-28T00:00:00.000Z,21,57,AJ Auxerre,16,3,3,aj-auxerre,5,16,https://cmtracker.fra1.cdn.digitaloceanspaces.com/DB/26/heads/p272894.png,0,5,6,1003,2,Right,2,3,1,0,,183,72,Male,,,No,No,15000000,12500000,11000000,19500,16500,14000,,"Career One Club Player, Career Injury Prone",71,61,68,72,68,68,CM,CDM,True,False,False,kevin-danois,14,71,70,68,72,72,74,73,71,71,67
64,62,63,66,69,74,69,70,53,71,69,66,66,78,60,77,66,54,61,72,76,64,80,76,72,64,44,53,48,5,14,6,9,9,62,67,67,74,65,63,9,2024-02-02,2030-06-01,0,18,France,Djaoui,Cissé,Cissé,Djaoui Cissé,9483,7401,7401,71114,1950,73,84,2004-01-31T00:00:00.000Z,21,74,Stade Rennais,16,6,5,stade-rennais,6,16,https://cmtracker.fra1.cdn.digitaloceanspaces.com/DB/26/heads/p71114.png,0,9,9,1039,4,Right,3,3,1,0,,188,73,Male,,,No,No,8000000,7000000,6000000,17500,15000,12500,,,63,63,64,71,66,66,CM,CDM,False,False,False,djaoui-cisse,15,68,67,67,70,70,72,71,71,70,69
83,88,63,57,89,71,79,70,72,70,73,50,65,69,68,70,28,20,73,63,71,73,38,24,76,68,25,44,25,12,8,8,8,10,53,73,54,61,73,60,10,2023-08-09,2030-06-01,0,21,Germany,Nnamdi,Collins,Collins,Nnamdi Collins,27288,7594,7594,256500,1811,74,84,2004-01-10T00:00:00.000Z,21,1824,Eintracht Frankfurt,19,8,5,eintracht-frankfurt,34,19,https://cmtracker.fra1.cdn.digitaloceanspaces.com/DB/26/heads/p256500.png,3,9,5,1036,5,Right,2,3,1,0,,191,84,Male,,,No,No,10500000,9000000,7500000,21000,18000,15500,Slide Tackle,,86,32,55,67,73,78,CB,RB | RM,False,False,False,nnamdi-collins,16,72,72,73,70,67,65,62,60,63,56
69,72,73,77,84,78,82,70,74,69,32,74,68,74,38,72,74,52,74,55,67,24,78,64,29,30,75,59,64,11,8,6,14,10,66,28,63,78,73,64,10,2020-10-16,2030-06-01,0,34,Holland,Mexx,Meerdink,Meerdink,Mexx Meerdink,24935,24631,24631,267974,1900,73,83,2003-07-24T00:00:00.000Z,21,1906,AZ,10,8,9,az,35,10,https://cmtracker.fra1.cdn.digitaloceanspaces.com/DB/26/heads/p267974.png,16,1,1,47,2,Left,4,3,1,0,,183,68,Male,,,No,No,8000000,7000000,6000000,15000,12500,11000,"Power Shot, Precision Header, Acrobatic, Gamechanger, First Touch, Enforcer",,71,72,57,73,38,80,ST,-,False,False,False,mexx-meerdink,17,51,49,50,53,67,64,69,71,68,73
80,80,72,74,65,89,55,68,61,60,68,67,68,68,57,71,61,50,50,69,72,49,55,54,69,54,45,56,41,12,7,11,10,9,57,58,63,64,75,61,10,2022-02-01,2030-06-01,0,167,Korea Republic,Sang Yoon,Kang,Sangyoon,Kang Sang Yoon,32686,18806,32713,268895,1877,70,83,2004-05-31T00:00:00.000Z,21,1477,Jeonbuk Hyundai Motors,83,10,10,jeonbuk-hyundai-motors,13,83,https://cmtracker.fra1.cdn.digitaloceanspaces.com/DB/26/heads/p268895.png,0,9,4,560,2,Right,2,3,1,0,,171,64,Male,,,No,No,4600000,3900000,3400000,6300,5300,4600,"Pinged Pass, Relentless",,80,54,62,69,58,68,CM,CAM | CDM,False,False,False,sang-yoon-kang,16,67,66,60,66,69,69,68,67,68,63
83,84,77,80,53,74,42,64,58,65,45,67,70,76,64,76,71,58,43,67,69,39,65,64,41,36,55,63,60,12,6,10,11,6,61,39,68,60,78,61,9,2024-08-28,2029-06-01,0,52,Argentina,Benjamín,Domínguez,Dominguez,Benjamín Domínguez,4197,9613,9601,269558,1854,73,83,2003-09-19T00:00:00.000Z,21,189,Bologna,31,6,6,bologna,30,31,https://cmtracker.fra1.cdn.digitaloceanspaces.com/DB/26/heads/p269558.png,3,3,2,3,2,Right,4,3,1,1,,172,68,Male,,,Yes,No,8000000,7000000,6000000,29000,24500,21000,,,84,64,65,73,41,57,LM,LW,False,False,False,benjamin-dominguez,14,59,56,47,56,72,67,71,71,72,66
82,80,83,87,72,93,60,64,59,70,65,60,64,65,66,67,62,66,55,65,66,60,73,65,72,69,53,70,50,5,10,6,9,12,61,67,67,73,80,62,9,2022-08-13,2027-06-01,0,52,Argentina,Mateo,Del Blanco,Del Blanco,Mateo Del Blanco,24116,8879,8879,273028,2005,72,83,2003-10-31T00:00:00.000Z,21,111716,Unión de Santa Fe,353,2,3,union-de-santa-fe,11,353,https://cmtracker.fra1.cdn.digitaloceanspaces.com/DB/26/heads/p273028.png,3,8,3,4000,8,Left,3,3,1,2,6800000.0,170,68,Male,,,No,No,6000000,5000000,4300000,7800,6600,5700,Rapid,,81,61,66,73,64,71,LB,CM | LM,False,False,False,mateo-del-blanco,14,70,69,64,66,68,66,66,66,67,64
79,76,84,86,64,72,58,75,41,76,44,69,79,80,68,81,70,72,45,74,79,42,73,76,37,29,63,68,63,14,8,11,5,10,65,36,75,69,80,62,10,2023-08-14,2027-06-01,0,45,Spain,Carlos,Álvarez Rivera,C. Álvarez,Carlos Álvarez,6381,40815,5991,274209,1971,77,83,2003-08-06T00:00:00.000Z,21,1853,Levante UD,53,3,7,levante-ud,24,53,https://cmtracker.fra1.cdn.digitaloceanspaces.com/DB/26/heads/p274209.png,3,3,4,4015,9,Left,3,3,1,1,27600000.0,167,75,Male,,,No,No,20000000,17000000,14500000,25500,21500,18500,,,78,69,73,80,39,59,RM,CAM | RW,False,False,False,carlos-alvarez-rivera,16,60,56,48,59,75,73,77,75,76,70
80,79,72,70,83,76,76,68,72,62,24,75,56,72,62,73,75,53,69,63,61,37,72,71,38,27,65,61,75,6,7,8,14,8,67,34,65,76,74,61,9,2025-08-15,2030-06-01,0,10,Croatia,Matija,Frigan,Frigan,Matija Frigan,24184,12377,12377,275401,1910,73,83,2003-02-11T00:00:00.000Z,22,50,Parma,31,3,4,parma,20,31,https://cmtracker.fra1.cdn.digitaloceanspaces.com/DB/26/heads/p275401.png,4,2,1,2022,5,Left,2,4,1,0,,185,78,Male,,,No,No,8000000,7000000,6000000,19000,16000,13500,"Precision Header, Low Driven Shot",,80,72,59,70,39,77,ST,-,False,False,False,matija-frigan,15,54,52,50,52,69,62,68,70,70,72
70,69,77,72,71,90,68,78,71,84,64,72,76,84,76,80,71,70,62,77,75,63,72,66,64,62,56,67,67,10,5,7,13,14,68,63,76,74,74,73,10,2025-06-04,2028-06-01,0,10,Croatia,Petar,Sučić,Sučić,Petar Sučić,29409,35084,35084,276278,2123,76,83,2003-10-25T00:00:00.000Z,21,44,Lombardia FC,31,9,2,lombardia-fc,8,31,https://cmtracker.fra1.cdn.digitaloceanspaces.com/DB/26/heads/p276278.png,3,6,2,25,1,Right,3,4,1,0,,183,76,Male,,,No,No,18000000,15000000,13000000,24000,20500,17500,"Technical, Relentless",,70,67,74,79,63,75,CM,CDM,False,False,False,petar-sucic,17,72,70,66,72,76,76,76,75,75,72
54,65,65,53,70,75,74,76,70,74,76,65,76,77,53,72,65,44,67,76,78,76,66,63,76,74,44,60,46,11,8,9,9,12,62,76,66,70,63,68,10,2023-08-11,2029-06-01,0,45,Spain,Sergio,Altimira Clavell,Altimira,Altimira,33457,1756,1755,276471,1979,77,83,2001-08-25T00:00:00.000Z,23,449,Real Betis Balompié,53,6,5,real-betis-balompie,6,53,https://cmtracker.fra1.cdn.digitaloceanspaces.com/DB/26/heads/p276471.png,6,5,1,3506,4,Right,3,3,1,1,35600000.0,188,80,Male,,,Yes,No,18000000,15500000,13000000,27000,23000,20000,,,60,58,65,70,74,72,CDM,CM,False,False,False,sergio-altimira-clavell,17,71,71,74,75,69,74,72,70,68,68
76,79,74,74,77,59,75,67,48,73,25,72,69,83,66,82,74,50,58,64,69,24,69,72,26,29,69,73,71,5,6,11,8,6,68,27,71,71,74,60,8,2023-08-08,2026-06-01,0,45,Spain,Óscar,Aranda Subiela,Aranda,Óscar Aranda,40930,2487,2486,277594,1883,74,83,2002-04-29T00:00:00.000Z,23,112809,Famalicão,308,5,8,famalicao,11,308,https://cmtracker.fra1.cdn.digitaloceanspaces.com/DB/26/heads/p277594.png,0,9,4,55,2,Right,4,4,1,1,,181,78,Male,,,No,No,11000000,9500000,8000000,12500,10500,8900,"Dead Ball, Gamechanger, Technical, Trickster",,78,71,65,76,32,65,LM,ST | RM | LW,False,False,False,oscar-aranda-subiela,13,53,50,44,50,73,66,73,74,74,72
90,88,82,79,54,68,41,67,61,58,41,70,67,70,68,72,65,48,40,62,69,34,68,71,45,30,62,58,52,7,7,6,14,12,61,37,62,61,82,59,10,2025-07-11,2030-06-01,0,45,Spain,Víctor,Muñoz Villanueva,Víctor M.V.,Víctor Muñoz,38326,26179,44233,76042,1826,72,83,2003-07-13T00:00:00.000Z,21,479,CA Osasuna,53,5,7,ca-osasuna,21,53,https://cmtracker.fra1.cdn.digitaloceanspaces.com/DB/26/heads/p76042.png,13,3,1,2,2,Right,3,3,1,0,9000000.0,173,70,Male,,,No,No,6000000,5500000,4500000,21000,18000,15500,Quick Step,,89,65,62,71,38,56,LW,CAM | LM,True,False,False,victor-munoz-villanueva,16,58,55,46,54,71,65,70,70,72,65
70,72,80,78,68,77,71,74,54,73,50,71,75,77,69,76,68,56,50,71,75,51,63,61,52,53,59,67,58,9,6,11,9,14,65,52,70,68,75,64,10,2025-08-29,2030-06-01,0,12,Czech Republic,Matěj,Šín,Šín,Matěj Šín,24094,44885,44885,81231,1968,74,83,2004-06-02T00:00:00.000Z,21,1906,AZ,10,8,9,az,33,10,https://cmtracker.fra1.cdn.digitaloceanspaces.com/DB/26/heads/p81231.png,15,3,2,1,1,Left,3,4,1,0,,180,70,Male,,,No,No,11000000,9500000,8000000,15000,12500,11000,"Incisive Pass, First Touch",,71,63,69,76,51,68,CAM,RM | CM,True,False,False,matej-sin,16,65,62,57,64,73,71,73,72,72,68
78,76,79,80,75,93,68,76,69,76,69,71,75,77,75,74,53,57,61,77,78,78,64,63,75,78,50,71,44,15,12,12,9,9,64,77,72,73,78,68,12,2025-05-14,2029-06-01,0,46,Sweden,Daniel,Svensson,Svensson,Daniel Svensson,8495,35310,35310,259716,2117,78,83,2002-02-12T00:00:00.000Z,23,22,Borussia Dortmund,19,9,3,borussia-dortmund,24,19,https://cmtracker.fra1.cdn.digitaloceanspaces.com/DB/26/heads/p259716.png,1,1,1,3,2,Left,3,4,1,2,,178,72,Male,,,No,No,23500000,20000000,17000000,43000,36500,31500,Relentless,,77,58,72,77,72,76,LB,CM | LM,True,False,False,daniel-svensson,18,77,76,72,75,75,75,73,71,72,67
78,79,73,64,74,75,60,71,61,69,72,69,71,79,76,76,70,51,64,69,74,72,69,67,72,71,38,62,56,15,12,6,13,12,65,72,68,69,73,67,12,2019-07-01,2029-06-01,0,45,Spain,Juan Luis,Sánchez Velasco,Juanlu,Juanlu Sánchez,18159,35434,18177,264174,2040,75,83,2003-08-15T00:00:00.000Z,21,481,Sevilla FC,53,8,4,sevilla-fc,16,53,https://cmtracker.fra1.cdn.digitaloceanspaces.com/DB/26/heads/p264174.png,3,3,4,2503,5,Right,3,3,1,2,27600000.0,186,70,Male,,,Yes,No,14000000,12000000,10500000,22500,19000,16500,,,79,62,67,72,70,68,RB,RM,True,False,False,juan-luis-sanchez-velasco,19,74,73,69,71,74,72,73,73,74,70
69,73,72,66,83,73,72,77,66,75,78,55,66,75,67,70,39,35,70,72,78,79,42,35,78,76,34,58,42,9,12,14,7,12,58,78,62,61,72,64,11,2021-03-26,2028-06-01,0,34,Holland,Youri,Baas,Baas,Youri Baas,39721,3261,3261,264220,1929,76,83,2003-03-17T00:00:00.000Z,22,245,Ajax,10,10,6,ajax,15,10,https://cmtracker.fra1.cdn.digitaloceanspaces.com/DB/26/heads/p264220.png,3,2,2,2020,1,Left,2,2,1,0,,182,71,Male,,,No,No,16500000,14000000,12000000,17000,14500,12500,Intercept,,71,41,63,73,76,74,CB,LB | CDM,True,False,False,youri-baas,17,74,75,75,75,68,70,66,63,65,59
58,65,47,58,75,60,77,64,62,58,67,24,31,65,26,58,39,35,69,54,66,66,45,38,69,65,33,31,45,13,10,15,13,10,47,67,49,59,59,48,13,2025-07-01,2029-06-01,0,51,Serbia,Bojan,Kovačević,Kovačević,Bojan Kovačević,4936,20138,20138,74788,1611,68,83,2004-05-22T00:00:00.000Z,21,1968,Cádiz CF,54,4,8,cadiz-cf,14,54,https://cmtracker.fra1.cdn.digitaloceanspaces.com/DB/26/heads/p74788.png,6,9,4,1,5,Right,2,3,1,0,6200000.0,194,78,Male,,,No,No,3300000,2800000,2400000,4000,3400,2900,,,62,37,41,58,67,69,CB,-,False,False,False,bojan-kovacevic,17,59,61,67,63,51,54,51,50,49,51
60,55,74,79,66,75,67,76,83,78,79,65,74,77,66,77,53,52,57,80,79,73,69,60,78,79,53,74,54,5,5,9,7,14,62,77,72,68,69,73,8,2024-08-30,2029-06-01,0,54,Brazil,André,Trindade,André,André,2132,36829,2132,74866,2052,78,83,2001-07-16T00:00:00.000Z,23,110,Wolverhampton Wanderers,13,4,8,wolverhampton-wanderers,7,13,https://cmtracker.fra1.cdn.digitaloceanspaces.com/DB/26/heads/p74866.png,0,9,5,1516,2,Right,2,3,1,1,,177,77,Male,,,No,No,23000000,19500000,16500000,66000,56000,48500,Press Proven,,58,59,71,77,73,73,CDM,CM,False,False,False,andre-trindade,15,73,73,73,77,70,75,71,69,69,65
70,74,66,59,75,70,74,76,70,76,19,81,71,72,64,78,83,66,64,54,68,25,74,73,31,24,75,68,73,7,8,6,10,15,71,27,68,74,69,65,10,2025-07-31,2030-06-01,0,10,Croatia,Franjo,Ivanović,Ivanović,Franjo Ivanović,12256,16634,16634,74896,1919,75,83,2003-10-01T00:00:00.000Z,21,234,Benfica,308,10,10,benfica,9,308,https://cmtracker.fra1.cdn.digitaloceanspaces.com/DB/26/heads/p74896.png,0,2,3,1505,5,Right,3,3,1,0,27500000.0,185,78,Male,,,No,No,15000000,12500000,11000000,17000,14500,12500,"Finesse Shot, Power Shot, Press Proven, Bruiser",,72,77,65,71,33,72,ST,CAM,False,False,False,franjo-ivanovic,17,52,49,46,50,72,65,72,75,73,75
81,95,69,42,92,84,82,77,64,75,35,82,64,76,47,69,79,53,77,49,65,26,78,69,21,23,74,63,68,11,10,12,6,10,69,24,62,81,73,65,10,2023-07-23,2028-06-01,0,34,Holland,Emanuel,Emegha,Emegha,Emanuel Emegha,10716,10728,10728,258437,1928,78,83,2003-02-03T00:00:00.000Z,22,76,RC Strasbourg,16,6,9,rc-strasbourg,10,16,https://cmtracker.fra1.cdn.digitaloceanspaces.com/DB/26/heads/p258437.png,0,3,8,1016,4,Left,3,5,1,0,,195,82,Male,,,Yes,No,26000000,22000000,19000000,58000,49500,42500,"Low Driven Shot, Gamechanger, Enforcer",,88,75,57,68,36,81,ST,-,False,False,False,emanuel-emegha,16,54,52,49,51,71,64,71,75,72,77
83,82,78,78,71,83,59,73,76,74,74,66,75,77,61,75,60,51,56,74,77,70,69,67,74,66,68,67,56,7,7,12,13,7,65,70,69,70,79,71,10,2025-08-20,2030-06-01,0,126,Mali,Mamadou,Sangaré,Sangaré,Mamadou Sangaré,23308,32698,32698,258601,2086,75,83,2002-06-26T00:00:00.000Z,23,64,RC Lens,16,5,3,rc-lens,8,16,https://cmtracker.fra1.cdn.digitaloceanspaces.com/DB/26/heads/p258601.png,21,9,8,1036,1,Left,3,4,1,0,,181,72,Male,,,No,No,14500000,12500000,10500000,24500,21000,18000,"Gamechanger, Long Ball Pass, Inventive, Intercept, Slide Tackle, Technical, Relentless",,83,64,68,76,68,72,CM,CDM | CAM,False,False,False,mamadou-sangare,15,73,72,69,73,73,74,73,72,72,68
78,79,75,66,65,76,60,71,69,65,44,74,69,75,66,75,73,42,47,65,71,63,64,62,58,55,48,66,55,7,10,7,12,7,61,59,65,66,74,63,9,2025-07-01,2028-06-01,0,45,Spain,Miguel,Rodríguez Vidal,Miguel,Miguel Rodríguez,25028,31594,25028,258730,1919,73,83,2003-04-29T00:00:00.000Z,22,1903,FC Utrecht,10,7,5,fc-utrecht,22,10,https://cmtracker.fra1.cdn.digitaloceanspaces.com/DB/26/heads/p258730.png,6,3,3,10,2,Left,3,3,1,0,11900000.0,179,73,Male,,,No,No,8000000,7000000,6000000,11500,9600,8200,,,79,63,63,71,53,68,RW,RM,False,False,False,miguel-rodriguez-vidal,15,65,63,59,63,72,68,72,72,72,68
73,67,75,78,65,82,65,73,47,73,41,77,79,75,77,75,75,69,48,74,77,36,72,73,40,39,70,76,76,9,12,15,10,14,70,39,74,72,74,66,12,2024-07-01,2028-06-01,0,7,Belgium,Jarne,Steuckers,Steuckers,Jarne Steuckers,17187,34927,34927,260570,2007,76,83,2002-02-04T00:00:00.000Z,23,673,Genk,4,9,8,genk,7,4,https://cmtracker.fra1.cdn.digitaloceanspaces.com/DB/26/heads/p260570.png,3,4,2,2008,2,Left,3,3,1,1,19500000.0,179,68,Male,,,No,No,17500000,15000000,13000000,25000,21000,18000,"Dead Ball, Long Ball Pass, Press Proven",,70,74,75,75,41,65,RM,RW,False,False,False,jarne-steuckers,18,61,57,49,59,75,72,75,74,74,71
81,80,61,60,74,75,84,66,47,64,28,66,66,70,57,75,63,62,42,60,66,35,62,57,38,32,49,62,42,7,14,9,12,12,56,35,66,71,70,53,11,2025-07-15,2030-06-01,0,13,Denmark,Isak,Jensen,Jensen,Isak Jensen,16492,17400,17400,264263,1778,70,83,2003-12-23T00:00:00.000Z,21,1906,AZ,10,8,9,az,17,10,https://cmtracker.fra1.cdn.digitaloceanspaces.com/DB/26/heads/p264263.png,4,6,2,2001,5,Right,3,3,1,1,,185,91,Male,,,No,No,4600000,3900000,3400000,9700,8200,7100,Quick Step,,81,57,62,66,35,70,LM,LW,False,False,False,isak-jensen,17,55,52,47,52,68,63,67,67,68,65
68,78,66,65,83,79,80,74,78,74,75,59,71,70,64,63,52,42,75,73,69,76,60,53,75,75,51,56,54,11,10,8,6,12,63,76,61,71,71,69,10,2023-07-01,2025-06-01,0,52,Argentina,Lautaro,Rivero,Rivero,Lautaro Rivero,21084,31402,31402,72745,2005,76,83,2003-11-01T00:00:00.000Z,21,1876,River Plate,353,10,5,river-plate,13,353,https://cmtracker.fra1.cdn.digitaloceanspaces.com/DB/26/heads/p72745.png,21,3,4,1505,4,Left,2,3,1,0,,185,80,Male,,,No,No,16500000,14000000,12000000,15500,13000,11500,,,73,55,63,69,75,80,CB,LB,True,False,False,lautaro-rivero,16,72,73,75,73,67,69,66,65,65,64
74,71,73,60,66,65,57,71,62,69,69,75,73,78,75,78,73,46,55,72,77,61,65,62,65,58,57,64,63,10,9,14,8,8,68,62,68,63,70,69,10,2021-07-01,2028-06-01,0,45,Spain,Hugo,Álvarez Antúnez,Hugo A.,Hugo Álvarez,15717,40812,15718,266331,1983,76,82,2003-07-02T00:00:00.000Z,21,450,RC Celta de Vigo,53,6,5,rc-celta-de-vigo,23,53,https://cmtracker.fra1.cdn.digitaloceanspaces.com/DB/26/heads/p266331.png,0,8,4,14,1,Right,3,3,1,1,27600000.0,176,72,Male,,,Yes,No,14000000,12000000,10500000,22500,19500,16500,,,73,66,68,72,62,63,LM,RM | LW,True,False,False,hugo-alvarez-antunez,15,69,67,63,68,74,73,74,73,74,70
80,77,75,64,74,78,68,75,75,69,77,75,73,78,74,77,69,66,57,66,74,76,73,64,79,75,60,74,50,9,10,7,9,11,67,77,73,72,75,70,10,2024-07-09,2026-06-30,1,45,Spain,Carlos,Romero Serrano,C. Romero,Carlos Romero,6381,31699,5981,270728,2118,78,82,2001-10-29T00:00:00.000Z,23,483,Villarreal CF,53,8,6,villarreal-cf,22,53,https://cmtracker.fra1.cdn.digitaloceanspaces.com/DB/26/heads/p270728.png,6,5,1,1526,1,Left,2,2,1,2,,180,73,Male,,,Yes,No,22000000,18500000,16000000,37500,32000,27500,"Jockey, Anticipate",,79,65,71,73,73,74,LB,LM | CM,True,False,False,carlos-romero-serrano,16,76,75,73,74,75,73,74,74,74,71
72,75,62,71,85,67,77,70,61,72,21,76,62,72,43,64,75,41,74,56,65,25,74,64,35,24,68,50,65,14,12,10,11,8,65,28,57,74,70,60,11,2025-09-02,2029-06-01,0,103,Cameroon,Karl Edouard,Etta Eyong,Etta Eyong,Karl Edouard Etta Eyong,18938,11154,11154,271414,1821,72,82,2003-10-14T00:00:00.000Z,21,1853,Levante UD,53,3,7,levante-ud,21,53,https://cmtracker.fra1.cdn.digitaloceanspaces.com/DB/26/heads/p271414.png,21,9,9,1021,2,Right,3,3,1,0,6500000.0,181,75,Male,,,No,No,6500000,5500000,4600000,19000,16000,14000,Precision Header,,74,70,53,69,36,73,ST,-,True,False,False,karl-edouard-etta-eyong,17,49,47,47,50,65,61,67,70,66,72
71,69,65,62,86,73,82,70,80,70,71,40,62,65,49,60,31,28,73,70,68,72,67,33,73,71,26,54,42,5,10,5,8,9,50,72,56,69,68,61,8,2024-08-16,2028-06-01,0,14,England,Charlie,Hughes,Hughes,Charlie Hughes,6923,15715,15715,272895,1820,73,82,2003-10-16T00:00:00.000Z,21,1952,Hull City,14,7,6,hull-city,4,14,https://cmtracker.fra1.cdn.digitaloceanspaces.com/DB/26/heads/p272895.png,3,4,1,12,5,Right,2,3,1,0,,189,80,Male,,,No,No,7500000,6500000,5500000,22000,19000,16000,Long Ball Pass,,70,40,55,65,72,80,CB,-,True,False,False,charlie-hughes,14,67,68,73,70,60,63,59,57,56,56
77,83,68,70,65,62,50,64,39,71,19,70,56,72,56,70,69,50,58,60,65,15,69,62,24,16,51,60,68,9,13,8,8,14,60,19,63,62,73,54,11,2025-07-24,2029-06-01,0,136,Senegal,Papa Amadou,Diallo,P.A.Diallo,Papa Amadou Diallo,28765,9189,28540,275372,1711,68,82,2004-06-25T00:00:00.000Z,21,1792,Norwich City,14,8,5,norwich-city,19,14,https://cmtracker.fra1.cdn.digitaloceanspaces.com/DB/26/heads/p275372.png,21,9,10,1028,1,Right,3,2,1,1,,182,67,Male,,,No,No,3500000,3000000,2600000,13500,11500,10000,,,80,65,58,69,26,54,LM,RM | LW,True,False,False,papa-amadou-diallo,16,48,45,36,44,67,60,66,68,68,67
75,82,78,78,82,69,79,68,54,65,31,73,62,75,59,73,79,53,69,63,70,42,75,68,29,24,67,58,64,10,12,8,7,12,69,32,65,75,77,59,10,2023-07-01,2029-06-01,0,119,Guinea-Bissau,Franculino,Djú,Franculino,Franculino,12251,9515,12251,277211,1913,74,82,2004-06-28T00:00:00.000Z,21,1516,FC Midtjylland,1,9,9,fc-midtjylland,7,1,https://cmtracker.fra1.cdn.digitaloceanspaces.com/DB/26/heads/p277211.png,0,3,9,1007,5,Left,2,3,1,0,,186,70,Male,,,No,No,11500000,9500000,8000000,23000,19500,17000,Press Proven,,79,71,61,73,39,71,ST,-,True,False,False,franculino-dju,16,54,52,49,53,70,65,71,72,71,74
76,66,82,63,75,77,66,69,68,70,68,67,68,72,52,72,57,52,63,73,74,69,65,56,70,64,45,62,51,9,7,9,8,7,59,68,67,68,72,66,8,2023-07-01,2026-06-30,1,34,Holland,Gjivai,Zechiël,Zechiël,Gjivai Zechiël,13371,40055,40055,277483,1952,70,82,2004-06-01T00:00:00.000Z,21,246,Feyenoord,10,10,5,feyenoord,21,10,https://cmtracker.fra1.cdn.digitaloceanspaces.com/DB/26/heads/p277483.png,3,4,4,1007,1,Right,3,3,1,0,,183,67,Male,,,No,No,4600000,3900000,3400000,8100,6900,5900,"Inventive, Intercept, Technical",,71,57,64,71,67,72,CM,CDM,True,False,False,gjivai-zechiel,14,68,67,68,70,68,70,69,68,67,65
73,68,76,70,61,66,48,69,69,67,70,62,58,66,66,66,49,44,59,61,68,71,53,51,73,71,46,60,48,10,13,6,9,13,58,72,60,56,72,63,11,2023-08-13,2027-06-01,0,18,France,Lucas,Mincarelli,Mincarelli,Lucas Mincarelli,22230,25257,25257,278262,1860,71,82,2004-01-05T00:00:00.000Z,21,70,Montpellier HSC,17,9,2,montpellier-hsc,21,17,https://cmtracker.fra1.cdn.digitaloceanspaces.com/DB/26/heads/p278262.png,5,8,1,1526,1,Left,2,3,1,2,,180,65,Male,,,No,No,4700000,4000000,3500000,4700,4000,3400,,,71,52,60,69,69,61,LB,CB,True,False,False,lucas-mincarelli,17,68,68,66,67,64,64,63,62,64,59
67,69,66,64,75,66,73,68,59,63,44,70,60,70,58,69,70,51,67,60,65,42,73,65,40,50,64,61,64,6,13,12,7,7,65,44,63,71,67,60,9,2023-09-01,2030-06-01,0,45,Spain,Gonzalo,García Torres,Gonzalo,Gonzalo,13529,12837,13529,278399,1858,69,82,2004-03-24T00:00:00.000Z,21,243,Real Madrid,53,10,7,real-madrid,16,53,https://cmtracker.fra1.cdn.digitaloceanspaces.com/DB/26/heads/p278399.png,6,9,2,2022,2,Right,3,4,1,0,,182,81,Male,,,No,No,4100000,3500000,3000000,59000,50000,43000,,,68,68,59,67,49,68,ST,-,True,False,False,gonzalo-garcia-torres,15,57,56,54,56,66,63,66,68,66,69
72,73,61,64,81,78,74,76,78,75,76,54,66,75,64,70,45,31,72,65,75,76,56,35,77,75,50,58,32,13,13,10,12,14,62,76,60,65,70,64,13,2023-01-01,2028-06-01,0,45,Spain,Javier,Rodríguez Galiano,Javi Rguez,Javi Rodríguez,17262,31576,17256,279027,1946,76,82,2003-06-27T00:00:00.000Z,22,450,RC Celta de Vigo,53,6,5,rc-celta-de-vigo,32,53,https://cmtracker.fra1.cdn.digitaloceanspaces.com/DB/26/heads/p279027.png,3,5,4,26,2,Right,3,3,1,0,26400000.0,178,70,Male,,,Yes,No,13000000,11000000,9500000,25500,21500,18500,,,73,45,60,70,75,78,CB,RB | CM,True,False,False,javier-rodriguez-galiano,19,73,74,75,74,68,69,66,64,65,62
83,84,81,66,57,73,52,67,65,59,59,58,68,69,78,69,41,49,37,70,64,62,60,52,64,70,37,79,56,13,10,9,14,13,52,66,68,59,77,61,12,2023-07-01,2028-06-01,0,10,Croatia,Šimun,Hrgović,Hrgović,Šimun Hrgović,41129,15643,15643,279188,1888,70,82,2004-03-20T00:00:00.000Z,21,263,Hajduk Split,76,9,5,hajduk-split,32,76,https://cmtracker.fra1.cdn.digitaloceanspaces.com/DB/26/heads/p279188.png,5,2,1,1526,2,Left,2,3,1,2,,173,69,Male,,,No,No,4400000,3800000,3200000,10000,8500,7300,,,84,51,68,69,58,62,LB,RB,True,False,False,simun-hrgovic,18,69,67,60,65,68,65,65,63,66,57
88,85,92,86,48,64,32,68,50,69,31,65,68,78,70,80,65,51,30,57,67,39,54,55,29,38,62,63,59,10,12,8,7,14,59,36,66,51,84,57,11,2025-01-21,2028-06-01,0,54,Brazil,Kaio César,Andrade Lima,Kaio César,Kaio César,18627,2057,18627,70651,1794,73,83,2004-02-15T00:00:00.000Z,21,605,Al Hilal,350,10,10,al-hilal,11,350,https://cmtracker.fra1.cdn.digitaloceanspaces.com/DB/26/heads/p70651.png,0,9,6,2518,8,Left,5,3,1,1,,167,66,Male,,,No,No,8000000,7000000,6000000,25000,21500,18500,"Technical, Trickster",,87,60,63,79,33,49,RM,RW,False,False,False,kaio-cesar-andrade-lima,16,57,53,40,51,72,63,71,70,73,63
83,77,92,80,62,71,50,70,35,64,21,72,64,83,69,87,74,63,47,60,69,29,68,70,29,36,61,77,50,7,5,15,6,12,64,32,74,65,81,51,9,2024-07-01,2030-06-01,0,97,Algeria,Anis,Hadj-Moussa,Hadj Moussa,Anis Hadj-Moussa,2244,14391,14389,70726,1858,77,83,2002-02-11T00:00:00.000Z,23,246,Feyenoord,10,10,5,feyenoord,23,10,https://cmtracker.fra1.cdn.digitaloceanspaces.com/DB/26/heads/p70726.png,0,5,4,2518,2,Left,5,3,1,0,,176,72,Male,,,No,No,19500000,16500000,14500000,19000,16000,14000,"Gamechanger, First Touch, Trickster, Quick Step",,80,66,67,79,32,55,RW,RM,False,False,False,anis-hadj-moussa,14,56,52,41,50,74,66,74,74,76,70
75,74,76,64,67,66,63,70,64,68,68,67,70,74,60,73,62,60,53,71,77,61,67,61,63,61,58,62,59,8,15,6,7,8,62,62,68,65,72,66,9,2024-01-26,2028-06-01,0,54,Brazil,Marlon,Gomes Claudino,Marlon Gomes,Marlon Gomes,23805,13502,23807,70845,1958,71,83,2003-12-14T00:00:00.000Z,21,101059,Shakhtar Donetsk,76,10,3,shakhtar-donetsk,6,76,https://cmtracker.fra1.cdn.digitaloceanspaces.com/DB/26/heads/p70845.png,0,6,4,53,1,Right,3,3,1,0,,184,72,Male,,,No,No,5500000,4600000,3900000,12000,10500,8800,,,75,62,67,71,61,65,CM,CAM | CDM,False,False,False,marlon-gomes-claudino,15,67,66,64,68,70,70,71,69,70,66
81,79,80,76,85,65,80,72,72,73,31,71,68,75,58,77,74,49,69,58,67,28,76,67,35,22,69,72,62,5,7,11,11,14,68,29,67,75,78,63,10,2025-08-29,2030-06-01,0,129,Morocco,Hamza,Igamane,Igamane,Hamza Igamane,14579,16099,16099,73449,1939,74,83,2002-11-02T00:00:00.000Z,22,65,LOSC Lille,16,7,5,losc-lille,29,16,https://cmtracker.fra1.cdn.digitaloceanspaces.com/DB/26/heads/p73449.png,0,3,7,1024,3,Right,4,4,1,0,14700000.0,181,77,Male,,,No,No,11500000,9500000,8000000,27000,23000,19500,"Finesse Shot, Power Shot, Gamechanger, First Touch, Trickster, Press Proven",,80,70,62,76,37,76,ST,CAM,False,False,False,hamza-igamane,16,53,51,50,53,70,65,71,73,72,73
77,55,81,79,67,87,66,74,69,70,64,68,76,75,65,70,54,57,48,77,78,67,59,53,65,57,50,66,54,9,8,14,6,10,59,63,69,67,74,67,10,2025-08-29,2028-06-01,0,21,Germany,Caspar,Jander,Jander,Caspar Jander,6555,17085,17085,266422,1975,73,82,2003-03-23T00:00:00.000Z,22,17,Southampton,14,10,7,southampton,20,14,https://cmtracker.fra1.cdn.digitaloceanspaces.com/DB/26/heads/p266422.png,5,3,2,31,2,Right,3,4,1,0,,183,75,Male,,,No,No,8000000,7000000,6000000,41500,35500,30500,"Inventive, First Touch, Press Proven",,66,56,70,75,60,72,CM,CDM,False,False,False,caspar-jander,15,69,67,64,71,71,73,71,68,69,63
74,78,54,70,84,77,78,75,78,75,73,32,50,69,54,66,28,27,72,73,71,76,47,23,76,75,30,59,42,14,5,6,8,7,51,76,59,62,71,59,8,2025-07-01,2029-06-01,0,14,England,CJ,Egan-Riley,Egan-Riley,CJ Egan-Riley,5999,10342,10342,268131,1826,75,82,2003-01-02T00:00:00.000Z,22,219,Olympique de Marseille,16,8,6,olympique-de-marseille,4,16,https://cmtracker.fra1.cdn.digitaloceanspaces.com/DB/26/heads/p268131.png,0,3,4,4502,2,Right,2,3,1,0,,183,74,Male,,,Yes,No,12500000,10500000,9000000,32500,27500,23500,"Long Ball Pass, Jockey",,76,34,56,68,74,79,CB,-,False,False,False,cj-egan-riley,15,71,72,75,72,62,63,58,56,57,54
72,73,71,72,74,77,68,71,71,69,74,68,64,74,70,74,59,31,64,58,66,74,64,51,76,72,34,57,35,9,9,12,12,5,59,74,59,67,72,64,10,2023-07-01,2027-06-01,0,21,Germany,Lukas,Ullrich,Ullrich,Lukas Ullrich,22375,37210,37210,271119,1930,74,82,2004-03-16T00:00:00.000Z,21,23,Borussia M'gladbach,19,6,3,borussia-m-gladbach,26,19,https://cmtracker.fra1.cdn.digitaloceanspaces.com/DB/26/heads/p271119.png,3,9,2,1,2,Left,2,2,1,2,,180,73,Male,,,No,No,10500000,9000000,8000000,19000,16500,14000,,,73,52,58,72,72,73,LB,LM,False,False,False,lukas-ullrich,15,72,72,71,70,69,67,67,68,68,65
81,79,79,68,63,73,63,68,37,54,19,72,67,74,74,76,66,43,39,61,69,31,66,60,39,43,48,54,46,10,14,6,10,13,60,38,62,65,75,50,11,2024-07-07,2028-06-01,0,52,Argentina,Brian,Aguirre,Aguirre,Brian Aguirre,5462,745,745,271512,1765,72,82,2003-01-06T00:00:00.000Z,22,1877,Boca Juniors,353,10,6,boca-juniors,33,353,https://cmtracker.fra1.cdn.digitaloceanspaces.com/DB/26/heads/p271512.png,0,9,4,1550,1,Right,3,4,1,0,,175,72,Male,,,No,No,6000000,5500000,4500000,15000,13000,11000,,,80,60,61,70,34,59,LW,LM | RM,False,False,False,brian-aguirre,17,57,54,43,51,72,64,70,70,72,66
76,73,73,75,58,75,55,64,65,60,65,70,75,70,56,72,62,46,40,73,72,63,69,67,66,59,34,53,37,10,10,13,10,8,53,63,63,65,73,62,11,2022-05-15,2025-06-01,0,57,Ecuador,Patrik,Mercado,P. Mercado,Patrik Mercado,28978,24813,28530,271741,1874,71,82,2003-07-31T00:00:00.000Z,21,111592,Independiente del Valle,1003,9,5,independiente-del-valle,7,1003,https://cmtracker.fra1.cdn.digitaloceanspaces.com/DB/26/heads/p271741.png,0,9,6,1019,1,Right,3,3,1,0,,175,69,Male,,,No,No,4900000,4200000,3600000,12000,10000,8700,,,75,57,63,69,59,63,CM,CAM | LM,False,False,False,patrik-mercado,15,66,64,61,67,69,70,70,69,68,64
82,81,79,80,74,75,57,68,69,66,66,65,69,74,68,70,50,43,66,64,69,66,65,59,68,68,58,66,55,6,14,10,10,12,63,68,64,66,78,65,11,2025-07-01,2029-06-01,0,45,Spain,Álex,Valle Gómez,Álex Valle,Álex Valle,40783,37494,40809,273875,1992,72,82,2004-04-25T00:00:00.000Z,21,1745,Como,31,6,10,como,3,31,https://cmtracker.fra1.cdn.digitaloceanspaces.com/DB/26/heads/p273875.png,0,7,1,4010,2,Left,3,3,1,2,,183,57,Male,,,Yes,No,6000000,5000000,4300000,41500,35000,30000,,,82,59,63,73,67,69,LB,LM,False,False,False,alex-valle-gomez,16,70,70,66,67,69,68,68,67,68,64
78,77,76,82,58,78,62,58,42,65,24,67,65,71,56,70,69,50,30,64,65,39,68,67,34,36,52,63,55,9,9,13,8,7,55,37,64,67,75,53,10,2022-01-01,2025-06-01,0,55,Chile,Lucas,Assadi,Assadi,Lucas Assadi,22230,2866,2866,275209,1767,68,82,2004-01-08T00:00:00.000Z,21,15029,Universidad de Chile,1003,9,9,universidad-de-chile,10,1003,https://cmtracker.fra1.cdn.digitaloceanspaces.com/DB/26/heads/p275209.png,15,9,4,1512,2,Right,4,3,1,0,,172,65,Male,,,No,No,3500000,3000000,2600000,11000,9200,7900,Rapid,,78,63,61,70,33,60,CAM,LW | ST | CM,False,False,False,lucas-assadi,13,54,50,42,51,67,62,67,67,67,63
77,77,74,62,65,74,63,70,63,69,72,69,67,72,73,75,62,50,45,64,72,71,70,65,71,67,63,70,58,11,12,11,9,11,63,70,67,68,72,67,11,2025-01-21,2029-06-01,0,45,Spain,Andrés,García Robledo,A.García,Andrés García,2162,12834,136,275468,2004,73,82,2003-02-07T00:00:00.000Z,22,2,Aston Villa,13,7,9,aston-villa,16,13,https://cmtracker.fra1.cdn.digitaloceanspaces.com/DB/26/heads/p275468.png,3,2,2,68,2,Right,3,4,1,2,,183,82,Male,,,No,No,7500000,6500000,5500000,63000,53000,46000,,,77,65,66,70,65,66,RB,RM,False,False,False,andres-garcia-robledo,17,72,70,66,69,71,69,70,69,71,66
66,71,66,70,69,91,65,69,70,74,68,55,69,69,54,67,56,59,62,70,74,68,62,60,65,59,54,61,52,11,6,7,7,5,60,64,66,70,69,65,8,2024-08-30,2028-06-01,0,34,Holland,Stije,Resink,Resink,Stije Resink,34949,31148,31148,275867,1931,71,82,2003-05-28T00:00:00.000Z,22,1915,FC Groningen,10,4,7,fc-groningen,6,10,https://cmtracker.fra1.cdn.digitaloceanspaces.com/DB/26/heads/p275867.png,6,1,1,4001,2,Right,3,3,1,1,4950000.0,178,73,Male,,,No,No,4700000,4000000,3400000,8100,6900,5900,,,69,57,65,69,64,74,CDM,CM | CB,False,False,False,stije-resink,14,68,67,66,69,66,69,66,65,64,62
72,69,69,69,78,74,73,70,59,68,69,25,34,70,23,26,21,24,67,61,67,73,32,16,72,74,21,28,37,10,13,13,5,12,40,73,42,55,70,49,11,2023-12-01,2028-06-01,0,117,Ghana,Jonas,Adjetey,Adjetey,Jonas Adjetey,17835,551,551,276634,1594,70,82,2003-12-13T00:00:00.000Z,21,896,FC Basel,189,10,5,fc-basel,32,189,https://cmtracker.fra1.cdn.digitaloceanspaces.com/DB/26/heads/p276634.png,21,9,10,1024,5,Right,2,4,1,0,,188,82,Male,,,No,No,4300000,3700000,3200000,11000,9200,7900,Long Ball Pass,,71,25,40,62,71,71,CB,-,False,False,False,jonas-adjetey,16,63,66,70,67,49,55,48,45,45,45
83,81,73,68,87,66,74,69,66,68,15,72,58,70,58,70,72,46,71,44,63,13,75,66,19,12,66,59,66,12,11,8,14,12,66,15,58,74,75,58,12,2023-06-21,2026-06-30,1,108,Côte d'Ivoire,Oumar,Diakité,O.Diakité,Oumar Diakité,28431,9187,27702,277178,1807,72,82,2003-12-20T00:00:00.000Z,21,379,Stade de Reims,17,10,6,stade-de-reims,10,4,https://cmtracker.fra1.cdn.digitaloceanspaces.com/DB/26/heads/p277178.png,21,9,10,1000,3,Right,2,3,1,0,,182,75,Male,,,Yes,No,6500000,5500000,4600000,7200,6100,5200,,,82,70,55,70,26,73,ST,-,False,False,False,oumar-diakite,18,47,44,40,43,67,58,67,70,69,71
76,74,75,77,59,69,41,64,41,62,26,67,68,70,69,78,67,54,58,64,70,22,68,66,32,27,63,67,58,6,14,11,6,10,66,27,67,61,74,54,10,2023-08-01,2027-06-01,0,56,Colombia,Luis Miguel,Angulo,Angulo,Luis Miguel Angulo,22343,2226,2226,277517,1779,71,82,2004-03-23T00:00:00.000Z,21,112670,Talleres de Córdoba,353,3,6,talleres-de-cordoba,12,353,https://cmtracker.fra1.cdn.digitaloceanspaces.com/DB/26/heads/p277517.png,0,9,8,1007,2,Right,3,4,1,1,7100000.0,174,65,Male,,,No,No,5000000,4200000,3600000,8300,7000,6000,,,75,65,65,71,33,53,LM,RM | LW,False,False,False,luis-miguel-angulo,15,53,50,40,49,70,64,69,69,70,66
79,58,83,75,67,83,59,75,64,72,72,59,72,77,67,71,60,58,50,76,77,65,63,62,71,67,50,69,61,13,12,9,13,12,61,68,71,67,74,67,12,2023-08-17,2028-06-01,0,163,Japan,Kodai,Sano,Sano,Kodai Sano,19859,32733,32733,277809,2021,74,82,2003-09-25T00:00:00.000Z,21,1910,N.E.C. Nijmegen,10,6,5,n-e-c-nijmegen,23,10,https://cmtracker.fra1.cdn.digitaloceanspaces.com/DB/26/heads/p277809.png,20,9,4,560,1,Right,3,3,1,1,6800000.0,176,68,Male,,,No,No,10500000,9000000,7500000,8500,7200,6200,,,69,59,70,76,65,68,CDM,LM | CM,False,False,False,kodai-sano,19,71,70,66,72,71,73,71,68,69,64
34,42,31,22,58,24,64,70,29,29,8,4,33,20,11,8,4,12,10,34,38,6,47,8,14,13,5,13,16,76,65,63,77,62,14,11,18,41,40,20,69,2023-08-29,2030-06-01,0,54,Brazil,Kauã Morais,Vieira dos Santos,Kauã S.,Kauã Santos,19085,37934,19087,277929,1050,71,82,2003-04-11T00:00:00.000Z,22,1824,Eintracht Frankfurt,19,8,5,eintracht-frankfurt,40,19,https://cmtracker.fra1.cdn.digitaloceanspaces.com/DB/26/heads/p277929.png,0,9,7,1012,4,Right,1,1,1,1,,196,84,Male,,,No,No,4300000,3600000,3100000,10500,9100,7800,,,38,14,24,30,10,44,GK,-,False,False,False,kaua-morais-vieira-dos-santos,69,22,22,23,26,24,27,25,24,22,23
64,76,82,81,62,76,61,67,70,71,71,62,70,71,53,68,45,44,52,69,73,70,63,53,68,72,33,53,50,11,11,11,6,9,52,70,61,63,74,66,10,2023-07-01,2026-06-30,1,27,Italy,Lorenzo,Amatucci,Amatucci,Lorenzo Amatucci,22099,1868,1868,278096,1898,69,82,2004-02-05T00:00:00.000Z,21,110374,Fiorentina,31,6,6,fiorentina,16,54,https://cmtracker.fra1.cdn.digitaloceanspaces.com/DB/26/heads/p278096.png,6,9,2,2503,2,Right,2,3,1,0,,172,71,Male,,,No,No,4000000,3400000,2900000,18500,16000,13500,"Incisive Pass, Jockey, Intercept, Anticipate",,70,51,60,73,67,67,CM,CDM | CAM,False,False,False,lorenzo-amatucci,15,68,68,67,70,66,68,67,64,64,60
88,84,78,80,74,74,67,62,75,70,68,71,69,72,70,75,64,66,52,62,66,66,63,62,60,59,61,65,73,6,7,6,13,14,63,62,68,68,79,71,10,2024-07-18,2026-06-30,1,38,Portugal,Diogo,Martins Travassos,Travassos,Diogo Travassos,9396,23910,36777,279769,2042,70,82,2004-03-31T00:00:00.000Z,21,237,Sporting CP,308,10,9,sporting-cp,2,308,https://cmtracker.fra1.cdn.digitaloceanspaces.com/DB/26/heads/p279769.png,3,6,2,505,2,Right,3,5,1,2,,175,65,Male,,,No,No,4400000,3800000,3200000,8700,7400,6400,,,86,66,66,73,61,73,RB,LB | RM,False,False,False,diogo-martins-travassos,15,68,67,64,66,71,67,69,69,71,67
77,73,72,74,86,78,76,75,75,67,75,61,64,69,72,65,44,42,73,69,72,75,54,40,75,72,37,51,48,14,12,9,7,6,60,74,60,67,75,65,10,2024-07-26,2029-06-01,0,45,Spain,Alejandro,Francés Torrijo,A. Francés,Francés,1433,12253,39,254310,1959,75,82,2002-08-01T00:00:00.000Z,22,110062,Girona FC,53,1,9,girona-fc,16,53,https://cmtracker.fra1.cdn.digitaloceanspaces.com/DB/26/heads/p254310.png,3,4,2,52,1,Right,2,4,1,0,,181,70,Male,,,Yes,No,12500000,10500000,9000000,27000,23000,19500,Long Ball Pass,,75,47,62,70,74,79,CB,RB,True,False,False,alejandro-frances-torrijo,16,73,73,74,73,68,68,65,63,65,62
31,28,39,41,50,20,47,70,20,36,11,5,39,16,13,8,8,14,11,25,28,6,50,5,10,14,5,10,17,74,71,67,79,72,13,10,15,35,42,22,73,2020-07-01,2027-06-01,0,18,France,Obed,Nkambadio,Nkambadio,Obed Nkambadio,27723,27260,27260,255266,1040,74,82,2003-02-07T00:00:00.000Z,22,111817,Paris FC,16,4,9,paris-fc,16,16,https://cmtracker.fra1.cdn.digitaloceanspaces.com/DB/26/heads/p255266.png,0,9,10,1010,5,Right,1,2,1,1,,190,86,Male,,,No,No,9500000,8000000,7000000,20500,17500,15000,,,30,15,22,35,10,34,GK,-,True,False,False,obed-nkambadio,73,20,20,20,22,22,24,23,22,20,22
66,63,66,71,57,79,55,71,55,69,56,65,75,72,68,69,58,76,48,76,77,55,78,75,63,58,46,80,41,5,7,12,5,13,60,59,75,69,68,61,9,2025-02-03,2025-06-01,0,95,United States,Jack,McGlynn,McGlynn,Jack McGlynn,16876,24514,24514,260479,1930,72,82,2003-07-07T00:00:00.000Z,21,698,Houston Dynamo,39,4,6,houston-dynamo,21,39,https://cmtracker.fra1.cdn.digitaloceanspaces.com/DB/26/heads/p260479.png,5,10,1,4011,1,Left,2,3,1,0,,180,73,Male,,,No,No,6000000,5000000,4500000,5700,4900,4200,,,65,61,75,70,56,62,CM,RM | CDM,True,False,False,jack-mcglynn,14,66,64,58,66,70,72,70,68,68,64
74,89,65,65,87,63,69,72,69,66,73,41,55,70,48,66,26,24,73,61,68,74,35,30,77,76,24,35,33,10,10,8,11,10,48,76,52,57,73,57,10,2023-07-01,2029-06-01,0,21,Germany,Max,Rosenfelder,Rosenfelder,Max Rosenfelder,24324,31792,31792,263022,1757,74,82,2003-02-10T00:00:00.000Z,22,25,SC Freiburg,19,5,4,sc-freiburg,37,19,https://cmtracker.fra1.cdn.digitaloceanspaces.com/DB/26/heads/p263022.png,3,7,2,2027,4,Right,3,3,1,0,,186,76,Male,,,Yes,No,10500000,9000000,7500000,23000,19500,16500,Anticipate,,82,32,49,67,75,72,CB,RB,True,False,False,max-rosenfelder,16,69,71,73,69,61,62,59,57,59,53
79,77,80,80,63,58,56,68,55,62,46,73,70,73,71,76,74,71,46,67,72,45,72,74,47,43,68,73,65,8,14,14,9,10,67,45,72,65,77,62,11,2025-01-23,2029-06-01,0,46,Sweden,Jacob,Ondrejka,Ondrejka,Jacob Ondrejka,16880,28136,28136,255460,1959,73,82,2002-09-02T00:00:00.000Z,22,50,Parma,31,3,4,parma,17,31,https://cmtracker.fra1.cdn.digitaloceanspaces.com/DB/26/heads/p255460.png,2,3,1,2022,1,Right,4,4,1,1,14000000.0,180,70,Male,,,Yes,No,8000000,7000000,6000000,17000,14500,12500,"Finesse Shot, Incisive Pass, Whipped Pass, Rapid",,78,71,71,73,45,58,LM,LW,False,False,False,jacob-ondrejka,16,60,58,51,58,72,67,72,72,73,69
55,58,59,33,73,23,78,67,26,39,7,7,40,11,12,14,6,11,12,23,21,8,53,8,16,13,7,13,18,73,72,71,76,73,12,13,15,47,55,23,73,2024-07-15,2029-06-01,0,163,Japan,Zion,Suzuki,Suzuki,Zion Suzuki,40332,35280,35280,255981,1176,74,82,2002-08-21T00:00:00.000Z,22,50,Parma,31,3,4,parma,31,31,https://cmtracker.fra1.cdn.digitaloceanspaces.com/DB/26/heads/p255981.png,3,9,8,1012,6,Right,1,3,1,1,,190,91,Male,,,No,No,9500000,8000000,7000000,10500,8800,7600,Long Ball Pass,GK Cross Claimer,57,17,20,37,11,50,GK,-,False,False,False,zion-suzuki,72,22,22,25,22,25,23,25,25,24,26
51,62,62,68,75,79,84,74,73,74,73,66,75,74,62,71,58,60,69,77,78,72,82,72,77,69,48,58,48,9,6,10,6,10,63,73,68,79,64,69,9,2024-08-27,2029-06-01,0,95,United States,Tanner,Tessmann,Tessmann,Tanner Tessmann,35758,36074,36074,256104,2032,76,82,2001-09-24T00:00:00.000Z,23,66,Olympique Lyonnais,16,6,1,olympique-lyonnais,6,16,https://cmtracker.fra1.cdn.digitaloceanspaces.com/DB/26/heads/p256104.png,19,5,2,2005,5,Right,3,4,1,1,,188,86,Male,,,No,No,13000000,11000000,9500000,19500,16500,14500,"Incisive Pass, Long Ball Pass, Anticipate, Slide Tackle",,57,62,68,71,72,78,CDM,CM,False,False,False,tanner-tessmann,15,71,70,74,75,69,74,70,69,67,68
78,64,87,69,54,92,54,70,49,72,33,73,71,75,69,75,74,66,47,70,75,39,77,74,39,33,46,71,55,11,9,10,14,5,63,37,72,71,74,59,10,2023-07-01,2027-06-01,0,13,Denmark,Jakob,Breum,Breum,Jakob Breum,17018,5455,5455,256800,1900,74,82,2003-11-17T00:00:00.000Z,21,100632,Go Ahead Eagles,10,5,6,go-ahead-eagles,7,10,https://cmtracker.fra1.cdn.digitaloceanspaces.com/DB/26/heads/p256800.png,6,1,2,2021,2,Right,3,2,1,0,,178,68,Male,,,No,No,11000000,9500000,8000000,10000,8600,7400,Relentless,,71,67,70,75,38,62,CAM,LM | CM,False,False,False,jakob-breum,16,59,55,46,57,73,70,73,72,73,69
28,28,38,28,58,21,64,62,21,37,9,6,40,14,12,10,7,14,11,11,15,8,55,8,11,13,8,12,10,74,70,73,77,75,11,11,13,42,37,21,74,2020-07-24,2028-06-01,0,12,Czech Republic,Lukas,Hornicek,Lukas H.,Lukas Hornicek,22375,15557,22377,258936,1028,74,82,2002-07-13T00:00:00.000Z,22,1896,Sporting de Braga,308,8,8,sporting-de-braga,1,308,https://cmtracker.fra1.cdn.digitaloceanspaces.com/DB/26/heads/p258936.png,2,3,2,48,5,Right,1,2,1,1,,194,90,Male,,,No,No,9500000,8000000,7000000,7300,6200,5300,,,28,16,17,32,10,41,GK,-,False,False,False,lukas-hornicek,72,18,18,21,19,19,19,20,21,19,22
68,72,60,68,81,72,85,63,73,70,68,28,50,67,35,58,25,26,69,70,68,69,45,25,73,68,28,38,26,11,6,11,14,13,45,70,52,62,67,53,11,2024-09-02,2029-06-01,0,101,Burkina Faso,Adamo,Nagalo,Nagalo,Adamo Nagalo,464,26449,26449,261422,1703,71,82,2002-09-22T00:00:00.000Z,22,247,PSV,10,10,8,psv,39,10,https://cmtracker.fra1.cdn.digitaloceanspaces.com/DB/26/heads/p261422.png,4,3,8,1012,5,Right,2,3,1,0,,185,75,Male,,,No,No,4600000,3900000,3400000,13000,11000,9600,"Long Ball Pass, Jockey, Block",Career One Club Player,70,30,48,64,69,78,CB,-,False,False,False,adamo-nagalo,16,64,65,71,68,56,60,54,51,52,50
45,42,44,46,68,35,72,67,28,51,21,13,61,26,16,18,13,17,17,48,35,22,51,15,16,16,16,16,16,72,70,68,73,72,20,18,25,49,49,32,71,2018-06-01,2027-06-01,0,47,Switzerland,Pascal,Loretz,Loretz,Pascal Loretz,28908,22105,22105,262862,1306,72,82,2003-06-01T00:00:00.000Z,22,897,FC Luzern,189,5,3,fc-luzern,1,189,https://cmtracker.fra1.cdn.digitaloceanspaces.com/DB/26/heads/p262862.png,4,3,1,2002,4,Right,1,3,1,1,,191,81,Male,,,No,No,5500000,4600000,3900000,5100,4400,3800,Long Ball Pass,"GK Far Throw, GK Footwork, GK Cross Claimer",44,21,32,42,18,51,GK,-,False,False,False,pascal-loretz,71,28,28,30,33,32,35,34,31,29,30
81,75,86,82,61,70,50,66,54,73,40,65,73,79,68,79,66,57,45,64,71,37,74,68,45,38,55,74,60,7,9,13,8,15,61,40,71,65,78,61,11,2024-08-31,2026-06-30,1,145,Tunisia,Ismaël,Gharbi,Gharbi,Ismaël Gharbi,16561,13162,13162,263194,1908,73,82,2004-04-10T00:00:00.000Z,21,1896,Sporting de Braga,308,8,8,sporting-de-braga,11,19,https://cmtracker.fra1.cdn.digitaloceanspaces.com/DB/26/heads/p263194.png,3,9,3,2022,2,Right,3,4,1,1,,173,66,Male,,,No,No,8000000,7000000,6000000,10000,8700,7400,"Gamechanger, Inventive, Technical",,78,65,68,78,41,59,LM,CAM | LW,False,False,False,ismael-gharbi,16,59,56,48,56,72,68,72,71,73,67
69,67,67,73,59,71,71,75,67,76,61,67,81,77,79,73,67,67,31,81,79,52,66,70,64,61,54,78,65,12,5,10,7,15,62,59,76,68,71,70,10,2025-08-03,2030-06-01,0,183,Saudi Arabia,Musab,Al Juwair,Musab,Musab Al Juwair,26115,1118,26115,263824,2017,75,82,2003-06-20T00:00:00.000Z,22,112391,Al Qadsiah,350,7,8,al-qadsiah,10,350,https://cmtracker.fra1.cdn.digitaloceanspaces.com/DB/26/heads/p263824.png,0,9,7,1036,1,Right,3,4,1,0,,178,70,Male,,,No,No,13500000,11500000,10000000,32000,27000,23000,,,68,65,78,74,54,67,CM,CDM | CAM,False,False,False,musab-al-juwair,16,69,66,60,69,74,75,74,71,73,66
72,77,73,73,71,77,68,71,56,76,71,68,73,75,68,74,64,55,59,75,77,72,63,57,69,67,42,66,51,13,8,14,11,11,62,70,69,68,74,66,12,2025-01-24,2029-06-01,0,34,Holland,Youri,Regeer,Regeer,Youri Regeer,39721,30998,30998,265390,2017,73,82,2003-08-18T00:00:00.000Z,21,245,Ajax,10,10,6,ajax,6,10,https://cmtracker.fra1.cdn.digitaloceanspaces.com/DB/26/heads/p265390.png,6,3,2,2015,2,Right,3,4,1,0,,177,68,Male,,,No,No,8000000,7000000,6000000,12000,10500,8900,"Tiki Taka, First Touch",,75,58,69,74,68,68,CM,RB | CDM,False,False,False,youri-regeer,17,72,71,68,71,72,72,72,70,71,67
66,65,77,67,80,79,76,75,60,72,27,77,70,77,43,73,79,52,72,48,69,21,78,68,24,20,68,68,66,9,7,9,14,13,67,22,64,77,70,62,11,2021-11-20,2029-06-01,0,219,Kosovo,Fisnik,Asllani,Asllani,Fisnik Asllani,11985,2850,2850,265577,1869,75,82,2002-08-08T00:00:00.000Z,22,10029,TSG 1899 Hoffenheim,19,5,7,tsg-1899-hoffenheim,11,19,https://cmtracker.fra1.cdn.digitaloceanspaces.com/DB/26/heads/p265577.png,6,2,3,58,5,Right,3,4,1,0,,191,81,Male,,,No,No,13500000,11500000,10000000,34500,29000,25000,Finesse Shot,,66,73,58,74,33,74,ST,-,False,False,False,fisnik-asllani,17,50,47,45,50,68,65,71,73,70,74
68,67,79,53,87,72,84,67,65,79,28,80,72,77,54,79,80,70,80,58,75,33,80,69,33,28,71,72,74,11,11,8,6,14,72,32,72,79,67,67,10,2025-08-15,2030-06-01,0,54,Brazil,Rômulo José,Cardoso da Cruz,Rômulo,Rômulo,32118,6342,32116,73398,1984,77,82,2002-02-08T00:00:00.000Z,23,112172,RB Leipzig,19,8,10,rb-leipzig,40,19,https://cmtracker.fra1.cdn.digitaloceanspaces.com/DB/26/heads/p73398.png,0,9,3,2502,5,Right,3,3,1,0,,193,79,Male,,,No,No,19000000,16000000,14000000,53000,44500,38500,"Finesse Shot, Gamechanger, First Touch, Press Proven, Enforcer",,68,76,67,72,40,77,ST,LW | CAM,True,False,False,romulo-jose-cardoso-da-cruz,16,53,51,51,54,71,67,74,75,73,76
78,77,72,79,83,69,80,62,58,68,43,68,69,74,65,72,66,63,66,69,75,64,75,73,62,61,67,70,64,14,10,7,10,15,68,63,70,76,74,62,12,2025-07-21,2028-06-01,0,60,Uruguay,Jeremía,Recoba,J. Recoba,Jeremía Recoba,17447,30960,16799,70334,2048,71,82,2003-10-08T00:00:00.000Z,21,472,UD Las Palmas,54,2,4,ud-las-palmas,9,54,https://cmtracker.fra1.cdn.digitaloceanspaces.com/DB/26/heads/p70334.png,6,9,4,1541,3,Right,3,3,1,0,7600000.0,177,75,Male,,,No,No,5000000,4200000,3600000,5200,4400,3800,Technical,Career One Club Player,78,69,69,71,59,73,LW,CAM | ST | LM,False,False,False,jeremia-recoba,17,65,64,63,64,70,68,71,70,70,70
79,77,71,64,81,76,75,68,64,61,69,65,60,71,69,70,57,45,65,61,70,70,70,56,71,69,43,69,44,12,9,12,7,12,61,70,64,72,72,61,11,2024-01-24,2029-06-01,0,136,Senegal,Adama,Boiro,Adama,Adama Boiro,458,4929,458,70344,1962,73,82,2002-06-22T00:00:00.000Z,23,448,Athletic Club de Bilbao,53,7,10,athletic-club-de-bilbao,19,53,https://cmtracker.fra1.cdn.digitaloceanspaces.com/DB/26/heads/p70344.png,0,9,10,1036,1,Left,3,3,1,2,14900000.0,183,75,Male,,,Yes,No,7500000,6500000,5500000,28000,24000,20500,,,78,56,62,68,69,74,LB,LM,False,False,False,adama-boiro,16,71,70,69,68,68,66,66,67,68,66
70,76,59,57,75,61,71,73,69,70,71,61,63,72,76,70,44,59,69,68,74,71,70,57,75,73,39,70,48,10,11,14,9,13,61,73,68,67,67,64,12,2023-07-19,2028-06-01,0,45,Spain,Gerard,Martín Langreo,Gerard Martín,Gerard Martín,13086,23936,13087,74462,1968,74,82,2002-02-26T00:00:00.000Z,23,241,FC Barcelona,53,10,2,fc-barcelona,18,53,https://cmtracker.fra1.cdn.digitaloceanspaces.com/DB/26/heads/p74462.png,0,3,2,2508,5,Left,3,3,1,2,,186,76,Male,,,No,No,10500000,9000000,7500000,58000,49000,42500,,,73,53,68,67,72,69,LB,LM,False,False,False,gerard-martin-langreo,17,71,72,72,70,68,68,66,66,67,64
61,70,73,58,59,50,56,74,43,75,25,74,74,76,73,75,69,69,52,69,75,38,69,68,43,44,59,73,59,8,7,6,10,5,66,42,73,61,68,59,8,2025-06-20,2028-06-01,0,45,Spain,Fernando,López González,Fer López,Fer López,11785,22557,11750,75628,1839,73,82,2004-05-24T00:00:00.000Z,21,110,Wolverhampton Wanderers,13,4,8,wolverhampton-wanderers,28,13,https://cmtracker.fra1.cdn.digitaloceanspaces.com/DB/26/heads/p75628.png,3,3,2,1,4,Left,3,2,1,0,,186,76,Male,,,No,No,8000000,7000000,6000000,45500,38500,33000,,,66,66,72,72,40,52,RW,RM,False,False,False,fernando-lopez-gonzalez,14,56,54,47,54,71,68,73,72,72,68
73,72,79,85,65,70,59,75,55,78,52,74,76,80,75,77,76,77,53,79,82,53,77,74,53,50,75,81,70,10,13,13,9,6,73,52,79,69,77,68,11,2025-03-03,2028-06-01,0,10,Croatia,Toni,Fruk,Fruk,Toni Fruk,36617,12397,12397,77673,2096,77,82,2001-03-09T00:00:00.000Z,24,111592,NG - FA,382,5,6,ng-fa,99,382,https://cmtracker.fra1.cdn.digitaloceanspaces.com/DB/26/heads/p77673.png,19,2,2,2006,2,Right,3,5,1,0,,178,70,Male,,,No,No,19000000,16000000,13500000,18000,15500,13500,"Dead Ball, Incisive Pass, Long Ball Pass",,73,74,78,79,52,62,CAM,LM | RM | ST,False,False,False,toni-fruk,16,66,63,57,65,76,75,77,76,76,72
76,81,78,78,79,92,65,78,77,76,86,64,67,75,53,76,47,45,74,74,77,79,67,54,77,67,46,48,49,7,11,7,8,8,60,75,64,72,79,70,9,2024-07-03,2028-06-01,0,163,Japan,Kaishū,Sano,Kaishu,Kaishū Sano,18642,32733,18643,73078,2046,79,83,2000-12-30T00:00:00.000Z,24,169,1. FSV Mainz 05,19,5,2,1-fsv-mainz-05,6,19,https://cmtracker.fra1.cdn.digitaloceanspaces.com/DB/26/heads/p73078.png,3,9,4,550,1,Right,2,3,1,1,,176,67,Male,,,No,No,27000000,23000000,19500000,32500,27500,24000,Aerial Fortress,,79,55,61,77,77,78,CDM,CM,True,False,False,kaishu-sano,16,75,75,76,77,71,74,70,69,68,66
80,83,80,83,58,66,51,74,44,76,52,73,75,77,78,79,71,60,42,70,74,47,72,70,55,43,59,76,58,14,11,8,9,12,65,49,73,64,80,63,11,2022-09-18,2030-06-01,0,14,England,Ethan,Nwaneri,Nwaneri,Ethan Nwaneri,11137,27566,27566,271807,1980,76,87,2007-03-21T00:00:00.000Z,18,1,Arsenal,13,10,9,arsenal,22,13,https://cmtracker.fra1.cdn.digitaloceanspaces.com/DB/26/heads/p271807.png,0,9,7,1038,2,Left,3,3,1,0,,176,70,Male,,,Yes,No,18500000,16000000,13500000,78000,66000,57000,"Finesse Shot, Technical",,82,67,72,78,48,55,RW,CM | RM,True,False,False,ethan-nwaneri,18,65,62,53,61,75,71,75,74,76,69
77,76,68,84,83,75,79,77,80,79,76,72,76,77,73,77,55,45,70,75,78,74,69,62,77,75,58,74,55,11,10,6,9,12,67,76,70,74,77,73,10,2023-10-05,2030-06-01,0,14,England,Myles,Lewis-Skelly,Lewis-Skelly,Myles Lewis-Skelly,26232,21538,21538,278773,2144,78,87,2006-09-26T00:00:00.000Z,18,1,Arsenal,13,10,9,arsenal,49,13,https://cmtracker.fra1.cdn.digitaloceanspaces.com/DB/26/heads/p278773.png,0,9,7,1033,2,Left,3,3,1,2,,178,72,Male,,,Yes,No,33500000,28000000,24500000,75000,64000,55000,Press Proven,,77,62,70,77,74,79,LB,CM,True,False,False,myles-lewis-skelly,17,75,75,76,76,74,75,73,72,73,70
83,82,78,80,61,68,63,57,36,53,49,52,56,58,53,61,48,38,34,47,54,46,55,54,48,43,38,55,51,7,11,10,13,12,46,46,52,61,76,50,11,2024-07-01,2026-06-30,1,34,Holland,Ismeal,Kabia,Kabia,Ismeal Kabia,44155,18536,18536,75086,1654,60,74,2005-12-10T00:00:00.000Z,19,1,Arsenal,13,10,9,arsenal,20,61,https://cmtracker.fra1.cdn.digitaloceanspaces.com/DB/26/heads/p75086.png,21,9,9,1046,2,Right,3,3,1,0,,175,70,Male,,,No,No,700000,575000,500000,13000,11000,9400,,,83,50,51,65,44,57,RW,LW | RB | RM,False,False,False,ismeal-kabia,15,56,54,48,51,59,54,57,57,59,54
69,70,55,57,70,64,60,66,66,55,67,56,50,68,61,62,42,40,66,54,66,68,50,38,73,70,38,40,42,7,8,15,8,9,55,71,53,57,64,56,10,2025-07-04,2027-06-01,0,27,Italy,Honest,Ahanor,Ahanor,Honest Ahanor,15501,762,762,74483,1730,70,81,2008-02-23T00:00:00.000Z,17,39,Bergamo Calcio,31,7,7,bergamo-calcio,69,31,https://cmtracker.fra1.cdn.digitaloceanspaces.com/DB/26/heads/p74483.png,3,9,8,1004,2,Left,2,3,1,2,,184,79,Male,,,Yes,No,3700000,3100000,2700000,17000,14500,12500,,,70,44,52,61,69,65,LB,CB,True,False,False,honest-ahanor,14,66,67,67,65,61,60,58,58,59,57
74,68,58,62,70,62,65,68,64,63,61,68,61,69,67,66,65,40,56,61,67,62,60,50,68,64,42,60,50,12,7,13,6,15,60,65,60,62,66,62,11,2025-07-01,2028-06-01,0,27,Italy,Lorenzo,Bernasconi,Bernasconi,Lorenzo Bernasconi,22099,4352,4352,74574,1844,68,76,2003-11-16T00:00:00.000Z,21,39,Bergamo Calcio,31,7,7,bergamo-calcio,47,31,https://cmtracker.fra1.cdn.digitaloceanspaces.com/DB/26/heads/p74574.png,6,9,2,1,5,Left,3,3,1,1,,190,72,Male,,,No,No,3200000,2700000,2300000,21000,18000,15500,,,71,56,59,64,62,65,LM,LB,True,False,False,lorenzo-bernasconi,16,65,65,64,64,66,64,65,65,66,64
71,72,70,65,73,61,68,59,57,59,23,62,55,61,45,62,66,37,62,48,57,26,67,59,24,19,53,47,66,12,6,11,12,8,57,23,51,66,68,54,10,2025-07-01,2026-06-30,1,45,Spain,Siren,Diao Balde,Siren Diao,Siren Diao,34212,44392,44393,76153,1643,64,78,2005-01-21T00:00:00.000Z,20,39,Bergamo Calcio,31,7,7,bergamo-calcio,44,54,https://cmtracker.fra1.cdn.digitaloceanspaces.com/DB/26/heads/p76153.png,21,9,8,1004,4,Left,2,3,1,0,,189,77,Male,,,No,No,1700000,1400000,1200000,13500,11000,9700,,,72,62,48,63,31,65,ST,-,True,False,False,siren-diao-balde,15,45,43,41,43,59,54,60,62,61,63
80,88,75,56,76,76,67,75,66,67,65,74,61,72,74,76,61,42,62,60,70,66,65,58,66,63,46,65,52,7,9,10,10,8,63,65,63,69,75,65,9,2024-08-19,2026-06-30,1,27,Italy,Marco,Palestra,Palestra,Marco Palestra,23591,28665,28665,278339,1968,72,80,2005-03-03T00:00:00.000Z,20,39,Bergamo Calcio,31,7,7,bergamo-calcio,2,31,https://cmtracker.fra1.cdn.digitaloceanspaces.com/DB/26/heads/p278339.png,3,8,1,38,4,Right,3,4,1,2,,186,80,Male,,,No,No,6000000,4900000,4200000,31000,26000,22500,,,84,59,62,70,64,71,RB,RM,True,False,False,marco-palestra,15,71,70,66,67,72,68,69,70,72,68
50,51,42,46,64,56,62,65,68,58,69,40,50,59,42,50,33,34,66,56,61,70,38,35,70,68,33,36,41,12,6,9,9,6,47,70,47,51,51,55,9,2022-07-01,2026-06-30,1,27,Italy,Giovanni,Bonfanti,Bonfanti,Giovanni Bonfanti,13325,5009,5009,278354,1555,67,76,2003-01-17T00:00:00.000Z,22,39,Bergamo Calcio,31,7,7,bergamo-calcio,94,32,https://cmtracker.fra1.cdn.digitaloceanspaces.com/DB/26/heads/p278354.png,20,9,1,2009,5,Left,2,3,1,0,,187,80,Male,,,No,No,2500000,2100000,1800000,20500,17500,15000,Anticipate,,51,37,47,53,69,63,CB,-,True,False,False,giovanni-bonfanti,14,59,61,66,63,51,55,51,49,49,48
66,66,61,63,67,65,59,61,50,61,21,65,57,69,38,65,71,45,65,50,61,24,67,66,17,22,61,60,72,12,11,14,14,6,60,21,58,65,64,55,12,2024-10-05,2026-06-30,1,51,Serbia,Vanja,Vlahović,Vlahović,Vanja Vlahović,37595,38184,38184,74924,1672,66,79,2004-03-23T00:00:00.000Z,21,39,Bergamo Calcio,31,7,7,bergamo-calcio,99,32,https://cmtracker.fra1.cdn.digitaloceanspaces.com/DB/26/heads/p74924.png,21,9,2,2002,2,Right,2,2,1,0,,184,75,Male,,,No,No,2500000,2100000,1800000,17500,15000,12500,,,66,67,52,63,30,60,ST,-,False,False,False,vanja-vlahovic,16,44,42,39,43,61,57,63,65,62,65
52,56,45,50,70,51,74,62,68,51,61,33,29,56,33,26,22,35,65,45,56,66,40,30,66,61,33,29,36,13,14,11,12,11,42,65,39,53,53,47,13,2025-07-01,2028-06-01,0,44,Slovenia,Relja,Obrić,Obrić,Relja Obrić,44451,44452,44452,76955,1462,65,76,2006-04-11T00:00:00.000Z,19,39,Bergamo Calcio,31,7,7,bergamo-calcio,40,31,https://cmtracker.fra1.cdn.digitaloceanspaces.com/DB/26/heads/p76955.png,3,9,2,1,5,Left,2,3,1,0,,194,85,Male,,,No,No,1700000,1400000,1200000,11500,9700,8300,,,54,32,38,48,64,66,CB,-,False,False,False,relja-obric,17,54,57,64,58,42,46,42,41,40,44
62,67,51,65,60,54,55,60,39,48,12,49,62,60,50,70,55,43,57,43,57,22,55,63,32,30,63,54,54,12,7,13,7,12,57,28,54,58,61,44,11,2025-09-01,2026-06-30,1,27,Italy,Tommaso,De Nipoti,De Nipoti,Tommaso De Nipoti,36578,47056,47056,266655,1543,59,70,2003-07-23T00:00:00.000Z,21,39,Bergamo Calcio,31,7,7,bergamo-calcio,29,54,https://cmtracker.fra1.cdn.digitaloceanspaces.com/DB/26/heads/p266655.png,5,2,2,29,2,Left,3,3,1,0,,180,75,Male,,,No,No,600000,500000,425000,5500,4700,4000,,,65,57,52,59,31,52,CAM,RW | CM,False,False,False,tommaso-de-nipoti,15,44,42,38,41,58,53,59,59,59,57
79,79,74,72,70,74,57,68,65,71,66,55,66,68,55,66,52,57,58,65,71,61,58,57,64,58,52,62,53,10,12,6,11,14,58,61,64,64,75,63,11,2025-07-01,2026-06-30,1,27,Italy,Samuel,Giovane,Giovane,Samuel Giovane,32576,13322,13322,271213,1906,66,75,2003-03-28T00:00:00.000Z,22,39,Bergamo Calcio,31,7,7,bergamo-calcio,17,32,https://cmtracker.fra1.cdn.digitaloceanspaces.com/DB/26/heads/p271213.png,3,3,3,59,2,Left,3,3,1,0,,183,70,Male,,,No,No,2300000,1900000,1600000,18500,15500,13500,,,79,55,63,70,61,67,CM,CDM | CAM,False,False,False,samuel-giovane,17,66,65,63,65,66,66,65,64,65,61
71,72,70,62,75,63,71,64,66,63,63,59,61,68,61,69,48,60,61,70,73,62,68,61,65,64,51,63,53,9,14,10,6,14,59,64,66,68,68,61,11,2025-07-01,2026-06-30,1,27,Italy,Federico,Zuccon,Zuccon,Federico Zuccon,11668,47422,47422,277769,1910,66,75,2003-04-01T00:00:00.000Z,22,39,Bergamo Calcio,31,7,7,bergamo-calcio,98,32,https://cmtracker.fra1.cdn.digitaloceanspaces.com/DB/26/heads/p277769.png,0,9,2,2508,5,Right,3,4,1,0,,188,74,Male,,,No,No,2300000,1900000,1600000,18500,15500,13500,,,72,57,65,66,63,69,CM,CDM,False,False,False,federico-zuccon,16,65,65,65,66,65,66,65,64,64,62
56,62,58,56,67,59,69,61,67,50,65,40,30,56,30,34,26,26,62,50,61,66,40,22,67,66,33,29,45,12,8,7,13,9,43,67,39,52,59,50,10,2025-07-01,2026-06-30,1,27,Italy,Tommaso,Del Lungo,Del Lungo,Tommaso Del Lungo,36578,47547,47547,279575,1502,65,75,2003-11-21T00:00:00.000Z,21,39,Bergamo Calcio,31,7,7,bergamo-calcio,57,32,https://cmtracker.fra1.cdn.digitaloceanspaces.com/DB/26/heads/p279575.png,12,4,1,1,5,Right,2,3,1,0,,186,75,Male,,,No,No,1800000,1500000,1300000,12000,10500,8900,,,59,34,38,53,65,66,CB,-,False,False,False,tommaso-del-lungo,15,57,59,65,60,46,49,45,44,44,46
61,63,58,71,48,60,58,52,48,60,33,52,68,64,48,61,36,49,37,60,63,34,45,38,42,46,40,52,44,11,12,8,6,6,45,41,58,50,61,51,9,2024-07-01,2027-06-01,0,45,Spain,Alejandro,Monserrate Pueyo,Jano Monserrate,Jano Monserrate,1433,44202,44203,74108,1534,58,75,2006-01-28T00:00:00.000Z,19,240,Atlético de Madrid,53,9,7,atletico-de-madrid,27,53,https://cmtracker.fra1.cdn.digitaloceanspaces.com/DB/26/heads/p74108.png,3,9,2,5,2,Left,2,3,1,0,,177,72,Male,,,No,No,625000,525000,450000,5100,4300,3700,,,62,43,57,61,38,54,CAM,CM,False,True,False,alejandro-monserrate-pueyo,13,50,48,44,50,57,57,58,55,56,49
75,71,79,78,59,78,52,74,68,70,72,72,70,73,54,67,52,44,48,67,71,67,55,50,69,62,48,56,47,6,9,11,8,7,55,66,62,59,76,67,9,2026-02-02,2030-06-01,0,83,Mexico,Obed,Vargas,Vargas,Obed Vargas,27723,37629,37629,263701,1889,71,83,2005-08-05T00:00:00.000Z,19,240,Atlético de Madrid,53,9,7,atletico-de-madrid,28,53,https://cmtracker.fra1.cdn.digitaloceanspaces.com/DB/26/heads/p263701.png,0,3,4,1551,1,Right,3,3,1,1,5100000.0,175,68,Male,,,Yes,No,5000000,4200000,3600000,25500,21500,18500,Technical,,73,54,60,74,64,64,CDM,CM | RM | CB,True,False,False,obed-vargas,14,68,68,64,69,68,69,68,67,67,62
70,78,72,68,72,58,69,67,58,60,28,66,58,72,64,70,74,63,63,49,62,20,74,65,25,27,61,64,65,14,9,8,12,14,65,24,64,68,71,56,12,2021-10-31,2026-06-30,1,45,Spain,Carlos,Martín Domínguez,Carlos M.,Carlos Martín,6381,23932,6404,265396,1799,69,77,2002-04-22T00:00:00.000Z,23,240,Atlético de Madrid,53,9,7,atletico-de-madrid,14,53,https://cmtracker.fra1.cdn.digitaloceanspaces.com/DB/26/heads/p265396.png,0,3,5,1516,2,Right,3,4,1,0,7100000.0,181,73,Male,,,Yes,No,3700000,3100000,2700000,29500,25000,21500,,,74,68,60,68,33,64,ST,LM | CAM,True,False,False,carlos-martin-dominguez,18,50,48,43,47,66,58,66,68,68,69
65,69,69,68,56,70,57,68,64,66,67,69,73,74,66,73,65,67,45,69,73,68,67,66,68,64,45,66,42,14,6,8,14,11,59,67,70,64,68,64,11,2026-02-02,2031-06-01,0,45,Spain,Rodrigo,Mendoza Martínez,R. Mendoza,Rodri Mendoza,31534,47461,47462,278523,1932,71,84,2005-03-15T00:00:00.000Z,20,240,Atlético de Madrid,53,9,7,atletico-de-madrid,30,53,https://cmtracker.fra1.cdn.digitaloceanspaces.com/DB/26/heads/p278523.png,3,9,2,13,1,Right,3,3,1,0,10700000.0,182,72,Male,,,No,No,5500000,4500000,3900000,29000,24500,21000,,,67,59,69,70,62,62,CM,RM | CAM,True,False,False,rodrigo-mendoza-martinez,17,68,67,63,68,70,70,70,69,69,65
66,66,64,68,62,61,54,59,64,55,53,62,63,61,56,60,50,48,60,60,64,55,60,49,54,55,47,50,55,7,5,11,9,5,56,55,56,58,65,59,8,2026-01-18,2027-06-01,0,45,Spain,Rayane,Belaid Khelil,Rayane,Rayane,30903,47546,30903,279569,1718,61,75,2005-02-11T00:00:00.000Z,20,240,Atlético de Madrid,53,9,7,atletico-de-madrid,29,53,https://cmtracker.fra1.cdn.digitaloceanspaces.com/DB/26/heads/p279569.png,3,9,4,4002,1,Right,3,4,1,0,,175,63,Male,,,No,No,925000,800000,675000,8600,7300,6300,,,66,54,57,61,55,60,CAM,RM | CM,True,False,False,rayane-belaid-khelil,12,58,58,56,58,60,60,60,59,59,58
15,15,30,23,48,17,56,61,20,37,13,5,36,17,10,5,6,14,12,18,17,7,45,6,14,13,9,13,12,62,63,60,63,61,11,12,14,35,29,21,62,2024-07-18,2027-06-01,0,45,Spain,Salvador,Esquivel Gámez,Esquivel,Salvi Esquivel,32491,44926,11074,80673,903,63,78,2005-09-30T00:00:00.000Z,19,240,Atlético de Madrid,53,9,7,atletico-de-madrid,31,53,https://cmtracker.fra1.cdn.digitaloceanspaces.com/DB/26/heads/p80673.png,3,9,2,47,5,Left,1,1,1,1,,193,83,Male,,,No,No,1200000,1000000,850000,4300,3700,3200,,,15,14,18,29,12,35,GK,-,False,False,False,salvador-esquivel-gamez,62,17,17,20,20,17,20,19,18,16,19
64,68,59,74,52,53,61,54,63,53,34,55,62,60,52,59,52,46,41,54,61,38,48,52,45,35,36,48,42,11,12,8,9,12,49,40,54,54,64,52,11,2025-08-27,2026-06-30,1,45,Spain,Alejandro,García Mestanza,Mestanza,Alejandro Mestanza,1433,45629,45631,82907,1573,59,73,2004-12-07T00:00:00.000Z,20,240,Atlético de Madrid,53,9,7,atletico-de-madrid,45,53,https://cmtracker.fra1.cdn.digitaloceanspaces.com/DB/26/heads/p82907.png,0,4,2,4019,2,Right,3,3,1,0,,177,72,Male,,,No,No,650000,550000,475000,5400,4600,3900,,,66,48,54,60,39,57,CAM,LW | RW | CM,False,False,False,alejandro-garcia-mestanza,15,49,48,46,50,58,55,58,57,58,54
73,73,65,67,43,58,45,54,25,56,20,57,56,63,61,64,60,47,27,59,62,29,60,44,21,21,54,55,49,10,10,5,11,6,53,24,58,50,67,44,9,2025-07-23,2026-06-30,1,45,Spain,Diego Vicente,Bri Carrazoni,Diego Bri,Diego Bri,9291,5461,9261,258689,1510,62,71,2002-09-12T00:00:00.000Z,22,240,Atlético de Madrid,53,9,7,atletico-de-madrid,5,54,https://cmtracker.fra1.cdn.digitaloceanspaces.com/DB/26/heads/p258689.png,3,3,4,2027,1,Left,3,3,1,0,,177,67,Male,,,No,No,1100000,900000,775000,12000,10000,8800,,,73,54,57,62,24,43,RW,LW | ST | RM,False,False,False,diego-vicente-bri-carrazoni,13,46,43,32,42,61,55,60,59,61,56
53,56,35,50,73,61,78,66,66,60,68,29,28,61,42,46,15,20,68,53,59,66,31,22,69,65,21,28,37,11,8,12,5,12,41,67,42,53,52,48,10,2023-07-01,2027-06-01,0,22,Greece,Ilias,Kostis,Kostis,Ilias Kostis,16214,47286,47286,274208,1474,68,78,2003-02-27T00:00:00.000Z,22,240,Atlético de Madrid,53,9,7,atletico-de-madrid,26,53,https://cmtracker.fra1.cdn.digitaloceanspaces.com/DB/26/heads/p274208.png,3,6,2,13,5,Left,2,3,1,0,5700000.0,192,81,Male,,,No,No,3000000,2500000,2200000,23000,19500,16500,,,55,26,38,53,67,70,CB,LB,False,False,False,ilias-kostis,15,59,61,67,62,48,51,44,43,44,43
74,73,58,74,50,52,49,61,52,62,22,60,65,66,61,69,60,39,41,53,60,16,58,55,27,22,40,56,53,9,10,11,8,12,53,22,57,53,68,53,10,2023-07-01,2026-06-30,1,129,Morocco,Salim,El Jebari,El Jebari,Salim El Jebari,32447,47470,47470,278590,1578,64,72,2004-02-05T00:00:00.000Z,21,240,Atlético de Madrid,53,9,7,atletico-de-madrid,30,54,https://cmtracker.fra1.cdn.digitaloceanspaces.com/DB/26/heads/p278590.png,0,3,4,17,2,Right,4,4,1,0,,178,70,Male,,,No,No,1600000,1300000,1100000,12500,10500,9200,,,74,54,56,65,26,51,LW,ST | LM,False,False,False,salim-el-jebari,15,47,43,36,43,63,57,63,63,64,59
66,70,73,72,65,62,69,73,69,70,71,63,72,76,63,74,49,54,52,74,78,68,57,55,75,73,49,63,51,12,8,7,5,14,59,72,69,62,71,66,10,2023-07-01,2029-06-01,0,45,Spain,Marc,Bernal Casas,Bernal,Marc Bernal,23525,4329,4328,74463,1952,74,86,2007-05-26T00:00:00.000Z,18,241,FC Barcelona,53,10,2,fc-barcelona,22,53,https://cmtracker.fra1.cdn.digitaloceanspaces.com/DB/26/heads/p74463.png,0,3,4,1542,4,Left,2,3,1,1,21400000.0,193,84,Male,,,No,No,11000000,9500000,8000000,43000,36500,31000,,,68,54,67,73,68,66,CDM,CM,True,False,False,marc-bernal-casas,16,70,69,69,72,69,71,70,67,68,62
67,76,62,63,66,60,63,60,62,60,62,44,68,68,57,60,35,39,58,66,67,55,39,46,62,57,38,54,37,9,10,8,8,9,51,58,58,55,66,56,9,2024-07-01,2026-06-30,1,45,Spain,Andrés,Cuenca Cejudo,Cuenca,Andrés Cuenca,2162,44259,8001,74746,1695,61,82,2007-06-11T00:00:00.000Z,18,241,FC Barcelona,53,10,2,fc-barcelona,37,54,https://cmtracker.fra1.cdn.digitaloceanspaces.com/DB/26/heads/p74746.png,6,3,1,4001,1,Left,2,3,1,0,,181,72,Male,,,No,No,1200000,1000000,850000,9300,7800,6700,,,72,40,59,62,59,63,CB,-,False,True,False,andres-cuenca-cejudo,14,61,61,61,62,61,62,60,57,58,52
66,68,65,69,60,68,67,58,46,60,36,68,58,64,39,62,60,43,47,57,64,39,68,62,51,48,30,42,44,15,10,9,8,11,48,46,54,65,66,52,11,2024-07-01,2027-06-01,0,45,Spain,Guillermo,Fernández Casino,Guille Fernández,Guille Fernández,14001,44280,44281,75068,1662,60,80,2008-06-18T00:00:00.000Z,17,241,FC Barcelona,53,10,2,fc-barcelona,30,53,https://cmtracker.fra1.cdn.digitaloceanspaces.com/DB/26/heads/p75068.png,6,8,4,2507,1,Right,2,3,1,0,,181,76,Male,,,No,No,775000,675000,575000,6400,5500,4700,,,67,55,51,63,44,60,CM,CDM,True,False,False,guillermo-fernandez-casino,16,53,52,50,53,60,59,62,62,60,61
75,73,76,69,53,56,51,60,35,60,20,61,60,65,57,66,61,39,44,50,63,20,63,55,23,17,50,57,55,5,5,14,6,13,55,20,56,56,71,49,9,2025-07-01,2027-06-01,0,45,Spain,Antonio,Fernández Casino,Toni Fernández,Toni Fernández,2350,44280,44294,75156,1577,64,83,2008-07-15T00:00:00.000Z,16,241,FC Barcelona,53,10,2,fc-barcelona,29,53,https://cmtracker.fra1.cdn.digitaloceanspaces.com/DB/26/heads/p75156.png,3,7,4,4015,2,Left,4,2,1,0,,174,73,Male,,,No,No,1700000,1500000,1300000,12500,10500,9000,,,74,58,54,66,25,49,RW,RM,True,False,False,antonio-fernandez-casino,13,46,42,34,42,62,56,62,63,63,60
75,78,60,60,80,67,77,75,76,70,74,66,69,73,75,69,44,59,66,70,78,73,70,57,76,74,43,70,48,10,11,14,9,13,62,75,69,71,70,68,12,2023-07-19,2028-06-01,0,45,Spain,Gerard,Martín Langreo,Gerard Martín,Gerard Martín,13086,23936,13087,74462,2029,76,83,2002-02-26T00:00:00.000Z,23,241,FC Barcelona,53,10,2,fc-barcelona,18,53,https://cmtracker.fra1.cdn.digitaloceanspaces.com/DB/26/heads/p74462.png,0,3,2,2508,5,Left,3,3,1,2,,186,76,Male,,,No,No,17000000,14500000,12500000,66000,56000,48000,,,77,55,70,68,73,75,LB,CB | LM,False,False,False,gerard-martin-langreo,17,73,73,74,73,70,71,69,68,68,65
65,67,68,66,62,65,63,62,59,56,58,63,40,61,58,56,27,37,51,56,61,51,41,24,56,54,35,67,39,10,15,8,6,13,47,54,56,51,66,53,11,2025-08-16,2028-06-01,0,45,Spain,Jofre,Torrents Salvat,Jofre,Jofre Torrents,17764,44912,17764,80663,1620,61,79,2007-01-28T00:00:00.000Z,18,241,FC Barcelona,53,10,2,fc-barcelona,26,53,https://cmtracker.fra1.cdn.digitaloceanspaces.com/DB/26/heads/p80663.png,3,4,2,4,5,Left,2,3,1,2,2150000.0,185,75,Male,,,No,No,950000,800000,675000,9300,7800,6700,,,66,38,53,62,54,62,LB,-,False,False,False,jofre-torrents-salvat,16,59,58,56,57,57,55,53,53,54,50
66,58,78,84,65,71,55,78,79,78,77,69,79,82,53,79,64,53,62,79,82,78,68,65,80,79,53,64,51,12,14,11,12,8,63,79,72,65,73,73,12,2022-07-01,2028-06-01,0,45,Spain,Marc,Casadó Torras,M. Casadó,Marc Casadó,23525,6527,22629,272600,2086,79,86,2003-09-14T00:00:00.000Z,21,241,FC Barcelona,53,10,2,fc-barcelona,17,53,https://cmtracker.fra1.cdn.digitaloceanspaces.com/DB/26/heads/p272600.png,3,4,2,2517,2,Right,3,4,1,1,75400000.0,171,65,Male,,,Yes,No,39500000,33500000,29000000,70000,59000,51000,"First Touch, Press Proven",,62,62,68,80,75,68,CDM,CM,False,False,False,marc-casado-torras,18,73,73,74,77,72,77,76,73,72,68
36,33,49,49,51,24,50,65,24,30,8,6,21,26,11,8,9,13,10,17,27,9,48,9,11,12,9,10,12,68,67,64,68,67,14,11,15,37,47,17,67,2025-07-15,2026-06-30,1,23,Hungary,Áron,Yaakobishvili,Aron,Áron Yaakobishvili,40846,39227,2681,276198,1021,68,82,2006-03-06T00:00:00.000Z,19,241,FC Barcelona,53,10,2,fc-barcelona,25,54,https://cmtracker.fra1.cdn.digitaloceanspaces.com/DB/26/heads/p276198.png,0,9,2,0,5,Right,1,3,1,1,,185,78,Male,,,No,No,3000000,2500000,2200000,11500,9600,8200,,,35,16,17,38,10,37,GK,-,False,False,False,aron-yaakobishvili,67,21,20,20,21,22,22,22,23,21,23
22,27,37,29,53,17,64,60,20,41,14,6,42,15,12,14,6,12,10,23,26,5,49,6,12,10,6,11,15,60,63,65,63,66,12,9,15,38,35,23,64,2023-07-01,2026-06-30,1,45,Spain,Ander,Astralaga Aranguren,Astralaga,Astralaga,2027,2904,2903,277642,981,64,76,2004-03-03T00:00:00.000Z,21,241,FC Barcelona,53,10,2,fc-barcelona,13,54,https://cmtracker.fra1.cdn.digitaloceanspaces.com/DB/26/heads/p277642.png,6,7,2,33,4,Right,1,3,1,1,,190,77,Male,,,No,No,1500000,1300000,1100000,7300,6200,5300,,,25,15,21,33,10,39,GK,-,False,False,False,ander-astralaga-aranguren,62,18,18,21,22,21,23,23,22,20,22
21,21,45,35,52,17,62,56,21,35,6,8,22,13,14,7,7,12,13,29,20,6,44,6,13,14,7,14,16,60,60,59,61,62,13,11,15,37,36,18,61,2024-01-31,2028-06-01,0,95,United States,Diego,Kochen,Kochen,Diego Kochen,9256,47430,47430,277908,938,61,80,2006-03-19T00:00:00.000Z,19,241,FC Barcelona,53,10,2,fc-barcelona,31,53,https://cmtracker.fra1.cdn.digitaloceanspaces.com/DB/26/heads/p277908.png,6,4,3,3,4,Right,1,2,1,1,2000000.0,189,83,Male,,,No,No,875000,750000,650000,4600,3900,3400,,,21,15,19,32,10,38,GK,-,False,False,False,diego-kochen,60,17,17,20,19,17,19,18,18,16,20
82,84,70,76,77,65,63,68,70,62,67,65,64,69,71,68,57,38,64,65,68,63,43,40,66,65,35,65,41,7,10,6,9,8,59,65,61,58,76,62,8,2022-07-01,2026-06-30,1,45,Spain,Héctor,Fort García,H. Fort,Héctor Fort,15913,12161,14322,278923,1871,71,83,2006-08-02T00:00:00.000Z,18,241,FC Barcelona,53,10,2,fc-barcelona,39,53,https://cmtracker.fra1.cdn.digitaloceanspaces.com/DB/26/heads/p278923.png,3,4,2,38,4,Right,3,3,1,2,,185,78,Male,,,No,No,4900000,4200000,3600000,32000,27000,23000,,,83,47,62,69,65,69,RB,LB | CM,False,False,False,hector-fort-garcia,14,68,68,66,66,68,65,66,65,67,62
77,68,83,89,51,55,34,70,33,68,34,69,72,77,66,81,70,54,47,60,72,36,68,73,32,35,66,72,62,11,6,8,12,14,65,35,69,57,78,57,11,2025-04-04,2028-06-01,0,21,Germany,Lennart,Karl,Karl,Lennart Karl,21412,18937,18937,78063,1825,73,88,2008-02-22T00:00:00.000Z,17,21,Bayern München,19,10,3,bayern-munchen,42,19,https://cmtracker.fra1.cdn.digitaloceanspaces.com/DB/26/heads/p78063.png,6,8,1,2015,7,Left,4,3,1,0,,168,67,Male,,,Yes,No,8000000,7000000,6000000,24500,21000,18000,"Finesse Shot, Incisive Pass, Inventive",,73,68,66,78,37,43,CAM,RM | CM,True,False,False,lennart-karl,17,55,52,41,51,71,66,73,72,73,67
61,63,59,60,51,57,49,57,60,52,49,57,57,67,52,63,55,46,53,62,67,57,50,41,58,52,44,51,44,7,13,11,5,9,55,56,58,50,60,54,9,2025-12-21,2026-06-30,1,59,Peru,Felipe,Chávez,Chávez,Felipe Chávez,11702,7336,7336,82814,1639,60,79,2007-04-10T00:00:00.000Z,18,21,Bayern München,19,10,3,bayern-munchen,27,19,https://cmtracker.fra1.cdn.digitaloceanspaces.com/DB/26/heads/p82814.png,20,6,2,4000,2,Left,2,4,1,0,,177,70,Male,,,No,No,725000,625000,525000,5800,4900,4200,,,62,49,56,60,54,54,CM,CAM | CDM,True,False,False,felipe-chavez,13,57,56,55,58,60,60,60,59,59,56
84,82,85,81,77,67,70,71,53,64,24,71,64,75,47,76,71,43,59,50,65,31,72,67,18,11,66,48,61,13,10,7,15,11,62,20,59,71,81,57,12,2024-07-01,2026-06-30,1,21,Germany,Armindo,Sieb,Sieb,Armindo Sieb,2634,33966,33966,259162,1809,71,79,2003-02-17T00:00:00.000Z,22,21,Bayern München,19,10,3,bayern-munchen,11,19,https://cmtracker.fra1.cdn.digitaloceanspaces.com/DB/26/heads/p259162.png,3,9,6,527,3,Right,3,4,1,0,,175,82,Male,,,No,No,5000000,4200000,3600000,35500,30000,26000,,,83,68,53,75,29,67,ST,CAM,True,False,False,armindo-sieb,18,49,46,41,47,69,61,70,72,71,71
68,70,73,72,49,61,50,59,55,67,32,57,68,69,49,65,61,51,43,67,69,40,60,63,42,41,57,63,52,14,13,8,10,6,56,41,63,57,69,56,11,2023-11-01,2026-06-30,1,10,Croatia,Lovro,Zvonarek,Zvonarek,Lovro Zvonarek,22182,40478,40478,269497,1724,66,78,2005-05-08T00:00:00.000Z,20,21,Bayern München,19,10,3,bayern-munchen,14,189,https://cmtracker.fra1.cdn.digitaloceanspaces.com/DB/26/heads/p269497.png,5,6,1,2507,1,Right,3,3,1,0,,180,70,Male,,,No,No,2400000,2100000,1800000,15000,12500,11000,,,69,58,61,68,40,54,CAM,CM,True,False,False,lovro-zvonarek,15,53,51,46,53,63,62,65,63,63,60
63,61,60,62,62,62,67,60,50,54,58,57,68,62,44,64,53,50,50,60,62,35,53,52,61,52,32,51,43,9,5,13,6,15,49,50,58,60,62,55,10,2025-12-21,2026-06-30,1,45,Spain,Javier,Fernández González,J. Fernandez,Javier Fernández,17262,47218,16751,272658,1656,61,80,2006-11-28T00:00:00.000Z,18,21,Bayern München,19,10,3,bayern-munchen,16,20,https://cmtracker.fra1.cdn.digitaloceanspaces.com/DB/26/heads/p272658.png,6,9,2,2501,5,Right,3,4,1,0,,186,75,Male,,,No,No,975000,825000,725000,7100,6000,5200,,,62,48,56,60,51,60,CM,CAM | CDM,True,False,False,javier-fernandez-gonzalez,14,56,55,54,57,59,61,61,59,59,56
59,67,61,62,75,60,77,68,49,59,21,61,50,64,25,59,63,34,66,42,44,17,57,55,25,23,47,32,56,10,13,14,14,5,49,22,47,65,64,50,12,2024-12-07,2026-06-30,1,46,Sweden,Jonah,Kusi-Asare,Kusi-Asare,Jonah Kusi-Asare,17832,20458,20458,278578,1534,62,84,2007-07-04T00:00:00.000Z,17,21,Bayern München,19,10,3,bayern-munchen,18,13,https://cmtracker.fra1.cdn.digitaloceanspaces.com/DB/26/heads/p278578.png,0,9,8,1004,4,Right,2,3,1,0,,196,84,Male,,,No,No,1500000,1300000,1100000,7400,6300,5400,,,63,57,38,62,30,65,ST,-,True,False,False,jonah-kusi-asare,17,40,40,41,41,54,50,56,59,56,61
72,67,78,76,68,69,55,66,70,61,68,64,72,70,50,72,43,43,61,66,69,67,59,49,71,66,37,52,44,8,14,15,7,6,52,68,61,60,72,64,10,2024-12-20,2026-06-30,1,21,Germany,Noël,Aséko,Aseko,Noël Aséko,27456,2911,2794,279622,1855,69,83,2005-11-22T00:00:00.000Z,19,21,Bayern München,19,10,3,bayern-munchen,15,20,https://cmtracker.fra1.cdn.digitaloceanspaces.com/DB/26/heads/p279622.png,21,9,10,1024,2,Right,2,3,1,1,,178,73,Male,,,No,No,3700000,3100000,2700000,19000,16000,14000,,,70,49,59,71,67,66,CDM,CM,True,False,False,noel-aseko,15,66,66,66,67,65,67,66,64,64,60
24,31,32,42,41,23,46,41,29,26,8,8,25,12,11,7,4,10,12,24,26,9,41,8,11,14,8,9,12,59,58,54,60,49,13,12,13,32,34,18,56,2025-01-01,2027-06-01,0,21,Germany,Leon,Klanac,Klanac,Leon Klanac,21434,19740,19740,76337,874,56,75,2007-03-01T00:00:00.000Z,18,21,Bayern München,19,10,3,bayern-munchen,48,19,https://cmtracker.fra1.cdn.digitaloceanspaces.com/DB/26/heads/p76337.png,3,9,2,2022,5,Right,1,3,1,1,,185,80,Male,,,No,No,375000,325000,275000,1800,1500,1300,,,28,14,18,27,11,35,GK,-,False,False,False,leon-klanac,54,17,17,19,19,17,19,18,17,16,18
73,70,74,79,49,44,43,54,43,43,26,59,57,61,62,66,57,56,49,52,58,29,59,54,36,38,60,58,50,7,8,8,11,10,58,35,59,50,70,47,9,2025-02-07,2027-06-01,0,21,Germany,Wisdom,Mike,Mike,Wisdom Mike,38890,25096,25096,77126,1603,61,85,2008-09-24T00:00:00.000Z,16,21,Bayern München,19,10,3,bayern-munchen,36,19,https://cmtracker.fra1.cdn.digitaloceanspaces.com/DB/26/heads/p77126.png,0,9,8,1021,2,Left,3,5,1,1,,175,65,Male,,,No,No,1200000,1000000,875000,5700,4800,4100,,,72,57,57,63,36,45,LM,LW,False,False,False,wisdom-mike,13,48,46,40,44,60,54,60,60,61,58
60,61,68,67,45,50,33,61,57,47,54,55,58,59,45,57,46,50,56,61,67,56,54,49,60,63,49,51,42,11,14,5,10,7,53,60,56,47,64,53,10,2025-07-01,2027-06-01,0,38,Portugal,David,Santos Daiber,Santos Daiber,Santos Daiber,8642,32777,32777,79317,1628,59,79,2007-01-10T00:00:00.000Z,18,21,Bayern München,19,10,3,bayern-munchen,47,19,https://cmtracker.fra1.cdn.digitaloceanspaces.com/DB/26/heads/p79317.png,0,2,3,1502,1,Right,2,3,1,1,1600000.0,179,72,Male,,,No,No,700000,600000,500000,4100,3500,3000,,,61,49,55,60,58,46,CDM,CM,False,False,False,david-santos-daiber,15,57,57,55,58,56,58,58,57,56,54
64,61,56,57,50,35,34,65,59,43,64,31,36,37,37,34,16,33,63,36,44,58,42,27,69,66,30,36,36,7,6,14,9,14,38,65,36,38,61,45,10,2025-07-01,2027-06-01,0,21,Germany,Cassiano,Kiala,Kiala,Cassiano Kiala,6567,44647,44647,79318,1369,58,82,2009-01-11T00:00:00.000Z,16,21,Bayern München,19,10,3,bayern-munchen,30,19,https://cmtracker.fra1.cdn.digitaloceanspaces.com/DB/26/heads/p79318.png,0,9,6,1004,4,Right,2,3,1,0,,186,69,Male,,,No,No,725000,600000,525000,3200,2700,2400,,,63,30,37,49,64,45,CB,-,False,False,False,cassiano-kiala,15,52,56,58,51,40,41,39,39,39,39
33,32,41,48,40,31,44,36,18,36,12,6,41,13,11,9,4,11,10,29,25,9,43,12,12,13,13,12,14,61,59,57,59,62,13,12,15,34,38,22,60,2025-08-30,2027-06-01,0,21,Germany,Jannis,Bärtl,Bärtl,Jannis Bärtl,17143,45104,45104,81240,956,58,73,2006-06-24T00:00:00.000Z,19,21,Bayern München,19,10,3,bayern-munchen,35,19,https://cmtracker.fra1.cdn.digitaloceanspaces.com/DB/26/heads/p81240.png,6,9,2,18,4,Right,1,3,1,1,,185,78,Male,,,No,No,500000,425000,375000,2100,1700,1500,,,33,15,22,31,11,33,GK,-,False,False,False,jannis-bartl,57,18,18,18,20,20,22,21,19,18,18
65,65,55,60,54,59,51,56,64,45,58,58,48,58,55,63,42,40,50,40,45,55,40,35,61,60,30,45,38,10,7,6,8,7,45,59,50,48,61,52,8,2025-12-21,2028-06-01,0,48,Turkey,Deniz,Ofli,Ofli,Deniz Ofli,9007,45597,45597,82811,1533,60,80,2007-03-29T00:00:00.000Z,18,21,Bayern München,19,10,3,bayern-munchen,34,19,https://cmtracker.fra1.cdn.digitaloceanspaces.com/DB/26/heads/p82811.png,0,3,3,1502,2,Left,2,3,1,2,,181,72,Male,,,No,No,775000,650000,550000,5400,4500,3900,,,65,41,46,56,57,57,LB,-,False,False,False,deniz-ofli,13,57,57,56,54,55,51,52,53,54,51
69,69,54,58,66,65,64,55,54,50,60,55,47,57,60,61,35,37,56,48,54,56,50,33,60,54,40,44,34,5,12,7,9,7,49,57,50,56,61,50,8,2025-12-21,2026-06-01,0,21,Germany,Vincent,Manuba,Manuba,Vincent Manuba,38042,45598,45598,82813,1585,61,74,2005-07-01T00:00:00.000Z,20,21,Bayern München,19,10,3,bayern-munchen,41,19,https://cmtracker.fra1.cdn.digitaloceanspaces.com/DB/26/heads/p82813.png,0,9,6,5001,2,Right,2,3,1,2,,183,80,Male,,,No,No,900000,750000,650000,7600,6400,5500,,,69,41,48,56,57,62,RB,LB,False,False,False,vincent-manuba,13,59,59,58,56,56,53,52,53,55,52
78,72,85,84,60,77,59,66,39,61,47,64,68,71,49,74,65,40,43,60,68,49,67,65,45,43,60,63,55,12,12,10,11,8,57,46,62,66,77,56,11,2024-07-01,2026-06-30,1,21,Germany,Maurice,Krattenmacher,Krattenmacher,Maurice Krattenmacher,24287,20208,20208,268916,1830,69,83,2005-08-11T00:00:00.000Z,19,21,Bayern München,19,10,3,bayern-munchen,14,20,https://cmtracker.fra1.cdn.digitaloceanspaces.com/DB/26/heads/p268916.png,19,8,1,2017,1,Right,3,5,1,0,,180,75,Male,,,No,No,3900000,3300000,2800000,21000,17500,15000,"Inventive, Technical",,75,63,58,74,45,59,CAM,ST | CM,False,False,False,maurice-krattenmacher,16,59,56,50,57,67,65,69,68,68,64
55,55,50,36,69,53,76,57,53,57,57,25,37,41,25,36,22,30,55,46,50,59,47,22,67,60,31,34,43,12,9,12,6,9,37,62,38,54,51,46,10,2023-07-01,2026-06-30,1,21,Germany,Tarek,Buchmann,Buchmann,Tarek Buchmann,35801,5668,5668,276004,1396,60,77,2005-02-28T00:00:00.000Z,20,21,Bayern München,19,10,3,bayern-munchen,28,20,https://cmtracker.fra1.cdn.digitaloceanspaces.com/DB/26/heads/p276004.png,3,3,5,1007,5,Right,2,3,1,0,,188,86,Male,,,No,No,725000,600000,525000,6100,5200,4500,,,55,32,37,46,60,63,CB,-,False,False,False,tarek-buchmann,14,51,53,60,54,40,44,40,39,38,41
28,32,34,23,48,19,41,45,27,23,8,6,35,16,14,15,8,12,14,23,28,7,46,9,11,14,6,12,14,58,56,61,63,59,14,11,16,33,33,19,60,2024-07-01,2026-06-30,1,21,Germany,Max,Schmitt,Schmitt,Max Schmitt,24324,33084,33084,278252,915,59,76,2006-01-18T00:00:00.000Z,19,21,Bayern München,19,10,3,bayern-munchen,1,2076,https://cmtracker.fra1.cdn.digitaloceanspaces.com/DB/26/heads/p278252.png,19,3,1,11,4,Right,1,2,1,1,,189,76,Male,,,No,No,600000,525000,450000,2100,1700,1500,,,30,15,21,26,11,34,GK,-,False,False,False,max-schmitt,57,18,18,19,20,21,22,22,21,20,21
75,76,66,63,84,67,76,70,70,69,72,60,65,70,65,70,44,46,71,66,70,73,60,55,73,72,44,60,46,5,15,13,10,9,59,73,63,69,70,64,11,2024-01-03,2029-06-01,0,14,England,Josh,Acheampong,Acheampong,Josh Acheampong,17971,428,428,71651,1950,73,85,2006-05-05T00:00:00.000Z,19,5,Chelsea,13,8,10,chelsea,34,13,https://cmtracker.fra1.cdn.digitaloceanspaces.com/DB/26/heads/p71651.png,0,9,8,1004,4,Right,2,3,1,0,,190,85,Male,,,No,No,8000000,7000000,6000000,0,0,0,,,76,52,62,68,72,74,CB,RB | CDM | CM,True,False,False,josh-acheampong,16,70,71,72,70,67,67,65,64,65,62
77,68,84,85,55,68,46,56,67,68,63,52,65,66,53,66,48,46,46,65,68,60,58,52,63,62,36,64,46,6,10,10,10,9,51,62,62,56,74,61,9,2023-07-01,2030-06-01,0,14,England,Kiano,Dyer,Dyer,Kiano Dyer,44116,10046,10046,71997,1798,63,83,2006-11-21T00:00:00.000Z,18,5,Chelsea,13,8,10,chelsea,33,13,https://cmtracker.fra1.cdn.digitaloceanspaces.com/DB/26/heads/p71997.png,0,9,7,1016,1,Right,3,3,1,0,,178,63,Male,,,No,No,1600000,1300000,1100000,0,0,0,Press Proven,,73,49,60,71,59,59,CM,CDM,True,False,False,kiano-dyer,14,63,62,59,63,62,63,63,60,62,55
80,78,85,84,63,67,50,68,50,68,35,68,69,70,66,72,66,58,52,63,68,35,70,68,35,25,55,63,55,5,7,10,8,12,62,32,66,64,79,58,9,2023-02-04,2026-06-30,1,14,England,Tyrique,George,George,Tyrique George,37076,13058,13058,71998,1828,71,84,2006-02-04T00:00:00.000Z,19,5,Chelsea,13,8,10,chelsea,19,13,https://cmtracker.fra1.cdn.digitaloceanspaces.com/DB/26/heads/p71998.png,21,9,10,1024,4,Right,4,4,1,1,,185,80,Male,,,No,No,5000000,4400000,3800000,0,0,0,Quick Step,,79,64,65,75,36,58,LM,RM | ST | LW,True,False,False,tyrique-george,14,55,52,44,52,69,64,69,69,70,66
91,89,91,93,66,67,49,74,62,80,34,75,75,81,77,84,74,71,52,69,75,28,79,75,34,27,66,78,73,9,15,13,11,6,69,30,77,68,88,67,11,2025-07-14,2033-06-01,0,54,Brazil,Estêvão Willian,Almeida,Estêvão,Estêvão,11129,1682,11128,76687,2043,79,89,2007-04-24T00:00:00.000Z,18,5,Chelsea,13,8,10,chelsea,41,13,https://cmtracker.fra1.cdn.digitaloceanspaces.com/DB/26/heads/p76687.png,0,9,8,1001,250,Left,4,3,1,1,,176,70,Male,,,Yes,No,43500000,37000000,32000000,0,0,0,"Finesse Shot, Inventive, Technical, Quick Step",,90,74,74,84,35,61,RM,CAM | RW,True,False,False,estevao-willian-almeida,17,59,55,45,55,78,71,78,78,79,73
40,40,53,35,59,25,62,58,25,40,13,10,48,28,11,15,10,13,12,35,27,15,47,10,13,13,10,13,13,63,63,63,64,63,14,14,21,41,46,25,64,2020-09-05,2028-06-01,0,14,England,Teddy,Sharman-Lowe,Sharman-Lowe,Teddy Sharman-Lowe,35936,33691,33691,257126,1109,64,75,2003-03-30T00:00:00.000Z,22,5,Chelsea,13,8,10,chelsea,28,13,https://cmtracker.fra1.cdn.digitaloceanspaces.com/DB/26/heads/p257126.png,2,1,1,3507,4,Right,1,3,1,1,,193,87,Male,,,No,No,1300000,1100000,975000,0,0,0,,,40,17,25,38,13,43,GK,-,True,False,False,teddy-sharman-lowe,62,23,22,24,26,26,28,29,27,25,26
58,76,37,54,80,61,82,73,73,76,77,19,56,65,36,53,21,30,74,60,72,79,58,26,79,76,21,53,44,14,5,8,12,13,45,78,53,62,60,58,11,2025-06-09,2033-06-01,0,136,Senegal,Mamadou,Sarr,M.Sarr,Mamadou Sarr,23308,32873,22739,275507,1721,77,84,2005-08-29T00:00:00.000Z,19,5,Chelsea,13,8,10,chelsea,19,13,https://cmtracker.fra1.cdn.digitaloceanspaces.com/DB/26/heads/p275507.png,21,9,9,1038,4,Right,2,3,1,0,,194,77,Male,,,No,No,22500000,19000000,16500000,0,0,0,,,67,32,51,60,77,74,CB,-,True,False,False,mamadou-sarr,17,67,69,76,71,54,60,53,51,50,50
77,77,75,73,72,64,56,64,34,60,15,65,55,61,52,63,64,52,63,45,53,15,63,58,18,13,58,52,65,9,9,10,10,10,58,16,55,63,74,49,10,2023-02-10,2026-06-30,1,14,England,Jimmy-Jay,Morgan,Morgan,Jimmy-Jay Morgan,47447,25742,25742,278239,1630,63,79,2006-01-21T00:00:00.000Z,19,5,Chelsea,13,8,10,chelsea,24,60,https://cmtracker.fra1.cdn.digitaloceanspaces.com/DB/26/heads/p278239.png,5,2,1,2510,2,Right,2,2,1,0,,180,70,Male,,,Yes,No,1500000,1300000,1100000,0,0,0,,,77,62,52,66,25,57,ST,CAM | CM,True,False,False,jimmy-jay-morgan,15,43,41,34,38,61,53,60,62,62,63
67,67,63,63,81,62,77,73,79,67,74,35,60,66,55,61,40,50,72,66,69,73,55,50,76,77,35,55,40,10,7,9,11,5,55,76,60,65,67,60,9,2024-08-08,2026-06-30,1,52,Argentina,Aaron,Anselmino,Anselmino,Aaron Anselmino,175,2307,2307,278455,1850,74,84,2005-04-29T00:00:00.000Z,20,5,Chelsea,13,8,10,chelsea,5,16,https://cmtracker.fra1.cdn.digitaloceanspaces.com/DB/26/heads/p278455.png,3,3,2,12,5,Right,3,4,1,0,,186,83,Male,,,No,No,10000000,8500000,7500000,0,0,0,Slide Tackle,,67,43,59,66,74,75,CB,-,True,False,False,aaron-anselmino,15,68,69,74,71,60,63,60,57,58,56
73,78,67,65,81,66,76,70,82,70,29,70,55,70,45,68,73,45,70,45,65,36,75,63,31,27,63,57,65,5,6,9,10,14,64,32,57,73,71,62,9,2024-07-01,2029-06-01,0,45,Spain,Marc,Guiu Paz,Marc Guiu,Marc Guiu,23525,14019,23537,278813,1824,71,84,2006-01-04T00:00:00.000Z,19,5,Chelsea,13,8,10,chelsea,38,13,https://cmtracker.fra1.cdn.digitaloceanspaces.com/DB/26/heads/p278813.png,3,7,2,1546,5,Right,3,4,1,0,,187,82,Male,,,Yes,No,5500000,4500000,3900000,0,0,0,,,76,68,52,68,39,76,ST,-,True,False,False,marc-guiu-paz,15,51,49,50,51,65,59,65,68,66,71
17,29,32,27,63,26,72,68,30,41,9,7,55,42,12,30,8,27,27,62,55,9,59,9,10,14,9,21,15,79,74,78,77,73,23,11,37,46,35,27,77,2024-08-27,2026-06-30,1,7,Belgium,Mike,Penders,Penders,Mike Penders,25096,29259,29259,270821,1266,76,86,2005-07-31T00:00:00.000Z,19,5,Chelsea,13,8,10,chelsea,39,16,https://cmtracker.fra1.cdn.digitaloceanspaces.com/DB/26/heads/p270821.png,0,3,2,1547,5,Left,1,2,1,1,,200,95,Male,,,No,No,16500000,14000000,12000000,0,0,0,,,23,18,39,40,14,48,GK,-,False,False,False,mike-penders,75,26,24,27,34,34,41,38,33,30,31
65,66,63,62,67,59,68,56,65,57,57,30,50,53,50,49,25,36,57,53,57,58,46,25,58,57,30,42,40,13,12,12,8,7,44,58,47,53,63,50,11,2025-07-01,2026-06-30,1,14,England,Brodi,Hughes,Hughes,Brodi Hughes,47273,15715,15715,274069,1553,59,72,2004-10-16T00:00:00.000Z,20,5,Chelsea,13,8,10,chelsea,17,60,https://cmtracker.fra1.cdn.digitaloceanspaces.com/DB/26/heads/p274069.png,12,1,1,2005,1,Right,2,3,1,0,,183,75,Male,,,No,No,600000,500000,450000,0,0,0,,,66,33,48,57,57,65,CB,RB | RM,False,False,False,brodi-hughes,15,56,57,59,57,50,51,48,46,48,45
72,77,62,57,72,66,66,65,64,66,63,54,56,65,64,59,43,33,60,60,65,60,48,41,66,66,35,52,37,9,14,7,7,7,54,64,54,59,67,57,9,2025-09-02,2026-06-30,1,14,England,Ishé,Samuels-Smith,Samuels-Smith,Ishé Samuels-Smith,16527,32586,32586,275244,1738,68,77,2006-06-05T00:00:00.000Z,19,5,Chelsea,13,8,10,chelsea,16,14,https://cmtracker.fra1.cdn.digitaloceanspaces.com/DB/26/heads/p275244.png,0,9,7,1004,4,Left,2,3,1,2,,186,76,Male,,,No,No,2900000,2500000,2100000,0,0,0,,,75,43,55,62,63,67,LB,CB,False,False,False,ishe-samuels-smith,15,65,65,64,63,62,60,59,58,60,56
66,67,67,65,66,53,65,60,55,61,40,63,59,64,57,68,62,52,56,62,65,40,67,60,40,30,52,53,57,12,5,13,13,13,59,37,60,63,65,56,12,2024-06-29,2026-06-30,1,14,England,Omari,Kellyman,Kellyman,Omari Kellyman,28094,19240,19240,278017,1728,63,79,2005-09-25T00:00:00.000Z,19,5,Chelsea,13,8,10,chelsea,8,60,https://cmtracker.fra1.cdn.digitaloceanspaces.com/DB/26/heads/p278017.png,2,9,6,1537,4,Left,3,2,1,0,,191,78,Male,,,No,No,1500000,1200000,1100000,0,0,0,,,67,60,58,64,41,60,CAM,RM | CM,False,False,False,omari-kellyman,16,52,50,48,52,62,59,63,63,63,62
75,75,72,75,67,58,58,56,48,58,22,60,48,59,47,57,61,48,58,40,52,25,63,58,28,20,59,50,60,9,10,5,12,14,56,25,51,61,71,50,10,2023-07-01,2026-06-30,1,14,England,Ronnie,Stutter,Stutter,Ronnie Stutter,31744,47450,47450,278290,1607,60,72,2005-01-06T00:00:00.000Z,20,5,Chelsea,13,8,10,chelsea,14,61,https://cmtracker.fra1.cdn.digitaloceanspaces.com/DB/26/heads/p278290.png,3,1,1,4,2,Right,2,3,1,0,,180,74,Male,,,No,No,700000,600000,525000,0,0,0,,,75,60,48,63,31,58,ST,-,False,False,False,ronnie-stutter,15,44,42,39,40,57,50,56,59,58,60
66,69,63,64,71,46,69,65,60,56,66,32,39,60,21,51,22,28,64,54,64,64,33,19,66,64,27,23,30,13,12,13,14,9,40,65,44,48,66,48,13,2024-07-01,2028-06-01,0,27,Italy,Filippo,Mane,Mane,Filippo Mane,11928,23387,23387,73016,1517,65,79,2005-03-08T00:00:00.000Z,20,22,Borussia Dortmund,19,9,3,borussia-dortmund,39,19,https://cmtracker.fra1.cdn.digitaloceanspaces.com/DB/26/heads/p73016.png,0,3,5,1013,5,Right,2,3,1,0,2250000.0,188,77,Male,,,No,No,1900000,1600000,1400000,9100,7700,6600,,,68,27,38,60,65,62,CB,RB,True,False,False,filippo-mane,17,57,59,65,61,49,52,50,47,47,46
76,74,78,75,59,68,53,69,47,65,62,57,68,70,57,70,57,43,47,74,72,57,54,56,60,59,48,62,49,9,13,7,8,11,57,59,64,58,75,58,10,2024-02-02,2026-06-30,1,21,Germany,Kjell,Wätjen,Wätjen,Kjell Wätjen,19728,39051,39051,70728,1834,68,82,2006-02-16T00:00:00.000Z,19,22,Borussia Dortmund,19,9,3,borussia-dortmund,8,20,https://cmtracker.fra1.cdn.digitaloceanspaces.com/DB/26/heads/p70728.png,0,3,2,4013,2,Right,3,3,1,0,,184,72,Male,,,No,No,3400000,2900000,2500000,14500,12500,10500,"Incisive Pass, Inventive, Technical",,75,54,63,71,57,57,CM,CAM | RM,False,False,False,kjell-watjen,16,64,63,58,64,67,67,67,65,66,60
87,90,85,80,50,57,36,62,34,61,27,58,56,68,63,72,62,44,40,53,63,25,58,47,21,29,56,54,56,6,12,6,14,14,57,25,59,50,81,49,11,2024-07-09,2026-06-30,1,95,United States,Cole,Campbell,Campbell,Cole Campbell,7572,6201,6201,73057,1646,67,82,2006-02-20T00:00:00.000Z,19,22,Borussia Dortmund,19,9,3,borussia-dortmund,20,19,https://cmtracker.fra1.cdn.digitaloceanspaces.com/DB/26/heads/p73057.png,2,2,2,4024,7,Left,4,3,1,1,,170,68,Male,,,No,No,2900000,2400000,2100000,13000,11000,9400,"Technical, Quick Step",,89,56,56,71,28,44,RM,RW,False,False,False,cole-campbell,16,51,48,35,44,66,56,64,64,67,60
56,58,61,48,67,49,67,59,48,65,64,37,59,57,52,56,33,34,64,66,67,60,42,31,61,52,30,37,35,13,6,8,15,10,50,58,50,52,57,52,11,2026-01-09,2027-06-01,0,21,Germany,Mussa,Kaba,Kaba,Mussa Kaba,44586,18523,18523,78577,1567,61,85,2008-11-17T00:00:00.000Z,16,22,Borussia Dortmund,19,9,3,borussia-dortmund,48,19,https://cmtracker.fra1.cdn.digitaloceanspaces.com/DB/26/heads/p78577.png,21,9,9,1038,4,Right,2,3,1,1,,197,86,Male,,,No,No,1200000,975000,850000,4200,3500,3000,,,57,35,53,58,60,58,CDM,CM,False,False,False,mussa-kaba,16,57,57,60,60,54,57,54,51,52,49
78,76,79,80,75,93,68,76,69,76,69,71,75,77,75,74,53,63,61,77,78,78,64,63,75,78,50,71,44,15,12,12,9,9,64,77,73,73,78,68,12,2025-05-14,2029-06-01,0,46,Sweden,Daniel,Svensson,Svensson,Daniel Svensson,8495,35310,35310,259716,2123,78,83,2002-02-12T00:00:00.000Z,23,22,Borussia Dortmund,19,9,3,borussia-dortmund,24,19,https://cmtracker.fra1.cdn.digitaloceanspaces.com/DB/26/heads/p259716.png,1,1,1,3,2,Left,3,4,1,2,,178,72,Male,,,No,No,23500000,20000000,17000000,43000,36500,31500,Relentless,,77,58,73,77,72,76,LB,CM | LM,False,False,False,daniel-svensson,18,77,76,72,75,75,75,73,71,72,67
26,34,24,25,56,29,68,54,22,34,11,7,31,11,9,10,6,10,11,25,26,9,44,6,9,13,8,12,15,65,60,59,65,62,12,11,14,41,33,20,63,2021-11-23,2027-06-01,0,21,Germany,Silas,Ostrzinski,Ostrzinski,Silas Ostrzinski,34032,28359,28359,266906,956,63,75,2003-11-19T00:00:00.000Z,21,22,Borussia Dortmund,19,9,3,borussia-dortmund,31,19,https://cmtracker.fra1.cdn.digitaloceanspaces.com/DB/26/heads/p266906.png,6,4,2,3508,4,Right,1,2,1,1,2300000.0,198,93,Male,,,No,No,1200000,1000000,900000,3800,3200,2800,,GK Cross Claimer,30,14,19,26,11,44,GK,-,False,False,False,silas-ostrzinski,61,19,19,21,21,20,21,20,19,17,21
77,77,76,73,77,60,75,58,70,53,58,54,49,61,66,63,39,50,56,60,64,56,50,36,60,59,35,59,41,10,7,10,7,8,52,59,59,60,73,55,9,2024-08-07,2028-06-01,0,21,Germany,Almugera,Kabar,Kabar,Almugera Kabar,1700,18531,18531,278854,1754,64,81,2006-06-06T00:00:00.000Z,19,22,Borussia Dortmund,19,9,3,borussia-dortmund,42,19,https://cmtracker.fra1.cdn.digitaloceanspaces.com/DB/26/heads/p278854.png,0,3,5,1021,3,Left,3,3,1,2,,181,74,Male,,,No,No,1700000,1500000,1300000,7800,6600,5700,,,77,43,58,64,58,71,LB,-,False,False,False,almugera-kabar,13,62,61,61,60,61,57,57,56,59,55
63,69,53,53,70,69,65,56,61,67,55,40,51,68,65,64,41,29,68,64,63,57,66,54,59,58,42,53,37,14,7,8,9,10,56,58,56,65,59,52,10,2026-01-26,2030-06-01,0,10,Croatia,Leon,Jakirović,Jakirović,Leon Jakirović,21434,17017,17017,77325,1708,61,82,2008-01-16T00:00:00.000Z,17,44,Lombardia FC,31,9,2,lombardia-fc,29,31,https://cmtracker.fra1.cdn.digitaloceanspaces.com/DB/26/heads/p77325.png,6,3,2,2004,4,Left,2,3,1,0,,190,76,Male,,,No,No,1200000,975000,850000,3000,2500,2200,,,66,47,54,60,59,66,CB,LB,True,False,False,leon-jakirovic,14,61,61,60,60,60,59,57,57,58,56
59,69,50,45,76,65,78,65,67,60,59,69,67,72,62,70,61,50,70,65,70,56,65,56,64,59,52,60,51,10,11,12,14,11,63,60,64,68,58,63,12,2026-02-02,2026-06-30,1,18,France,Yanis,Massolin,Massolin,Yanis Massolin,39358,47152,47152,270341,1870,67,76,2002-09-20T00:00:00.000Z,22,44,Lombardia FC,31,9,2,lombardia-fc,17,32,https://cmtracker.fra1.cdn.digitaloceanspaces.com/DB/26/heads/p270341.png,6,9,2,0,4,Left,3,3,1,0,,197,78,Male,,,No,No,2700000,2300000,2000000,11500,9700,8400,,,64,59,62,60,62,72,CM,CDM,True,False,False,yanis-massolin,17,63,63,65,65,66,66,66,67,66,66
63,61,50,60,68,66,65,61,61,55,59,53,45,59,61,57,36,48,62,47,60,61,48,39,60,63,38,62,41,6,14,12,12,7,52,62,55,58,59,53,11,2024-07-01,2026-06-30,1,52,Argentina,Franco,Carboni,Carboni,Franco Carboni,12247,6323,6323,270485,1660,63,72,2003-04-04T00:00:00.000Z,22,44,Lombardia FC,31,9,2,lombardia-fc,29,31,https://cmtracker.fra1.cdn.digitaloceanspaces.com/DB/26/heads/p270485.png,6,3,2,1517,5,Left,2,2,1,2,,190,76,Male,,,No,No,1200000,1000000,875000,6400,5400,4700,,,62,43,54,57,61,65,LB,LM,True,False,False,franco-carboni,15,61,61,61,58,56,54,53,53,54,52
70,69,77,72,71,90,68,78,71,84,64,72,76,84,76,80,71,70,62,77,75,63,72,66,64,62,56,67,67,10,5,7,13,14,68,63,76,74,74,73,10,2025-06-04,2028-06-01,0,10,Croatia,Petar,Sučić,Sučić,Petar Sučić,29409,35084,35084,276278,2123,76,83,2003-10-25T00:00:00.000Z,21,44,Lombardia FC,31,9,2,lombardia-fc,8,31,https://cmtracker.fra1.cdn.digitaloceanspaces.com/DB/26/heads/p276278.png,3,6,2,25,1,Right,3,4,1,0,,183,76,Male,,,No,No,18000000,15000000,13000000,24000,20500,17500,"Technical, Relentless",,70,67,74,79,63,75,CM,CDM,True,False,False,petar-sucic,17,72,70,66,72,76,76,76,75,75,72
60,67,65,53,85,72,85,75,61,60,26,78,64,76,66,72,79,77,79,66,73,25,78,68,44,33,70,75,74,6,10,7,12,7,74,34,74,78,64,61,9,2024-07-01,2027-06-01,0,27,Italy,Francesco Pio,Esposito,P. Esposito,Francesco Pio Esposito,12216,11069,28520,277327,1948,76,84,2005-06-28T00:00:00.000Z,20,44,Lombardia FC,31,9,2,lombardia-fc,94,31,https://cmtracker.fra1.cdn.digitaloceanspaces.com/DB/26/heads/p277327.png,5,9,1,606,5,Right,3,3,1,0,,191,83,Male,,,No,No,19500000,16500000,14500000,27000,23000,19500,Precision Header,,64,75,70,67,41,76,ST,-,True,False,False,francesco-pio-esposito,15,55,53,52,55,71,67,71,73,71,75
75,77,70,70,80,67,76,67,69,67,61,66,67,67,66,68,66,61,64,64,70,60,70,67,61,60,66,70,65,7,14,6,12,7,67,61,66,72,72,66,10,2023-01-31,2026-06-30,1,133,Nigeria,Ebenezer,Akinsanmiro,Akinsanmiro,Ebenezer Akinsanmiro,10188,967,967,70471,2003,67,80,2004-11-25T00:00:00.000Z,20,44,Lombardia FC,31,9,2,lombardia-fc,14,31,https://cmtracker.fra1.cdn.digitaloceanspaces.com/DB/26/heads/p70471.png,0,9,9,1016,2,Right,2,3,1,0,,184,70,Male,,,No,No,2900000,2400000,2100000,9700,8300,7100,,,76,67,66,68,61,73,CM,CAM,False,False,False,ebenezer-akinsanmiro,16,65,65,65,65,68,66,68,68,68,68
75,78,69,74,63,66,61,59,51,61,22,65,56,66,61,65,62,51,48,59,65,21,66,62,21,15,62,56,51,10,7,11,13,12,60,19,60,64,71,51,11,2025-07-01,2026-06-30,1,27,Italy,Giacomo,De Pieri,De Pieri,Giacomo De Pieri,13203,8773,8773,76540,1684,65,80,2006-12-29T00:00:00.000Z,18,44,Lombardia FC,31,9,2,lombardia-fc,49,32,https://cmtracker.fra1.cdn.digitaloceanspaces.com/DB/26/heads/p76540.png,0,3,1,1,2,Left,3,3,1,0,,174,75,Male,,,No,No,2000000,1700000,1400000,6700,5700,4900,,,77,61,58,66,25,60,RW,RM,False,False,False,giacomo-de-pieri,15,48,44,37,45,64,58,63,64,65,63
30,30,30,22,53,21,56,62,21,45,13,5,30,22,11,6,9,12,12,22,30,9,50,6,15,10,5,12,11,62,62,67,65,66,14,12,15,38,35,21,65,2025-07-01,2030-06-01,0,1,Albania,Alain,Taho,Taho,Alain Taho,1288,44491,44491,77523,982,65,80,2007-04-30T00:00:00.000Z,18,44,Lombardia FC,31,9,2,lombardia-fc,60,31,https://cmtracker.fra1.cdn.digitaloceanspaces.com/DB/26/heads/p77523.png,20,3,2,4019,5,Left,1,3,1,1,,193,75,Male,,,No,No,1700000,1400000,1200000,2400,2100,1800,,,30,14,20,31,12,38,GK,-,False,False,False,alain-taho,63,20,20,22,23,21,23,22,22,20,23
77,81,74,70,73,66,66,70,61,62,60,58,58,68,62,66,48,57,59,60,66,66,59,55,60,58,49,64,55,7,6,9,11,10,57,62,63,64,75,59,9,2026-01-04,2028-06-01,0,27,Italy,Matteo,Cocchi,Cocchi,Matteo Cocchi,24222,44502,44502,77615,1871,67,82,2007-02-01T00:00:00.000Z,18,44,Lombardia FC,31,9,2,lombardia-fc,43,31,https://cmtracker.fra1.cdn.digitaloceanspaces.com/DB/26/heads/p77615.png,3,5,2,1534,1,Left,3,3,1,2,,179,74,Male,,,No,No,2700000,2300000,1900000,8000,6800,5800,,,79,54,61,68,61,67,LB,LM,False,False,False,matteo-cocchi,15,65,64,63,63,65,62,63,63,64,61
67,69,52,62,64,61,59,59,68,48,56,65,61,61,48,62,40,50,59,61,65,42,61,48,59,56,45,48,56,14,13,13,6,5,52,53,57,59,62,59,11,2025-07-01,2026-06-30,1,27,Italy,Luca,Di Maggio,Di Maggio,Luca Di Maggio,22226,45041,45041,80836,1703,61,76,2005-03-31T00:00:00.000Z,20,44,Lombardia FC,31,9,2,lombardia-fc,23,32,https://cmtracker.fra1.cdn.digitaloceanspaces.com/DB/26/heads/p80836.png,6,9,1,0,2,Right,3,3,1,0,,175,75,Male,,,No,No,925000,775000,675000,4600,3900,3300,,,68,53,56,57,54,63,CM,CDM,False,False,False,luca-di-maggio,15,57,57,57,58,60,60,60,59,58,57
70,74,70,66,75,60,72,65,45,66,33,66,60,67,53,65,65,60,65,57,60,22,69,62,40,25,66,66,67,7,12,10,8,9,62,29,63,68,69,57,10,2026-01-04,2029-06-01,0,27,Italy,Matteo,Lavelli,Lavelli,Matteo Lavelli,24222,45420,45420,82087,1777,66,79,2006-12-08T00:00:00.000Z,18,44,Lombardia FC,31,9,2,lombardia-fc,90,31,https://cmtracker.fra1.cdn.digitaloceanspaces.com/DB/26/heads/p82087.png,3,10,3,1526,5,Right,3,3,1,0,,185,75,Male,,,No,No,2400000,2000000,1700000,8300,7000,6100,,,72,66,59,67,37,63,ST,-,False,False,False,matteo-lavelli,15,50,48,46,49,63,59,64,65,64,66
61,62,50,40,69,59,65,61,66,59,62,35,29,62,33,36,30,35,66,51,62,65,42,29,66,65,33,29,40,14,8,14,6,8,45,66,43,53,55,49,10,2025-07-01,2026-06-30,1,27,Italy,Giacomo,Stabile,Stabile,Giacomo Stabile,13203,45957,45957,278352,1512,65,74,2005-04-12T00:00:00.000Z,20,44,Lombardia FC,31,9,2,lombardia-fc,37,32,https://cmtracker.fra1.cdn.digitaloceanspaces.com/DB/26/heads/p278352.png,3,3,1,0,5,Left,2,3,1,0,,187,85,Male,,,No,No,1700000,1500000,1300000,6500,5500,4700,,,62,35,40,51,65,65,CB,-,False,False,False,giacomo-stabile,14,57,60,64,60,47,50,46,46,45,47
34,42,47,33,80,55,82,64,58,57,30,73,51,66,41,58,70,40,81,42,57,26,74,58,26,22,65,50,61,13,8,14,14,6,63,25,52,70,44,55,11,2025-07-01,2027-06-01,0,27,Italy,Leonardo,Cerri,Cerri,Leonardo Cerri,21439,6763,6763,71000,1598,67,76,2003-03-04T00:00:00.000Z,22,45,Juventus,31,10,9,juventus,39,31,https://cmtracker.fra1.cdn.digitaloceanspaces.com/DB/26/heads/p71000.png,0,3,1,3500,5,Right,3,3,1,0,,198,88,Male,,,No,No,2700000,2300000,2000000,38000,32500,28000,Press Proven,,38,67,47,54,37,69,ST,-,True,False,False,leonardo-cerri,16,42,41,46,45,55,54,58,61,57,66
65,64,53,67,53,55,49,61,62,48,63,48,42,65,65,66,30,34,52,60,67,69,55,54,68,69,48,59,50,8,9,12,6,12,53,69,57,54,62,53,10,2024-08-09,2026-06-30,1,46,Sweden,Jonas,Rouhi,Rouhi,Jonas Rouhi,17835,31851,31851,74329,1688,66,77,2004-01-07T00:00:00.000Z,21,45,Juventus,31,10,9,juventus,33,32,https://cmtracker.fra1.cdn.digitaloceanspaces.com/DB/26/heads/p74329.png,20,4,1,1508,2,Left,2,3,1,2,,183,70,Male,,,Yes,No,2200000,1800000,1600000,23500,20000,17000,,,65,48,55,60,64,55,LB,-,True,False,False,jonas-rouhi,14,64,64,62,62,59,58,56,55,57,52
72,78,68,62,85,63,78,68,72,68,66,52,48,62,48,61,46,38,71,61,68,65,65,40,68,68,40,42,46,10,10,13,8,12,55,67,53,67,70,59,11,2025-07-01,2026-06-30,1,54,Brazil,Pedro Felipe,de Jesus Gomes,Pedro Felipe,Pedro Felipe,45330,45331,45330,81732,1822,69,79,2004-05-23T00:00:00.000Z,21,45,Juventus,31,10,9,juventus,96,31,https://cmtracker.fra1.cdn.digitaloceanspaces.com/DB/26/heads/p81732.png,0,9,5,1501,5,Right,2,3,1,0,,190,85,Male,,,No,No,3500000,2900000,2500000,35000,29500,25500,,,75,48,51,65,68,75,CB,-,True,False,False,pedro-felipe-de-jesus-gomes,16,64,65,69,65,60,60,59,59,59,60
41,64,47,42,72,53,83,66,68,62,26,67,45,67,40,62,66,43,69,47,69,35,67,52,29,18,55,46,63,13,12,13,7,14,60,28,53,66,52,56,12,2021-02-01,2026-06-30,1,27,Italy,Emanuele,Pecorino,Pecorino,Emanuele Pecorino,10718,29137,29137,276572,1623,66,72,2001-07-15T00:00:00.000Z,23,45,Juventus,31,10,9,juventus,9,32,https://cmtracker.fra1.cdn.digitaloceanspaces.com/DB/26/heads/p276572.png,0,9,2,3507,5,Left,2,2,1,0,,192,87,Male,,,No,No,1600000,1400000,1200000,32500,27500,23500,,,53,62,48,58,35,69,ST,-,True,False,False,emanuele-pecorino,17,45,43,47,48,58,56,60,62,59,65
40,45,40,48,60,24,68,60,22,50,12,8,40,14,10,8,8,18,10,30,36,20,46,12,15,10,8,15,20,62,62,61,61,63,15,15,17,42,47,26,62,2025-07-01,2026-06-01,0,27,Italy,Simone,Scaglia,Scaglia,Simone Scaglia,34128,44057,44057,71001,1106,63,74,2004-07-12T00:00:00.000Z,20,45,Juventus,31,10,9,juventus,42,31,https://cmtracker.fra1.cdn.digitaloceanspaces.com/DB/26/heads/p71001.png,0,6,3,1500,5,Right,1,1,1,1,,196,85,Male,,,No,No,1100000,900000,775000,8200,6900,5900,,,43,17,25,37,13,44,GK,-,False,False,False,simone-scaglia,61,22,22,25,26,24,26,25,24,22,24
66,67,65,61,52,43,55,65,60,65,34,65,61,69,40,70,68,56,42,65,68,33,52,67,33,39,50,51,56,7,7,10,6,13,54,35,63,54,65,57,9,2024-10-20,2027-06-01,0,15,Montenegro,Vasilije,Adžić,Adžić,Vasilije Adžić,37656,617,617,75085,1661,67,79,2006-05-12T00:00:00.000Z,19,45,Juventus,31,10,9,juventus,17,31,https://cmtracker.fra1.cdn.digitaloceanspaces.com/DB/26/heads/p75085.png,20,5,2,1532,5,Right,3,3,1,0,,185,75,Male,,,Yes,No,2900000,2400000,2100000,28500,24000,20500,,,67,60,57,66,36,53,CAM,CM,False,False,False,vasilije-adzic,14,49,47,44,51,63,61,66,65,64,62
68,77,55,54,61,68,58,51,62,53,63,46,48,64,68,66,38,27,54,51,62,61,41,33,61,65,29,53,39,6,14,13,13,13,51,63,53,53,61,52,12,2025-07-01,2026-06-30,1,27,Italy,Brando,Moruzzi,Moruzzi,Brando Moruzzi,5364,25798,25798,79088,1635,66,74,2004-07-20T00:00:00.000Z,20,45,Juventus,31,10,9,juventus,27,32,https://cmtracker.fra1.cdn.digitaloceanspaces.com/DB/26/heads/p79088.png,3,9,2,560,1,Left,2,2,1,2,,184,76,Male,,,No,No,2100000,1800000,1500000,23500,20000,17000,,,73,38,52,57,61,62,LB,LM,False,False,False,brando-moruzzi,15,64,63,60,60,60,56,55,54,57,51
62,65,45,50,64,59,61,59,65,50,62,33,26,51,34,34,22,30,57,48,56,61,40,24,62,61,24,22,40,11,10,15,12,6,39,62,37,50,57,46,11,2025-07-01,2026-06-30,1,27,Italy,Lorenzo,Villa,Villa,Lorenzo Villa,22099,37994,37994,79919,1421,61,74,2003-07-26T00:00:00.000Z,21,45,Juventus,31,10,9,juventus,55,32,https://cmtracker.fra1.cdn.digitaloceanspaces.com/DB/26/heads/p79919.png,19,1,2,11,5,Right,2,3,1,0,,189,75,Male,,,No,No,900000,750000,650000,13000,11000,9500,,,64,31,36,48,61,62,CB,-,False,False,False,lorenzo-villa,15,55,57,60,56,44,46,42,42,42,42
76,78,66,61,78,59,71,61,61,61,48,65,59,66,61,65,61,50,62,56,65,40,68,59,48,40,56,58,60,6,10,11,8,8,61,43,59,67,69,59,9,2025-07-01,2026-06-30,1,27,Italy,Alessandro,Pietrelli,Pietrelli,Alessandro Pietrelli,1470,47324,47324,275554,1802,66,69,2003-01-05T00:00:00.000Z,22,45,Juventus,31,10,9,juventus,99,32,https://cmtracker.fra1.cdn.digitaloceanspaces.com/DB/26/heads/p275554.png,0,10,2,4009,4,Right,3,4,1,1,,192,79,Male,,,No,No,1400000,1200000,1000000,29500,25000,21500,,,77,62,58,63,48,67,RM,RW | RB,False,False,False,alessandro-pietrelli,13,56,55,54,55,64,60,63,64,65,65
51,49,33,33,70,62,75,57,61,50,65,24,39,62,37,36,26,28,66,59,66,65,45,29,68,69,30,31,42,15,10,15,7,11,45,68,44,57,45,47,12,2023-08-08,2026-06-30,1,60,Uruguay,Facundo,González,Facu,Facundo González,11402,13536,47408,277597,1486,66,76,2003-03-06T00:00:00.000Z,22,45,Juventus,31,10,9,juventus,16,54,https://cmtracker.fra1.cdn.digitaloceanspaces.com/DB/26/heads/p277597.png,3,1,3,26,5,Left,2,3,1,0,,193,83,Male,,,No,No,2100000,1800000,1500000,28000,24000,20500,,,50,33,43,45,67,67,CB,-,False,False,False,facundo-gonzalez,16,58,60,66,63,47,53,46,44,43,45
78,77,73,80,73,83,65,68,69,67,65,63,68,70,62,70,60,49,58,67,72,65,58,61,66,64,53,60,48,13,10,10,12,9,61,65,64,68,76,64,11,2021-07-01,2026-06-30,1,27,Italy,Alessandro,Sersanti,Sersanti,Alessandro Sersanti,1470,47415,47415,277696,1966,69,74,2002-02-16T00:00:00.000Z,23,45,Juventus,31,10,9,juventus,5,32,https://cmtracker.fra1.cdn.digitaloceanspaces.com/DB/26/heads/p277696.png,20,9,2,25,1,Right,2,3,1,0,,175,70,Male,,,No,No,2500000,2100000,1800000,44000,37000,32000,"Pinged Pass, Jockey, Intercept, Anticipate, Aerial Fortress",,78,57,63,71,64,73,CM,CDM,False,False,False,alessandro-sersanti,17,69,68,65,68,69,68,68,67,68,64
33,23,25,54,50,23,50,61,17,32,11,6,33,15,14,9,6,11,13,22,23,10,46,8,12,11,5,11,18,61,65,61,67,66,13,11,14,36,40,20,64,2025-07-01,2026-06-30,1,27,Italy,Giovanni,Daffara,Daffara,Giovanni Daffara,13325,8310,8310,278335,972,65,74,2004-12-05T00:00:00.000Z,20,45,Juventus,31,10,9,juventus,30,32,https://cmtracker.fra1.cdn.digitaloceanspaces.com/DB/26/heads/p278335.png,6,3,3,2002,5,Right,1,3,1,1,,194,75,Male,,,No,No,1600000,1400000,1200000,9800,8300,7100,,,28,15,19,33,11,35,GK,-,False,False,False,giovanni-daffara,64,19,19,20,21,20,22,20,20,19,21
68,66,51,60,81,55,82,54,58,55,14,63,54,64,40,64,67,43,70,44,48,17,68,66,22,22,44,45,59,7,6,6,14,9,54,21,52,71,60,51,9,2024-08-28,2026-06-30,1,49,Ukraine,Artem,Stepanov,Stepanov,Artem Stepanov,2730,34900,34900,74749,1586,65,82,2007-08-10T00:00:00.000Z,17,32,Bayer 04 Leverkusen,19,9,9,bayer-04-leverkusen,18,10,https://cmtracker.fra1.cdn.digitaloceanspaces.com/DB/26/heads/p74749.png,5,3,2,2022,6,Right,2,3,1,0,,192,88,Male,,,No,No,2100000,1800000,1500000,12000,10000,8700,,,67,61,46,58,29,69,ST,-,True,False,False,artem-stepanov,13,40,39,40,40,57,51,58,61,59,64
77,79,67,68,84,62,69,71,73,69,20,77,65,73,54,73,76,49,76,56,69,30,77,70,28,23,72,53,65,14,14,14,12,7,70,27,61,73,73,62,13,2025-07-11,2029-06-01,0,103,Cameroon,Christian,Kofane,Kofane,Christian Kofane,7277,19871,19871,76416,1886,75,85,2006-07-26T00:00:00.000Z,18,32,Bayer 04 Leverkusen,19,9,9,bayer-04-leverkusen,35,19,https://cmtracker.fra1.cdn.digitaloceanspaces.com/DB/26/heads/p76416.png,0,9,9,1015,5,Right,3,3,1,0,,189,68,Male,,,No,No,14000000,12000000,10500000,48000,41000,35000,,,78,73,58,70,35,72,ST,-,True,False,False,christian-kofane,18,51,48,47,50,69,63,71,73,71,74
69,69,74,67,40,55,40,60,45,64,30,57,61,70,51,71,60,54,40,59,60,44,65,45,47,51,54,60,52,15,8,12,13,11,53,48,63,49,68,52,12,2025-10-18,2030-06-01,0,21,Germany,Montrell,Culbreath,Culbreath,Montrell Culbreath,45372,45373,45373,81844,1673,63,81,2007-08-29T00:00:00.000Z,17,32,Bayer 04 Leverkusen,19,9,9,bayer-04-leverkusen,42,19,https://cmtracker.fra1.cdn.digitaloceanspaces.com/DB/26/heads/p81844.png,5,3,4,1519,1,Right,3,3,1,0,,172,65,Male,,,No,No,1400000,1200000,1000000,8800,7400,6400,,,69,56,58,68,42,45,CAM,RW | RM | CM,True,False,False,montrell-culbreath,17,53,52,45,51,62,58,63,62,63,59
68,68,76,72,67,54,68,57,56,54,16,59,50,58,37,58,64,37,55,37,49,22,60,57,17,18,48,45,55,13,12,12,11,10,51,19,47,62,69,49,12,2025-10-04,2026-06-30,1,21,Germany,Ken,Izekor,Izekor,Ken Izekor,19259,47292,47292,274393,1540,60,78,2007-05-24T00:00:00.000Z,18,32,Bayer 04 Leverkusen,19,9,9,bayer-04-leverkusen,38,20,https://cmtracker.fra1.cdn.digitaloceanspaces.com/DB/26/heads/p274393.png,0,9,9,1024,2,Left,3,3,1,0,,177,70,Male,,,No,No,750000,625000,550000,7800,6600,5700,,,68,57,43,63,26,61,ST,-,True,False,False,ken-izekor,16,39,38,37,38,54,48,56,58,57,59
74,76,84,79,67,75,62,67,52,75,62,77,78,83,65,83,64,54,52,74,79,67,82,63,68,57,55,67,60,11,11,6,15,12,63,64,73,70,76,68,11,2025-07-01,2030-06-01,0,97,Algeria,Ibrahim,Maza,Maza,Ibrahim Maza,16045,24365,24365,275029,2056,77,86,2005-11-24T00:00:00.000Z,19,32,Bayer 04 Leverkusen,19,9,9,bayer-04-leverkusen,30,19,https://cmtracker.fra1.cdn.digitaloceanspaces.com/DB/26/heads/p275029.png,0,9,5,3507,2,Right,4,3,1,0,,180,70,Male,,,No,No,27000000,23000000,19500000,52000,44500,38000,"Inventive, Technical",,75,67,70,79,61,64,CAM,CM,True,False,False,ibrahim-maza,17,69,67,63,69,75,75,76,75,75,71
65,68,72,65,64,63,61,58,44,62,30,60,62,70,57,71,65,55,55,64,68,50,63,58,50,53,57,56,63,6,9,15,11,12,61,51,64,62,66,54,11,2024-08-28,2026-06-30,1,21,Germany,Francis,Onyeka,Onyeka,Francis Onyeka,12226,28168,28168,70037,1782,66,85,2007-04-29T00:00:00.000Z,18,32,Bayer 04 Leverkusen,19,9,9,bayer-04-leverkusen,21,20,https://cmtracker.fra1.cdn.digitaloceanspaces.com/DB/26/heads/p70037.png,0,3,7,1039,4,Left,3,4,1,0,,186,72,Male,,,No,No,2600000,2200000,1900000,16000,13500,11500,,,67,61,60,66,48,58,CAM,CM | ST,False,False,False,francis-onyeka,15,56,55,51,55,65,62,65,64,65,63
78,67,77,78,76,55,68,65,42,57,23,67,54,62,50,59,65,38,60,47,53,22,65,61,27,24,56,44,60,12,15,15,10,5,57,25,50,65,73,51,12,2025-01-02,2026-06-30,1,52,Argentina,Alejo,Sarco,Sarco,Alejo Sarco,1440,32843,32843,71101,1657,64,81,2006-01-06T00:00:00.000Z,19,32,Bayer 04 Leverkusen,19,9,9,bayer-04-leverkusen,8,19,https://cmtracker.fra1.cdn.digitaloceanspaces.com/DB/26/heads/p71101.png,0,9,2,1505,2,Left,3,3,1,0,,179,76,Male,,,No,No,1800000,1500000,1300000,14000,12000,10000,,,73,62,48,66,31,60,ST,-,False,False,False,alejo-sarco,16,45,43,40,42,59,53,60,62,61,63
69,71,67,64,67,55,58,62,64,60,65,54,57,67,55,64,41,37,64,62,67,68,47,39,73,71,40,49,42,7,12,5,12,5,54,71,56,54,67,57,9,2025-07-01,2030-06-01,0,18,France,Axel,Tape,Tape,Axel Tape,3065,35776,35776,75736,1740,67,84,2007-08-10T00:00:00.000Z,17,32,Bayer 04 Leverkusen,19,9,9,bayer-04-leverkusen,16,19,https://cmtracker.fra1.cdn.digitaloceanspaces.com/DB/26/heads/p75736.png,21,9,9,1006,1,Right,3,3,1,0,,180,79,Male,,,No,No,2800000,2400000,2100000,13000,11000,9600,,,70,44,55,64,68,61,CB,-,False,False,False,axel-tape,14,64,65,66,65,61,61,60,58,59,56
54,54,45,66,64,60,64,57,51,47,62,33,39,52,42,40,22,27,60,46,52,62,47,28,62,60,27,37,40,13,8,12,15,8,41,62,41,53,56,46,12,2025-11-25,2026-06-01,0,21,Germany,Ben,Hawighorst,Hawighorst,Ben Hawighorst,4136,44411,44411,76335,1456,60,82,2008-03-01T00:00:00.000Z,17,32,Bayer 04 Leverkusen,19,9,9,bayer-04-leverkusen,43,19,https://cmtracker.fra1.cdn.digitaloceanspaces.com/DB/26/heads/p76335.png,19,2,2,4005,5,Left,2,3,1,0,,185,76,Male,,,No,No,875000,725000,625000,5100,4300,3700,,,54,33,41,51,61,60,CB,CDM,False,False,False,ben-hawighorst,16,55,56,59,56,45,47,43,43,43,43
55,60,53,58,62,54,63,57,55,49,60,30,50,57,46,51,27,32,59,54,62,59,46,31,62,58,30,40,40,6,8,14,5,12,45,60,47,52,57,48,9,2025-08-23,2026-06-30,1,27,Italy,Andrea,Natali,Natali,Andrea Natali,2064,44416,44416,76396,1505,60,82,2008-01-28T00:00:00.000Z,17,32,Bayer 04 Leverkusen,19,9,9,bayer-04-leverkusen,14,10,https://cmtracker.fra1.cdn.digitaloceanspaces.com/DB/26/heads/p76396.png,19,4,2,1508,4,Right,2,3,1,0,,186,77,Male,,,No,No,875000,725000,625000,5100,4300,3700,,,58,34,47,54,60,59,CB,-,False,False,False,andrea-natali,13,56,57,59,58,50,53,49,47,48,46
75,79,71,69,58,60,53,61,39,60,36,60,57,67,61,68,65,44,47,53,64,36,59,51,29,34,56,57,56,14,11,10,8,8,59,33,58,57,71,52,11,2025-07-27,2026-06-30,1,21,Germany,Farid,Alfa-Ruprecht,Alfa,Farid Alfa-Ruprecht,11528,1529,1527,80163,1676,66,80,2006-07-27T00:00:00.000Z,18,32,Bayer 04 Leverkusen,19,9,9,bayer-04-leverkusen,29,20,https://cmtracker.fra1.cdn.digitaloceanspaces.com/DB/26/heads/p80163.png,0,9,7,1004,1,Right,3,3,1,1,,181,74,Male,,,No,No,2300000,2000000,1700000,15500,13000,11000,,,77,58,56,66,36,53,RM,RW | LW,False,False,False,farid-alfa-ruprecht,15,53,50,43,48,64,57,63,63,65,61
67,69,55,65,55,60,55,58,50,58,50,54,63,70,53,69,62,59,45,60,65,55,53,52,61,53,50,58,55,10,9,9,9,13,55,57,64,55,63,55,10,2025-08-15,2027-06-01,0,21,Germany,Jeremiah,Mensah,J. Mensah,Jeremiah Mensah,17443,24802,44914,80665,1729,62,82,2008-02-21T00:00:00.000Z,17,32,Bayer 04 Leverkusen,19,9,9,bayer-04-leverkusen,27,19,https://cmtracker.fra1.cdn.digitaloceanspaces.com/DB/26/heads/p80665.png,0,9,8,1050,2,Right,2,3,1,0,,176,68,Male,,,No,No,1300000,1100000,925000,7600,6500,5600,,,68,54,60,63,53,55,CM,CAM | CDM,False,False,False,jeremiah-mensah,15,59,58,55,58,63,62,63,62,62,59
21,26,23,48,44,20,51,38,27,39,7,4,43,16,14,11,5,14,13,34,25,6,48,8,12,11,9,12,19,57,57,64,60,59,14,10,18,35,32,24,60,2025-11-25,2026-06-01,0,21,Germany,Jesper,Schlich,Schlich,Jesper Schlich,17466,45515,45515,82392,945,57,73,2007-07-12T00:00:00.000Z,17,32,Bayer 04 Leverkusen,19,9,9,bayer-04-leverkusen,40,19,https://cmtracker.fra1.cdn.digitaloceanspaces.com/DB/26/heads/p82392.png,3,8,2,4000,1,Right,1,2,1,1,,182,70,Male,,,No,No,425000,350000,300000,1100,900,750,,,24,16,24,29,10,36,GK,-,False,False,False,jesper-schlich,56,16,16,18,20,19,23,21,19,17,19
58,62,45,60,60,58,57,58,57,56,61,35,40,50,40,42,25,33,59,55,57,60,48,35,62,59,34,38,45,12,10,5,10,12,43,61,44,52,57,49,10,2025-11-25,2026-06-01,0,21,Germany,Ferdinand,Pohl,Pohl,Ferdinand Pohl,11757,29818,29818,82393,1498,59,77,2007-02-02T00:00:00.000Z,18,32,Bayer 04 Leverkusen,19,9,9,bayer-04-leverkusen,46,19,https://cmtracker.fra1.cdn.digitaloceanspaces.com/DB/26/heads/p82393.png,5,5,2,33,1,Right,2,3,1,0,,184,69,Male,,,No,No,625000,550000,450000,5000,4200,3600,,,60,37,44,52,60,58,CB,-,False,False,False,ferdinand-pohl,15,55,57,59,57,47,50,46,45,45,45
66,68,65,57,54,65,50,60,55,54,53,54,60,66,59,64,43,47,50,59,61,53,52,40,58,55,46,56,52,9,5,9,14,11,52,56,59,53,64,55,10,2025-11-25,2027-06-01,0,21,Germany,Naba,Mensah,N. Mensah,Naba Mensah,45516,24802,45517,82394,1670,60,79,2007-05-08T00:00:00.000Z,18,32,Bayer 04 Leverkusen,19,9,9,bayer-04-leverkusen,45,19,https://cmtracker.fra1.cdn.digitaloceanspaces.com/DB/26/heads/p82394.png,0,9,8,1024,1,Right,2,4,1,0,,172,63,Male,,,No,No,725000,625000,525000,6900,5800,5000,,,67,48,57,61,54,56,CM,CDM,False,False,False,naba-mensah,15,59,58,55,58,60,59,59,58,59,54
75,77,65,65,79,65,74,65,66,58,68,55,57,67,23,63,26,25,65,63,67,66,41,39,68,67,28,23,34,9,14,11,13,12,42,67,49,60,70,57,12,2025-07-01,2026-06-30,1,136,Senegal,Abdoulaye,Faye,Faye,Abdoulaye Faye,262,11644,11644,277969,1693,68,83,2004-09-22T00:00:00.000Z,20,32,Bayer 04 Leverkusen,19,9,9,bayer-04-leverkusen,25,16,https://cmtracker.fra1.cdn.digitaloceanspaces.com/DB/26/heads/p277969.png,0,9,10,1015,4,Left,2,3,1,0,,191,70,Male,,,No,No,3200000,2700000,2300000,22000,18500,16000,,,76,37,43,64,67,71,CB,-,False,False,False,abdoulaye-faye,17,62,63,68,66,58,62,59,57,56,54
81,76,72,70,70,64,55,66,70,66,23,67,65,69,64,71,64,54,58,54,64,24,63,60,22,20,61,59,60,7,11,7,11,15,63,22,62,63,73,59,11,2023-07-01,2026-06-30,1,50,Wales,Lewis,Koumas,Koumas,Lewis Koumas,21536,20121,20121,70994,1763,69,83,2005-09-19T00:00:00.000Z,19,9,Liverpool,13,10,6,liverpool,36,14,https://cmtracker.fra1.cdn.digitaloceanspaces.com/DB/26/heads/p70994.png,6,3,1,6,1,Right,3,4,1,1,,182,68,Male,,,No,No,3900000,3300000,2800000,36000,30500,26500,,,79,63,60,69,29,65,RM,LM | RW,True,False,False,lewis-koumas,16,50,47,41,47,67,60,66,67,68,65
30,28,33,26,55,20,63,54,26,23,12,4,24,14,14,13,5,13,12,28,16,5,43,7,13,10,7,13,13,60,63,57,60,59,11,10,17,38,35,17,60,2021-07-31,2026-06-01,0,14,England,Harvey,Davies,Davies,Harvey Davies,14791,8679,8679,271977,923,61,73,2003-09-03T00:00:00.000Z,21,9,Liverpool,13,10,6,liverpool,95,13,https://cmtracker.fra1.cdn.digitaloceanspaces.com/DB/26/heads/p271977.png,3,9,1,13,5,Right,1,2,1,1,,190,80,Male,,,No,No,825000,700000,600000,6700,5700,4900,,,29,13,18,27,10,41,GK,-,True,False,False,harvey-davies,59,18,17,21,20,19,19,18,18,17,20
63,65,67,58,62,65,62,65,66,66,62,60,66,72,60,64,54,51,53,74,75,59,63,60,64,59,46,62,49,10,14,8,6,10,58,61,65,63,64,62,10,2023-07-01,2029-06-01,0,14,England,James,McConnell,McConnell,James McConnell,17050,24471,24471,278292,1840,68,79,2004-09-13T00:00:00.000Z,20,9,Liverpool,13,10,6,liverpool,40,13,https://cmtracker.fra1.cdn.digitaloceanspaces.com/DB/26/heads/p278292.png,6,9,1,2016,1,Right,2,3,1,1,,183,72,Male,,,No,No,2900000,2500000,2100000,33000,28000,24000,,,64,55,65,65,59,64,CDM,CM,True,False,False,james-mcconnell,15,64,63,62,66,65,67,66,64,64,61
77,69,69,56,64,52,56,54,59,48,53,55,49,62,58,65,44,40,50,49,58,56,42,40,59,56,38,50,45,9,7,8,6,10,50,57,54,51,65,52,8,2023-07-01,2026-06-30,1,14,England,Calum,Scanlon,Scanlon,Calum Scanlon,6150,32996,32996,278894,1613,60,78,2005-02-15T00:00:00.000Z,20,9,Liverpool,13,10,6,liverpool,7,60,https://cmtracker.fra1.cdn.digitaloceanspaces.com/DB/26/heads/p278894.png,0,9,5,1039,1,Left,3,2,1,1,,182,75,Male,,,No,No,750000,650000,550000,11500,9900,8500,,,73,44,51,59,55,58,LM,LB | LW,False,True,False,calum-scanlon,13,58,57,56,55,58,54,56,56,58,53
51,54,48,40,67,65,70,65,68,65,70,25,34,60,22,45,25,25,67,45,61,72,40,22,72,70,22,21,27,10,9,14,14,6,40,72,40,53,52,49,11,2025-08-15,2030-06-01,0,27,Italy,Giovanni,Leoni,Leoni,Giovanni Leoni,13325,21456,21456,70824,1471,69,82,2006-12-21T00:00:00.000Z,18,9,Liverpool,13,10,6,liverpool,15,13,https://cmtracker.fra1.cdn.digitaloceanspaces.com/DB/26/heads/p70824.png,3,9,2,2022,4,Right,2,4,1,0,7400000.0,196,84,Male,,,No,No,3600000,3000000,2600000,31500,27000,23000,,,53,27,35,54,70,68,CB,-,False,False,False,giovanni-leoni,16,59,61,68,63,46,51,45,44,43,45
49,54,39,37,61,21,62,59,17,32,11,6,29,16,11,8,5,12,11,21,18,7,47,6,10,14,9,12,10,64,62,63,67,63,11,11,14,40,48,18,64,2025-07-01,2030-06-01,0,23,Hungary,Ármin,Pécsi,Pécsi,Ármin Pécsi,40843,30235,30235,79922,1013,64,79,2005-02-24T00:00:00.000Z,20,9,Liverpool,13,10,6,liverpool,41,13,https://cmtracker.fra1.cdn.digitaloceanspaces.com/DB/26/heads/p79922.png,3,9,2,0,5,Right,1,2,1,1,,190,85,Male,,,No,No,1500000,1200000,1100000,9300,7900,6800,,,52,14,17,32,11,40,GK,-,False,False,False,armin-pecsi,63,20,21,21,20,22,20,21,22,21,23
92,89,85,88,61,62,54,62,39,71,36,64,66,68,64,71,65,52,38,49,57,32,68,62,39,30,57,63,59,11,9,8,12,9,57,34,61,62,84,56,10,2025-07-01,2028-06-01,0,14,England,Rio,Ngumoha,Rio,Rio Ngumoha,31351,44759,31351,80376,1792,68,88,2008-08-29T00:00:00.000Z,16,9,Liverpool,13,10,6,liverpool,73,13,https://cmtracker.fra1.cdn.digitaloceanspaces.com/DB/26/heads/p80376.png,0,9,7,1004,8,Right,4,3,1,1,,170,68,Male,,,No,No,3900000,3300000,2800000,24500,21000,18000,"Technical, Quick Step",,91,63,59,74,35,54,LM,LW,False,False,False,rio-ngumoha,15,54,52,43,48,67,59,66,67,69,64
74,78,71,68,66,71,61,63,60,60,58,57,60,65,66,62,39,54,51,59,62,57,63,45,61,59,35,59,42,13,8,9,8,9,51,59,60,62,71,57,10,2022-07-01,2027-06-01,0,42,Scotland,Calvin,Ramsay,Ramsay,Calvin Ramsay,6154,30725,30725,252897,1773,65,75,2003-07-31T00:00:00.000Z,21,9,Liverpool,13,10,6,liverpool,47,13,https://cmtracker.fra1.cdn.digitaloceanspaces.com/DB/26/heads/p252897.png,3,3,1,2009,2,Right,2,3,1,2,,177,68,Male,,,No,No,1800000,1500000,1300000,20000,17000,14500,,,76,47,60,65,57,65,RB,RM,False,False,False,calvin-ramsay,15,63,63,59,61,63,60,60,59,61,56
72,71,81,83,64,72,64,69,74,66,67,59,67,67,71,72,46,73,48,60,65,63,68,51,67,69,36,75,36,15,11,6,6,9,54,67,70,64,76,62,10,2020-06-10,2028-06-01,0,50,Wales,Owen,Beck,Beck,Owen Beck,28464,3993,3993,264299,1923,70,79,2002-08-09T00:00:00.000Z,22,9,Liverpool,13,10,6,liverpool,63,13,https://cmtracker.fra1.cdn.digitaloceanspaces.com/DB/26/heads/p264299.png,3,8,2,17,1,Left,2,2,1,2,,181,74,Male,,,Yes,No,4000000,3400000,2900000,49000,41500,35500,Jockey,,72,49,69,73,63,69,LB,-,False,False,False,owen-beck,16,68,67,64,66,66,65,64,63,65,59
69,60,58,59,63,64,60,63,61,60,63,55,59,63,65,65,45,61,54,57,63,62,43,48,63,61,39,64,45,5,10,12,8,6,54,62,62,56,62,58,9,2022-07-01,2026-06-30,1,14,England,Luke,Chambers,Chambers,Luke Chambers,22379,6829,6829,271976,1733,65,78,2004-06-24T00:00:00.000Z,21,9,Liverpool,13,10,6,liverpool,19,14,https://cmtracker.fra1.cdn.digitaloceanspaces.com/DB/26/heads/p271976.png,3,5,1,3,4,Left,2,2,1,2,,185,74,Male,,,No,No,2000000,1700000,1400000,20000,17000,14500,,,65,46,62,61,61,62,LB,CB | LM,False,False,False,luke-chambers,13,63,62,61,61,61,60,59,58,60,54
75,71,76,83,80,73,62,61,65,59,63,58,58,61,59,61,53,54,60,57,59,64,61,56,64,65,44,57,49,14,11,11,12,9,55,65,58,67,74,59,12,2022-07-01,2026-05-31,1,14,England,Luca,Stephenson,Stephenson,Luca Stephenson,22226,34915,34915,278030,1865,66,76,2003-09-17T00:00:00.000Z,21,9,Liverpool,13,10,6,liverpool,21,50,https://cmtracker.fra1.cdn.digitaloceanspaces.com/DB/26/heads/p278030.png,18,2,1,57,1,Right,2,4,1,2,,178,74,Male,,,No,No,2200000,1800000,1600000,24500,20500,18000,"Incisive Pass, Press Proven",,73,54,57,67,63,70,RB,CM | RM,False,False,False,luca-stephenson,16,64,64,63,62,61,60,60,60,61,59
67,67,68,70,54,58,49,61,51,63,52,62,64,69,51,70,54,42,53,65,68,50,57,52,56,47,54,55,51,7,8,7,8,10,56,51,61,54,67,58,8,2025-07-01,2028-06-01,0,14,England,Trey,Nyoni,Nyoni,Trey Nyoni,36808,27602,27602,279128,1720,64,84,2007-06-30T00:00:00.000Z,18,9,Liverpool,13,10,6,liverpool,42,13,https://cmtracker.fra1.cdn.digitaloceanspaces.com/DB/26/heads/p279128.png,0,9,9,1033,4,Right,3,3,1,0,,185,75,Male,,,No,No,1900000,1600000,1400000,17500,14500,12500,,,67,55,58,67,52,53,CM,CAM | CDM,False,False,False,trey-nyoni,13,58,56,53,58,63,63,64,63,63,59
73,76,70,63,73,69,67,58,50,63,25,63,54,60,42,62,62,44,60,45,55,29,66,58,30,21,58,54,63,13,11,5,6,14,56,27,53,67,68,53,10,2024-01-22,2026-06-30,1,14,England,Ethan,Wheatley,Wheatley,Ethan Wheatley,11137,38715,38715,71973,1662,63,79,2006-01-20T00:00:00.000Z,19,11,Manchester United,13,7,6,manchester-united,27,60,https://cmtracker.fra1.cdn.digitaloceanspaces.com/DB/26/heads/p71973.png,0,9,5,1036,4,Right,3,4,1,0,,188,81,Male,,,No,No,1500000,1300000,1100000,16500,14000,12000,,,75,62,49,63,33,65,ST,-,True,False,False,ethan-wheatley,15,46,44,42,44,59,53,59,61,60,62
69,68,68,65,60,59,62,60,55,62,56,60,64,64,60,65,54,46,47,66,65,55,66,57,59,54,50,63,44,5,9,9,13,5,56,56,61,61,66,57,9,2024-07-01,2027-06-01,0,14,England,Jack,Fletcher,J.Fletcher,Jack Fletcher,16876,12028,44335,75439,1764,63,81,2007-03-19T00:00:00.000Z,18,11,Manchester United,13,7,6,manchester-united,38,13,https://cmtracker.fra1.cdn.digitaloceanspaces.com/DB/26/heads/p75439.png,3,4,2,33,2,Left,3,4,1,0,,180,78,Male,,,No,No,1400000,1200000,1000000,14000,12000,10000,,,69,55,61,64,54,59,CM,CDM | CAM,True,False,False,jack-fletcher,13,60,59,57,60,63,62,63,62,62,59
56,60,62,65,50,64,53,56,61,57,59,41,52,65,38,61,48,39,49,58,63,56,56,52,63,59,43,42,37,11,14,11,10,6,49,60,53,55,60,52,11,2024-08-30,2026-06-30,1,126,Mali,Sékou,Koné,Koné,Sékou Koné,35452,19994,19994,77403,1617,61,76,2006-02-03T00:00:00.000Z,19,11,Manchester United,13,7,6,manchester-united,80,189,https://cmtracker.fra1.cdn.digitaloceanspaces.com/DB/26/heads/p77403.png,0,9,9,1023,2,Right,2,3,1,1,,176,72,Male,,,No,No,875000,725000,625000,11000,9400,8100,,,58,46,49,61,57,57,CDM,CM,False,True,False,sekou-kone,15,57,57,57,59,55,58,56,55,54,53
67,69,62,70,56,53,54,56,55,61,54,60,62,61,55,62,54,54,52,58,62,55,54,52,55,53,52,56,54,10,12,11,8,10,55,55,59,54,65,58,11,2025-08-03,2027-06-01,0,25,Republic of Ireland,Jack,Moorhouse,Moorhouse,Jack Moorhouse,16876,25667,25667,77404,1719,60,77,2005-11-29T00:00:00.000Z,19,11,Manchester United,13,7,6,manchester-united,43,13,https://cmtracker.fra1.cdn.digitaloceanspaces.com/DB/26/heads/p77404.png,6,3,1,3506,1,Right,3,4,1,0,,184,74,Male,,,No,No,750000,625000,550000,9900,8400,7200,,,68,54,58,62,54,55,CAM,CM | CDM,True,False,False,jack-moorhouse,15,57,56,55,56,60,58,60,59,60,57
82,83,74,75,67,55,62,56,44,59,48,56,58,60,58,66,54,51,46,50,57,48,56,52,48,45,51,53,50,7,7,12,10,14,54,47,56,59,74,53,10,2025-07-01,2028-06-01,0,14,England,Bendito,Mantato,Mantato,Bendito Mantato,45614,45615,45615,82853,1714,62,83,2008-01-25T00:00:00.000Z,17,11,Manchester United,13,7,6,manchester-united,70,13,https://cmtracker.fra1.cdn.digitaloceanspaces.com/DB/26/heads/p82853.png,21,9,10,1016,1,Left,3,3,1,0,,180,73,Male,,,No,No,1500000,1200000,1100000,11500,9600,8300,,,83,53,55,65,47,57,RW,RM | LB,True,False,False,bendito-mantato,14,56,55,51,52,61,55,60,60,62,58
82,80,79,78,61,59,53,56,48,61,30,57,61,60,62,62,56,51,46,56,60,33,64,60,36,27,52,62,54,9,13,11,10,12,56,32,59,60,75,52,11,2025-07-01,2026-06-30,1,205,Gibraltar,James,Scanlon,Scanlon,James Scanlon,17050,32996,32996,83631,1701,61,78,2006-09-28T00:00:00.000Z,18,11,Manchester United,13,7,6,manchester-united,26,61,https://cmtracker.fra1.cdn.digitaloceanspaces.com/DB/26/heads/p83631.png,3,3,2,24,2,Right,3,5,1,0,,180,75,Male,,,No,No,975000,825000,725000,11500,9700,8300,,,81,57,59,66,34,55,CAM,LM | CM,False,True,False,james-scanlon,15,50,48,42,47,62,56,61,61,62,59
68,66,74,77,63,64,62,58,65,62,60,51,64,64,59,62,48,45,54,67,65,58,62,58,61,62,47,63,50,8,12,10,7,13,55,61,61,62,69,59,10,2025-07-01,2026-06-30,1,25,Republic of Ireland,Jacob,Devaney,Devaney,Jacob Devaney,16880,9085,9085,83663,1809,63,81,2007-06-11T00:00:00.000Z,18,11,Manchester United,13,7,6,manchester-united,8,50,https://cmtracker.fra1.cdn.digitaloceanspaces.com/DB/26/heads/p83663.png,6,2,2,24,2,Right,2,3,1,1,,179,75,Male,,,No,No,1400000,1200000,1000000,13000,11000,9500,Long Ball Pass,,67,53,61,66,59,64,CDM,CM,False,True,False,jacob-devaney,15,61,61,60,62,61,62,61,59,60,57
66,68,67,69,68,67,70,67,71,69,69,57,70,69,56,67,41,48,56,72,72,68,64,52,68,70,31,66,50,12,6,9,13,13,52,69,65,65,68,65,11,2022-03-20,2026-06-30,1,14,England,Toby,Collyer,Collyer,Toby Collyer,36495,7599,7599,268439,1881,70,78,2004-01-03T00:00:00.000Z,21,11,Manchester United,13,7,6,manchester-united,43,14,https://cmtracker.fra1.cdn.digitaloceanspaces.com/DB/26/heads/p268439.png,2,3,2,4021,1,Right,2,5,1,1,,183,65,Male,,,No,No,4000000,3400000,2900000,36500,31000,26500,,,67,49,64,68,66,69,CDM,CM,True,False,False,toby-collyer,17,67,66,67,69,64,67,65,62,62,59
76,78,75,73,71,66,56,63,52,66,65,63,59,66,68,72,35,34,63,56,67,64,56,40,66,64,37,60,42,9,15,15,12,9,54,65,58,58,73,58,12,2023-07-01,2026-06-30,1,14,England,Harry,Amass,Amass,Harry Amass,14769,1864,1864,273599,1813,69,83,2007-03-16T00:00:00.000Z,18,11,Manchester United,13,7,6,manchester-united,2,14,https://cmtracker.fra1.cdn.digitaloceanspaces.com/DB/26/heads/p273599.png,3,9,1,3514,1,Left,2,4,1,2,,181,75,Male,,,No,No,3700000,3100000,2700000,28000,23500,20500,,,77,46,57,69,64,61,LB,LM,True,False,False,harry-amass,17,66,66,63,63,65,62,62,61,63,58
82,83,80,67,74,68,65,60,45,66,60,68,57,63,56,65,45,53,55,54,55,60,56,55,60,58,60,60,45,9,8,8,11,12,55,60,59,64,75,57,10,2025-07-05,2030-06-01,0,58,Paraguay,Diego,León,Leon,Diego León,9256,21556,21434,74142,1823,64,83,2007-04-03T00:00:00.000Z,18,11,Manchester United,13,7,6,manchester-united,35,13,https://cmtracker.fra1.cdn.digitaloceanspaces.com/DB/26/heads/p74142.png,21,9,5,2518,2,Left,2,2,1,2,,177,67,Male,,,No,No,1700000,1400000,1200000,14500,12000,10500,,,83,55,56,67,59,63,LB,LM,False,False,False,diego-leon,15,62,62,59,58,62,59,61,61,62,59
69,69,58,53,81,65,76,70,70,71,73,35,55,65,43,66,27,33,71,60,70,73,39,31,74,73,30,48,41,6,9,6,8,7,49,74,55,59,64,58,8,2025-02-01,2029-06-01,0,14,England,Ayden,Heaven,Heaven,Ayden Heaven,3093,14945,14945,75087,1725,73,85,2006-09-22T00:00:00.000Z,18,11,Manchester United,13,7,6,manchester-united,26,13,https://cmtracker.fra1.cdn.digitaloceanspaces.com/DB/26/heads/p75087.png,0,3,9,1038,5,Left,2,3,1,0,,189,84,Male,,,No,No,8000000,6500000,5500000,43500,37000,32000,,,69,34,52,64,73,73,CB,LB,False,False,False,ayden-heaven,14,66,68,72,69,58,61,57,55,55,52
72,70,71,60,74,58,69,62,36,64,23,66,57,61,55,62,67,62,63,48,57,23,66,57,26,24,63,59,65,7,10,9,6,9,61,25,59,65,67,52,9,2024-10-05,2028-06-01,0,13,Denmark,Chido,Obi,Obi,Chido Obi,7109,27731,27731,77354,1681,65,84,2007-11-29T00:00:00.000Z,17,11,Manchester United,13,7,6,manchester-united,32,13,https://cmtracker.fra1.cdn.digitaloceanspaces.com/DB/26/heads/p77354.png,21,9,8,5003,4,Right,2,4,1,0,,188,81,Male,,,No,No,2100000,1800000,1500000,15500,13000,11500,,,71,64,56,63,32,59,ST,-,False,False,False,chido-obi,13,46,44,40,43,61,54,61,62,62,64
45,45,40,27,72,29,79,74,29,55,15,6,50,19,14,15,10,11,14,50,40,7,56,8,15,12,8,12,11,79,78,74,80,80,18,12,22,49,47,28,79,2025-09-01,2030-06-01,0,7,Belgium,Senne,Lammens,Lammens,Senne Lammens,33366,20876,20876,254803,1259,79,87,2002-07-07T00:00:00.000Z,22,11,Manchester United,13,7,6,manchester-united,31,13,https://cmtracker.fra1.cdn.digitaloceanspaces.com/DB/26/heads/p254803.png,3,9,2,12,5,Right,1,4,1,1,57700000.0,193,92,Male,,,No,No,40500000,34000000,29500000,54000,46000,39500,,"GK Footwork, GK Cross Claimer",45,17,30,38,13,52,GK,-,False,False,False,senne-lammens,78,25,25,27,31,30,33,31,28,27,28
75,69,80,84,48,75,50,65,71,66,56,59,64,66,54,65,48,47,27,64,65,58,57,49,58,59,48,60,42,8,9,12,10,12,49,59,61,56,75,60,11,2021-10-06,2026-06-30,1,14,England,Daniel,Gore,Gore,Daniel Gore,8495,13619,13619,268443,1780,63,74,2004-09-26T00:00:00.000Z,20,11,Manchester United,13,7,6,manchester-united,44,60,https://cmtracker.fra1.cdn.digitaloceanspaces.com/DB/26/heads/p268443.png,3,2,1,3506,2,Right,3,3,1,0,,173,65,Male,,,Yes,No,1200000,1000000,900000,16000,13500,11500,Technical,,72,51,59,71,52,61,CM,CDM,False,False,False,daniel-gore,15,62,60,55,62,63,63,63,61,62,55
66,64,56,53,73,57,72,62,69,57,64,32,46,55,42,57,33,31,63,53,58,65,46,34,66,64,30,44,35,11,10,12,7,13,46,65,48,57,61,51,11,2025-07-01,2027-06-01,0,14,England,Tyler,Fredricson,Fredricson,Tyler Fredricson,37056,12312,12312,269233,1600,65,78,2005-02-23T00:00:00.000Z,20,11,Manchester United,13,7,6,manchester-united,33,13,https://cmtracker.fra1.cdn.digitaloceanspaces.com/DB/26/heads/p269233.png,0,9,2,4001,4,Right,2,3,1,0,,188,81,Male,,,No,No,1900000,1600000,1400000,18000,15000,13000,,,65,35,46,57,64,68,CB,-,False,False,False,tyler-fredricson,16,59,60,65,60,52,53,50,49,50,49
45,48,28,36,65,30,65,69,37,48,13,7,42,25,12,10,8,12,18,37,35,14,49,8,12,17,11,14,19,70,68,65,73,69,17,15,20,44,46,28,69,2020-07-01,2026-06-30,1,12,Czech Republic,Radek,Vítek,Vitek,Radek Vítek,30501,47122,38121,269694,1179,71,79,2003-10-24T00:00:00.000Z,21,11,Manchester United,13,7,6,manchester-united,23,14,https://cmtracker.fra1.cdn.digitaloceanspaces.com/DB/26/heads/p269694.png,19,6,2,2027,4,Right,1,3,1,1,,198,90,Male,,,No,No,4300000,3600000,3100000,20500,17500,15000,,"GK Footwork, GK Cross Claimer",47,17,25,36,15,49,GK,-,False,False,False,radek-vitek,69,25,25,27,29,27,29,28,27,25,27
77,74,77,76,61,65,55,55,55,61,56,53,48,55,55,61,38,33,47,53,56,55,45,41,57,55,34,52,35,14,5,13,6,9,46,56,51,54,72,52,10,2024-07-01,2026-06-01,0,14,England,Habeeb,Ogunneye,Ogunneye,Habeeb Ogunneye,14357,27860,27860,272644,1632,60,76,2005-11-12T00:00:00.000Z,19,11,Manchester United,13,7,6,manchester-united,44,13,https://cmtracker.fra1.cdn.digitaloceanspaces.com/DB/26/heads/p272644.png,21,9,9,1037,1,Right,2,3,1,2,,175,64,Male,,,No,No,725000,600000,525000,9100,7700,6600,,,76,41,50,64,54,59,RB,-,False,False,False,habeeb-ogunneye,13,58,58,55,55,57,54,54,54,56,51
48,48,45,39,41,20,30,53,23,45,15,10,43,30,14,13,5,10,13,34,35,13,44,7,12,13,7,13,19,57,55,59,58,56,15,13,20,29,47,26,57,2024-07-01,2026-06-01,0,14,England,Elyh,Harrison,Harrison,Elyh Harrison,10701,14763,14763,274988,1027,57,72,2006-02-19T00:00:00.000Z,19,11,Manchester United,13,7,6,manchester-united,34,13,https://cmtracker.fra1.cdn.digitaloceanspaces.com/DB/26/heads/p274988.png,3,2,1,1512,1,Right,1,2,1,1,,182,75,Male,,,No,No,400000,350000,300000,3300,2800,2400,,,48,15,25,38,13,29,GK,-,False,False,False,elyh-harrison,56,24,23,20,25,27,28,29,27,26,23
72,67,65,52,71,69,70,59,67,62,59,48,49,48,42,45,34,30,56,55,53,61,38,34,60,57,35,53,33,7,10,12,9,15,44,60,47,57,63,53,11,2023-07-01,2027-06-01,0,14,England,Sonny,Aljofree,Aljofree,Sonny Aljofree,34543,1633,1633,278121,1597,60,70,2004-12-04T00:00:00.000Z,20,11,Manchester United,13,7,6,manchester-united,40,13,https://cmtracker.fra1.cdn.digitaloceanspaces.com/DB/26/heads/p278121.png,0,9,3,549,4,Right,2,3,1,0,,186,70,Male,,,No,No,600000,500000,425000,9700,8200,7000,,,70,37,47,55,59,69,CB,-,False,False,False,sonny-aljofree,15,56,58,60,57,51,52,49,48,49,48
88,85,87,86,50,57,38,55,43,67,34,58,60,66,62,68,55,60,38,56,59,32,65,61,38,29,54,67,56,15,7,9,7,6,54,33,64,55,81,53,9,2025-07-01,2027-06-01,0,14,England,Shea,Lacey,Lacey,Shea Lacey,33717,20731,20731,278124,1718,65,84,2007-04-14T00:00:00.000Z,18,11,Manchester United,13,7,6,manchester-united,61,13,https://cmtracker.fra1.cdn.digitaloceanspaces.com/DB/26/heads/p278124.png,3,3,2,2027,7,Left,4,3,1,0,,167,65,Male,,,No,No,2100000,1800000,1600000,18500,15500,13500,"Finesse Shot, Quick Step",,87,58,61,72,34,47,RW,RM,False,False,False,shea-lacey,13,52,50,40,47,64,57,63,63,65,59
91,88,87,92,66,64,62,58,45,65,25,57,58,67,59,71,59,47,40,51,60,29,64,55,34,23,54,60,56,11,9,12,8,6,55,29,60,63,84,51,10,2023-07-01,2026-06-30,1,14,England,Joel,Ndala,Ndala,Joel Ndala,17749,26752,26752,74956,1733,66,80,2006-05-31T00:00:00.000Z,19,10,Manchester City,13,10,8,manchester-city,31,14,https://cmtracker.fra1.cdn.digitaloceanspaces.com/DB/26/heads/p74956.png,0,9,9,1016,1,Right,3,3,1,1,,178,73,Male,,,No,No,2400000,2000000,1700000,26000,22000,19000,"Press Proven, Quick Step",,90,58,56,73,30,59,LM,LW,True,False,False,joel-ndala,14,51,48,41,46,65,56,64,64,66,61
72,75,74,75,59,59,53,56,57,51,57,52,52,57,58,59,45,40,52,52,56,55,47,42,56,54,39,48,41,6,11,8,9,7,50,55,52,52,71,52,9,2023-07-01,2026-06-30,1,14,England,Lakyle,Samuel,Samuel,Lakyle Samuel,45161,32576,32576,81337,1634,60,73,2006-05-06T00:00:00.000Z,19,10,Manchester City,13,10,8,manchester-city,22,61,https://cmtracker.fra1.cdn.digitaloceanspaces.com/DB/26/heads/p81337.png,0,9,5,1010,1,Right,2,2,1,2,,175,69,Male,,,No,No,650000,550000,475000,11000,9300,8000,,,74,44,51,62,55,57,RB,RM,True,False,False,lakyle-samuel,13,58,58,55,55,57,54,55,55,57,53
73,72,60,59,71,56,67,58,55,40,59,31,31,57,44,52,26,23,58,51,54,60,51,25,61,60,35,42,26,14,9,5,10,14,44,61,45,54,65,41,11,2024-07-01,2026-06-30,1,14,England,Stephen,Mfuni,Mfuni,Stephen Mfuni,34910,45257,45257,81538,1509,60,82,2008-02-12T00:00:00.000Z,17,10,Manchester City,13,10,8,manchester-city,21,14,https://cmtracker.fra1.cdn.digitaloceanspaces.com/DB/26/heads/p81538.png,0,3,8,1010,1,Left,2,2,1,0,,180,70,Male,,,No,No,875000,725000,625000,8000,6800,5900,,,73,32,41,54,60,62,CB,LB,False,True,False,stephen-mfuni,16,57,58,60,56,50,48,47,47,48,47
79,82,77,85,65,61,55,60,60,54,63,62,54,64,65,72,37,61,51,56,64,55,54,36,69,67,28,56,45,5,15,12,8,5,49,64,62,55,77,57,9,2021-07-01,2026-06-30,1,14,England,Joshua,Wilson-Esbrand,Wilson-Esbrand,Joshua Wilson-Esbrand,17974,38853,38853,264681,1782,67,76,2002-12-26T00:00:00.000Z,22,10,Manchester City,13,10,8,manchester-city,3,66,https://cmtracker.fra1.cdn.digitaloceanspaces.com/DB/26/heads/p264681.png,0,9,9,1004,1,Left,2,3,1,2,,176,72,Male,,,No,No,2600000,2200000,1900000,36500,30500,26500,,,81,44,59,69,61,60,LB,LM,True,False,False,joshua-wilson-esbrand,14,65,65,61,61,64,60,61,60,63,56
78,70,85,87,62,75,52,70,50,67,60,69,72,72,60,70,66,52,50,70,71,55,58,66,58,55,64,61,55,15,13,15,6,14,63,56,65,63,78,63,13,2025-07-17,2030-06-01,0,36,Norway,Sverre,Nypan,Nypan,Sverre Nypan,35314,27604,27604,268737,1943,70,86,2006-12-19T00:00:00.000Z,18,10,Manchester City,13,10,8,manchester-city,41,13,https://cmtracker.fra1.cdn.digitaloceanspaces.com/DB/26/heads/p268737.png,6,8,2,4024,1,Right,4,4,1,0,,183,70,Male,,,No,No,4800000,4000000,3500000,41500,35000,30000,Inventive,,74,63,64,75,56,60,CM,CAM | ST,True,False,False,sverre-nypan,18,65,63,57,64,70,69,70,69,69,65
58,73,45,49,80,66,81,70,71,67,73,29,48,62,46,47,19,23,72,56,67,72,39,19,75,68,26,33,34,12,11,11,10,14,46,72,45,57,59,54,12,2025-01-28,2026-06-30,1,138,Sierra Leone,Abdulai Juma,Bah,Juma Bah,Abdulai Juma Bah,285,3370,18255,75148,1626,73,81,2006-04-11T00:00:00.000Z,19,10,Manchester City,13,10,8,manchester-city,28,16,https://cmtracker.fra1.cdn.digitaloceanspaces.com/DB/26/heads/p75148.png,0,9,9,1033,5,Right,2,2,1,0,,195,82,Male,,,Yes,No,7000000,6000000,5500000,56000,48000,41000,,,66,28,46,57,72,75,CB,-,False,False,False,abdulai-juma-bah,18,65,67,72,67,53,56,50,48,49,47
66,67,59,54,75,61,73,66,66,67,67,38,49,62,33,58,23,29,67,65,61,69,39,25,69,68,22,37,36,14,10,12,5,6,42,69,51,55,63,54,10,2023-07-01,2026-06-30,1,14,England,Jahmai,Simpson-Pusey,Simpson-Pusey,Jahmai Simpson-Pusey,44346,44347,44347,75577,1618,68,79,2005-11-04T00:00:00.000Z,19,10,Manchester City,13,10,8,manchester-city,22,19,https://cmtracker.fra1.cdn.digitaloceanspaces.com/DB/26/heads/p75577.png,0,9,7,1016,5,Right,2,3,1,0,,187,79,Male,,,No,No,2900000,2400000,2100000,33000,28000,24000,,,67,31,46,61,68,69,CB,-,False,False,False,jahmai-simpson-pusey,15,61,63,67,64,54,57,53,51,51,49
72,75,61,68,78,62,75,64,67,62,67,33,54,64,40,65,34,20,66,58,65,66,38,30,67,67,28,44,38,7,10,15,9,13,47,67,51,57,68,54,11,2023-07-01,2030-06-01,0,14,England,Max,Alleyne,Alleyne,Max Alleyne,24324,1660,1660,76250,1682,68,78,2005-07-21T00:00:00.000Z,19,10,Manchester City,13,10,8,manchester-city,68,13,https://cmtracker.fra1.cdn.digitaloceanspaces.com/DB/26/heads/p76250.png,3,9,4,20,5,Right,2,5,1,0,,185,80,Male,,,No,No,2900000,2400000,2100000,33000,28000,24000,,,74,34,47,64,67,71,CB,-,False,False,False,max-alleyne,15,63,64,67,64,57,58,56,54,55,51
70,74,64,56,80,65,73,72,69,65,73,32,66,67,28,65,29,33,73,69,73,72,42,33,74,72,32,42,45,9,9,15,14,15,47,73,56,59,68,59,13,2025-01-21,2026-06-30,1,54,Brazil,Vitor,Reis,Vitor Reis,Vitor Reis,38128,31043,38137,76624,1770,73,84,2006-01-12T00:00:00.000Z,19,10,Manchester City,13,10,8,manchester-city,12,53,https://cmtracker.fra1.cdn.digitaloceanspaces.com/DB/26/heads/p76624.png,0,9,6,1542,4,Right,2,3,1,0,,186,77,Male,,,Yes,No,7000000,6000000,5500000,56000,48000,41000,Block,,72,36,52,65,73,72,CB,-,False,False,False,vitor-reis,18,65,67,72,70,59,64,60,56,56,53
70,69,71,73,62,63,65,64,48,66,54,58,68,66,65,68,58,55,49,68,67,52,67,63,56,50,52,66,63,11,8,14,14,9,59,53,65,64,70,60,12,2025-07-01,2027-06-01,0,14,England,Divine,Mukasa,Mukasa,Divine Mukasa,9467,26005,26005,81539,1852,65,83,2007-08-22T00:00:00.000Z,17,10,Manchester City,13,10,8,manchester-city,63,13,https://cmtracker.fra1.cdn.digitaloceanspaces.com/DB/26/heads/p81539.png,0,9,6,3001,1,Left,3,3,1,0,,180,70,Male,,,No,No,2100000,1800000,1500000,16000,13500,12000,Incisive Pass,,70,60,65,68,52,60,CM,CAM,False,False,False,divine-mukasa,16,60,59,56,60,65,64,65,64,65,61
82,78,72,75,57,56,51,56,34,60,24,55,54,59,56,62,56,51,44,52,58,36,58,55,35,38,53,56,52,6,13,12,6,13,54,37,56,56,73,47,10,2025-07-01,2026-06-30,1,42,Scotland,Emilio,Lawrence,Lawrence,Emilio Lawrence,10749,21109,21109,83042,1625,61,78,2005-09-20T00:00:00.000Z,19,10,Manchester City,13,10,8,manchester-city,32,60,https://cmtracker.fra1.cdn.digitaloceanspaces.com/DB/26/heads/p83042.png,0,9,7,3001,1,Right,3,2,1,1,,175,68,Male,,,No,No,1000000,850000,725000,14500,12000,10500,,,80,55,55,64,35,50,LM,RM | RW | LW,False,False,False,emilio-lawrence,14,50,48,41,45,60,53,59,59,60,57
70,72,68,67,69,60,70,61,66,61,52,62,61,62,51,61,59,52,57,60,63,52,64,57,58,56,53,51,55,9,8,6,11,6,57,56,58,64,68,60,8,2024-07-01,2026-06-30,1,14,England,Jaden,Heskey,Heskey,Jaden Heskey,16902,45769,45769,83205,1790,62,79,2005-12-17T00:00:00.000Z,19,10,Manchester City,13,10,8,manchester-city,24,14,https://cmtracker.fra1.cdn.digitaloceanspaces.com/DB/26/heads/p83205.png,21,9,8,1024,2,Right,3,2,1,0,,180,72,Male,,,No,No,1200000,1000000,875000,16500,14000,12000,,,71,58,56,63,55,66,CAM,CDM | CM,False,False,False,jaden-heskey,14,58,58,59,59,61,60,62,62,61,61
53,58,53,49,69,67,73,60,62,62,63,52,55,60,42,57,44,40,64,62,64,62,50,42,65,65,40,48,46,6,15,6,11,12,51,64,54,61,55,57,10,2020-07-01,2026-06-30,1,14,England,Finley,Burns,Burns,Finley Burns,11947,5795,5795,266873,1677,64,72,2003-06-17T00:00:00.000Z,22,10,Manchester City,13,10,8,manchester-city,12,60,https://cmtracker.fra1.cdn.digitaloceanspaces.com/DB/26/heads/p266873.png,3,9,3,2022,4,Right,2,3,1,0,,196,87,Male,,,No,No,1500000,1200000,1100000,23500,20000,17000,,,56,46,52,57,64,68,CB,CDM | CM,False,False,False,finley-burns,16,59,60,64,63,56,59,56,55,54,54
70,75,63,67,77,65,76,64,64,58,20,68,47,66,41,65,68,44,65,42,54,23,67,57,27,22,62,45,60,10,12,13,11,14,58,24,53,69,68,53,12,2024-08-29,2026-06-30,1,14,England,Divin,Mubama,Mubama,Divin Mubama,9466,25960,25960,271227,1682,67,79,2004-10-25T00:00:00.000Z,20,10,Manchester City,13,10,8,manchester-city,9,14,https://cmtracker.fra1.cdn.digitaloceanspaces.com/DB/26/heads/p271227.png,21,9,10,1004,2,Left,2,3,1,0,,183,78,Male,,,Yes,No,2900000,2500000,2100000,36500,30500,26500,,,73,64,46,64,31,71,ST,-,False,False,False,divin-mubama,17,45,44,43,44,60,53,60,63,61,66
75,76,75,69,82,75,74,77,75,76,77,72,76,77,79,78,65,59,73,74,79,75,70,66,79,75,63,75,59,7,13,8,12,7,72,77,73,74,75,73,10,2021-07-01,2030-06-01,0,14,England,Nico,O'Reilly,O'Reilly,Nico O'Reilly,27054,27678,27678,277427,2172,79,85,2005-03-21T00:00:00.000Z,20,10,Manchester City,13,10,8,manchester-city,33,13,https://cmtracker.fra1.cdn.digitaloceanspaces.com/DB/26/heads/p277427.png,0,3,4,1035,4,Left,3,2,1,2,,193,77,Male,,,No,No,30000000,25500000,22000000,95000,81000,69000,,,76,66,74,75,76,77,LB,CM,False,False,False,nico-o-reilly,17,76,76,76,76,75,75,75,74,75,72
73,72,61,68,41,54,43,51,49,54,16,59,58,58,58,60,55,43,34,45,57,18,58,52,25,24,49,56,51,6,12,8,7,11,51,23,53,50,65,48,9,2025-06-01,2026-06-30,1,27,Italy,Diego,Sia,Sia,Diego Sia,9256,44122,44122,72177,1486,59,74,2006-03-10T00:00:00.000Z,19,47,Milano FC,31,9,5,milano-fc,45,54,https://cmtracker.fra1.cdn.digitaloceanspaces.com/DB/26/heads/p72177.png,3,9,1,2021,1,Right,3,3,1,0,,176,66,Male,,,No,No,625000,525000,450000,4200,3600,3100,,,73,54,53,59,23,47,LW,RW | ST | LM,False,True,False,diego-sia,13,44,41,32,39,58,51,57,58,59,54
66,68,59,63,56,53,52,70,55,69,54,59,65,67,50,68,48,48,53,64,66,51,66,45,56,55,54,56,59,8,8,13,14,8,55,54,61,55,66,61,11,2025-07-01,2026-06-30,1,27,Italy,Christian,Comotto,Comotto,Christian Comotto,7277,7624,7624,80597,1746,63,83,2008-04-25T00:00:00.000Z,17,47,Milano FC,31,9,5,milano-fc,34,32,https://cmtracker.fra1.cdn.digitaloceanspaces.com/DB/26/heads/p80597.png,1,9,2,1,4,Right,2,3,1,0,,185,70,Male,,,No,No,1500000,1300000,1100000,5800,4900,4200,,,67,55,58,66,54,54,CM,CDM,True,False,False,christian-comotto,16,58,58,56,59,62,62,63,62,61,59
74,74,62,60,80,69,75,70,75,66,68,68,53,71,65,65,48,59,70,59,68,69,59,60,71,68,48,62,43,8,13,9,12,14,60,70,64,69,68,63,12,2023-09-23,2030-06-01,0,27,Italy,Davide,Bartesaghi,Bartesaghi,Davide Bartesaghi,8671,3781,3781,278237,1935,71,81,2005-12-29T00:00:00.000Z,19,47,Milano FC,31,9,5,milano-fc,33,31,https://cmtracker.fra1.cdn.digitaloceanspaces.com/DB/26/heads/p278237.png,3,9,2,22,5,Left,2,2,1,2,,193,84,Male,,,No,No,4600000,3900000,3300000,20000,17000,14500,,,74,54,61,66,69,75,LB,LM,True,False,False,davide-bartesaghi,18,68,69,70,68,65,64,64,64,65,64
81,73,84,82,57,53,51,59,43,54,43,58,63,65,59,68,58,67,43,61,64,50,64,64,45,41,56,66,51,11,14,11,11,12,56,46,66,58,76,52,12,2026-02-02,2026-06-30,1,27,Italy,Alphadjo,Cissè,Cissè,Alphadjo Cissè,1724,7400,7400,278326,1782,65,78,2006-10-22T00:00:00.000Z,18,47,Milano FC,31,9,5,milano-fc,80,32,https://cmtracker.fra1.cdn.digitaloceanspaces.com/DB/26/heads/p278326.png,21,9,8,1021,2,Right,4,3,1,0,,176,69,Male,,,No,No,2000000,1700000,1400000,8900,7500,6500,,,77,59,63,69,44,51,CAM,CM,True,False,False,alphadjo-cisse,17,55,54,48,53,63,60,64,63,65,60
22,16,32,22,43,26,48,62,16,55,16,5,52,17,10,12,5,10,10,45,54,10,50,6,10,11,4,12,17,59,56,66,65,62,17,11,20,35,31,27,62,2024-07-01,2030-06-01,0,27,Italy,Lorenzo,Torriani,Torriani,Lorenzo Torriani,22099,36691,36691,72179,1006,62,76,2005-01-31T00:00:00.000Z,20,47,Milano FC,31,9,5,milano-fc,96,31,https://cmtracker.fra1.cdn.digitaloceanspaces.com/DB/26/heads/p72179.png,0,3,2,58,4,Right,1,4,1,1,,197,85,Male,,,No,No,1000000,850000,725000,3500,2900,2500,,,19,15,31,33,11,33,GK,-,False,False,False,lorenzo-torriani,60,22,20,21,29,25,33,29,24,22,22
63,71,46,45,74,60,74,55,57,45,65,23,35,60,30,50,26,27,65,50,60,62,55,24,69,65,24,38,42,6,12,13,7,9,41,66,45,58,56,45,10,2025-09-01,2029-06-01,0,21,Germany,David,Odogu,Odogu,David Odogu,8642,27798,27798,73286,1507,65,83,2006-06-03T00:00:00.000Z,19,47,Milano FC,31,9,5,milano-fc,27,31,https://cmtracker.fra1.cdn.digitaloceanspaces.com/DB/26/heads/p73286.png,0,9,7,1006,4,Right,2,3,1,0,,191,83,Male,,,No,No,2100000,1700000,1500000,8700,7300,6300,,,67,32,40,50,65,66,CB,-,False,False,False,david-odogu,13,58,60,65,60,48,50,46,46,46,47
56,56,58,58,59,55,67,60,60,47,57,49,48,63,41,61,52,48,50,65,64,55,49,41,56,55,32,35,42,5,14,5,12,9,48,56,55,55,58,51,9,2026-01-10,2029-06-01,0,27,Italy,Jacopo,Sardo,Sardo,Jacopo Sardo,16891,32846,32846,74010,1584,58,73,2005-03-08T00:00:00.000Z,20,47,Milano FC,31,9,5,milano-fc,15,31,https://cmtracker.fra1.cdn.digitaloceanspaces.com/DB/26/heads/p74010.png,0,3,3,1503,4,Right,2,3,1,0,,186,75,Male,,,No,No,575000,500000,425000,4100,3500,3000,,,56,44,50,58,55,60,CM,CDM,False,False,False,jacopo-sardo,15,55,55,57,59,56,58,56,55,55,54
33,29,36,48,45,29,51,48,15,22,10,4,30,15,10,8,5,11,9,22,18,5,36,6,10,11,4,10,15,50,50,48,53,51,10,9,14,34,39,16,51,2025-07-01,2028-06-01,0,27,Italy,Matteo,Pittarella,Pittarella,Matteo Pittarella,24222,45026,45026,80809,847,52,67,2008-05-26T00:00:00.000Z,17,47,Milano FC,31,9,5,milano-fc,37,31,https://cmtracker.fra1.cdn.digitaloceanspaces.com/DB/26/heads/p80809.png,19,10,2,3503,5,Right,1,3,1,1,,185,75,Male,,,No,No,190000,160000,140000,600,500,400,,,31,12,17,30,9,35,GK,-,False,False,False,matteo-pittarella,50,17,17,17,18,18,19,18,18,17,18
67,61,56,59,62,65,56,56,61,56,29,61,51,65,61,66,56,48,56,56,62,40,65,48,51,40,59,51,65,13,6,12,8,9,59,44,58,60,60,54,10,2025-08-21,2030-06-01,0,34,Holland,Cheveyo,Balentien,Balentien,Cheveyo Balentien,7059,45105,45105,81252,1677,62,76,2006-12-18T00:00:00.000Z,18,47,Milano FC,31,9,5,milano-fc,25,31,https://cmtracker.fra1.cdn.digitaloceanspaces.com/DB/26/heads/p81252.png,0,9,8,1001,4,Right,3,3,1,1,2150000.0,189,75,Male,,,No,No,1100000,925000,800000,6500,5500,4700,,,64,59,55,60,43,61,RM,RW,False,False,False,cheveyo-balentien,14,53,51,49,51,61,57,59,60,60,59
76,81,75,77,76,54,70,66,52,61,40,56,56,65,57,65,56,61,61,56,60,32,64,60,42,40,57,70,65,6,15,10,15,7,59,38,64,65,75,55,11,2025-07-01,2026-06-30,1,46,Sweden,Maximilian,Ibrahimović,Ibrahimović,Maximilian Ibrahimović,24334,16051,16051,83168,1804,63,81,2006-09-22T00:00:00.000Z,18,47,Milano FC,31,9,5,milano-fc,27,10,https://cmtracker.fra1.cdn.digitaloceanspaces.com/DB/26/heads/p83168.png,5,8,2,31,2,Right,4,4,1,0,,183,74,Male,,,No,No,1400000,1200000,1000000,8000,6800,5800,,,79,60,60,68,43,63,LW,ST | LM,False,False,False,maximilian-ibrahimovic,16,54,52,50,51,62,57,62,62,63,62
69,66,71,68,62,63,51,62,63,64,63,58,62,70,58,71,60,46,61,66,69,61,61,58,68,63,52,56,47,9,14,8,14,15,60,64,62,59,68,60,12,2024-07-01,2026-06-30,1,27,Italy,Kevin,Zeroli,Zeroli,Kevin Zeroli,19357,40111,40111,278351,1849,65,78,2005-01-11T00:00:00.000Z,20,47,Milano FC,31,9,5,milano-fc,8,32,https://cmtracker.fra1.cdn.digitaloceanspaces.com/DB/26/heads/p278351.png,0,4,5,1003,5,Right,2,3,1,0,,187,70,Male,,,Yes,No,2000000,1700000,1500000,9800,8300,7200,,,68,56,60,68,63,60,CM,CAM | CDM,False,False,False,kevin-zeroli,18,64,64,62,64,65,65,65,64,65,62
65,68,66,66,66,55,58,61,40,58,22,61,48,69,40,66,68,40,66,48,61,16,67,61,22,16,61,50,76,11,9,15,15,12,60,18,55,62,66,51,13,2024-10-29,2026-06-30,1,27,Italy,Francesco,Camarda,Camarda,Francesco Camarda,12215,6170,6170,279202,1623,65,87,2008-03-10T00:00:00.000Z,17,47,Milano FC,31,9,5,milano-fc,22,31,https://cmtracker.fra1.cdn.digitaloceanspaces.com/DB/26/heads/p279202.png,6,3,2,0,1,Right,3,3,1,0,,184,77,Male,,,No,No,2700000,2300000,1900000,8100,6900,5900,,,67,66,48,64,28,55,ST,-,False,False,False,francesco-camarda,17,43,41,37,42,59,54,61,63,61,64
81,82,71,69,81,64,77,59,49,46,60,50,38,63,58,61,24,30,55,45,58,57,26,31,60,63,25,36,36,13,8,10,13,13,44,60,47,56,73,47,12,2025-08-15,2030-06-01,0,47,Switzerland,Zachary,Athekame,Athekame,Zachary Athekame,39882,2930,2930,279782,1612,65,78,2004-12-13T00:00:00.000Z,20,47,Milano FC,31,9,5,milano-fc,24,31,https://cmtracker.fra1.cdn.digitaloceanspaces.com/DB/26/heads/p279782.png,0,3,5,5000,1,Right,2,3,1,2,,181,74,Male,,,No,No,1900000,1600000,1400000,9200,7800,6700,,,82,32,44,62,59,68,RB,RM,False,False,False,zachary-athekame,16,62,62,61,57,57,53,53,52,56,49
74,74,76,78,53,68,51,72,65,70,67,66,68,73,63,70,59,62,40,67,70,48,68,66,61,51,55,60,51,15,7,15,11,14,58,54,67,62,75,65,13,2025-01-08,2026-06-30,1,27,Italy,Luis,Hasa,Hasa,Luis Hasa,22324,14797,14797,70163,1908,69,76,2004-01-06T00:00:00.000Z,21,48,Napoli,31,8,9,napoli,70,32,https://cmtracker.fra1.cdn.digitaloceanspaces.com/DB/26/heads/p70163.png,0,4,3,1502,2,Right,2,3,1,0,,172,67,Male,,,Yes,No,3300000,2800000,2400000,31500,27000,23000,,,74,61,65,73,53,59,CM,CDM,True,False,False,luis-hasa,18,65,63,57,64,68,68,69,68,68,63
53,64,52,63,75,55,73,56,59,57,19,60,54,71,55,70,66,40,71,60,65,26,65,64,21,24,54,39,72,7,7,14,12,6,63,24,56,67,58,54,10,2022-07-01,2026-06-30,1,27,Italy,Lorenzo,Sgarbi,Sgarbi,Lorenzo Sgarbi,22099,33593,33593,73333,1649,65,70,2001-03-24T00:00:00.000Z,24,48,Napoli,31,8,9,napoli,18,32,https://cmtracker.fra1.cdn.digitaloceanspaces.com/DB/26/heads/p73333.png,3,3,1,0,5,Right,2,3,1,0,,189,82,Male,,,No,No,1300000,1100000,950000,23000,19500,16500,,,59,64,52,62,32,66,ST,LM | LW,True,False,False,lorenzo-sgarbi,13,45,43,43,46,62,57,62,63,62,64
82,83,84,76,60,69,58,62,45,62,24,63,60,73,58,75,60,49,39,61,62,29,72,62,34,32,46,63,50,6,8,10,15,11,53,32,65,65,78,51,10,2025-07-01,2026-06-30,1,54,Brazil,Alisson,de Almeida Santos,Alisson S.,Alisson,1618,40545,1619,79270,1743,68,77,2002-09-27T00:00:00.000Z,22,237,Sporting CP,308,10,9,sporting-cp,27,31,https://cmtracker.fra1.cdn.digitaloceanspaces.com/DB/26/heads/p79270.png,0,9,7,1024,2,Right,3,4,1,0,,177,70,Male,,,No,No,3200000,2700000,2300000,9400,8000,6800,,,83,59,59,72,32,58,LW,RW | LM,True,False,False,alisson-de-almeida-santos,15,53,50,41,49,67,61,67,67,68,63
67,65,62,60,68,52,63,68,38,68,16,65,66,69,60,78,68,55,61,61,64,20,76,71,15,16,65,65,58,5,10,13,11,8,64,17,66,66,65,52,10,2026-01-24,2030-06-01,0,54,Brazil,Giovane,Santana,Giovane,Giovane,13322,32749,13322,80283,1707,68,79,2003-11-24T00:00:00.000Z,21,48,Napoli,31,8,9,napoli,23,31,https://cmtracker.fra1.cdn.digitaloceanspaces.com/DB/26/heads/p80283.png,20,9,4,1500,2,Left,4,2,1,0,4350000.0,184,84,Male,,,No,No,3200000,2700000,2300000,32000,27000,23500,Technical,,66,67,62,68,26,55,ST,RW | RM,True,False,False,giovane-santana,15,45,42,36,43,66,60,67,68,67,67
76,75,72,59,82,73,75,63,60,57,36,65,60,68,58,64,64,50,69,55,66,31,66,60,44,35,60,59,62,6,12,6,14,13,64,37,60,72,69,57,11,2022-07-01,2026-06-30,1,27,Italy,Giuseppe,Ambrosino,Ambrosino,Giuseppe Ambrosino,13360,1876,1876,272726,1815,67,77,2003-09-10T00:00:00.000Z,21,48,Napoli,31,8,9,napoli,70,32,https://cmtracker.fra1.cdn.digitaloceanspaces.com/DB/26/heads/p272726.png,0,3,2,3514,5,Right,2,4,1,0,,187,76,Male,,,No,No,2700000,2300000,2000000,28000,23500,20500,,,76,63,58,64,43,73,ST,CAM,True,False,False,giuseppe-ambrosino,16,55,53,51,53,65,61,64,65,65,66
70,69,71,66,61,68,57,62,53,58,30,66,65,69,65,68,66,50,51,64,67,36,65,60,40,42,56,62,53,15,6,13,11,5,61,40,63,63,68,55,10,2023-07-01,2027-06-01,0,27,Italy,Antonio,Vergara,Vergara,Antonio Vergara,2350,37793,37793,276706,1760,67,76,2003-01-16T00:00:00.000Z,22,48,Napoli,31,8,9,napoli,26,31,https://cmtracker.fra1.cdn.digitaloceanspaces.com/DB/26/heads/p276706.png,3,3,2,1538,5,Left,3,3,1,0,,185,77,Male,,,No,No,2700000,2300000,2000000,32000,27000,23000,Finesse Shot,,70,61,62,66,40,60,RW,RM | CAM,True,False,False,antonio-vergara,15,55,52,46,52,66,62,66,66,66,64
51,42,48,61,64,62,61,69,69,61,69,33,29,69,35,40,21,34,66,61,65,71,34,27,71,68,22,33,38,14,8,12,7,14,42,70,48,50,55,50,11,2025-07-01,2026-06-30,1,27,Italy,Luca,Marianucci,Marianucci,Luca Marianucci,22226,23690,23690,278319,1529,68,79,2004-07-23T00:00:00.000Z,20,48,Napoli,31,8,9,napoli,35,31,https://cmtracker.fra1.cdn.digitaloceanspaces.com/DB/26/heads/p278319.png,6,3,3,1501,5,Right,2,3,1,0,,186,75,Male,,,Yes,No,2900000,2500000,2100000,27000,23000,19500,,,47,29,43,58,69,64,CB,-,True,False,False,luca-marianucci,17,60,62,67,65,48,54,47,45,45,44
54,63,41,63,77,63,76,62,61,59,64,27,33,51,32,42,15,26,72,50,61,61,59,42,68,65,40,39,37,7,11,8,11,13,44,65,42,64,57,47,10,2023-07-01,2026-06-30,1,27,Italy,Nosa Edward,Obaretin,Obaretin,Nosa Edward Obaretin,27399,27719,27719,73296,1553,66,74,2003-01-26T00:00:00.000Z,22,48,Napoli,31,8,9,napoli,5,32,https://cmtracker.fra1.cdn.digitaloceanspaces.com/DB/26/heads/p73296.png,0,9,9,1039,4,Right,2,3,1,0,,193,85,Male,,,No,No,2100000,1800000,1500000,24000,20000,17500,,,59,37,40,53,66,69,CB,-,False,False,False,nosa-edward-obaretin,16,57,59,65,60,45,50,44,44,42,46
72,76,66,66,60,56,57,61,51,56,29,66,61,62,61,66,65,56,48,56,65,34,62,62,36,33,61,65,65,11,6,12,9,5,60,35,61,60,69,55,9,2025-07-17,2026-06-30,1,27,Italy,Emanuele,Rao,Rao,Emanuele Rao,10718,30792,30792,80630,1717,65,76,2006-03-28T00:00:00.000Z,19,48,Napoli,31,8,9,napoli,17,32,https://cmtracker.fra1.cdn.digitaloceanspaces.com/DB/26/heads/p80630.png,0,9,3,1501,2,Right,3,3,1,0,,181,75,Male,,,No,No,1800000,1500000,1300000,18500,15500,13500,,,74,64,61,63,36,56,LW,LM,False,False,False,emanuele-rao,13,51,49,44,48,64,58,64,64,65,62
26,21,22,40,49,25,59,48,22,24,10,4,30,15,12,5,6,10,12,15,21,7,38,5,10,11,6,12,15,50,51,50,56,52,12,10,12,36,32,18,52,2025-07-16,2030-06-01,0,27,Italy,Mathias,Ferrante,Ferrante,Mathias Ferrante,24162,45253,45253,81526,839,53,68,2006-09-01T00:00:00.000Z,18,48,Napoli,31,8,9,napoli,25,31,https://cmtracker.fra1.cdn.digitaloceanspaces.com/DB/26/heads/p81526.png,19,4,2,1,5,Left,1,3,1,1,,202,85,Male,,,No,No,220000,190000,160000,2100,1800,1500,,,24,12,17,26,10,39,GK,-,False,False,False,mathias-ferrante,51,17,17,19,19,17,18,17,17,15,18
69,70,75,74,51,55,50,56,52,56,54,45,49,56,57,57,39,50,46,51,55,55,50,40,55,54,36,59,47,10,12,9,8,13,47,55,55,50,69,51,11,2025-07-01,2028-06-01,0,14,England,Leo,Shahar,Shahar,Leo Shahar,21425,44128,44128,72281,1615,58,80,2007-03-18T00:00:00.000Z,18,13,Newcastle United,13,8,10,newcastle-united,61,13,https://cmtracker.fra1.cdn.digitaloceanspaces.com/DB/26/heads/p72281.png,21,1,2,55,1,Right,2,3,1,2,,175,65,Male,,,No,No,750000,625000,550000,0,0,0,,,70,43,54,62,53,52,RB,-,False,False,False,leo-shahar,15,56,56,53,53,55,52,53,52,54,49
76,79,76,71,68,63,56,67,55,69,31,69,65,70,65,71,64,57,56,56,65,25,66,63,30,36,59,64,63,14,12,5,7,12,62,31,64,64,74,59,10,2025-07-01,2026-06-30,1,45,Spain,Antonio José,Cordero Campillo,Antoñito C.,Antoñito Cordero,2352,7733,2371,74209,1805,69,85,2006-11-14T00:00:00.000Z,18,13,Newcastle United,13,8,10,newcastle-united,16,54,https://cmtracker.fra1.cdn.digitaloceanspaces.com/DB/26/heads/p74209.png,3,3,4,56,1,Right,4,3,1,1,,178,71,Male,,,No,No,4200000,3500000,3000000,0,0,0,"Dead Ball, Whipped Pass",,78,64,62,71,36,61,LM,RM | LW,False,False,False,antonio-jose-cordero-campillo,17,54,51,44,49,68,61,67,68,68,66
64,65,66,62,58,51,55,57,33,55,15,58,51,60,48,59,61,52,54,46,57,16,60,57,23,22,58,50,58,13,9,8,13,14,56,21,54,57,63,45,12,2025-07-01,2028-06-01,0,14,England,Sean,Neave,Neave,Sean Neave,33204,44530,44530,77791,1528,59,81,2007-05-27T00:00:00.000Z,18,13,Newcastle United,13,8,10,newcastle-united,62,13,https://cmtracker.fra1.cdn.digitaloceanspaces.com/DB/26/heads/p77791.png,0,2,2,31,1,Right,2,3,1,0,,184,72,Male,,,No,No,850000,725000,625000,0,0,0,,,65,59,51,60,26,49,ST,CAM,False,False,False,sean-neave,16,41,39,34,38,56,51,57,58,58,58
64,69,73,68,85,76,83,81,63,83,35,83,79,83,46,85,82,42,80,64,80,32,82,66,44,30,73,59,77,11,8,13,8,9,73,36,67,79,71,70,10,2025-08-30,2031-06-01,0,21,Germany,Nick,Woltemade,Woltemade,Nick Woltemade,27042,38936,38936,254022,2016,80,85,2002-02-14T00:00:00.000Z,23,13,Newcastle United,13,8,10,newcastle-united,27,13,https://cmtracker.fra1.cdn.digitaloceanspaces.com/DB/26/heads/p254022.png,2,8,1,52,4,Right,4,3,1,0,,198,90,Male,,,Yes,No,38000000,32000000,27500000,0,0,0,"Gamechanger, Tiki Taka, Press Proven",,67,77,62,79,44,77,ST,CAM,False,False,False,nick-woltemade,17,57,55,55,60,75,74,78,79,76,80
66,65,64,65,62,69,63,60,45,61,56,60,64,63,56,64,59,53,52,65,66,53,60,61,58,49,52,61,46,13,8,5,9,15,57,54,62,63,64,56,10,2019-11-04,2026-06-30,1,14,England,Joe,White,White,Joe White,17746,38720,38720,254135,1768,63,70,2002-10-01T00:00:00.000Z,22,13,Newcastle United,13,8,10,newcastle-united,30,60,https://cmtracker.fra1.cdn.digitaloceanspaces.com/DB/26/heads/p254135.png,5,2,2,4,4,Left,3,3,1,0,,186,70,Male,,,No,No,1100000,975000,825000,0,0,0,Technical,,66,56,61,63,54,60,CM,CAM | CDM,False,False,False,joe-white,16,59,58,56,59,62,63,63,62,62,60
74,75,64,67,64,68,59,60,59,52,57,53,48,60,60,59,38,60,53,52,58,56,59,40,59,60,40,62,39,6,11,7,13,14,50,59,59,58,68,52,11,2023-01-31,2026-06-30,1,42,Scotland,Harrison,Ashby,Ashby,Harrison Ashby,14763,2805,2805,258805,1706,63,70,2001-11-14T00:00:00.000Z,23,13,Newcastle United,13,8,10,newcastle-united,33,60,https://cmtracker.fra1.cdn.digitaloceanspaces.com/DB/26/heads/p258805.png,6,4,1,4010,2,Right,2,3,1,2,,179,72,Male,,,No,No,1100000,925000,775000,0,0,0,,,75,45,57,60,57,63,RB,LB | RM | RW,False,False,False,harrison-ashby,16,61,61,58,57,58,55,55,55,57,54
84,83,66,61,85,57,76,68,48,67,18,70,57,69,49,75,70,41,68,42,65,23,73,65,16,18,66,56,68,13,6,9,7,9,64,19,57,72,73,55,9,2024-08-08,2028-06-01,0,13,Denmark,William,Osula,Osula,William Osula,38818,28362,28362,270519,1748,71,80,2003-08-04T00:00:00.000Z,21,13,Newcastle United,13,8,10,newcastle-united,18,13,https://cmtracker.fra1.cdn.digitaloceanspaces.com/DB/26/heads/p270519.png,15,9,4,1024,4,Right,3,4,1,0,,192,81,Male,,,Yes,No,5000000,4200000,3600000,0,0,0,,,84,69,52,68,29,67,ST,-,False,False,False,william-osula,15,47,44,41,43,66,57,67,70,68,71
63,65,59,60,71,65,74,63,70,58,62,41,44,59,55,56,40,35,59,55,59,63,47,36,65,62,39,49,42,13,7,10,7,11,51,64,51,59,62,53,10,2022-07-09,2028-06-01,0,25,Republic of Ireland,Alex,Murphy,A. Murphy,Alex Murphy,1476,26105,71,270617,1664,64,78,2004-06-25T00:00:00.000Z,21,13,Newcastle United,13,8,10,newcastle-united,37,13,https://cmtracker.fra1.cdn.digitaloceanspaces.com/DB/26/heads/p270617.png,6,8,1,68,5,Left,2,4,1,2,3550000.0,188,76,Male,,,No,No,1600000,1400000,1200000,0,0,0,,,64,41,50,59,62,70,LB,CB | LM,False,False,False,alex-murphy,15,61,61,64,61,55,55,52,52,53,52
88,85,82,82,54,53,48,45,30,65,25,51,48,68,56,72,44,42,36,42,50,23,56,41,26,21,40,57,45,6,13,11,8,9,46,24,57,51,77,44,10,2023-09-01,2026-06-30,1,14,England,Trevan,Sanusi,Sanusi,Trevan Sanusi,47313,32799,32799,275301,1522,61,82,2007-04-25T00:00:00.000Z,18,13,Newcastle United,13,8,10,newcastle-united,14,16,https://cmtracker.fra1.cdn.digitaloceanspaces.com/DB/26/heads/p275301.png,0,9,9,1010,1,Right,4,3,1,0,,178,63,Male,,,No,No,1200000,1000000,900000,0,0,0,Trickster,,87,46,49,69,26,46,LW,RW | LM,False,False,False,trevan-sanusi,13,46,43,34,39,59,49,57,57,60,53
70,67,76,78,53,68,52,60,57,58,56,55,62,64,45,61,56,43,48,61,64,49,61,57,58,51,37,55,48,12,14,12,10,7,50,53,57,59,71,56,11,2023-09-01,2026-06-30,1,36,Norway,Travis,Hernes,Hernes,Travis Hernes,36780,47390,47390,277411,1725,61,77,2005-11-04T00:00:00.000Z,19,13,Newcastle United,13,8,10,newcastle-united,7,10,https://cmtracker.fra1.cdn.digitaloceanspaces.com/DB/26/heads/p277411.png,0,9,5,1031,1,Right,2,2,1,0,,178,72,Male,,,No,No,1000000,850000,725000,0,0,0,,,69,52,55,66,52,58,CM,CDM,False,False,False,travis-hernes,16,58,57,54,58,60,61,61,60,60,58
79,77,82,77,67,56,68,61,41,65,18,61,54,69,41,70,64,44,46,35,58,15,66,58,16,13,59,56,61,14,5,11,12,7,54,15,55,63,76,50,10,2024-06-05,2026-06-30,1,18,France,Enzo,Molebe,Molebe,Enzo Molebe,10880,25544,25544,74883,1626,64,79,2007-09-18T00:00:00.000Z,17,66,Olympique Lyonnais,16,6,1,olympique-lyonnais,14,17,https://cmtracker.fra1.cdn.digitaloceanspaces.com/DB/26/heads/p74883.png,21,3,9,1016,2,Right,3,4,1,0,,178,68,Male,,,No,No,1600000,1300000,1200000,3800,3200,2800,,,78,62,48,71,22,58,ST,-,True,False,False,enzo-molebe,15,43,40,34,39,61,53,62,64,64,63
70,70,68,77,67,56,59,62,52,63,15,65,51,64,47,62,66,51,63,49,59,12,64,58,18,19,57,52,62,12,11,13,6,14,59,17,56,61,70,52,12,2025-04-10,2026-06-30,1,14,England,Alejandro,Gomes Rodríguez,A.Rodriguez,Alejandro Gomes Rodríguez,1433,13506,44553,78145,1634,64,79,2008-03-11T00:00:00.000Z,17,66,Olympique Lyonnais,16,6,1,olympique-lyonnais,24,17,https://cmtracker.fra1.cdn.digitaloceanspaces.com/DB/26/heads/p78145.png,0,3,3,46,2,Right,3,3,1,0,,176,68,Male,,,No,No,1600000,1300000,1200000,3800,3200,2800,,,70,62,52,66,25,59,ST,-,True,False,False,alejandro-gomes-rodriguez,16,42,40,36,40,60,53,60,62,61,63
63,74,61,60,68,58,62,64,58,64,66,41,51,64,52,56,44,39,66,58,69,66,51,42,69,64,39,51,40,14,6,11,6,11,54,67,54,57,65,54,10,2025-04-19,2026-06-30,1,18,France,Noham,Kamara,Kamara,Noham Kamara,44559,18735,18735,78216,1708,66,82,2007-01-22T00:00:00.000Z,18,73,Paris Saint-Germain,16,10,10,paris-saint-germain,43,16,https://cmtracker.fra1.cdn.digitaloceanspaces.com/DB/26/heads/p78216.png,3,9,8,5001,4,Right,2,3,1,0,,185,76,Male,,,No,No,2400000,2000000,1800000,15500,13000,11000,,,69,43,53,62,66,62,CB,-,True,False,False,noham-kamara,15,63,64,65,63,58,59,57,56,56,55
69,67,74,76,57,73,62,65,57,58,64,64,65,68,53,67,63,45,43,67,69,50,61,62,61,53,47,50,39,9,12,8,10,6,55,55,60,63,71,58,9,2026-01-19,2030-06-01,0,13,Denmark,Noah,Nartey,Nartey,Noah Nartey,27292,26602,26602,71170,1794,67,82,2005-10-05T00:00:00.000Z,19,66,Olympique Lyonnais,16,6,1,olympique-lyonnais,99,16,https://cmtracker.fra1.cdn.digitaloceanspaces.com/DB/26/heads/p71170.png,6,9,7,1036,1,Right,2,3,1,0,,180,74,Male,,,No,No,2800000,2400000,2100000,6700,5700,4900,,,68,56,58,68,54,62,CM,ST | CDM,False,False,False,noah-nartey,15,62,61,57,63,65,66,66,65,65,62
33,36,25,27,56,25,62,61,23,28,7,6,25,17,14,8,9,14,11,23,19,8,44,6,11,14,8,10,15,65,60,58,66,63,13,11,15,39,37,18,63,2023-11-04,2027-06-01,0,126,Mali,Lassine,Diarra,Diarra,Lassine Diarra,21005,9213,9213,77093,957,64,74,2002-11-11T00:00:00.000Z,22,66,Olympique Lyonnais,16,6,1,olympique-lyonnais,50,16,https://cmtracker.fra1.cdn.digitaloceanspaces.com/DB/26/heads/p77093.png,21,9,10,1021,5,Right,1,3,1,1,,190,80,Male,,,No,No,1300000,1100000,975000,3000,2500,2200,,,35,15,18,28,10,42,GK,-,False,False,False,lassine-diarra,62,19,19,21,20,20,20,19,20,19,22
68,64,80,77,46,49,39,67,46,74,61,62,74,75,59,74,54,58,46,70,74,57,50,52,62,53,48,61,50,12,10,6,9,5,57,58,68,48,72,62,9,2025-07-01,2029-06-01,0,18,France,Khalis,Merah,K.Merah,Khalis Merah,19398,24812,44727,80067,1792,70,80,2007-02-24T00:00:00.000Z,18,66,Olympique Lyonnais,16,6,1,olympique-lyonnais,44,16,https://cmtracker.fra1.cdn.digitaloceanspaces.com/DB/26/heads/p80067.png,20,9,4,602,1,Right,3,3,1,0,,177,61,Male,,,No,No,4000000,3400000,2900000,9300,7800,6700,,,66,53,66,75,56,45,CAM,CM,False,False,False,khalis-merah,15,62,60,56,63,67,68,69,66,67,59
57,61,59,62,62,69,60,67,62,66,64,52,68,67,51,61,53,43,56,70,73,59,60,55,67,65,48,47,44,9,11,9,14,9,57,64,58,62,62,60,11,2025-07-01,2028-06-01,0,38,Portugal,Mathys,De Carvalho Soares,De Carvalho,Mathys De Carvalho,24175,44948,8729,80690,1780,68,79,2005-05-01T00:00:00.000Z,20,66,Olympique Lyonnais,16,6,1,olympique-lyonnais,39,16,https://cmtracker.fra1.cdn.digitaloceanspaces.com/DB/26/heads/p80690.png,3,3,4,2500,2,Right,2,3,1,1,,183,73,Male,,,No,No,2900000,2500000,2100000,7700,6500,5600,,,59,52,59,64,62,63,CDM,CM,False,False,False,mathys-de-carvalho-soares,16,63,63,63,66,62,66,63,61,60,58
78,73,85,81,44,51,38,48,41,64,28,53,57,64,57,68,50,53,38,59,63,23,67,45,41,35,46,68,57,13,10,14,9,14,51,33,63,49,73,50,12,2025-11-23,2028-06-01,0,18,France,Adil,Hamdani,Hamdani,Adil Hamdani,523,45503,45503,82335,1635,62,79,2009-01-21T00:00:00.000Z,16,66,Olympique Lyonnais,16,6,1,olympique-lyonnais,34,16,https://cmtracker.fra1.cdn.digitaloceanspaces.com/DB/26/heads/p82335.png,3,3,4,1519,1,Right,3,3,1,1,,173,61,Male,,,No,No,1200000,1000000,850000,2700,2200,1900,,,76,53,60,68,33,44,LM,LW,False,False,False,adil-hamdani,15,49,47,38,46,61,55,60,59,61,55
72,67,67,71,48,45,47,48,37,61,26,57,55,68,57,70,61,44,43,53,62,24,67,46,38,35,42,56,58,8,14,11,8,12,53,33,59,51,65,49,11,2026-01-18,2028-06-01,0,18,France,Rémi,Himbert,Himbert,Rémi Himbert,32103,45780,45780,83214,1578,62,78,2008-02-29T00:00:00.000Z,17,66,Olympique Lyonnais,16,6,1,olympique-lyonnais,45,16,https://cmtracker.fra1.cdn.digitaloceanspaces.com/DB/26/heads/p83214.png,6,3,1,6,1,Right,3,3,1,0,,178,66,Male,,,No,No,1200000,1000000,850000,3000,2500,2200,,,70,55,55,64,33,44,LW,RW | LM,False,False,False,remi-himbert,14,48,45,39,44,61,55,60,61,62,58
51,62,62,68,75,79,84,74,73,74,73,66,75,74,62,71,58,60,69,77,78,72,82,72,77,69,48,58,48,9,6,10,6,10,63,73,68,79,64,69,9,2024-08-27,2029-06-01,0,95,United States,Tanner,Tessmann,Tessmann,Tanner Tessmann,35758,36074,36074,256104,2032,76,82,2001-09-24T00:00:00.000Z,23,66,Olympique Lyonnais,16,6,1,olympique-lyonnais,6,16,https://cmtracker.fra1.cdn.digitaloceanspaces.com/DB/26/heads/p256104.png,19,5,2,2005,5,Right,3,4,1,1,,188,86,Male,,,No,No,13000000,11000000,9500000,19500,16500,14500,"Incisive Pass, Long Ball Pass, Anticipate, Slide Tackle",,57,62,68,71,72,78,CDM,CM,False,False,False,tanner-tessmann,15,71,70,74,75,69,74,70,69,67,68
75,73,75,71,60,62,50,64,55,62,59,55,56,67,66,64,48,48,52,56,65,56,49,46,62,59,46,59,44,6,5,11,10,5,56,59,59,54,72,56,8,2022-07-05,2027-06-01,0,129,Morocco,Achraf,Laâziri,Laâziri,Achraf Laâziri,438,21136,21136,276747,1741,65,74,2003-07-08T00:00:00.000Z,21,66,Olympique Lyonnais,16,6,1,olympique-lyonnais,36,16,https://cmtracker.fra1.cdn.digitaloceanspaces.com/DB/26/heads/p276747.png,0,9,5,606,1,Left,3,3,1,2,,177,70,Male,,,No,No,1800000,1500000,1300000,4700,4000,3400,,,74,48,58,67,58,57,LB,LM,False,False,False,achraf-laaziri,13,63,62,58,60,63,60,61,60,62,56
86,87,78,77,69,75,61,69,62,68,39,72,70,71,67,75,68,56,46,62,70,48,72,61,38,32,50,66,62,11,7,7,15,7,61,40,66,68,80,63,10,2025-07-22,2029-06-01,0,38,Portugal,Afonso,Bastardo Moreira,A.Moreira,Afonso Moreira,651,3846,47369,276901,1904,74,83,2005-03-19T00:00:00.000Z,20,66,Olympique Lyonnais,16,6,1,olympique-lyonnais,17,16,https://cmtracker.fra1.cdn.digitaloceanspaces.com/DB/26/heads/p276901.png,3,3,4,56,2,Right,4,3,1,1,,176,72,Male,,,No,No,11000000,9500000,8000000,15500,13000,11500,,,87,64,65,73,41,67,LM,LW,False,False,False,afonso-bastardo-moreira,16,60,56,50,56,72,66,71,71,72,68
62,67,58,56,70,66,74,67,61,69,64,63,72,72,50,68,53,43,58,72,74,61,66,55,65,61,45,54,50,10,6,5,8,8,56,63,62,67,62,64,8,2023-06-16,2026-06-30,1,18,France,Mahamadou,Diawara,Diawara,Mahamadou Diawara,23007,9226,9226,278789,1833,69,77,2005-02-17T00:00:00.000Z,20,66,Olympique Lyonnais,16,6,1,olympique-lyonnais,34,4,https://cmtracker.fra1.cdn.digitaloceanspaces.com/DB/26/heads/p278789.png,19,9,9,1004,5,Left,3,3,1,0,,187,78,Male,,,No,No,3600000,3000000,2600000,9000,7600,6500,,,65,55,61,65,62,68,CM,CDM,False,False,False,mahamadou-diawara,14,64,63,64,67,65,68,67,65,64,63
70,66,73,72,69,78,62,55,80,62,64,50,52,62,62,56,49,64,60,65,67,62,58,56,66,62,43,63,48,11,12,7,7,7,57,64,62,65,68,60,9,2026-02-02,2030-06-01,0,133,Nigeria,Tochukwu,Nnadi,Nnadi,Tochukwu Nnadi,36500,27286,27286,78424,1840,66,77,2003-06-30T00:00:00.000Z,22,219,Olympique de Marseille,16,8,6,olympique-de-marseille,6,16,https://cmtracker.fra1.cdn.digitaloceanspaces.com/DB/26/heads/p78424.png,15,9,9,1000,2,Right,2,3,1,1,,176,67,Male,,,No,No,2100000,1800000,1600000,11500,9900,8500,,,68,51,62,63,63,72,CDM,CM,True,False,False,tochukwu-nnadi,14,64,64,64,64,60,60,58,57,58,56
80,83,80,83,58,66,51,74,44,76,52,73,75,77,78,79,71,60,42,70,74,47,72,70,55,43,59,76,58,14,11,8,9,12,65,49,73,64,80,63,11,2022-09-18,2026-06-30,1,14,England,Ethan,Nwaneri,Nwaneri,Ethan Nwaneri,11137,27566,27566,271807,1980,76,87,2007-03-21T00:00:00.000Z,18,1,Arsenal,13,10,9,arsenal,11,16,https://cmtracker.fra1.cdn.digitaloceanspaces.com/DB/26/heads/p271807.png,0,9,7,1038,2,Left,3,3,1,0,,180,73,Male,,,Yes,No,18500000,16000000,13500000,78000,66000,57000,"Finesse Shot, Technical",,82,67,72,78,48,55,RW,CM | CAM | RM,True,False,False,ethan-nwaneri,18,65,62,53,61,75,71,75,74,76,69
72,79,69,54,50,35,51,58,41,58,18,57,58,64,57,66,57,49,39,52,59,24,58,53,26,22,52,63,47,13,11,8,7,6,53,24,59,50,67,47,9,2024-08-17,2028-06-01,0,18,France,Keyliane,Abdallah,Abdallah,Keyliane Abdallah,19369,226,226,72020,1533,62,71,2006-04-05T00:00:00.000Z,19,219,Olympique de Marseille,16,8,6,olympique-de-marseille,48,16,https://cmtracker.fra1.cdn.digitaloceanspaces.com/DB/26/heads/p72020.png,21,9,7,1015,4,Left,3,2,1,1,,185,71,Male,,,No,No,1000000,850000,750000,6100,5200,4500,,,76,54,56,62,26,44,RM,ST | RW,False,False,False,keyliane-abdallah,14,44,41,35,41,60,53,60,61,62,57
58,55,70,66,42,54,47,52,35,58,47,54,63,72,61,67,49,55,42,65,69,38,58,45,53,40,52,64,57,11,6,11,14,15,55,44,65,50,61,53,12,2024-07-01,2027-06-01,0,97,Algeria,Yanis,Sellami,Sellami,Yanis Sellami,39358,33313,33313,74959,1645,62,77,2007-01-04T00:00:00.000Z,18,219,Olympique de Marseille,16,8,6,olympique-de-marseille,45,16,https://cmtracker.fra1.cdn.digitaloceanspaces.com/DB/26/heads/p74959.png,0,3,4,1502,1,Right,3,4,1,0,,178,64,Male,,,No,No,1100000,925000,800000,5700,4900,4200,,,57,53,63,64,44,45,CM,CDM,False,False,False,yanis-sellami,15,54,52,47,54,61,61,62,59,60,55
68,61,63,48,49,42,47,66,44,52,39,42,56,62,53,68,57,47,49,57,62,31,52,33,47,41,46,43,47,9,15,7,5,11,54,40,56,45,62,47,10,2025-03-20,2028-06-01,0,18,France,Tadjidine,Mmadi,Mmadi,Tadjidine Mmadi,45418,45419,45419,82083,1519,60,76,2007-03-03T00:00:00.000Z,18,219,Olympique de Marseille,16,8,6,olympique-de-marseille,76,16,https://cmtracker.fra1.cdn.digitaloceanspaces.com/DB/26/heads/p82083.png,0,9,8,5003,1,Right,3,4,1,1,,180,67,Male,,,No,No,725000,625000,525000,4100,3500,3000,,,65,46,53,60,41,46,LM,CAM | LW,False,False,False,tadjidine-mmadi,16,51,49,45,49,59,55,58,57,59,55
26,22,33,28,53,25,63,48,26,22,11,9,27,12,12,8,6,13,11,28,26,8,46,7,13,10,8,11,16,62,57,61,64,56,13,11,15,39,32,19,60,2025-07-01,2026-06-01,0,18,France,Théo,Vermot,Vermot,Théo Vermot,36285,46657,46657,245854,928,60,62,1997-01-27T00:00:00.000Z,28,219,Olympique de Marseille,16,8,6,olympique-de-marseille,92,16,https://cmtracker.fra1.cdn.digitaloceanspaces.com/DB/26/heads/p245854.png,1,3,2,2010,4,Right,1,2,1,1,,190,75,Male,,,No,No,250000,210000,180000,4100,3500,3000,,,24,15,20,25,11,42,GK,-,False,False,False,theo-vermot,58,18,17,21,21,18,21,19,18,17,20
59,53,68,63,61,69,63,74,71,71,65,67,76,77,54,75,62,55,53,74,75,57,68,67,67,53,48,65,58,8,12,7,13,7,59,59,70,66,64,68,10,2021-07-01,2026-06-01,0,129,Morocco,Bilal,Nadir,Nadir,Bilal Nadir,4569,26428,26428,263602,1915,73,80,2003-11-28T00:00:00.000Z,21,219,Olympique de Marseille,16,8,6,olympique-de-marseille,26,16,https://cmtracker.fra1.cdn.digitaloceanspaces.com/DB/26/heads/p263602.png,3,3,4,602,1,Left,3,3,1,0,,179,65,Male,,,No,No,7500000,6000000,5500000,24000,20500,17500,,,56,62,67,71,59,66,CM,CAM | CDM,False,False,False,bilal-nadir,16,64,62,63,68,68,72,71,69,68,65
74,76,54,70,86,75,83,72,76,75,72,32,50,67,54,65,28,27,72,74,71,76,47,23,74,75,30,59,42,14,5,6,8,7,51,75,59,63,70,58,8,2025-07-01,2029-06-01,0,14,England,CJ,Egan-Riley,Egan-Riley,CJ Egan-Riley,5999,10342,10342,268131,1819,75,82,2003-01-02T00:00:00.000Z,22,219,Olympique de Marseille,16,8,6,olympique-de-marseille,4,16,https://cmtracker.fra1.cdn.digitaloceanspaces.com/DB/26/heads/p268131.png,0,3,4,4502,3,Right,2,3,1,0,,183,70,Male,,,Yes,No,12500000,10500000,9000000,32500,27500,23500,"Long Ball Pass, Jockey",,75,34,56,67,74,80,CB,-,False,False,False,cj-egan-riley,15,70,71,74,72,61,63,57,55,57,53
63,74,61,60,68,58,62,64,58,64,66,41,51,64,52,56,44,39,66,58,69,66,51,42,69,64,39,51,40,14,6,11,6,11,54,67,54,57,65,54,10,2025-04-19,2026-06-30,1,18,France,Noham,Kamara,Kamara,Noham Kamara,44559,18735,18735,78216,1708,66,82,2007-01-22T00:00:00.000Z,18,73,Paris Saint-Germain,16,10,10,paris-saint-germain,43,16,https://cmtracker.fra1.cdn.digitaloceanspaces.com/DB/26/heads/p78216.png,3,9,8,5001,4,Right,2,3,1,0,,185,76,Male,,,No,No,2400000,2000000,1800000,15500,13000,11000,,,69,43,53,62,66,62,CB,-,True,False,False,noham-kamara,15,63,64,65,63,58,59,57,56,56,55
66,69,67,67,52,61,60,52,47,67,21,52,70,70,53,69,51,40,36,55,67,34,53,54,38,35,40,52,48,10,6,12,9,12,50,36,58,56,65,51,10,2026-01-26,2030-06-01,0,45,Spain,Pedro,Fernández,Dro,Dro,29148,44928,44929,80674,1595,64,85,2008-01-12T00:00:00.000Z,17,73,Paris Saint-Germain,16,10,10,paris-saint-germain,27,16,https://cmtracker.fra1.cdn.digitaloceanspaces.com/DB/26/heads/p80674.png,0,3,5,500,1,Right,3,3,1,0,1650000.0,178,68,Male,,,No,No,2200000,1800000,1600000,10500,8700,7500,,,68,50,56,65,33,55,CAM,CM,True,False,False,pedro-fernández,14,50,47,42,49,62,59,63,61,62,55
62,68,78,63,83,70,80,65,77,68,71,57,59,74,47,70,48,39,63,70,72,67,64,55,75,73,39,55,45,13,14,13,8,8,54,72,62,71,68,63,12,2024-01-25,2026-06-30,1,54,Brazil,Gabriel Silva,Moscardo de Salles,G. Moscardo,Gabriel Moscardo,12624,25808,47563,279731,1913,72,82,2005-09-28T00:00:00.000Z,19,73,Paris Saint-Germain,16,10,10,paris-saint-germain,17,308,https://cmtracker.fra1.cdn.digitaloceanspaces.com/DB/26/heads/p279731.png,3,3,3,1524,5,Right,3,3,1,1,,185,73,Male,,,No,No,5500000,4800000,4100000,34500,29500,25000,Jockey,,65,51,57,70,70,78,CDM,CM,True,False,False,gabriel-silva-moscardo-de-salles,16,67,67,72,71,64,67,65,63,63,62
76,74,75,70,61,75,49,73,58,78,69,79,76,81,63,78,73,54,52,74,78,47,80,68,67,43,58,74,56,5,10,10,6,6,65,53,73,67,74,70,8,2024-01-14,2027-06-01,0,18,France,Senny,Mayulu,Mayulu,Senny Mayulu,33367,24363,24363,70004,1996,76,86,2006-05-17T00:00:00.000Z,19,73,Paris Saint-Germain,16,10,10,paris-saint-germain,24,16,https://cmtracker.fra1.cdn.digitaloceanspaces.com/DB/26/heads/p70004.png,0,3,6,1016,1,Left,3,5,1,0,,183,69,Male,,,Yes,No,19000000,16000000,14000000,51000,43000,37000,Press Proven,,75,69,70,76,56,61,CM,ST | CDM,False,False,False,senny-mayulu,14,67,65,59,68,75,75,76,76,75,72
91,88,85,78,59,58,48,73,47,70,24,71,66,77,64,79,63,49,39,53,67,26,69,59,29,25,56,59,56,15,14,7,9,9,58,27,64,59,83,56,11,2024-08-16,2026-06-01,0,136,Senegal,Ibrahim,Mbaye,Mbaye,Ibrahim Mbaye,16045,24415,24415,74449,1782,74,85,2008-01-24T00:00:00.000Z,17,73,Paris Saint-Germain,16,10,10,paris-saint-germain,49,16,https://cmtracker.fra1.cdn.digitaloceanspaces.com/DB/26/heads/p74449.png,21,9,8,1011,2,Right,3,3,1,0,,176,65,Male,,,No,No,10500000,8500000,7500000,38000,32000,27500,"Technical, Quick Step",,90,62,60,77,29,53,RW,LW | RM,False,False,False,ibrahim-mbaye,18,54,50,39,48,72,63,71,72,73,67
62,67,65,62,68,60,68,49,56,44,58,45,38,59,58,55,29,37,60,55,64,66,36,25,68,63,41,52,40,9,11,14,11,11,51,66,52,52,61,47,12,2024-02-23,2026-06-30,1,129,Morocco,Naoufel,El Hannach,El Hannach,Naoufel El Hannach,26574,10480,10480,75057,1606,63,81,2006-12-07T00:00:00.000Z,18,73,Paris Saint-Germain,16,10,10,paris-saint-germain,3,17,https://cmtracker.fra1.cdn.digitaloceanspaces.com/DB/26/heads/p75057.png,0,9,2,1512,1,Right,2,3,1,0,,183,66,Male,,,No,No,1400000,1100000,975000,10500,9000,7700,,,65,36,51,56,63,63,CB,RB,False,False,False,naoufel-el-hannach,14,60,61,62,59,54,53,50,49,52,48
76,77,75,78,66,62,52,68,58,62,41,68,61,71,60,74,67,46,59,55,66,40,66,59,42,37,58,58,55,6,11,12,8,8,62,40,61,61,75,58,9,2025-09-27,2028-06-01,0,18,France,Quentin,Ndjantou,Ndjantou,Quentin Ndjantou,30340,44583,44583,78549,1802,69,83,2007-07-23T00:00:00.000Z,17,73,Paris Saint-Germain,16,10,10,paris-saint-germain,47,16,https://cmtracker.fra1.cdn.digitaloceanspaces.com/DB/26/heads/p78549.png,0,9,9,1024,1,Right,3,3,1,0,,182,75,Male,,,No,No,3700000,3200000,2700000,22000,18500,16000,,,77,62,58,71,44,60,LW,ST | CM | LM,False,False,False,quentin-ndjantou,15,56,54,49,53,67,62,67,68,68,66
68,69,73,64,50,47,48,58,48,63,44,57,63,64,54,65,57,52,48,62,65,40,60,56,49,41,53,61,51,7,6,14,8,6,56,44,61,53,67,55,9,2024-07-27,2026-06-01,0,18,France,Mathis,Jangeal,Jangeal,Mathis Jangeal,24173,45306,45306,81659,1671,63,79,2008-06-24T00:00:00.000Z,17,73,Paris Saint-Germain,16,10,10,paris-saint-germain,41,16,https://cmtracker.fra1.cdn.digitaloceanspaces.com/DB/26/heads/p81659.png,3,9,6,1037,1,Right,3,3,1,0,,180,75,Male,,,No,No,1400000,1200000,1000000,9400,7900,6800,,,69,56,60,65,44,48,CAM,CM,False,False,False,mathis-jangeal,12,53,52,48,53,61,59,62,61,62,58
78,75,83,77,56,47,52,52,38,63,24,60,56,72,58,68,58,48,44,46,61,22,63,53,34,27,52,56,57,11,13,14,14,13,55,28,58,55,73,50,13,2025-12-20,2027-06-01,0,18,France,Noah,Nsoki,Nsoki,Noah Nsoki,27292,27466,27466,82991,1645,64,80,2007-02-20T00:00:00.000Z,18,73,Paris Saint-Germain,16,10,10,paris-saint-germain,45,16,https://cmtracker.fra1.cdn.digitaloceanspaces.com/DB/26/heads/p82991.png,3,9,10,1007,1,Right,3,3,1,0,,179,66,Male,,,No,No,1800000,1500000,1300000,14000,11500,10000,,,77,57,54,69,30,48,LW,RW | LM,False,False,False,noah-nsoki,17,48,45,38,43,62,55,62,62,64,60
26,20,39,24,41,30,41,65,18,37,6,4,35,14,13,16,5,12,10,25,28,8,55,5,14,10,9,11,10,68,64,73,70,65,13,11,16,35,35,19,68,2025-07-17,2030-06-01,0,27,Italy,Renato,Bellucci Marin,Marin,Renato Marin,31101,4114,23716,279880,971,68,82,2006-07-10T00:00:00.000Z,18,73,Paris Saint-Germain,16,10,10,paris-saint-germain,89,16,https://cmtracker.fra1.cdn.digitaloceanspaces.com/DB/26/heads/p279880.png,5,8,2,1528,5,Left,1,3,1,1,,193,80,Male,,,No,No,2900000,2400000,2100000,8800,7500,6400,,,23,15,21,33,10,33,GK,-,False,False,False,renato-bellucci-marin,66,20,19,18,21,21,24,22,22,20,21
65,64,60,66,69,68,67,53,56,45,52,61,50,60,52,66,20,45,62,58,63,46,48,39,66,57,31,58,33,11,5,12,5,13,46,57,58,59,62,50,10,2025-07-01,2029-06-01,0,45,Spain,Jesús,Fortea Tejedo,Fortea,Fortea,17484,44344,44345,75572,1626,60,76,2007-03-26T00:00:00.000Z,18,243,Real Madrid,53,10,7,real-madrid,32,53,https://cmtracker.fra1.cdn.digitaloceanspaces.com/DB/26/heads/p75572.png,0,3,2,0,2,Right,3,3,1,2,1600000.0,174,62,Male,,,No,No,700000,600000,525000,13000,11000,9600,,,65,39,54,58,57,65,RB,-,True,False,False,jesus-fortea-tejedo,13,58,58,58,58,57,57,55,54,55,51
47,40,45,34,59,22,61,43,19,26,11,5,29,14,11,9,7,10,10,42,45,7,44,6,9,11,7,11,16,61,59,58,64,61,16,9,18,39,42,18,61,2025-07-01,2028-06-01,0,45,Spain,Sergio,Mestre Sánchez,Mestre,Sergio Mestre,33457,47214,47216,272503,1003,60,74,2005-02-13T00:00:00.000Z,20,243,Real Madrid,53,10,7,real-madrid,43,53,https://cmtracker.fra1.cdn.digitaloceanspaces.com/DB/26/heads/p272503.png,5,7,1,0,4,Right,1,2,1,1,1550000.0,193,80,Male,,,No,No,600000,525000,450000,7500,6400,5500,,,44,14,25,29,10,40,GK,-,True,False,False,sergio-mestre-sanchez,59,20,20,21,24,23,25,24,22,21,22
64,69,70,74,79,73,70,76,87,69,71,70,72,73,60,72,66,48,76,70,73,64,59,65,75,74,61,62,45,11,11,13,10,9,68,71,65,70,71,69,11,2021-09-01,2026-06-30,1,45,Spain,Mario,Martín Rielves,Mario Martín,Mario Martín,23733,23944,23742,274555,2041,72,80,2004-03-05T00:00:00.000Z,21,243,Real Madrid,53,10,7,real-madrid,6,53,https://cmtracker.fra1.cdn.digitaloceanspaces.com/DB/26/heads/p274555.png,3,7,1,17,2,Right,3,3,1,0,,178,74,Male,,,Yes,No,6000000,5000000,4500000,75000,64000,55000,"Slide Tackle, Bruiser",,67,61,64,72,72,77,CM,CDM,True,False,False,mario-martin-rielves,17,70,70,73,72,70,72,71,70,69,69
16,19,33,56,53,25,66,60,20,36,11,8,35,15,11,6,9,12,13,19,19,8,46,8,14,10,8,12,14,63,62,61,65,63,12,11,13,40,37,21,63,2024-07-01,2026-06-01,0,45,Spain,Francisco Javie,González Pérez,Fran González,Fran González,12236,13555,12203,278394,976,64,81,2005-06-24T00:00:00.000Z,20,243,Real Madrid,53,10,7,real-madrid,26,53,https://cmtracker.fra1.cdn.digitaloceanspaces.com/DB/26/heads/p278394.png,19,8,2,2005,5,Right,1,3,1,1,3750000.0,199,72,Male,,,No,No,1600000,1400000,1200000,12500,11000,9300,,,18,16,18,34,11,41,GK,-,True,False,False,francisco-javie-gonzalez-perez,62,17,17,21,21,18,21,19,19,17,21
68,70,66,64,80,66,74,72,59,63,44,73,62,71,58,69,73,51,73,60,65,42,73,66,40,50,69,61,64,6,13,12,7,7,68,44,63,72,68,61,9,2023-09-01,2030-06-01,0,45,Spain,Gonzalo,García Torres,Gonzalo,Gonzalo,13529,12837,13529,278399,1891,71,83,2004-03-24T00:00:00.000Z,21,243,Real Madrid,53,10,7,real-madrid,16,53,https://cmtracker.fra1.cdn.digitaloceanspaces.com/DB/26/heads/p278399.png,6,9,2,2022,2,Right,3,4,1,0,,182,81,Male,,,No,No,5500000,4600000,4000000,76000,64000,55000,,,69,70,60,68,50,70,ST,-,True,False,False,gonzalo-garcia-torres,15,58,57,55,56,67,64,67,69,68,71
79,73,82,80,66,73,60,74,64,78,53,76,78,80,72,82,70,74,47,72,77,49,73,72,51,49,65,74,70,7,13,10,9,6,67,50,77,69,78,70,9,2025-08-14,2031-06-01,0,52,Argentina,Franco,Mastantuono,Mastantuono,Franco Mastantuono,12247,24088,24088,279173,2058,77,88,2007-08-14T00:00:00.000Z,17,243,Real Madrid,53,10,7,real-madrid,30,53,https://cmtracker.fra1.cdn.digitaloceanspaces.com/DB/26/heads/p279173.png,4,10,2,1521,2,Left,3,3,1,1,,178,74,Male,,,Yes,No,25500000,22000000,18500000,78000,66000,57000,Dead Ball,,76,71,75,79,50,66,RM,RW | CAM,True,False,False,franco-mastantuono,15,66,62,56,64,76,73,77,75,76,71
68,66,54,76,48,60,50,54,56,52,57,59,53,58,66,51,31,60,43,59,64,55,32,35,57,55,28,60,54,7,10,11,11,6,47,56,58,45,64,56,9,2024-07-01,2027-06-01,0,45,Spain,David,Jiménez Corredor,D. Jiménez,David Jiménez,8642,44308,8215,75239,1606,61,75,2004-03-14T00:00:00.000Z,21,243,Real Madrid,53,10,7,real-madrid,35,53,https://cmtracker.fra1.cdn.digitaloceanspaces.com/DB/26/heads/p75239.png,3,9,2,1501,8,Right,2,3,1,2,,170,63,Male,,,No,No,900000,775000,675000,18500,15500,13500,,,67,40,60,58,53,54,RB,-,False,False,False,david-jimenez-corredor,13,59,58,54,57,57,56,54,52,55,47
78,80,60,74,88,74,76,75,83,60,76,29,47,74,28,71,35,25,79,79,79,77,54,24,78,77,45,33,51,7,15,8,13,6,54,78,57,64,74,58,10,2024-11-08,2029-06-01,0,45,Spain,Raúl,Asencio del Rosario,R. Asencio,Asencio,30926,2797,30405,75605,1858,78,84,2003-02-13T00:00:00.000Z,22,243,Real Madrid,53,10,7,real-madrid,17,53,https://cmtracker.fra1.cdn.digitaloceanspaces.com/DB/26/heads/p75605.png,3,3,2,4011,2,Right,2,3,1,0,49500000.0,184,85,Male,,,Yes,No,24000000,20500000,17500000,130000,110000,96000,Bruiser,,79,40,49,69,77,80,CB,RB | CDM,False,False,False,raul-asencio-del-rosario,17,70,72,77,75,62,66,61,59,58,58
68,65,66,61,67,62,58,59,43,60,62,26,61,58,51,32,23,40,64,52,65,63,42,33,63,47,45,42,31,11,9,12,14,9,50,58,45,53,64,48,11,2025-07-01,2029-06-01,0,45,Spain,Diego,Aguado Facio,Diego Aguado,Diego Aguado,9256,44360,44361,75747,1564,59,75,2007-02-07T00:00:00.000Z,18,243,Real Madrid,53,10,7,real-madrid,27,53,https://cmtracker.fra1.cdn.digitaloceanspaces.com/DB/26/heads/p75747.png,3,3,2,17,2,Left,2,3,1,0,,180,70,Male,,,No,No,625000,550000,450000,10000,8600,7400,,,67,33,52,56,60,58,CB,LB | CM,False,False,False,diego-aguado-facio,16,58,59,59,59,50,54,50,46,48,44
67,68,54,57,73,60,70,57,54,51,55,36,41,51,58,40,41,27,68,51,62,56,42,42,61,58,31,40,39,12,15,11,10,6,52,59,42,58,61,46,11,2025-01-01,2029-06-01,0,45,Spain,Víctor,Valdepeñas Talavera,Valdepeñas,Víctor Valdepeñas,38326,44533,44535,77851,1564,60,79,2006-10-20T00:00:00.000Z,18,243,Real Madrid,53,10,7,real-madrid,40,53,https://cmtracker.fra1.cdn.digitaloceanspaces.com/DB/26/heads/p77851.png,3,9,2,48,5,Left,2,2,1,0,,188,75,Male,,,No,No,700000,600000,500000,13000,11000,9600,,,68,39,47,52,60,64,CB,LB | LM,False,False,False,victor-valdepenas-talavera,15,57,59,60,56,51,51,49,48,50,50
64,66,61,64,54,61,58,56,62,62,47,67,69,66,46,52,32,35,45,60,65,44,42,27,56,49,37,45,42,11,13,12,12,12,45,50,52,49,63,59,12,2024-07-01,2027-06-01,0,45,Spain,Thiago,Pitarch Pinar,Thiago,Thiago Pitarch,36180,45022,36180,80807,1594,60,81,2007-08-03T00:00:00.000Z,17,243,Real Madrid,53,10,7,real-madrid,45,53,https://cmtracker.fra1.cdn.digitaloceanspaces.com/DB/26/heads/p80807.png,3,3,2,2004,2,Right,2,3,1,0,2350000.0,179,70,Male,,,No,No,900000,775000,650000,11500,9600,8200,,,65,41,53,60,48,59,CM,CDM,False,False,False,thiago-pitarch-pinar,16,55,54,52,57,58,59,59,56,56,51
64,63,59,55,59,66,64,61,58,55,60,54,64,60,41,53,42,44,49,62,66,52,58,51,57,50,40,42,40,5,11,12,8,9,48,53,53,60,61,56,9,2025-07-01,2028-06-01,0,45,Spain,Jorge,Cestero Sancho,Cestero,Jorge Cestero,17914,45581,45583,82756,1634,61,80,2006-03-24T00:00:00.000Z,19,243,Real Madrid,53,10,7,real-madrid,28,53,https://cmtracker.fra1.cdn.digitaloceanspaces.com/DB/26/heads/p82756.png,3,5,2,3505,2,Right,2,3,1,0,,181,76,Male,,,No,No,1000000,850000,725000,18500,15500,13500,,,64,48,53,57,54,62,CM,CDM,False,False,False,jorge-cestero-sancho,14,57,56,56,60,57,60,58,56,55,54
25,32,38,21,55,19,64,51,26,27,7,6,35,18,13,14,5,14,14,18,26,7,45,8,13,13,8,13,5,63,68,60,64,64,14,11,16,39,34,18,64,2025-07-23,2029-06-01,0,37,Poland,Radosław,Żelezny,Zelezny,Radosław Żelezny,30522,44722,40082,80045,959,64,78,2006-09-06T00:00:00.000Z,18,52,Roma,31,7,6,roma,91,31,https://cmtracker.fra1.cdn.digitaloceanspaces.com/DB/26/heads/p80045.png,5,4,1,2,4,Left,1,2,1,1,,193,85,Male,,,No,No,1400000,1200000,1000000,3600,3000,2600,,,29,13,20,28,11,41,GK,-,True,False,False,radoslaw-zelezny,62,18,18,21,21,20,21,22,21,20,21
70,65,56,67,68,70,58,76,76,74,72,68,65,76,61,74,65,56,65,71,77,67,75,68,72,71,48,50,50,7,6,10,9,15,64,70,66,68,67,68,10,2022-07-01,2029-06-01,0,27,Italy,Niccolò,Pisilli,Pisilli,Niccolò Pisilli,27030,29724,29724,275291,1978,72,84,2004-09-23T00:00:00.000Z,20,52,Roma,31,7,6,roma,61,31,https://cmtracker.fra1.cdn.digitaloceanspaces.com/DB/26/heads/p275291.png,6,4,3,12,2,Right,2,3,1,0,,180,75,Male,,,Yes,No,6500000,5500000,4800000,28000,24000,20500,,,68,62,63,71,69,68,CM,CAM,True,False,False,niccolo-pisilli,16,70,70,69,72,70,72,71,71,69,69
52,62,42,57,74,71,72,71,67,52,73,30,39,57,33,43,48,30,75,53,61,74,45,29,75,72,28,33,42,11,6,13,13,7,49,74,44,59,57,51,10,2025-08-02,2030-06-01,0,27,Italy,Daniele,Ghilardi,Ghilardi,Daniele Ghilardi,8510,13181,13181,277695,1610,72,80,2003-01-06T00:00:00.000Z,22,52,Roma,31,7,6,roma,87,31,https://cmtracker.fra1.cdn.digitaloceanspaces.com/DB/26/heads/p277695.png,6,3,1,1517,5,Right,2,2,1,0,,189,80,Male,,,No,No,6000000,4900000,4200000,31500,26500,23000,,,57,37,42,54,74,71,CB,-,True,False,False,daniele-ghilardi,16,62,65,71,66,50,54,49,49,47,52
64,63,64,68,55,50,47,62,61,56,62,58,48,62,61,61,35,30,58,59,61,62,60,42,59,62,50,57,39,12,10,9,13,11,53,61,54,51,65,54,11,2024-07-02,2026-06-30,1,45,Spain,Aboubacar,Sangaré Traoré,Buba Sangaré,Buba Sangaré,378,32699,5658,279200,1671,63,77,2007-08-06T00:00:00.000Z,17,52,Roma,31,7,6,roma,2,53,https://cmtracker.fra1.cdn.digitaloceanspaces.com/DB/26/heads/p279200.png,19,3,9,1024,1,Right,2,3,1,2,,183,67,Male,,,Yes,No,1200000,1000000,900000,6000,5100,4400,,,64,47,53,62,61,53,RB,-,True,False,False,aboubacar-sangare-traore,16,60,60,59,59,58,57,56,56,57,54
63,68,61,72,41,56,48,63,47,48,21,56,51,60,52,60,61,32,36,42,61,22,56,32,22,16,48,42,53,9,11,13,9,12,52,20,48,47,66,46,11,2025-01-17,2026-06-30,1,27,Italy,Lorenzo,Venturino,Venturino,Lorenzo Venturino,22099,37765,37765,76172,1444,59,74,2006-06-22T00:00:00.000Z,19,110556,Genoa,31,4,5,genoa,20,31,https://cmtracker.fra1.cdn.digitaloceanspaces.com/DB/26/heads/p76172.png,20,4,3,1516,2,Right,2,1,1,1,,183,75,Male,,,Yes,No,625000,525000,450000,2300,1900,1700,,,66,51,47,61,23,48,RM,LM | RW,False,False,False,lorenzo-venturino,16,44,40,34,41,58,51,57,57,58,55
82,85,76,65,83,64,71,66,52,69,28,69,54,66,54,65,72,51,70,48,59,24,81,59,29,23,58,58,66,9,14,11,9,10,63,26,58,72,75,57,11,2026-01-14,2030-06-01,0,18,France,Robinio,Vaz,Vaz,Robinio Vaz,31464,37684,37684,76410,1800,70,86,2007-02-17T00:00:00.000Z,18,52,Roma,31,7,6,roma,78,31,https://cmtracker.fra1.cdn.digitaloceanspaces.com/DB/26/heads/p76410.png,0,9,10,1038,4,Right,3,3,1,0,,185,74,Male,,,No,No,4800000,4100000,3500000,22500,19000,16500,,,84,68,54,68,35,68,ST,-,False,False,False,robinio-vaz,16,50,48,45,46,64,56,64,67,66,70
66,64,60,59,61,68,60,59,62,50,59,55,61,65,56,62,60,60,50,65,67,59,66,67,62,60,45,60,59,14,11,12,8,5,56,61,63,65,62,58,10,2026-01-06,2026-06-30,1,47,Switzerland,Alessandro,Romano,Romano,Alessandro Romano,1470,31681,31681,76431,1797,64,79,2006-06-17T00:00:00.000Z,19,52,Roma,31,7,6,roma,60,32,https://cmtracker.fra1.cdn.digitaloceanspaces.com/DB/26/heads/p76431.png,3,3,2,3,2,Left,2,3,1,1,,183,73,Male,,,No,No,1600000,1300000,1100000,9000,7600,6500,,,65,59,62,59,58,63,CDM,CM,False,False,False,alessandro-romano,15,61,61,59,62,62,63,62,61,61,60
70,67,66,85,53,69,44,61,65,45,61,55,42,56,56,60,37,41,55,46,61,61,29,30,62,70,34,41,49,7,14,6,8,6,49,65,49,45,70,53,9,2025-07-01,2026-06-30,1,27,Italy,Mattia,Mannini,Mannini,Mattia Mannini,24235,23421,23421,80075,1612,65,78,2006-07-08T00:00:00.000Z,18,52,Roma,31,7,6,roma,76,32,https://cmtracker.fra1.cdn.digitaloceanspaces.com/DB/26/heads/p80075.png,3,3,1,2008,7,Right,2,3,1,2,,170,64,Male,,,No,No,1900000,1600000,1400000,9100,7700,6700,,,69,39,48,62,62,58,RB,CM,False,False,False,mattia-mannini,14,62,62,59,58,57,54,53,52,55,49
60,60,44,59,67,65,65,60,63,50,63,31,36,56,42,46,30,44,60,42,63,63,50,33,66,65,36,28,35,9,6,12,13,8,47,65,44,56,57,47,10,2023-07-01,2026-06-30,1,27,Italy,Filippo,Reale,Reale,Filippo Reale,11928,30939,30939,80076,1530,63,75,2006-02-24T00:00:00.000Z,19,52,Roma,31,7,6,roma,19,32,https://cmtracker.fra1.cdn.digitaloceanspaces.com/DB/26/heads/p80076.png,20,4,1,17,5,Left,2,2,1,0,,185,75,Male,,,No,No,1300000,1100000,925000,8200,6900,5900,,,60,36,43,53,63,65,CB,LB,False,False,False,filippo-reale,14,59,60,63,59,49,50,47,47,47,47
91,88,90,76,84,78,74,78,74,76,74,81,67,78,71,80,62,58,66,73,77,76,60,64,76,75,49,68,56,6,6,15,7,13,65,76,72,72,85,72,10,2025-07-28,2030-06-01,0,54,Brazil,Wesley Vinícius,França Lima,Wesley,Wesley,38694,12278,38691,80170,2167,78,85,2003-09-06T00:00:00.000Z,21,52,Roma,31,7,6,roma,43,31,https://cmtracker.fra1.cdn.digitaloceanspaces.com/DB/26/heads/p80170.png,15,9,6,1501,2,Right,3,3,1,1,,178,75,Male,,,No,No,33500000,28500000,24500000,44500,37500,32500,Quick Step,,90,62,69,80,73,78,RM,LM | RB,False,False,False,wesley-vinicius-franca-lima,16,77,76,75,75,77,74,75,75,76,72
60,64,48,49,70,66,69,66,74,51,68,32,31,66,29,32,22,29,66,53,64,68,43,24,71,71,29,25,34,10,8,11,11,15,42,70,41,55,58,49,11,2025-08-29,2030-06-01,0,37,Poland,Jan,Ziółkowski,Ziółkowski,Jan Ziółkowski,17069,40355,40355,276680,1529,69,79,2005-06-05T00:00:00.000Z,20,52,Roma,31,7,6,roma,24,31,https://cmtracker.fra1.cdn.digitaloceanspaces.com/DB/26/heads/p276680.png,2,1,1,8,4,Right,2,2,1,0,,194,76,Male,,,No,No,3400000,2900000,2500000,18500,16000,13500,,,62,31,39,52,69,70,CB,-,False,False,False,jan-ziolkowski,17,60,63,68,64,47,52,46,45,44,46
53,56,62,73,38,39,35,64,45,59,29,64,64,67,48,63,59,63,49,65,67,44,59,55,53,59,49,61,58,9,14,7,7,11,55,52,64,46,62,54,10,2021-07-01,2026-06-30,1,27,Italy,Riccardo,Pagano,Pagano,Riccardo Pagano,31251,28622,28622,276951,1648,61,71,2004-11-28T00:00:00.000Z,20,52,Roma,31,7,6,roma,8,32,https://cmtracker.fra1.cdn.digitaloceanspaces.com/DB/26/heads/p276951.png,20,9,3,34,2,Right,3,3,1,0,,175,69,Male,,,No,No,850000,725000,625000,7400,6300,5400,,,55,57,61,65,47,39,CM,CAM,False,False,False,riccardo-pagano,16,52,51,47,52,60,60,63,62,60,58
65,69,80,76,46,65,49,61,48,62,33,62,60,72,60,74,63,61,39,61,68,34,69,65,32,31,68,68,57,14,9,12,5,14,60,33,68,59,71,54,11,2021-07-01,2026-06-30,1,27,Italy,Luigi,Cherubini,Cherubini,Luigi Cherubini,22320,7050,7050,278966,1752,67,76,2004-01-15T00:00:00.000Z,21,52,Roma,31,7,6,roma,10,32,https://cmtracker.fra1.cdn.digitaloceanspaces.com/DB/26/heads/p278966.png,3,9,3,1502,2,Right,3,3,1,0,,175,71,Male,,,No,No,2700000,2300000,2000000,16000,13500,11500,"Finesse Shot, Incisive Pass",,67,64,63,71,34,52,CAM,LM | RM | CM,False,False,False,luigi-cherubini,16,53,49,41,50,66,62,66,66,66,62
77,76,76,75,63,65,53,69,39,73,29,70,75,75,73,75,71,55,51,66,74,38,68,69,32,27,53,71,56,6,6,5,14,10,65,33,69,64,75,57,9,2024-05-02,2026-05-31,1,14,England,Mikey,Moore,Moore,Mikey Moore,25106,25666,25666,72159,1835,73,87,2007-08-11T00:00:00.000Z,17,18,Tottenham Hotspur,13,7,8,tottenham-hotspur,47,50,https://cmtracker.fra1.cdn.digitaloceanspaces.com/DB/26/heads/p72159.png,3,2,2,1501,1,Right,3,4,1,0,,180,75,Male,,,No,No,8000000,7000000,6000000,45000,38500,33000,Press Proven,,77,65,69,74,35,55,LW,LM,True,False,False,mikey-moore,15,56,52,43,52,72,67,73,72,73,68
73,71,72,74,61,82,54,63,64,65,64,57,64,65,57,62,55,54,52,65,67,56,69,64,63,62,64,65,51,15,5,8,8,6,59,61,63,66,71,61,9,2023-07-01,2026-06-30,1,14,England,George,Abbott,Abbott,George Abbott,13058,224,224,74862,1877,65,78,2005-08-17T00:00:00.000Z,19,18,Tottenham Hotspur,13,7,8,tottenham-hotspur,40,60,https://cmtracker.fra1.cdn.digitaloceanspaces.com/DB/26/heads/p74862.png,0,4,4,5001,1,Right,2,3,1,0,,175,71,Male,,,No,No,2000000,1700000,1500000,19000,16000,14000,"Long Ball Pass, Intercept, Technical",,72,60,62,67,59,65,CM,CDM | CAM,True,False,False,george-abbott,14,65,64,60,64,64,64,63,62,63,61
66,68,62,63,73,56,73,59,62,54,60,22,31,46,39,47,18,20,60,47,50,62,50,19,62,61,28,40,25,5,9,11,13,15,39,62,40,55,64,43,11,2025-07-01,2027-06-01,0,14,England,Jun'ai,Byfield,Byfield,Jun'ai Byfield,45391,45392,45392,81899,1476,62,80,2008-12-06T00:00:00.000Z,16,18,Tottenham Hotspur,13,7,8,tottenham-hotspur,67,13,https://cmtracker.fra1.cdn.digitaloceanspaces.com/DB/26/heads/p81899.png,21,3,8,1038,4,Right,2,2,1,0,,185,80,Male,,,No,No,1100000,925000,800000,9800,8300,7200,,,67,27,38,55,61,66,CB,-,False,True,False,jun-ai-byfield,15,55,57,61,55,45,44,42,41,43,43
53,64,44,43,85,69,85,74,78,66,75,49,55,70,38,64,61,53,84,75,78,76,78,59,80,76,43,38,53,9,11,7,12,13,61,78,60,76,56,63,11,2025-06-01,2026-06-30,1,10,Croatia,Luka,Vušković,L. Vušković,Luka Vušković,22372,38276,47309,275192,1918,78,88,2007-02-24T00:00:00.000Z,18,18,Tottenham Hotspur,13,7,8,tottenham-hotspur,44,19,https://cmtracker.fra1.cdn.digitaloceanspaces.com/DB/26/heads/p275192.png,6,4,2,17,4,Right,2,3,1,0,,193,86,Male,,,Yes,No,32500000,27500000,23500000,67000,56000,48500,"Precision Header, Long Ball Pass, Aerial Fortress",,59,57,56,60,78,79,CB,-,True,False,False,luka-vuskovic,17,68,70,78,74,62,68,64,64,60,67
59,64,50,45,70,56,73,61,63,60,62,52,53,56,39,51,23,28,60,58,61,62,44,24,61,60,26,40,33,7,15,14,7,8,42,61,47,54,56,54,11,2025-01-13,2026-06-30,1,14,England,Alfie,Dorrington,Dorrington,Alfie Dorrington,1534,9712,9712,279117,1545,63,78,2005-04-20T00:00:00.000Z,20,18,Tottenham Hotspur,13,7,8,tottenham-hotspur,25,61,https://cmtracker.fra1.cdn.digitaloceanspaces.com/DB/26/heads/p279117.png,12,5,1,48,4,Right,2,3,1,0,,192,78,Male,,,No,No,1300000,1100000,925000,16000,13500,11500,,,62,34,47,54,61,66,CB,-,True,False,False,alfie-dorrington,15,57,58,62,60,52,55,52,50,49,48
82,77,87,85,49,73,40,67,56,65,37,67,60,67,65,74,69,49,37,59,65,23,67,64,35,28,65,64,60,12,9,9,6,13,61,29,63,59,80,58,10,2025-01-01,2026-06-30,1,167,Korea Republic,Min Hyeok,Yang,Min-Hyeok,Yang Min Hyeok,25220,39316,25240,71106,1785,70,82,2006-04-16T00:00:00.000Z,19,18,Tottenham Hotspur,13,7,8,tottenham-hotspur,18,14,https://cmtracker.fra1.cdn.digitaloceanspaces.com/DB/26/heads/p71106.png,3,4,2,513,1,Right,3,3,1,1,,171,61,Male,,,Yes,No,4500000,3800000,3300000,39000,33000,28500,"Technical, First Touch",,80,65,60,74,32,55,RM,RW | LM,False,False,False,min-hyeok-yang,16,55,51,40,50,68,62,67,67,69,64
70,69,71,78,58,71,59,57,52,61,60,57,62,62,54,66,57,56,49,64,65,56,60,54,61,59,39,53,47,9,14,6,10,13,53,59,61,61,69,57,11,2024-07-01,2026-06-30,1,14,England,Tyrese,Hall,Hall,Tyrese Hall,37073,14514,14514,72284,1779,62,79,2005-09-04T00:00:00.000Z,19,18,Tottenham Hotspur,13,7,8,tottenham-hotspur,26,61,https://cmtracker.fra1.cdn.digitaloceanspaces.com/DB/26/heads/p72284.png,0,9,8,1004,1,Right,2,4,1,0,,183,73,Male,,,No,No,1200000,1000000,875000,14500,12000,10500,Press Proven,,70,52,59,66,57,60,CM,CAM | LW | CDM,False,False,False,tyrese-hall,16,61,60,58,61,62,62,62,61,61,58
45,46,39,25,63,20,60,68,24,70,11,6,47,30,13,18,6,14,14,45,40,9,57,6,10,11,8,13,15,76,76,76,75,74,17,10,24,42,45,29,76,2025-01-05,2031-06-01,0,12,Czech Republic,Antonín,Kinský,Kinsky,Antonín Kinský,2367,19660,44184,73580,1210,75,81,2003-03-13T00:00:00.000Z,22,18,Tottenham Hotspur,13,7,8,tottenham-hotspur,31,13,https://cmtracker.fra1.cdn.digitaloceanspaces.com/DB/26/heads/p73580.png,2,1,2,2022,5,Right,1,4,1,1,,190,83,Male,,,No,No,8500000,7500000,6500000,43500,37000,32000,,,46,16,29,42,11,42,GK,-,False,False,False,antonin-kinsky,74,24,23,23,28,30,32,31,29,27,28
65,67,62,66,74,66,75,64,64,60,22,69,48,66,48,62,69,54,65,42,61,21,66,62,29,27,67,55,58,12,15,12,13,8,62,26,56,69,65,54,12,2024-07-01,2026-06-30,1,14,England,Will,Lankshear,Lankshear,Will Lankshear,38809,44316,44316,75272,1714,67,81,2005-04-20T00:00:00.000Z,20,18,Tottenham Hotspur,13,7,8,tottenham-hotspur,27,14,https://cmtracker.fra1.cdn.digitaloceanspaces.com/DB/26/heads/p75272.png,3,2,1,1524,5,Right,3,3,1,0,,189,78,Male,,,No,No,2900000,2500000,2100000,32000,27000,23500,,,66,65,51,63,33,70,ST,-,False,False,False,will-lankshear,17,47,45,44,45,60,55,61,63,62,66
72,70,72,74,62,57,56,56,45,55,37,57,58,61,58,62,58,55,50,54,59,31,59,57,35,35,55,60,57,6,12,12,15,13,56,34,59,59,69,52,12,2025-07-01,2026-06-30,1,14,England,Oliver,Irow,Irow,Oliver Irow,28023,45673,45673,83028,1675,61,78,2006-05-10T00:00:00.000Z,19,18,Tottenham Hotspur,13,7,8,tottenham-hotspur,44,60,https://cmtracker.fra1.cdn.digitaloceanspaces.com/DB/26/heads/p83028.png,0,9,1,2021,1,Right,3,3,1,1,,179,68,Male,,,No,No,1000000,850000,725000,12500,11000,9200,,,71,57,57,63,38,55,RM,LM | CAM | RW,False,False,False,oliver-irow,16,50,48,43,47,60,55,60,59,61,58
83,80,70,68,71,64,56,64,70,68,67,65,66,70,71,71,40,43,59,59,65,65,60,38,68,68,42,68,41,13,6,13,7,5,56,67,63,58,73,63,9,2026-01-22,2031-06-01,0,54,Brazil,João Victor,de Souza Menezes,Souza,Souza,18120,45834,34668,83381,1864,70,82,2006-06-16T00:00:00.000Z,19,18,Tottenham Hotspur,13,7,8,tottenham-hotspur,38,13,https://cmtracker.fra1.cdn.digitaloceanspaces.com/DB/26/heads/p83381.png,21,3,7,4500,1,Left,2,3,1,2,,183,75,Male,,,No,No,4300000,3600000,3100000,36500,31000,26500,,,82,48,62,69,65,65,LB,LM,False,False,False,joao-victor-de-souza-menezes,14,68,68,65,65,67,64,64,64,65,59
78,78,80,71,77,91,68,80,75,79,78,76,80,81,87,80,68,78,69,78,80,76,84,75,79,77,64,85,66,15,7,14,7,5,74,78,81,79,78,76,10,2023-07-01,2028-06-01,0,45,Spain,Pedro Antonio,Porro Sauceda,Pedro Porro,Pedro Porro,29152,29926,29183,243576,2286,82,85,1999-09-13T00:00:00.000Z,25,18,Tottenham Hotspur,13,7,8,tottenham-hotspur,23,13,https://cmtracker.fra1.cdn.digitaloceanspaces.com/DB/26/heads/p243576.png,0,3,3,1541,2,Right,3,3,3,2,,173,69,Male,,,Yes,No,44000000,37000000,32000000,135000,115000,99000,"Power Shot, Long Ball Pass, Tiki Taka, Whipped Pass, Block, Relentless",,78,72,81,79,76,78,RB,RM,False,False,False,pedro-antonio-porro-sauceda,16,80,79,75,78,79,79,78,77,78,75
64,68,51,54,81,55,76,70,68,66,71,35,57,62,39,65,28,28,74,60,67,72,41,30,73,71,33,40,35,15,13,5,8,12,49,72,51,57,62,56,11,2025-07-08,2026-06-30,1,163,Japan,Kota,Takai,Takai,Kota Takai,20080,35641,35641,264702,1687,72,79,2004-09-04T00:00:00.000Z,20,18,Tottenham Hotspur,13,7,8,tottenham-hotspur,14,19,https://cmtracker.fra1.cdn.digitaloceanspaces.com/DB/26/heads/p264702.png,0,9,4,557,5,Right,2,3,1,0,,192,90,Male,,,No,No,5000000,4300000,3700000,48500,41000,35500,,,66,34,49,61,72,70,CB,-,False,False,False,kota-takai,18,63,65,71,67,56,59,56,54,54,52
74,77,70,67,75,73,68,62,60,65,24,65,60,63,52,66,63,58,64,54,64,22,63,61,21,25,61,60,63,12,10,8,6,5,61,23,61,68,70,57,9,2026-01-01,2031-06-01,0,25,Republic of Ireland,Mason,Melia,Melia,Mason Melia,24072,24712,24712,276346,1741,65,84,2007-09-22T00:00:00.000Z,17,18,Tottenham Hotspur,13,7,8,tottenham-hotspur,41,13,https://cmtracker.fra1.cdn.digitaloceanspaces.com/DB/26/heads/p276346.png,6,3,1,2000,4,Right,2,4,1,0,,186,78,Male,,,No,No,2100000,1800000,1500000,16500,14000,12000,Precision Header,,76,63,58,66,31,69,ST,-,False,False,False,mason-melia,14,49,46,42,46,64,58,63,64,64,64
68,64,71,68,64,69,63,64,44,66,33,65,69,67,62,66,64,56,54,65,69,36,61,62,35,32,56,60,58,11,8,8,12,13,61,35,63,64,67,56,11,2022-07-01,2026-06-30,1,35,Northern Ireland,Jamie,Donley,Donley,Jamie Donley,17056,47465,47465,278557,1763,67,80,2005-01-03T00:00:00.000Z,20,18,Tottenham Hotspur,13,7,8,tottenham-hotspur,33,14,https://cmtracker.fra1.cdn.digitaloceanspaces.com/DB/26/heads/p278557.png,19,6,2,2027,2,Left,3,3,1,0,,183,70,Male,,,No,No,2900000,2500000,2100000,29500,25000,21500,,,66,61,64,67,38,60,CAM,CM,False,False,False,jamie-donley,16,53,50,45,52,66,63,66,65,65,63
