playerid;overallrating;potential;birthdate;playerjointeamdate;contractvaliduntil;haircolorcode;eyecolorcode;skintonecode;headtypecode;bodytypecode;height;weight;preferredfoot;skillmoves;internationalrep;hashighqualityhead;isretiring;nationid;preferredposition1;preferredposition2;preferredposition3;preferredposition4;firstname;lastname;acceleration;sprintspeed;agility;balance;jumping;stamina;strength;reactions;aggression;interceptions;positioning;vision;ballcontrol;crossing;dribbling;finishing;freekickaccuracy;headingaccuracy;longpassing;shortpassing;marking;shotpower;longshots;standingtackle;slidingtackle;volleys;curve;penalties;gkdiving;gkhandling;gkkicking;gkreflexes;gkpositioning
258378;74;85;154369;160816;2029;6;8;2;31;2;176;70;1;4;1;0;0;7;27;16;-1;-1;Mika;Godts;80;81;84;86;64;72;63;69;40;33;69;69;80;69;82;64;54;44;62;70;30;66;57;49;47;60;68;66;8;10;14;7;14
260162;74;86;154118;160051;2028;0;9;5;1036;2;177;79;1;3;1;0;0;110;14;18;10;-1;Mario;Stroeykens;73;70;73;72;71;73;73;67;51;55;72;71;78;58;78;76;53;53;75;80;18;71;75;66;45;64;58;66;7;12;8;7;13
266127;80;86;154097;161333;2029;1;1;2;20;2;179;71;2;2;1;1;0;14;7;16;-1;-1;Lewis;Hall;78;76;80;85;71;80;56;79;60;77;68;77;79;83;79;60;70;64;76;78;77;65;62;79;80;62;81;55;14;8;9;14;8
266815;71;85;154526;161746;2030;6;2;1;4014;2;175;67;1;4;1;0;0;42;12;23;-1;-1;Ben;Gannon-Doak;90;89;86;85;64;65;57;66;60;28;64;66;72;65;74;62;57;41;55;65;21;61;60;30;25;58;63;58;13;6;10;12;5
278661;74;85;154223;161707;2030;5;4;1;55;4;192;75;2;2;1;1;0;45;5;7;10;-1;Yarek;Gąsiorowski;63;68;69;66;76;67;68;72;72;76;40;66;71;53;63;50;34;75;70;74;75;59;55;76;71;41;50;53;9;8;10;11;6
256420;78;86;154301;161160;2028;21;9;8;1031;7;170;60;1;4;1;0;0;7;16;27;-1;-1;Malick;Fofana;87;86;89;89;51;69;36;75;51;35;74;71;79;71;84;74;52;32;64;74;41;64;66;43;41;62;64;58;11;6;13;9;11
263828;76;85;154536;161764;2029;0;9;10;1016;7;166;65;2;3;1;0;0;38;12;16;23;-1;Roger;Fernandes;87;90;91;87;59;71;44;76;60;61;73;68;79;72;80;71;52;48;66;68;61;69;66;58;40;55;62;58;13;9;10;15;10
265526;78;86;154281;160262;2028;0;3;8;1016;5;188;82;2;1;1;1;0;18;0;-1;-1;-1;Guillaume;Restes;38;44;38;42;62;39;65;72;22;13;9;62;17;17;8;9;13;12;48;51;11;60;7;16;14;7;13;15;78;74;80;80;77
275050;72;85;154237;160786;2028;3;9;1;9;2;172;68;1;2;1;0;0;7;3;7;12;-1;Kyriani;Sabbe;79;72;74;88;75;77;65;65;76;67;65;65;71;74;70;61;45;60;69;73;66;70;60;68;68;67;69;40;9;12;14;13;6
263370;76;84;154050;161699;2029;7;3;1;2027;7;170;66;2;3;1;1;0;52;14;16;7;10;Valentín;Barco;77;76;85;81;60;78;48;75;76;74;73;77;79;77;77;42;60;50;78;80;66;60;52;74;72;42;77;67;12;10;9;12;6
268259;70;84;154287;160497;2026;5;2;2;1534;4;192;83;1;3;1;0;0;21;25;18;14;-1;Nelson;Weiper;64;84;61;56;81;65;78;68;66;18;72;53;68;39;69;72;43;72;37;55;23;68;57;20;19;62;46;57;10;13;12;6;6
272785;75;84;154319;161374;2029;0;9;10;1021;2;184;77;2;2;1;1;0;18;5;7;-1;-1;Christian;Mawissa;73;84;57;58;84;69;76;73;74;75;40;48;68;53;63;28;28;73;56;71;72;45;21;77;75;28;42;42;11;6;8;13;13
267861;76;84;154107;161180;2028;0;3;5;10;3;182;76;1;4;1;1;0;52;25;-1;-1;-1;Santiago;Castro;80;78;77;76;85;60;67;75;78;39;76;59;76;65;75;76;51;78;56;68;30;79;75;38;40;68;58;65;14;13;9;11;12
271574;77;84;154171;160602;2030;0;3;4;530;7;170;64;1;3;1;1;0;14;3;7;14;-1;Rico;Lewis;78;75;84;82;64;72;47;77;66;75;71;76;78;76;79;53;42;58;74;79;74;61;51;76;74;30;54;50;11;8;11;13;12
271575;68;84;154649;160602;2026;19;3;3;2013;8;166;64;2;3;1;1;0;27;18;14;25;-1;Simone;Pafundi;83;71;87;92;59;61;37;58;62;54;58;68;74;64;73;56;71;55;66;70;48;70;65;39;36;60;74;69;7;10;11;8;7
274516;72;84;154179;161316;2026;0;9;9;1050;1;178;63;1;3;1;0;0;117;16;12;27;-1;Ibrahim;Osman;92;89;85;76;69;65;53;66;56;29;70;61;75;61;77;65;38;52;59;67;28;69;57;20;22;63;65;53;13;8;9;12;7
274559;73;84;155065;161698;2026;0;9;4;1542;1;178;71;2;4;1;0;0;57;18;23;14;-1;Kendry;Páez;77;81;82;75;58;70;49;69;44;57;71;72;74;61;75;70;60;48;70;72;34;68;71;42;41;44;73;51;10;11;9;6;15
277755;69;83;154034;161011;2028;21;9;8;4500;5;185;74;1;4;1;0;0;72;16;18;7;-1;Josimar;Alcócer;75;71;72;60;56;65;60;55;53;18;59;59;74;68;75;68;42;32;59;67;23;60;56;27;22;48;50;57;10;13;15;12;8
269186;74;83;154087;161393;2030;4;5;3;1532;5;186;76;1;2;1;1;0;24;25;-1;-1;-1;Orri;Óskarsson;73;74;66;72;84;72;76;74;69;26;76;65;74;52;68;74;56;73;58;72;29;75;69;25;25;69;60;66;14;14;12;7;15
269292;71;83;154607;161181;2029;4;9;2;4009;8;166;63;1;4;1;0;0;52;12;18;23;-1;Gianluca;Prestianni;91;83;92;93;47;68;33;73;68;53;65;64;77;55;79;61;49;26;57;64;39;62;60;44;38;49;56;61;6;7;14;15;10
271362;69;83;154686;161668;2026;0;3;3;1541;5;185;75;2;2;1;0;0;48;5;7;16;-1;Yasin;Özcan;74;74;62;53;74;70;66;62;71;66;51;55;72;60;60;44;34;65;65;69;73;66;40;73;66;34;58;49;7;13;6;8;11
271975;73;83;154141;160087;2027;0;9;4;4016;4;185;77;1;3;1;0;0;45;10;14;5;-1;Stefan;Bajcetic Maquieira;67;79;69;62;68;68;72;69;72;74;52;70;74;55;74;50;49;54;71;74;72;57;53;73;73;50;59;48;6;12;11;8;13
272602;71;83;154275;160602;2026;0;3;4;3506;5;185;78;2;3;1;0;0;52;18;25;12;14;Valentín;Carboni;60;62;63;66;59;42;46;73;60;33;69;71;74;68;75;70;70;67;71;75;47;73;67;50;37;71;73;65;13;8;11;7;13
274952;72;83;154215;161342;2029;15;1;1;4001;1;184;76;1;3;1;0;0;13;14;10;-1;-1;Oscar;Højlund;75;80;79;75;75;67;68;73;76;72;69;70;73;54;71;67;48;66;71;77;75;66;63;73;68;56;54;45;9;10;6;13;8
276682;70;83;154054;161550;2029;21;3;7;1037;5;190;84;1;3;1;1;0;27;14;18;10;-1;Cher;Ndour;49;60;57;52;69;57;78;70;61;58;68;73;75;60;73;59;54;61;72;74;55;74;61;59;56;49;65;51;10;13;11;13;7
277869;77;83;154037;161668;2030;0;9;9;1015;2;179;70;1;3;1;0;0;27;3;12;-1;-1;Michael;Kayode;77;80;78;71;78;74;70;75;75;75;71;69;74;77;75;32;34;68;61;72;75;52;39;77;77;50;64;40;9;8;8;14;14
266253;74;82;154109;161027;2028;3;2;2;1502;2;181;79;1;3;1;1;0;45;3;12;7;-1;Iván;Fresneda Corraliza;78;79;71;74;75;80;67;67;62;70;58;53;77;65;75;57;30;60;53;69;72;43;48;76;71;49;50;41;14;5;12;11;6
269495;75;82;154203;160786;2026;0;7;2;529;1;174;66;2;3;1;1;0;52;18;12;14;-1;Facundo;Buonanotte;77;74;78;81;63;69;52;75;35;25;74;75;77;70;74;74;62;50;71;76;28;72;64;30;25;52;72;55;8;9;7;9;14
271917;69;82;154232;160602;2028;2;3;1;1526;4;188;79;1;2;1;1;0;7;5;3;10;-1;Jorne;Spileers;68;76;61;61;76;73;75;68;67;69;29;57;63;48;51;26;30;69;66;69;70;49;24;69;65;29;29;35;8;15;8;9;12
273621;70;82;154043;160433;2026;0;9;1;1517;4;201;85;1;1;1;0;0;14;0;-1;-1;-1;James;Beadle;47;45;55;45;65;40;67;60;25;11;6;50;25;12;10;6;11;15;50;55;6;51;8;15;12;10;15;13;70;69;68;71;70
259608;73;82;154138;160064;2026;5;1;2;68;5;188;78;1;3;1;1;0;25;25;-1;-1;-1;Evan;Ferguson;67;66;66;66;79;66;75;72;65;13;73;63;74;50;71;75;53;71;50;70;18;75;78;13;13;71;63;67;9;8;14;11;12
269084;70;82;154069;160553;2028;3;4;2;1549;2;175;71;1;3;1;1;0;21;18;14;-1;-1;Umut;Tohumcu;71;65;77;79;49;63;46;72;59;40;60;72;72;55;71;63;59;39;70;75;52;65;63;56;50;51;62;55;12;7;7;10;6
270465;75;82;154188;161760;2030;0;9;2;1539;4;177;68;2;3;1;1;0;97;23;18;12;-1;Badredine;Bouanani;72;69;78;77;61;71;59;69;38;28;71;77;79;75;80;70;66;45;71;77;33;68;67;34;30;58;73;63;10;7;9;15;14
273616;70;82;154344;161534;2030;21;9;10;1016;1;182;75;2;3;1;0;0;14;23;18;27;12;Romain;Esse;79;76;85;81;63;66;55;67;55;53;68;66;71;68;72;68;57;48;57;69;25;64;62;52;44;57;66;52;10;14;5;9;13
263193;75;87;154347;160984;2029;0;9;10;1021;6;196;95;2;2;1;1;0;18;5;-1;-1;-1;El Chadaille;Bitshiabu;55;85;44;32;85;56;92;71;73;71;35;62;62;47;54;26;30;76;67;69;74;73;23;76;69;21;51;38;10;12;13;7;13
264240;83;88;154063;159872;2026;3;4;2;42;2;173;70;1;3;3;1;0;45;14;18;10;-1;Pablo Martín;Páez Gavira;77;75;86;90;62;84;58;86;85;79;81;83;85;69;86;71;47;42;82;84;59;56;70;78;72;49;74;51;8;10;11;13;7
264309;82;89;154267;160972;2029;3;4;1;1549;2;175;70;2;4;1;1;0;48;12;18;14;23;Arda;Güler;78;69;83;85;54;75;43;80;44;55;80;84;84;82;85;76;77;41;82;84;52;80;81;57;46;70;85;71;13;10;11;10;14
269087;78;86;154528;161350;2029;20;9;4;1542;4;190;75;1;2;1;1;0;18;5;-1;-1;-1;Leny;Yoro;65;72;55;61;81;69;75;79;73;79;41;60;69;47;60;38;32;76;58;75;77;51;37;82;80;35;37;40;13;7;5;14;14
271800;79;86;154049;161332;2029;0;3;10;1015;2;180;65;2;4;1;1;0;116;12;23;-1;-1;Yankuba;Minteh;94;94;92;80;61;70;47;77;63;54;78;76;80;77;83;75;44;40;57;72;58;69;62;60;49;53;70;57;9;8;7;8;11
272834;86;91;154116;161368;2029;3;6;4;13;2;174;66;1;3;3;1;0;38;14;10;-1;-1;João Pedro;Gonçalves Neves;77;71;84;86;87;92;78;85;84;85;79;84;87;67;84;71;72;81;86;86;83;79;73;84;81;80;76;60;8;7;5;13;13
272978;78;89;154642;161731;2032;21;9;9;1024;2;182;76;2;2;1;1;0;34;7;5;10;-1;Jorrel;Hato;87;84;76;78;91;69;73;79;72;77;61;67;78;66;70;39;31;69;74;79;74;55;30;77;73;36;59;34;8;5;5;9;13
274246;73;86;154697;160827;2028;3;5;2;4001;4;193;80;1;3;1;0;0;14;14;10;-1;-1;Lewis;Miley;67;63;71;68;73;71;71;73;50;68;68;77;73;64;75;63;59;64;74;77;63;72;67;69;62;56;69;49;9;7;10;7;12
275048;74;87;154340;161706;2030;3;5;3;531;1;175;64;1;3;1;1;0;129;23;12;-1;-1;Chemsdine;Talbi;92;88;87;84;63;74;55;69;40;57;70;68;77;72;80;68;48;36;50;65;60;67;56;37;33;60;75;50;5;6;12;10;8
276528;74;86;154578;161175;2026;0;3;3;4020;8;170;65;1;3;1;1;0;52;18;14;27;-1;Claudio;Echeverri;87;82;92;92;53;55;40;71;54;39;71;72;74;70;81;66;69;40;69;71;32;68;69;44;37;59;78;52;9;12;6;11;13
278046;82;88;154963;160967;2029;0;5;4;1551;1;183;79;1;2;3;1;0;45;5;-1;-1;-1;Pau;Cubarsí Paredes;72;73;67;62;87;68;77;83;80;83;51;74;82;31;78;41;33;83;86;85;84;51;35;84;82;41;22;41;10;6;14;14;7
262105;72;87;154701;160812;2029;0;9;7;1016;7;170;67;1;5;1;0;0;7;12;16;25;23;Julien;Duranville;90;86;91;90;56;55;47;69;43;23;64;59;74;64;87;61;55;33;59;67;21;64;63;28;30;51;63;48;10;6;9;11;15
262863;77;87;154318;161376;2029;3;3;5;1001;1;183;77;1;4;1;1;0;36;16;18;27;-1;Antonio;Nusa;92;86;91;87;69;73;59;71;57;35;74;75;82;68;82;73;58;45;63;71;38;83;69;47;53;60;75;54;12;14;14;10;9
269859;77;87;154249;161531;2026;2;2;2;4007;1;180;74;1;3;1;0;0;7;14;10;18;-1;Arthur;Vermeeren;75;65;79;76;67;76;61;76;65;77;61;81;81;69;78;48;48;54;79;83;75;66;63;64;59;38;71;60;9;6;13;8;9
272505;77;89;154778;161340;2027;0;9;8;3001;3;173;67;2;4;1;1;0;54;25;-1;-1;-1;Endrick Felipe;Moreira de Sousa;88;86;85;81;84;68;71;77;69;20;76;66;77;52;78;78;71;70;59;68;24;79;74;30;31;74;66;68;8;8;15;13;15
275324;76;87;154461;161523;2029;20;9;10;1039;4;185;72;1;4;1;1;0;136;16;12;27;-1;Assane;Diao;90;90;82;72;62;74;53;69;61;40;75;70;79;69;78;79;54;42;63;69;36;68;75;33;34;65;58;61;7;7;12;11;8
277482;73;86;154561;160967;2028;6;4;1;37;2;183;73;1;4;1;1;0;43;27;18;16;-1;Leo;Sauer;86;90;83;77;64;73;61;69;38;34;63;64;75;68;78;66;49;39;63;68;40;65;61;46;35;53;64;55;8;6;9;12;14
277846;80;89;154097;161389;2028;5;5;1;3512;4;186;81;2;4;1;1;0;52;18;14;-1;-1;Nicolás;Paz Martínez;76;79;78;61;67;75;66;68;42;58;71;78;86;67;86;77;67;48;79;84;35;64;78;65;44;51;64;53;14;10;15;8;12
277954;80;89;154335;160857;2029;3;5;3;1501;5;185;75;1;4;1;1;0;48;18;16;27;14;Kenan;Yıldız;85;84;83;74;80;72;67;74;50;35;78;77;86;74;86;79;67;69;70;75;32;79;79;30;26;78;80;70;14;14;6;14;8
242879;76;86;153172;161333;2029;6;4;2;2019;5;192;81;1;1;1;0;0;7;0;-1;-1;-1;Maarten;Vandevoordt;41;39;52;37;61;37;59;68;16;14;5;64;29;23;24;7;8;15;66;52;11;56;5;10;18;5;12;15;78;75;75;77;74
252552;79;86;153427;159506;2027;3;4;2;2504;4;194;80;1;1;1;0;0;22;0;-1;-1;-1;Konstantinos;Tzolakis;53;56;63;57;68;43;68;69;38;9;9;61;41;12;26;10;11;11;56;47;8;57;11;14;14;11;31;16;78;76;76;83;78
260599;80;86;152935;161013;2028;0;4;2;1503;2;177;73;1;3;1;1;0;52;10;14;-1;-1;Alan;Varela;71;69;71;75;74;84;76;78;84;79;70;76;78;66;75;60;53;57;76;81;79;78;65;77;77;63;78;62;8;11;14;13;5
262138;80;88;153466;161008;2029;0;9;8;1024;2;183;84;2;2;2;1;0;18;5;7;-1;-1;Castello;Lukeba;73;71;70;68;88;65;78;79;78;80;46;72;74;59;73;41;26;81;75;76;80;55;38;85;77;42;54;39;8;10;14;13;11
264238;78;86;153248;160238;2029;0;3;1;2501;1;172;62;1;3;1;1;0;45;16;12;27;-1;Diego;López Noguerol;84;83;80;77;73;75;60;77;47;35;80;75;79;74;77;80;52;59;68;75;41;72;70;30;30;65;65;65;14;15;13;12;14
264388;80;87;153753;161698;2030;0;7;2;3510;2;172;67;1;4;1;0;0;45;16;18;27;-1;Alberto;Moleiro González;88;85;86;83;74;76;60;72;60;48;74;81;81;72;83;74;52;57;74;81;47;74;71;55;53;53;75;59;6;9;11;11;8
266096;78;86;153251;159506;2029;0;3;2;29;5;187;81;1;3;1;1;0;38;5;3;-1;-1;Tomás;Lemos Araújo;81;83;63;58;89;75;82;78;73;78;52;71;76;58;72;25;30;74;79;78;75;40;22;80;74;34;52;39;12;11;7;13;9
266436;77;86;153613;160237;2029;3;4;1;44;4;187;77;1;3;1;1;0;45;14;10;-1;-1;Javier;Guerra Moreno;73;74;77;71;75;73;69;74;67;75;77;80;78;63;76;75;62;68;78;81;74;73;74;75;69;52;65;63;5;12;13;14;11
268889;80;88;153562;161712;2031;6;4;1;4;4;186;75;2;3;1;1;0;45;7;16;-1;-1;Álvaro;Fernández Carreras;84;86;80;74;79;89;76;81;81;78;76;77;82;79;80;65;45;55;76;76;73;77;60;76;75;50;79;43;6;7;11;14;8
268896;78;86;154024;160967;2029;16;2;2;4010;4;187;74;1;3;1;1;0;46;14;10;-1;-1;Hugo;Larsson;72;81;79;73;75;83;74;79;75;77;76;78;80;47;75;77;53;61;77;83;76;74;69;70;60;67;64;53;14;7;7;8;12
270077;76;85;153812;161393;2029;3;4;2;4001;5;185;78;2;2;1;0;0;22;5;-1;-1;-1;Konstantinos;Koulierakis;71;68;52;62;83;76;78;73;82;78;45;41;70;42;62;24;38;73;72;73;77;75;60;75;75;34;52;44;8;8;13;11;10
270531;80;87;153818;160816;2027;0;9;9;3000;5;190;93;1;2;3;1;0;108;5;-1;-1;-1;Ousmane;Diomande;78;82;63;66;93;80;90;73;83;76;24;38;69;28;71;20;24;79;73;71;79;40;22;82;76;24;25;39;8;6;15;6;6
272500;80;86;153848;161026;2028;21;9;10;1016;2;183;77;2;3;3;1;0;103;10;14;-1;-1;Carlos;Baleba;75;74;75;77;80;81;79;78;78;82;67;76;79;65;81;63;50;67;79;80;76;85;75;81;78;67;75;50;11;6;8;13;14
275298;80;87;153969;160911;2029;0;3;3;3;4;188;75;1;3;1;1;0;21;10;14;-1;-1;Aleksandar;Pavlović;69;56;72;70;78;77;72;80;57;76;62;77;83;73;78;66;66;71;85;86;80;64;65;76;77;66;73;50;6;9;15;7;9
250753;80;87;152963;161007;2028;20;3;3;3513;4;199;86;1;1;3;1;0;49;0;-1;-1;-1;Anatoliy;Trubin;49;38;36;45;68;33;69;76;28;9;6;64;29;11;13;9;13;12;32;37;9;58;8;11;11;6;13;18;77;76;77;84;83
254262;78;86;153777;161336;2029;6;4;1;12;4;191;76;1;3;1;1;0;7;10;5;14;-1;Zeno;Debast;66;73;61;53;80;81;73;77;77;76;53;71;78;77;76;51;71;76;81;77;76;68;65;79;76;37;77;42;6;6;15;5;6
256948;80;87;153145;161336;2029;6;3;4;525;2;179;73;1;4;1;1;0;22;16;27;-1;-1;Christos;Tzolis;85;79;84;85;78;85;63;77;70;29;79;78;81;72;84;79;66;68;74;78;33;79;77;39;38;76;75;68;15;10;12;10;6
259377;80;88;153408;161757;2030;0;4;5;1509;1;172;65;1;3;2;1;0;45;18;27;23;14;Yeremy Jesús;Pino Santos;78;77;80;80;58;69;45;79;53;29;81;80;81;79;82;76;60;46;78;81;31;73;69;48;41;67;76;54;9;7;14;9;6
259565;77;86;153778;161702;2030;21;9;10;1024;4;189;86;1;4;1;1;0;18;25;18;-1;-1;Yoan;Bonny;83;91;80;61;88;73;79;75;61;27;75;70;78;68;79;77;59;73;64;74;34;77;74;27;23;70;75;69;13;14;11;9;14
259913;80;87;153359;159506;2026;6;4;3;2021;2;177;68;1;3;1;0;0;49;18;14;16;-1;Georgiy;Sudakov;82;80;80;77;79;80;68;78;68;58;80;81;81;75;83;76;68;68;80;79;61;79;80;58;57;69;77;78;13;9;13;9;12
261050;79;86;153463;161721;2030;3;4;1;12;8;168;61;2;4;1;1;0;38;18;12;23;14;Francisco;F. da Conceição;88;87;93;90;55;69;40;79;50;31;76;74;83;74;85;74;58;40;71;78;34;72;73;42;38;71;75;59;9;6;7;14;15
264862;80;86;153171;159872;2028;3;2;2;602;1;183;63;2;4;1;1;0;18;12;18;23;-1;Maghnes;Akliouche;75;74;84;75;62;77;58;78;54;48;74;82;84;76;84;72;67;46;74;80;46;66;71;52;44;59;80;70;8;10;9;8;5
265188;77;86;153825;160245;2028;6;2;2;1537;5;194;75;1;2;1;0;0;27;5;-1;-1;-1;Giorgio;Scalvini;56;55;48;42;74;61;71;77;81;81;28;61;70;38;56;23;22;73;62;72;79;57;39;82;80;39;35;35;6;12;12;6;9
265450;78;85;153590;161713;2030;0;9;10;1024;2;179;76;2;4;1;1;0;7;23;12;-1;-1;Johan;Bakayoko;87;83;86;77;70;70;68;73;40;33;74;74;81;73;83;74;57;58;58;72;24;75;74;35;27;64;78;59;7;14;7;9;6
265576;75;85;153834;161333;2029;16;2;2;2019;5;190;83;1;2;1;0;0;4;5;-1;-1;-1;Leopold;Querfeld;39;51;51;55;79;68;85;69;74;72;35;60;56;33;47;24;41;80;73;71;76;79;65;77;74;31;22;31;12;6;14;13;9
265695;79;85;153585;161362;2029;3;3;3;1;2;176;69;2;4;1;1;0;52;18;12;14;-1;Matías;Soulé;83;76;83;78;68;86;51;74;38;30;74;76;82;75;84;76;79;58;74;79;28;72;78;40;38;69;79;69;15;8;11;14;15
268611;76;87;153957;160651;2029;0;9;9;1023;4;188;80;1;2;1;1;0;57;5;-1;-1;-1;Joel;Ordoñez;68;78;62;63;84;72;85;69;76;77;40;47;67;40;46;23;28;73;57;75;75;35;18;77;71;27;22;39;13;15;5;12;12
270050;78;85;153519;161527;2030;15;5;2;47;5;187;78;1;3;1;0;0;13;25;-1;-1;-1;Mika;Biereth;69;79;64;68;85;73;79;78;69;24;82;68;75;57;70;83;50;79;58;69;29;78;70;23;28;76;62;72;10;10;11;6;15
270086;78;86;153783;160512;2027;6;7;1;3518;5;187;82;1;2;2;1;0;38;5;-1;-1;-1;António João;Tavares Silva;78;81;57;58;83;83;83;75;70;74;34;68;73;45;69;31;26;76;76;77;80;60;22;81;77;51;36;40;12;10;8;8;6
274288;77;85;153937;161729;2030;3;3;1;2022;2;171;68;1;4;1;0;0;26;18;27;14;-1;Oscar;Gloukh;87;78;87;85;59;74;36;69;45;28;69;76;82;67;84;74;67;52;64;75;42;73;72;32;28;65;73;68;6;8;13;5;13
277031;78;86;153905;161536;2029;21;9;4;547;5;186;84;1;2;1;1;0;191;5;-1;-1;-1;Abdukodir;Khusanov;78;90;63;56;87;64;79;77;79;79;44;58;69;47;61;34;40;75;64;69;77;49;36;78;78;37;48;46;12;7;9;5;8
277581;79;86;153971;161390;2029;0;9;9;1036;5;193;90;1;3;1;1;0;45;25;-1;-1;-1;Samuel;Omorodion Aghehowa;75;83;57;50;94;74;90;79;74;33;83;54;69;48;71;83;50;82;57;67;30;81;72;32;21;70;56;60;11;12;11;8;8
277797;79;85;153602;161396;2029;0;9;5;1543;3;175;72;1;4;1;0;0;54;25;18;14;-1;Marcos Leonardo;Santos Almeida;76;75;77;72;87;75;75;80;34;26;86;65;76;56;75;82;49;80;57;69;22;78;69;17;20;73;65;75;6;9;8;6;13
247172;79;85;153827;161547;2026;21;9;9;1038;5;187;70;2;3;1;1;0;56;25;-1;-1;-1;Jhon;Durán;76;85;68;69;84;69;83;78;83;28;79;63;79;53;76;82;60;69;58;69;26;86;81;33;32;81;58;68;6;6;10;5;9
252037;79;85;153315;161757;2030;19;5;2;1502;4;185;75;1;4;1;1;0;38;25;27;16;-1;Fábio Daniel;Soares Silva;79;83;79;78;87;83;72;79;77;22;81;69;83;45;79;80;46;80;70;75;32;79;69;28;26;75;52;77;6;12;7;8;13
254088;79;85;153307;160062;2030;0;9;8;1031;1;173;67;2;4;1;1;0;108;18;23;3;14;Amad;Diallo;88;82;92;89;65;70;45;77;42;59;78;77;80;75;83;77;60;53;71;76;51;78;69;57;49;65;77;63;13;15;8;6;11
258498;78;84;153345;160969;2028;5;5;2;1532;4;193;89;1;1;1;1;0;34;0;-1;-1;-1;Bart;Verbruggen;57;55;52;45;73;30;72;76;17;19;4;43;23;10;15;8;15;15;35;40;12;57;7;17;14;6;11;21;79;76;76;81;75
258729;78;85;153262;161672;2030;3;4;4;3514;2;184;71;1;4;2;1;0;45;18;14;16;-1;Gabriel;Veiga Novas;73;78;72;65;71;71;72;75;70;75;71;73;82;69;81;77;78;52;78;81;41;77;79;74;64;69;74;60;13;14;13;9;6
259848;77;85;153319;160998;2030;3;4;4;0;2;176;71;1;2;1;1;0;61;3;-1;-1;-1;Jon Mikel;Aramburu;74;74;67;75;75;79;68;77;79;78;69;70;74;71;72;45;55;67;72;76;77;53;51;75;77;50;63;60;12;7;11;5;13
259868;80;85;153372;160294;2030;0;9;10;1042;1;184;70;1;2;1;1;0;136;14;10;-1;-1;Pape Matar;Sarr;71;66;75;72;84;85;71;83;76;80;77;78;80;72;81;65;60;70;80;82;77;69;67;80;76;54;67;54;14;8;14;8;8
264172;76;84;153144;159903;2028;3;5;3;1526;2;183;80;1;3;1;1;0;45;3;12;14;-1;José Ángel;Carmona Navarro;81;83;72;65;79;80;72;74;75;73;70;72;77;71;75;68;38;62;67;72;75;65;62;74;72;58;73;50;9;6;12;11;7
264298;78;84;153670;159842;2029;6;5;2;3;1;181;75;1;3;1;1;0;35;3;12;-1;-1;Conor;Bradley;80;80;72;67;76;84;65;76;84;75;74;69;77;77;75;62;34;65;65;74;75;68;56;77;75;55;60;40;15;9;10;10;5
264432;78;84;153101;161029;2029;3;5;4;1050;1;177;72;1;4;1;1;0;129;16;27;-1;-1;Abdessamad;Ezzalzouli;88;88;83;78;69;70;57;73;68;18;75;72;82;72;86;72;63;50;65;72;25;73;70;32;28;60;66;53;7;5;6;9;12
267976;74;84;153573;161712;2029;19;5;2;1509;1;173;63;1;4;1;0;0;45;18;14;-1;-1;Pablo;Torre Carral;76;68;82;81;54;71;48;69;44;45;70;76;76;75;76;65;79;41;75;77;42;62;68;48;46;50;75;62;15;10;15;9;10
272612;74;84;153997;161377;2028;6;3;1;36;2;178;70;2;4;1;1;0;21;18;12;14;-1;Brajan;Gruda;78;70;85;81;68;66;62;72;62;31;73;72;77;69;82;65;59;51;61;71;26;82;72;30;21;72;75;65;12;10;12;10;6
247649;79;85;153293;159702;2030;1;2;1;47;5;195;74;2;2;1;1;0;14;5;-1;-1;-1;Jarrad;Branthwaite;65;75;34;43;78;72;82;79;75;78;43;52;69;34;57;35;24;80;69;78;81;59;29;81;82;34;29;33;10;9;11;10;12
255558;74;85;153572;161362;2028;0;9;4;1502;5;192;78;1;2;1;0;0;48;5;-1;-1;-1;Emin;Bayram;62;59;64;66;75;77;68;62;79;75;55;62;77;35;69;40;36;73;71;75;76;50;33;76;74;36;40;56;13;7;11;5;14
256261;79;85;152970;161740;2029;0;9;6;1036;4;194;89;1;2;1;1;0;21;5;-1;-1;-1;Malick;Thiaw;72;78;67;54;88;76;83;79;77;78;44;68;76;55;72;43;44;78;78;81;80;56;46;80;78;44;58;64;10;6;15;9;11
258432;77;85;153250;161546;2029;0;9;9;2516;4;193;80;1;2;1;0;0;18;5;-1;-1;-1;Chrislain;Matsima;64;84;45;44;85;72;82;77;76;76;44;51;63;38;54;29;23;78;54;66;80;54;24;78;70;24;31;43;12;8;8;11;6
259480;80;85;152949;159995;2029;0;3;4;1539;5;185;81;1;4;1;0;0;129;18;14;-1;-1;Ismael;Saibari;81;76;77;81;82;81;84;80;67;57;78;81;84;71;84;77;59;57;71;78;55;86;74;53;44;68;76;57;8;12;11;15;10
259584;76;84;153307;161698;2030;3;3;1;24;4;187;69;2;3;1;0;0;27;7;16;-1;-1;Matteo;Ruggeri;78;79;60;60;77;80;69;76;76;70;75;66;76;77;72;61;50;65;74;78;71;69;55;75;71;53;71;40;11;12;11;8;14
259633;78;84;153544;159506;2029;6;9;2;2002;1;178;66;1;4;1;0;0;22;18;23;14;-1;Giannis;Konstantelias;80;78;87;87;62;74;54;77;64;34;70;79;82;71;85;71;67;45;72;78;37;67;66;38;37;68;78;63;6;7;10;14;6
262088;78;84;153580;160983;2028;4;2;1;8;1;178;71;1;3;1;1;0;24;18;16;14;-1;Hákon Arnar;Haraldsson;77;77;86;82;63;85;57;76;82;61;76;79;81;70;81;69;68;45;74;79;60;66;66;56;58;64;67;58;7;14;10;6;14
263268;75;84;153318;161698;2028;0;9;10;1021;2;176;68;1;3;1;0;0;18;27;16;-1;-1;Yoann;Cathline;81;84;81;79;58;71;50;73;49;40;76;67;79;70;80;70;49;40;60;69;41;73;74;48;45;50;75;55;12;10;10;14;13
263887;74;84;153700;161543;2029;19;1;2;2021;5;189;83;1;1;1;1;0;21;0;-1;-1;-1;Jonas;Urbig;31;33;30;36;53;24;51;65;27;14;8;36;19;10;8;5;12;13;28;23;8;59;17;14;10;8;12;15;74;70;79;76;74
265774;74;84;153278;161741;2030;0;4;7;4001;5;191;78;1;2;1;1;0;7;5;-1;-1;-1;Koni;De Winter;65;69;62;55;79;76;70;71;71;71;48;42;67;59;66;30;34;76;65;68;74;52;45;79;76;42;51;50;12;8;11;8;10
268438;78;84;154028;161758;2032;15;3;2;11;1;180;72;1;3;1;1;0;52;16;27;18;-1;Alejandro;Garnacho;88;84;87;88;59;74;45;77;66;40;78;73;79;75;80;77;61;44;66;74;36;78;79;37;29;79;75;56;6;15;14;7;13
277295;76;84;153673;159517;2029;3;3;6;3000;1;174;70;2;4;1;1;0;36;23;27;12;-1;Oscar;Bobb;84;79;84;83;48;60;34;72;44;24;73;75;77;73;82;67;58;48;72;76;40;66;65;34;31;55;69;63;11;12;9;8;15
248465;79;84;153184;161330;2029;0;3;8;3000;1;178;68;2;3;1;1;0;34;7;16;-1;-1;Ian;Maatsen;88;87;86;86;70;74;52;78;73;76;68;72;80;77;81;64;62;58;70;79;74;72;68;72;78;57;71;45;9;10;12;9;15
252042;80;84;153019;161699;2032;0;3;5;1503;4;188;82;1;4;1;1;0;54;25;18;-1;-1;João Pedro;Junqueira de Jesus;79;77;76;77;85;75;70;81;61;38;81;75;82;66;84;80;54;79;69;78;39;80;72;27;23;77;73;86;7;6;10;14;8
252144;77;84;153176;159506;2028;3;4;2;29;2;184;79;1;3;1;1;0;38;5;3;-1;-1;Eduardo Filipe;Quaresma;84;80;68;70;88;69;77;77;75;76;65;68;74;65;72;45;35;72;68;70;78;67;60;81;77;53;62;43;9;13;8;8;8
257075;78;84;153398;159872;2027;0;7;2;44;386;169;67;1;4;1;1;0;21;18;14;12;-1;Paul;Nebel;79;65;91;91;55;90;48;77;54;46;79;77;78;68;82;78;50;39;69;76;49;75;74;42;50;68;70;54;11;9;10;9;6
257400;77;84;153759;160815;2027;0;9;4;602;1;172;69;1;3;1;0;0;46;10;14;-1;-1;Yasin;Ayari;69;69;79;86;56;74;51;78;78;78;73;78;78;66;79;66;59;46;78;79;74;78;80;77;76;59;75;61;9;11;7;15;7
257504;76;84;153976;161392;2026;0;4;3;601;1;180;70;1;4;1;1;0;129;18;16;14;-1;Bilal;El Khannouss;79;78;88;85;61;71;56;73;37;41;68;79;80;70;82;65;68;44;78;77;34;65;64;39;37;51;67;55;10;6;14;10;13
258139;76;84;153454;161712;2030;0;4;2;4001;7;169;67;1;3;1;1;0;45;27;23;16;-1;Raúl;Moro Prescoli;83;83;86;82;54;56;47;71;45;23;74;74;80;73;83;69;43;31;68;72;30;69;60;26;22;46;73;47;7;14;11;9;6
265459;76;83;153419;161733;2030;6;1;2;3506;4;185;73;1;3;1;1;0;14;10;14;-1;-1;Tyler;Morton;67;65;72;70;68;74;59;76;70;72;67;80;78;75;77;61;71;68;80;81;71;68;69;72;69;57;74;62;12;13;5;12;13
265578;74;83;153952;160969;2026;0;3;4;1542;1;175;70;2;4;1;1;0;129;12;23;-1;-1;Ilias;Akhomach;78;78;80;72;57;65;54;70;51;23;71;67;77;71;77;74;63;38;57;72;25;72;74;30;35;55;68;59;6;12;9;12;6
271755;75;83;153228;160237;2029;6;3;4;1526;5;188;80;2;2;1;1;0;45;5;7;10;-1;Enrique Jesús;Salas Valiente;64;68;55;51;83;72;76;72;78;75;51;60;66;60;61;24;29;79;63;66;76;30;22;75;74;26;39;38;14;5;9;6;11
277244;74;83;153254;161342;2026;3;4;4;28;4;191;83;1;2;1;1;0;45;5;-1;-1;-1;Rafael;Marín Zamora;69;70;65;62;79;72;74;75;75;73;54;62;71;47;48;25;40;71;65;74;74;31;22;79;73;25;33;48;7;7;13;9;11
250789;78;84;153353;161761;2030;0;9;10;1024;2;180;75;2;4;1;1;0;18;12;23;-1;-1;Dilane;Bakwa;90;86;84;76;70;74;69;75;48;35;73;76;80;74;82;72;63;44;64;75;27;74;74;26;28;63;81;59;7;12;15;5;6
251223;76;84;153489;160973;2030;0;9;4;1503;4;185;74;1;3;1;0;0;95;25;-1;-1;-1;Ricardo;Pepi;74;72;69;68;75;77;74;72;67;48;80;58;73;47;72;83;51;74;61;69;44;79;68;40;34;71;64;70;11;14;9;10;10
252259;78;84;153313;161737;2028;3;3;7;2002;1;174;66;2;4;1;1;0;18;18;14;-1;-1;Enzo;Millot;77;72;87;85;55;75;46;79;57;65;77;78;82;70;83;71;59;44;75;80;64;73;67;65;53;54;72;62;13;15;12;8;8
255001;79;84;153088;161698;2028;1;2;2;2020;1;179;70;1;3;3;0;0;27;10;14;-1;-1;Nicolò;Rovella;75;77;79;77;72;85;62;77;78;78;68;79;80;67;78;52;71;62;80;82;76;72;76;77;76;68;74;60;9;12;11;10;9
255303;77;84;152987;161698;2029;0;3;4;1532;5;191;74;1;1;1;0;0;27;0;-1;-1;-1;Elia;Caprile;50;52;60;50;63;35;58;74;26;6;6;58;28;11;19;7;14;11;40;43;13;56;9;14;16;8;14;18;75;75;75;80;77
255434;74;84;153868;161760;2029;3;3;2;3509;2;173;64;1;3;1;1;0;58;18;25;-1;-1;Julio César;Enciso;77;72;83;80;50;61;42;68;61;30;69;70;78;68;80;71;65;40;65;73;28;84;80;38;32;51;68;63;10;7;9;11;13
267680;76;83;153913;161348;2029;21;9;10;1038;2;177;73;2;4;1;1;0;117;12;23;-1;-1;Abdul;Fatawu;88;80;86;86;77;70;66;73;67;42;70;73;77;77;78;69;71;59;71;73;47;84;75;48;45;69;76;64;13;7;7;5;7
267991;73;83;153487;161715;2029;3;3;1;4016;1;178;64;2;2;1;1;0;52;10;14;-1;-1;Máximo;Perrone;72;72;74;74;67;77;59;65;68;70;65;77;79;49;76;54;35;57;78;80;70;59;53;67;67;55;60;44;11;10;15;11;9
270559;77;83;153319;160972;2028;0;3;5;1028;2;175;71;1;3;1;1;0;38;3;12;-1;-1;Tiago;Carvalho Santos;85;82;77;75;68;72;60;74;69;74;72;67;76;76;78;48;50;46;72;74;71;69;59;76;77;52;65;53;10;7;15;13;7
270633;77;83;153480;161340;2029;0;9;8;1004;5;185;73;1;3;1;0;0;34;5;-1;-1;-1;Ryan;Flamingo;70;61;69;67;85;76;85;75;80;80;65;64;69;59;65;62;41;75;72;75;75;72;60;78;76;69;52;68;13;11;14;8;5
271121;77;83;153068;161693;2029;3;3;2;557;1;183;77;2;3;1;1;0;34;7;16;-1;-1;Quilindschy;Hartman;82;78;75;69;77;74;76;79;84;74;73;75;78;75;74;59;68;52;77;78;75;50;54;77;75;42;77;47;13;14;12;9;14
271132;74;83;153194;160998;2027;0;3;6;2518;2;177;69;1;3;1;0;0;54;27;25;12;16;Gabriel;Silva Vieira;95;97;88;67;77;72;62;71;41;26;71;70;74;67;73;71;70;57;65;65;27;65;69;24;23;64;70;72;10;7;7;10;10
271916;77;83;153002;161333;2026;6;3;1;2507;8;164;61;1;4;1;1;0;45;27;16;-1;-1;Bryan;Zaragoza Martínez;85;79;91;92;52;61;33;67;49;23;70;62;80;80;84;72;67;42;69;76;25;78;67;32;38;70;68;70;10;11;5;9;12
272874;74;83;153731;161393;2028;5;1;1;1510;5;185;76;1;3;1;1;0;7;14;10;-1;-1;Arne;Engels;71;74;76;77;76;83;71;74;75;65;74;78;72;77;69;70;74;64;76;77;67;77;72;71;67;59;78;82;11;12;8;13;12
273651;75;83;153508;161699;2030;3;9;6;1007;4;190;80;1;2;1;0;0;14;5;-1;-1;-1;Jarell;Quansah;66;73;53;56;82;64;79;71;75;73;36;54;71;38;69;26;37;74;74;71;75;54;28;74;76;41;48;45;9;6;11;9;9
273883;74;83;153490;161549;2029;3;2;3;1547;5;192;77;1;2;1;1;0;27;14;10;-1;-1;Cesare;Casadei;63;69;66;59;75;76;69;72;70;69;72;76;76;65;72;68;65;72;76;78;67;73;71;70;68;65;67;65;10;7;10;15;7
274445;71;83;153926;160602;2028;0;9;9;1028;2;178;68;1;3;1;0;0;108;25;-1;-1;-1;Karim;Konaté;82;84;74;72;86;66;63;62;49;33;73;66;72;32;75;72;74;77;52;63;36;70;70;38;30;51;51;60;9;10;13;15;14
277439;75;83;153138;160602;2029;6;9;2;55;4;190;84;1;2;1;0;0;49;10;14;5;-1;Volodymyr;Brazhko;71;70;67;74;79;77;76;72;71;77;69;68;69;64;71;63;62;68;77;76;69;79;69;73;71;55;65;73;8;6;14;14;6
278012;73;83;153869;161028;2028;0;9;5;500;2;184;67;2;3;1;0;0;55;23;12;-1;-1;Darío;Osorio;77;83;76;70;69;71;64;67;59;48;70;67;72;69;78;70;54;52;68;70;43;73;70;52;41;62;71;55;7;10;15;5;12
242453;77;83;153104;161385;2029;18;7;1;2015;4;192;87;1;2;1;1;0;34;5;3;12;-1;Sepp;van den Berg;66;77;64;52;87;69;79;76;73;76;52;62;69;61;64;29;26;83;67;72;78;51;31;80;72;31;38;40;11;14;5;14;9
246683;75;83;153155;161369;2028;0;9;10;1038;4;185;72;1;3;1;1;0;18;10;14;5;-1;Lucien;Agoumé;73;67;64;60;80;76;77;73;69;73;68;75;76;58;74;51;42;68;75;78;72;59;58;75;71;43;57;51;7;12;11;15;12
255009;77;83;153251;159104;2027;1;2;2;4008;2;182;73;2;3;1;1;0;34;14;10;18;-1;Kenneth;Taylor;78;69;77;76;68;83;70;78;73;69;78;77;79;76;78;78;71;60;77;80;68;76;74;67;66;65;75;74;9;12;10;7;6
256476;76;83;153864;161158;2028;21;9;10;1037;2;181;66;2;3;1;1;0;18;23;27;25;12;Mohamed-Ali;Cho;82;79;72;68;76;69;62;70;33;21;75;72;78;70;82;72;50;65;61;75;23;70;66;22;20;60;61;64;9;6;6;7;7
257057;79;83;152978;161354;2029;0;9;10;1007;4;192;76;1;3;1;1;0;7;10;14;-1;-1;Amadou;Onana;64;82;49;52;85;76;84;77;83;76;67;76;78;58;76;57;42;78;77;80;78;77;67;80;79;51;72;39;7;12;12;10;9
257368;76;83;153166;161352;2029;6;2;2;3510;5;185;79;2;2;1;1;0;27;5;7;-1;-1;Lorenzo;Pirola;66;72;63;68;81;68;78;73;76;72;39;47;73;49;64;41;32;75;66;72;75;65;39;80;76;34;56;44;9;13;9;12;12
257470;80;83;153232;161708;2030;0;9;8;1033;1;178;70;1;3;3;1;0;46;23;12;-1;-1;Anthony;Elanga;93;91;85;79;84;75;72;78;55;31;78;78;80;79;82;75;66;67;64;75;38;72;67;38;33;64;79;56;13;5;13;10;8
258485;77;83;153221;161362;2031;5;4;2;4013;4;192;85;1;1;1;0;0;13;0;-1;-1;-1;Filip;Jörgensen;45;45;55;40;63;35;62;74;25;13;10;50;40;10;18;11;11;12;47;45;17;54;10;13;13;10;12;11;77;76;72;78;77
258906;74;83;153789;160664;2028;0;3;10;1019;9;169;72;1;3;1;0;0;27;27;16;23;-1;Wilfried;Gnonto;87;88;86;85;74;69;67;69;61;42;72;64;77;63;79;72;46;54;64;71;39;80;67;48;35;59;52;65;11;9;10;13;10
259233;78;83;153499;161698;2029;0;9;10;1030;4;185;73;1;4;1;1;0;118;14;10;-1;-1;Ilaix;Moriba;71;68;69;65;76;81;71;77;77;79;73;78;77;57;78;73;59;67;78;80;72;73;73;77;71;55;62;49;9;14;15;12;10
260779;76;83;153116;161707;2030;0;9;10;1016;1;175;68;1;3;1;1;0;108;27;16;23;-1;Simon;Adingra;88;87;88;85;56;70;48;72;47;27;70;73;77;70;80;71;53;32;65;73;30;73;67;32;30;68;65;60;8;13;6;10;14
260815;78;83;153595;159872;2027;0;5;2;2013;1;182;72;1;2;1;1;0;45;3;12;14;-1;Arnau;Martínez López;82;75;74;66;83;80;68;79;67;74;65;74;76;77;73;55;40;75;70;80;73;59;50;77;74;55;72;48;10;7;7;9;10
260926;78;83;153081;160967;2028;3;3;4;1039;5;185;74;1;3;1;1;0;21;16;27;25;-1;Kevin;Schade;93;92;77;78;95;72;64;75;68;23;78;71;78;72;79;78;55;79;64;73;20;77;68;30;23;67;66;68;13;11;8;10;9
261299;76;83;153713;161007;2028;20;5;1;2019;1;178;68;1;3;1;1;0;14;18;10;14;-1;Alex;Scott;73;69;84;85;67;71;64;76;76;70;74;76;77;73;79;66;72;52;76;77;66;71;72;72;68;53;75;52;9;10;15;8;12
264293;77;83;153848;161698;2030;0;3;10;1042;2;178;75;1;2;1;1;0;136;14;18;10;-1;Habib;Diarra;74;67;73;70;72;77;69;76;68;76;76;77;78;56;78;66;52;58;77;78;66;78;68;76;70;52;67;59;8;12;7;8;7
264701;74;83;153626;161017;2029;3;3;2;44;1;182;73;1;3;1;1;0;40;12;14;16;23;Arsen;Zakharyan;80;77;68;69;64;70;53;72;58;51;69;74;75;73;72;68;77;51;76;72;57;78;75;54;44;67;73;60;11;14;12;10;13
244728;78;83;153066;161698;2029;1;1;2;2005;2;173;59;1;3;1;0;0;34;18;14;-1;-1;Sem;Steijn;73;61;75;84;71;89;66;82;78;34;87;79;80;68;75;86;81;74;69;77;37;84;79;40;52;82;72;83;7;8;9;12;6
245637;77;83;153225;161382;2029;0;9;7;1046;2;182;83;2;5;1;1;0;18;18;25;-1;-1;Georginio;Rutter;76;77;77;79;85;79;76;77;59;56;77;77;81;73;80;76;68;73;74;76;58;76;71;62;50;71;75;70;6;10;14;10;10
246618;77;83;153321;161380;2029;3;4;1;528;5;188;84;1;3;1;1;0;12;25;12;18;23;Adam;Hložek;78;78;69;76;88;77;83;75;69;23;75;76;78;69;78;77;68;72;68;75;23;84;79;32;23;73;68;66;11;10;9;10;11
246672;78;83;153111;159314;2030;0;4;3;1526;2;175;74;1;3;1;1;0;45;16;27;-1;-1;Ander;Barrenetxea;84;81;85;82;76;74;68;76;62;27;76;75;79;76;83;75;43;58;66;75;33;75;67;23;14;66;68;59;13;11;11;13;5
251810;77;83;153147;161760;2030;0;9;10;1024;3;180;78;1;3;1;1;0;34;25;-1;-1;-1;Brian;Brobbey;82;85;65;87;93;61;93;78;70;26;82;58;77;36;68;75;44;71;53;73;28;79;66;23;24;66;49;62;10;11;15;13;8
255928;74;83;153053;161332;2028;21;9;9;1016;1;183;75;2;3;1;0;0;108;10;14;-1;-1;Mohammed;Diomande;79;74;79;81;77;72;70;75;73;67;71;72;81;64;77;67;56;64;74;79;69;71;74;70;61;59;67;50;6;10;10;11;11
255971;78;83;153045;161016;2028;19;9;4;1503;2;182;77;1;3;1;0;0;52;10;14;-1;-1;Santiago;Hezze;68;71;73;70;81;88;78;73;76;79;72;72;75;62;71;64;40;74;76;78;72;67;61;80;75;38;55;46;8;13;14;7;14
256632;78;83;153098;161674;2030;0;9;5;1013;2;181;85;1;3;1;1;0;54;12;16;23;-1;Luis Henrique;Tomaz de Lima;85;94;71;73;86;75;81;75;65;55;77;73;75;75;80;74;52;67;63;74;53;77;73;52;46;59;63;63;9;5;7;15;10
256782;76;83;153251;161386;2029;1;2;2;68;2;178;71;1;4;1;0;0;46;18;16;14;-1;Sebastian;Nanasi;77;64;85;87;61;77;61;74;58;32;72;78;79;66;79;67;58;37;75;78;38;62;66;25;33;60;68;59;12;7;10;8;6
257919;77;83;153264;159909;2028;6;9;1;50;1;176;72;1;3;1;0;0;21;14;10;-1;-1;Rocco;Reitz;73;69;82;79;70;79;55;73;84;86;74;75;78;68;77;73;53;68;77;78;73;70;68;77;78;57;72;61;8;8;10;6;15
258937;77;83;153081;160602;2029;6;4;3;2020;1;177;72;1;3;1;1;0;45;14;18;16;-1;Aimar;Oroz Huarte;70;63;72;70;71;78;64;75;49;73;77;76;80;65;80;76;73;65;75;81;52;75;72;70;58;63;67;70;6;6;13;13;6
259399;77;83;153515;161002;2026;2;2;2;1548;5;191;79;2;3;1;1;0;13;25;-1;-1;-1;Rasmus;Højlund;84;86;64;62;90;70;82;74;82;28;79;60;74;38;75;79;48;72;49;72;32;84;70;28;19;68;60;71;12;8;9;7;14
260145;75;83;153782;161744;2030;6;9;6;2511;1;174;65;2;3;1;1;0;14;18;12;14;-1;Omari;Hutchinson;81;79;83;82;62;75;51;74;58;53;73;72;79;67;79;73;64;49;68;71;55;75;76;57;54;59;69;63;10;7;9;8;5
260651;75;83;153449;161354;2028;0;9;9;1004;2;172;64;1;4;1;1;0;108;16;12;27;-1;Bénie;Traoré;86;86;90;85;72;77;70;71;48;22;76;67;79;62;81;77;52;48;53;70;25;77;70;40;29;78;68;55;10;12;7;9;10
260952;75;83;153998;160797;2028;5;1;2;4024;2;176;69;1;3;1;1;0;36;27;18;16;-1;Andreas;Schjelderup;83;77;84;78;58;77;50;73;47;36;70;73;79;69;81;70;65;39;65;70;35;72;61;37;35;56;68;69;13;10;10;11;15
262151;75;83;153321;161760;2030;0;9;5;1519;2;178;76;2;2;1;0;0;52;10;14;-1;-1;Ezequiel;Fernández;69;68;73;79;76;78;79;70;77;70;48;70;72;50;72;38;48;60;76;77;69;58;54;74;73;48;51;46;6;7;7;13;14
262221;75;83;153757;161699;2029;5;3;2;1508;5;189;78;1;3;1;0;0;34;18;14;-1;-1;Luciano;Valente;65;73;77;68;69;78;61;75;73;48;73;79;77;73;78;68;58;67;72;77;50;72;64;62;55;57;76;48;14;15;7;9;14
262659;78;83;153260;160237;2029;0;4;7;1024;6;190;99;1;1;1;1;0;21;0;-1;-1;-1;Noah;Atubolu;52;59;32;31;74;29;79;78;26;13;9;50;14;12;11;8;12;13;31;27;12;57;9;12;12;8;13;14;77;74;76;80;75
262842;78;83;153527;161698;2030;3;9;2;2007;2;172;68;1;3;1;0;0;10;18;14;-1;-1;Martin;Baturina;77;77;78;86;70;76;67;76;49;58;68;79;83;73;84;67;73;51;77;81;62;75;72;60;58;70;74;70;7;5;7;6;10
263575;72;83;153680;161753;2029;1;1;1;13;5;186;83;1;2;1;0;0;21;5;-1;-1;-1;Clemens;Riedel;55;64;62;64;81;60;76;69;70;73;28;40;62;38;51;19;21;68;60;68;73;48;30;76;68;28;31;35;7;15;13;11;11
269278;75;82;153566;161517;2030;0;9;4;1546;1;183;77;1;2;1;0;0;58;14;10;16;-1;Diego;Gómez;70;68;72;63;76;70;75;75;79;72;72;75;77;63;77;66;54;65;75;76;73;75;73;73;68;69;70;63;6;6;8;9;6
270206;72;82;153772;160424;2026;0;9;6;505;5;185;74;1;2;1;0;0;45;25;12;23;-1;Mateo;Joseph;79;84;75;75;81;73;73;69;67;39;70;61;70;52;68;73;50;69;46;68;45;73;74;45;23;73;60;67;6;14;6;5;8
271019;73;82;153494;161017;2028;3;5;1;2022;4;186;75;1;3;1;1;0;27;14;18;10;-1;Giovanni;Fabbian;70;65;74;73;68;64;55;72;66;68;80;73;74;63;70;69;64;67;74;80;61;72;68;65;64;71;68;58;8;9;8;6;7
271464;74;82;153803;161389;2030;21;9;9;1015;1;176;71;2;3;1;1;0;56;12;23;16;-1;Yáser;Asprilla;81;80;83;67;64;68;63;69;54;47;70;71;74;74;76;70;58;42;71;73;52;80;75;55;45;62;77;58;13;13;8;14;12
272777;73;82;153554;161698;2029;0;9;7;1042;5;187;79;2;2;1;1;0;14;7;5;3;10;Bashir;Humphreys;75;71;68;74;81;74;76;71;74;72;40;61;70;68;68;39;40;70;65;71;71;57;42;73;71;35;69;45;13;7;12;14;13
275208;77;82;153405;161358;2029;21;3;5;1007;5;187;84;1;3;1;1;0;108;3;5;12;-1;Guéla;Doué;65;77;65;61;81;76;80;77;75;76;64;69;76;73;72;49;42;73;72;76;74;62;48;76;75;46;59;45;11;14;11;9;14
277426;72;82;153924;161715;2029;0;9;10;1042;7;169;58;2;3;1;0;0;38;12;23;27;-1;Carlos Roberto;Forbs Borges;90;90;83;85;73;65;60;70;59;54;70;63;69;66;72;70;54;53;55;67;33;69;69;33;24;62;65;65;5;8;12;6;5
277708;73;82;153625;160602;2028;19;3;3;2020;2;183;75;2;3;1;1;0;45;18;14;16;-1;Unai;Gómez Etxebarria;72;68;75;67;74;63;69;72;70;26;72;75;75;64;73;68;62;64;68;75;41;69;62;45;42;56;73;44;9;13;10;10;7
266500;75;82;153600;161752;2029;0;9;10;1038;2;178;73;1;3;1;0;0;14;16;12;27;-1;Jonathan;Rowe;85;84;80;83;78;64;64;76;63;39;75;69;76;69;77;72;52;64;56;71;39;78;73;26;24;63;70;61;8;13;15;10;7
268763;75;82;153785;161339;2028;0;9;9;1038;2;178;71;2;4;1;0;0;117;12;23;-1;-1;Ernest;Nuamah;85;79;78;80;64;62;62;72;41;17;71;68;78;71;80;71;58;37;61;72;29;77;71;21;23;58;75;49;11;8;11;13;9
269271;74;82;153171;161698;2029;0;4;3;29;5;187;78;1;1;1;1;0;51;0;-1;-1;-1;Filip;Stanković;58;39;42;40;61;24;51;68;24;11;6;45;12;11;9;6;11;10;25;15;6;53;8;13;13;6;11;19;74;73;70;75;71
270301;73;82;153392;161344;2028;26;7;1;2022;2;172;66;1;3;1;1;0;45;18;27;25;14;Gerard;Fdez. Castellano;79;76;77;83;57;72;43;71;42;20;72;70;74;65;73;75;63;50;66;73;36;68;69;38;42;57;69;75;13;8;15;8;12
270995;70;82;153863;161368;2029;3;3;1;22;4;191;73;1;2;1;0;0;4;10;14;-1;-1;Nikolas;Sattlberger;57;50;62;56;72;66;76;60;66;69;43;68;71;47;57;37;48;62;68;72;66;59;40;71;64;33;36;49;13;9;7;10;5
270997;73;82;153936;161714;2030;21;9;9;1024;5;190;82;1;2;1;0;0;4;5;-1;-1;-1;Samson;Baidoo;72;75;54;56;86;58;83;68;74;67;39;54;67;27;57;22;25;71;65;70;69;39;18;75;72;28;34;35;10;8;11;11;8
271573;73;82;153491;161345;2028;19;3;3;2019;2;173;71;1;3;1;0;0;27;3;12;-1;-1;Mattia;Zanotti;79;78;82;81;72;80;65;63;78;67;66;68;73;76;73;59;61;55;67;71;68;58;57;73;71;54;69;62;12;5;7;13;9
276695;72;82;153789;160978;2027;0;9;6;1005;5;189;77;1;3;1;0;0;35;14;10;-1;-1;Shea;Charles;61;63;62;61;71;80;74;70;69;68;62;73;71;67;70;61;66;60;73;77;69;62;60;72;68;56;70;60;7;6;13;9;5
277252;73;82;153543;161699;2030;6;2;2;4024;2;171;68;2;3;1;0;0;46;7;16;-1;-1;Samuel;Dahl;81;85;77;83;69;83;61;73;73;67;65;67;76;70;75;48;42;50;66;71;62;60;49;71;68;39;68;47;8;15;9;13;12
253444;78;82;153135;161746;2030;0;9;10;1015;3;178;79;1;3;2;1;0;18;25;-1;-1;-1;Arnaud;Kalimuendo;82;78;75;86;85;73;72;77;64;23;80;68;78;57;78;81;56;72;54;69;32;79;78;21;17;75;67;78;9;12;9;8;14
255272;73;82;153607;160448;2026;0;4;4;1005;1;175;61;2;4;1;1;0;95;16;27;7;-1;Kevin;Paredes;85;79;87;91;49;48;34;71;68;58;69;68;76;68;79;65;35;36;62;70;59;64;57;63;60;39;59;45;8;11;13;10;9
256402;75;82;153449;161698;2027;0;3;4;1546;2;176;70;1;4;1;0;0;52;18;14;25;-1;Carlos;Alcaraz;86;75;83;81;75;69;57;70;78;43;72;73;77;59;79;72;72;65;73;76;45;75;69;45;43;55;72;66;12;9;14;7;6
256769;78;82;153074;161698;2030;5;5;1;3501;2;176;72;2;3;2;1;0;18;7;16;-1;-1;Adrien;Truffert;75;76;70;75;72;84;65;77;67;76;71;66;76;79;76;52;53;60;72;74;74;69;51;79;77;58;66;54;6;6;6;8;6
257084;74;82;153931;161734;2030;0;9;10;1033;5;191;88;1;3;1;1;0;18;10;14;18;-1;Lesley;Ugochukwu;64;65;62;54;81;73;79;69;74;72;61;69;73;60;69;55;45;73;72;75;70;68;57;73;72;55;64;50;10;13;15;8;11
257167;74;82;153220;161705;2027;6;8;1;9;2;175;68;1;3;1;0;0;13;25;27;23;16;Mathias;Kvistgaarden;88;86;84;85;87;68;63;74;87;50;74;62;74;55;75;74;56;68;56;68;38;73;71;50;48;71;67;53;14;9;12;14;11
258775;76;82;153366;161365;2028;5;2;3;2002;4;185;71;2;4;1;1;0;10;14;18;-1;-1;Luka;Sučić;80;73;73;65;79;75;72;75;68;73;75;77;78;70;77;70;74;62;73;79;65;84;77;70;67;72;77;65;15;12;10;7;11
261654;76;82;153735;160786;2027;0;3;4;1503;1;183;75;1;3;1;1;0;129;3;5;12;-1;Omar;El Hilali;84;84;73;67;86;78;73;72;78;73;52;66;70;70;68;35;30;72;68;71;72;55;40;74;76;30;64;40;10;13;10;14;13
263439;73;82;153139;161364;2029;20;3;3;9;1;184;78;1;3;1;1;0;38;14;10;-1;-1;Paulo Guilherme;Gonçalves Bernardo;65;76;68;75;75;80;75;71;73;65;72;75;74;74;72;67;67;68;68;77;62;79;72;74;71;74;72;67;11;5;9;5;10
263836;72;82;153165;161645;2029;0;3;4;1534;5;189;76;2;2;1;0;0;83;5;-1;-1;-1;Jesús;Orozco Chiquete;64;66;47;52;78;70;72;53;70;80;26;32;48;33;33;25;34;74;61;66;81;47;22;73;70;28;31;46;7;6;15;15;10
264219;72;82;153873;161740;2030;0;9;10;1038;2;173;63;1;3;1;0;0;34;12;23;18;-1;Ernest;Poku;93;95;86;83;68;74;56;66;54;27;70;62;70;64;73;63;48;47;57;65;34;75;63;27;47;56;65;56;8;10;11;8;12
264288;74;82;153002;160990;2028;0;9;4;1547;5;185;73;1;2;1;0;0;38;5;3;10;-1;Alexandre;Penetra Correia;64;69;56;65;76;75;76;75;72;75;24;44;64;57;52;33;28;70;66;66;76;42;40;75;76;21;32;41;7;14;9;10;14
251954;76;82;153053;161366;2029;0;9;8;1016;7;169;64;1;3;1;0;0;34;16;27;-1;-1;Crysencio;Summerville;91;88;88;83;59;74;46;71;47;18;74;71;78;69;80;76;65;41;47;72;44;71;66;38;26;54;68;69;9;9;15;10;11
253054;74;82;153292;159501;2027;3;6;2;29;1;178;70;1;3;1;0;0;14;10;14;-1;-1;Hayden;Hackney;65;69;73;75;66;84;66;73;82;69;68;72;73;58;71;60;57;55;73;74;70;68;60;72;71;56;64;56;14;14;14;9;12
253130;75;82;153217;161698;2030;5;4;3;1502;1;178;65;1;4;1;1;0;45;12;16;23;-1;Robert;Navarro Muñoz;80;82;76;74;68;70;65;72;61;40;70;73;78;65;79;70;61;49;64;73;24;68;64;44;27;59;73;71;11;9;12;14;15
256725;74;82;153357;161375;2029;0;9;5;1539;7;170;62;1;4;1;0;0;38;18;14;-1;-1;Fábio Leandro;Carvalho;77;74;82;86;50;62;39;71;42;39;75;71;78;60;76;73;53;43;69;73;49;66;65;54;32;61;65;49;14;5;8;10;10
257073;76;82;153282;161744;2029;0;3;4;1533;1;180;78;1;4;1;1;0;38;27;16;25;-1;Tiago;B. de Melo Tomás;85;87;78;80;79;80;66;72;61;40;79;70;81;59;80;78;51;67;65;74;35;74;65;37;29;70;68;70;8;14;9;7;13
257090;76;82;153685;160449;2028;0;9;10;1033;2;183;83;1;2;1;1;0;18;5;10;14;-1;Ismaël;Doukouré;59;68;55;63;79;70;80;75;74;76;56;66;69;45;62;33;22;73;72;76;74;59;45;78;77;38;45;37;9;14;14;12;11
258171;74;82;153501;161391;2028;6;3;3;1506;1;182;70;1;3;1;1;0;145;14;18;-1;-1;Hannibal;Mejbri;74;77;78;77;76;90;76;73;88;70;70;73;76;69;75;60;67;57;72;75;67;70;62;72;70;60;76;56;9;5;10;7;11
259170;72;82;153668;161316;2029;3;9;2;4004;1;175;67;1;3;1;0;0;38;27;16;12;-1;Rodrigo;Martins Gomes;80;80;82;76;57;67;42;75;52;54;71;66;73;60;75;73;41;52;64;70;54;69;61;49;51;45;56;56;10;13;10;10;14
259306;74;82;153162;161760;2030;0;4;1;3510;1;179;74;2;3;1;1;0;47;18;14;12;-1;Fabian;Rieder;75;73;79;82;58;75;59;67;53;54;69;79;75;54;74;70;74;38;74;75;45;73;73;59;53;42;75;66;13;9;12;11;13
259714;74;82;153301;160649;2026;3;4;2;1509;4;192;79;1;3;1;1;0;21;18;14;10;25;Merlin;Röhl;78;83;74;67;78;82;71;73;56;68;74;76;74;59;78;66;39;61;68;76;59;69;63;66;59;60;53;52;11;14;10;8;7
260407;75;82;153482;161540;2030;0;9;9;1549;2;181;77;1;4;2;1;0;18;25;-1;-1;-1;Elye;Wahi;83;85;80;81;81;61;71;74;57;28;74;66;77;64;78;75;60;67;60;72;25;79;75;29;23;85;66;66;13;7;5;14;12
260523;75;82;153718;161749;2029;3;5;1;3503;1;175;63;1;4;1;0;0;95;14;10;18;-1;Paxten;Aaronson;80;85;79;80;59;82;48;75;69;76;70;74;76;61;75;72;51;47;72;76;70;72;75;72;66;58;68;52;8;9;9;12;13
260876;73;82;153657;159510;2028;1;8;2;2019;4;192;77;2;4;1;0;0;13;14;10;18;-1;Maurits;Kjaergaard;71;78;73;62;77;77;79;73;73;68;72;76;74;68;72;67;69;59;72;73;62;76;71;66;61;66;73;62;9;6;11;8;12
261616;76;82;153251;161719;2029;5;2;1;2027;1;174;68;2;3;1;1;0;18;7;16;-1;-1;Quentin;Merlin;76;73;74;81;70;74;56;76;69;70;73;74;76;78;77;49;71;61;71;75;72;69;68;77;74;64;74;55;11;11;12;9;10
262042;76;82;153261;161333;2030;5;2;2;47;5;193;87;2;2;1;0;0;18;5;-1;-1;-1;Maxime;Estève;72;77;44;62;86;77;85;73;78;74;36;46;66;53;63;35;32;72;59;69;78;61;32;77;75;34;45;38;12;14;14;11;7
262510;73;82;153146;160602;2027;6;2;1;24;1;181;70;1;2;1;1;0;45;14;10;-1;-1;Beñat;Turrientes Imaz;66;65;71;82;63;76;59;71;71;70;72;74;74;62;71;61;71;56;75;75;69;65;61;70;68;50;66;56;7;11;7;8;12
262745;76;82;152933;161717;2030;6;4;2;4016;5;185;77;1;3;1;1;0;129;14;10;-1;-1;Neil;El Aynaoui;57;66;69;52;83;82;75;76;64;76;69;77;78;74;75;61;53;73;79;79;69;64;64;76;67;46;66;79;10;5;7;5;14
264330;75;82;153534;161754;2029;3;2;2;2005;3;173;75;1;4;1;0;0;22;14;10;-1;-1;Christos;Zafeiris;82;74;84;85;79;82;74;76;76;69;69;75;78;69;78;67;68;59;74;74;65;74;74;68;67;63;70;63;14;11;7;12;9
264422;76;82;153567;161335;2028;0;3;2;11;2;182;81;1;3;1;1;0;18;25;27;16;-1;Matthis;Abline;83;90;84;79;79;81;67;72;33;35;78;75;79;71;83;75;53;68;53;69;35;77;78;22;18;73;69;72;13;14;12;9;12
247463;77;82;152934;161027;2028;21;3;10;1012;2;178;66;1;3;1;1;0;95;25;18;-1;-1;Folarin;Balogun;82;85;76;76;86;65;73;76;56;18;78;62;77;58;78;79;52;75;57;69;18;79;72;15;16;77;59;71;10;12;12;10;13
234205;78;82;152151;161333;2028;6;3;2;555;5;188;84;2;2;2;1;0;163;5;7;-1;-1;Hiroki;Ito;74;74;66;67;84;59;77;82;72;81;56;66;77;68;69;48;45;74;80;77;83;78;64;78;77;45;52;47;13;10;10;10;10
226754;80;82;151624;159540;2027;0;3;3;1508;2;175;70;2;3;3;1;0;97;10;14;-1;-1;Ismaël;Bennacer;79;73;86;84;76;78;69;80;83;76;71;77;82;78;83;67;75;62;82;84;75;82;74;81;76;64;79;72;9;12;10;15;16
228174;79;82;151654;160602;2029;0;3;4;1523;3;183;92;1;2;1;1;0;95;5;-1;-1;-1;Cameron;Carter-Vickers;79;78;77;78;91;74;90;80;80;74;27;57;76;37;65;24;30;75;70;76;78;65;21;78;75;26;36;38;13;6;8;10;16
235661;76;82;152426;161034;2027;0;3;2;3518;2;177;75;1;3;1;0;0;48;10;14;-1;-1;Doğucan;Haspolat;68;59;74;83;60;77;68;70;73;76;56;70;77;61;68;47;77;44;77;78;72;72;65;73;73;50;72;47;13;10;5;12;13
236830;77;82;152211;161547;2028;0;9;8;1033;2;182;77;2;3;1;0;0;214;10;14;5;-1;Zaydou;Youssouf;68;72;72;74;75;80;81;75;80;72;76;75;82;63;81;60;68;59;76;79;72;74;68;74;65;59;70;62;13;9;10;11;12
237034;79;82;152131;161552;2030;0;3;5;2518;2;175;73;1;4;1;1;0;56;25;18;-1;-1;Juan Camilo;Hernández Suárez;84;79;81;80;90;79;76;78;78;23;78;75;82;68;82;79;70;77;76;79;44;79;78;43;40;73;72;70;9;11;11;6;9
239810;77;82;152804;160816;2028;3;7;2;2015;2;178;74;1;3;1;1;0;7;10;14;-1;-1;Nicolas;Raskin;78;68;82;88;76;84;65;80;82;72;64;71;76;66;72;58;67;66;74;79;71;71;67;77;72;58;69;58;14;14;13;7;11
234569;80;83;152250;158776;2026;0;9;9;1024;1;184;76;1;2;1;1;0;38;10;14;5;-1;Florentino;Morris Luís;55;55;73;68;73;85;78;76;80;84;67;69;76;41;72;35;44;67;76;77;81;65;58;82;81;36;44;38;6;14;14;14;10
238756;78;83;152421;161698;2030;3;3;2;3;4;194;79;1;3;1;1;0;36;25;-1;-1;-1;Jørgen Strand;Larsen;72;78;55;57;87;82;86;79;72;26;82;70;78;45;69;82;55;75;54;73;29;76;79;27;23;74;57;69;7;14;14;9;8
240734;78;83;152710;161389;2026;3;4;5;2019;4;187;80;2;3;1;1;0;13;18;14;10;-1;Matt;O'Riley;67;68;70;78;74;84;72;79;71;67;78;81;78;74;76;77;74;66;79;81;66;81;76;70;65;74;78;77;14;12;5;6;13
240913;79;82;151981;161670;2030;2;10;1;37;4;188;81;1;1;1;1;0;25;0;-1;-1;-1;Caoimhin;Kelleher;45;39;44;48;68;19;71;77;21;12;4;56;37;13;25;6;11;13;50;48;18;59;8;10;14;9;12;30;77;76;79;80;78
241187;78;82;152584;161393;2026;21;9;9;4502;5;185;84;1;2;2;1;0;34;5;3;7;12;Lutsharel;Geertruida;76;69;69;68;89;76;80;75;73;77;69;69;77;70;76;66;30;79;74;76;76;65;45;81;78;38;56;45;12;11;13;10;12
241707;79;82;152043;161343;2028;0;3;10;1031;4;189;79;2;2;1;1;0;136;14;10;-1;-1;Pape;Gueye;66;70;72;68;78;82;81;77;79;78;75;79;81;67;77;60;55;68;79;81;78;81;72;80;74;49;51;52;12;12;12;12;14
242434;80;83;152780;158991;2027;20;3;2;1502;390;185;75;1;4;1;1;0;14;18;14;10;-1;Curtis;Jones;68;79;74;73;71;83;74;80;74;71;79;79;82;67;84;75;51;55;79;83;72;77;73;77;71;69;75;60;6;13;7;7;11
243057;79;82;152853;160611;2029;3;8;2;1536;1;183;72;1;2;1;1;0;50;7;3;-1;-1;Neco;Williams;70;73;73;73;78;79;64;78;75;78;66;68;74;77;74;45;55;66;69;74;79;60;47;79;82;36;67;45;10;11;7;15;14
243657;78;82;152822;160664;2026;6;2;1;4;1;182;80;1;3;1;1;0;14;10;14;-1;-1;James;Garner;62;55;69;57;70;76;69;79;74;78;66;78;78;76;75;60;78;65;80;80;75;84;77;77;76;53;79;66;10;7;7;12;5
243702;79;83;152606;160620;2029;0;9;8;1029;1;184;71;1;3;1;0;0;14;7;3;-1;-1;Djed;Spence;87;88;78;67;87;76;75;78;71;74;75;72;78;76;82;38;28;71;65;78;77;54;45;77;75;27;72;37;13;8;7;6;11
244973;77;82;152684;160602;2027;6;5;2;4;1;182;69;1;3;1;0;0;83;14;18;10;-1;Marcel;Ruiz;74;74;81;72;72;82;64;74;58;72;72;78;80;68;74;61;68;60;79;81;68;72;70;64;63;60;72;65;14;14;6;7;8
245037;80;85;152759;160237;2026;3;4;3;1509;2;182;76;1;2;2;1;0;45;5;3;10;-1;Eric;García Martret;70;75;68;65;84;74;78;78;79;80;60;74;80;65;71;56;31;79;80;83;81;58;50;82;79;42;65;44;11;9;12;7;11
245152;79;84;152858;161550;2029;5;10;3;2017;5;185;79;2;3;2;1;0;83;25;-1;-1;-1;Santiago;Giménez;77;79;75;71;77;64;68;75;78;51;84;75;78;64;77;81;52;80;69;74;45;83;76;39;22;70;72;81;6;14;12;10;6
246565;79;84;152756;161741;2030;0;3;9;1037;2;184;82;1;2;1;1;0;18;5;-1;-1;-1;Bafodé;Diakité;66;77;69;65;86;78;79;78;81;77;64;59;74;67;68;41;36;84;65;73;77;62;36;81;80;39;52;48;7;10;8;5;13
246871;77;82;152892;161333;2026;4;5;5;1541;4;186;81;1;3;1;1;0;52;10;14;-1;-1;Enzo;Barrenechea;58;56;64;65;59;79;67;73;76;75;72;74;78;54;76;66;54;45;79;81;76;74;73;76;69;61;63;62;7;9;14;6;9
248484;79;82;152870;160970;2029;5;5;2;3512;5;193;81;1;2;1;1;0;25;5;-1;-1;-1;Nathan;Collins;55;68;46;47;84;80;83;78;77;79;33;50;66;50;64;29;25;81;66;70;80;46;19;79;80;22;39;35;9;10;6;9;13
248793;78;82;152339;161337;2029;19;5;1;3503;4;188;78;1;3;1;1;0;34;10;3;14;-1;Mats;Wieffer;67;67;67;65;82;77;76;75;84;79;63;74;78;68;73;62;52;76;78;79;73;75;69;78;72;68;69;55;7;12;14;7;12
251377;79;82;152243;160980;2028;4;4;4;1531;2;178;70;1;3;1;1;0;60;18;14;16;-1;Rodrigo;Zalazar;78;82;85;77;71;81;68;75;81;71;77;79;82;74;75;79;76;54;80;79;67;88;84;68;62;70;83;67;7;7;9;12;5
251421;79;83;152893;161029;2028;6;3;5;1033;4;186;73;1;3;1;1;0;50;23;12;27;-1;Brennan;Johnson;87;85;81;66;70;78;52;78;48;23;83;78;78;78;78;82;43;58;63;74;45;74;68;45;53;73;64;67;14;7;13;13;5
251479;80;86;152741;161702;2030;6;1;1;3;1;183;72;2;2;1;1;0;7;7;16;-1;-1;Maxim;De Cuyper;78;75;79;78;76;87;67;77;79;75;75;81;80;85;78;70;73;65;79;78;76;78;74;76;75;68;78;78;11;8;7;8;7
252064;78;82;152129;161333;2026;3;3;1;44;5;191;87;2;3;1;1;0;12;5;14;10;-1;Ladislav;Krejčí;68;75;55;65;89;79;85;75;88;77;73;70;72;56;69;62;54;82;74;75;75;78;68;76;74;65;55;76;9;5;6;6;14
254566;77;83;152900;160602;2027;5;2;2;3503;1;182;77;1;5;2;1;0;4;18;16;14;25;Patrick;Wimmer;83;84;85;83;70;78;73;75;65;48;76;78;79;73;82;70;50;44;66;74;53;75;68;47;45;57;64;52;12;13;9;13;14
255223;78;82;152515;161749;2030;0;9;5;5001;1;174;72;2;4;1;1;0;129;25;16;18;-1;Amine;Adli;87;82;86;84;91;64;67;76;73;30;78;73;82;66;83;79;52;74;63;75;44;79;72;38;35;67;73;68;10;8;14;12;8
255854;74;82;152758;160237;2026;6;3;1;1519;1;184;77;2;2;1;1;0;45;5;-1;-1;-1;Jon;Pacheco Dozagarat;47;49;39;59;73;58;72;74;70;74;33;42;71;25;36;18;24;75;64;75;75;32;16;76;74;21;31;36;14;13;14;8;14
256612;80;83;152298;161379;2029;0;9;4;2518;2;183;80;1;3;1;1;0;54;25;-1;-1;-1;F. Evanilson;de Lima Barbosa;75;76;69;69;86;74;78;83;73;37;84;70;79;47;78;81;50;77;67;75;22;81;73;41;26;79;68;69;13;11;6;7;14
257191;79;82;151973;161719;2029;19;3;2;35;4;194;88;1;3;2;1;0;21;10;14;-1;-1;Anton;Stach;68;71;62;48;85;82;81;79;74;88;74;76;77;75;74;59;74;76;75;76;70;85;78;79;78;54;71;51;7;14;8;11;7
257278;80;84;152530;161549;2029;3;2;1;9;5;185;78;2;2;1;1;0;7;5;7;-1;-1;Arthur;Theate;66;68;64;56;82;82;82;80;82;83;29;70;75;68;70;23;37;75;76;77;81;70;58;81;77;24;53;32;7;6;12;10;11
257784;75;82;152513;160421;2025;0;3;4;1510;8;170;70;1;2;1;0;0;83;10;14;5;-1;Erik;Lira;77;72;72;78;75;84;68;68;78;66;55;65;72;50;66;53;52;62;76;77;67;71;61;82;80;43;56;55;11;13;12;14;10
257876;78;84;152874;160967;2028;16;7;1;4001;2;180;80;1;2;1;1;0;4;10;14;5;-1;Nicolas;Seiwald;74;70;77;76;76;79;72;78;78;82;68;74;75;73;72;58;60;63;79;75;75;70;66;78;73;58;73;54;5;8;7;7;14
258444;79;84;152932;161736;2030;0;3;10;1002;5;188;79;1;3;1;1;0;108;12;23;25;-1;Evann;Guessand;79;86;75;59;91;76;84;76;58;25;80;69;80;77;81;79;52;76;69;75;32;78;72;39;18;71;68;61;7;10;7;5;6
258908;80;83;152544;159943;2027;4;2;2;3510;4;189;79;1;2;1;1;0;34;5;-1;-1;-1;Jan Paul;van Hecke;66;68;55;60;90;70;79;79;83;79;35;74;73;50;70;35;65;77;80;80;80;70;50;80;83;30;70;55;11;9;8;5;7
258911;78;82;152712;161760;2029;21;9;9;1021;5;197;97;1;2;1;0;0;133;25;-1;-1;-1;Toluwalase;Arokodare;71;79;41;36;91;71;91;72;64;18;76;52;79;35;75;81;55;78;52;75;22;79;75;35;21;72;57;66;9;8;12;9;14
263617;78;84;152789;159506;2031;3;2;2;1501;2;180;72;1;2;1;1;0;45;10;14;5;-1;Beñat;Prados Díaz;70;66;78;82;76;82;73;78;80;76;66;75;77;65;71;60;49;70;75;77;77;70;63;78;73;52;60;47;15;8;13;8;9
263781;77;83;152922;160421;2028;0;4;3;1036;2;173;74;1;3;2;1;0;54;3;12;14;-1;Vanderson;de Oliveira Campos;79;78;76;79;77;77;67;75;71;72;72;74;76;77;78;63;72;68;67;76;71;62;59;74;74;61;74;49;8;8;6;7;6
263880;76;83;152745;159141;2026;6;4;1;12;4;187;80;2;1;1;1;0;45;0;-1;-1;-1;Julen;Agirrezabala;30;36;33;35;56;26;60;69;24;12;6;55;35;16;13;7;9;6;40;43;10;59;10;13;12;15;8;13;76;74;78;75;77
266097;78;84;152776;159872;2028;0;4;7;3000;1;173;71;2;4;1;1;0;130;12;16;18;23;Geny;Cipriano Catamo;92;91;88;80;68;79;50;74;56;65;76;72;82;72;82;74;54;52;59;70;67;73;78;66;58;71;74;53;10;7;10;8;9
269626;80;85;152300;161713;2030;21;4;2;3518;4;194;89;1;1;1;1;0;51;0;-1;-1;-1;Đorđe;Petrović;40;43;45;34;67;37;73;79;27;15;11;50;45;11;20;11;12;13;50;47;20;55;11;15;17;11;12;13;80;78;73;82;78
270571;80;83;152196;161367;2029;0;4;5;1007;3;177;79;2;4;1;1;0;54;14;18;12;10;Gabriel Davi;Gomes Sara;75;73;77;76;78;79;73;80;79;65;77;83;81;82;80;72;79;68;84;83;69;83;76;70;65;67;84;55;14;14;10;9;6
73562;80;85;152180;161350;2028;5;2;2;2001;5;190;80;1;1;3;0;0;54;0;-1;-1;-1;Bento Matheus;Krepski;39;40;34;34;61;19;58;77;22;9;6;69;16;11;9;5;13;13;23;17;5;58;9;13;10;9;14;15;79;76;77;83;81
228383;79;84;152027;161333;2030;3;3;2;1502;5;195;85;1;1;1;0;0;37;0;-1;-1;-1;Kamil;Grabara;42;42;45;48;70;38;71;66;36;23;16;57;35;18;20;15;24;24;49;48;25;55;16;19;18;15;20;24;80;76;73;84;78
235633;78;83;152339;161700;2030;0;3;5;1007;4;190;74;1;1;1;1;0;136;0;-1;-1;-1;Yehvann;Diouf;52;48;48;38;67;44;62;75;26;15;6;41;21;13;13;8;13;14;30;35;13;57;8;11;16;7;12;11;78;77;76;80;76
238186;79;84;152296;161702;2029;2;2;2;8;5;199;99;1;1;1;1;0;37;0;-1;-1;-1;Marcin;Bułka;28;25;41;28;67;37;82;73;25;11;8;49;15;12;13;8;14;10;33;35;15;53;7;10;14;5;13;18;79;76;71;81;79
239892;79;82;152573;158779;2029;20;7;4;4015;2;173;65;2;4;1;1;0;48;12;16;18;23;Yunus;Akgün;87;84;89;88;58;76;47;73;61;32;74;75;80;76;82;75;67;52;72;77;34;80;78;38;35;73;81;67;6;9;8;7;7
240225;78;82;152075;161316;2029;5;2;2;1508;5;192;82;1;1;1;0;0;40;0;-1;-1;-1;Matvey;Safonov;46;42;55;34;65;34;65;70;38;15;8;58;26;13;15;8;11;13;26;39;20;56;7;14;12;7;15;12;79;74;75;80;77
241508;80;83;152569;160642;2030;6;3;2;17;1;180;70;1;4;1;1;0;13;18;14;-1;-1;Mikkel;Damsgaard;70;66;82;86;65;78;62;80;68;69;78;84;80;79;81;74;78;52;82;83;60;72;74;74;64;68;82;64;6;10;14;7;11
241509;80;83;152145;158768;2029;0;9;4;1523;1;171;62;2;4;1;0;0;54;7;10;3;16;Mauro Jaqueson;J. Ferreira Santos;82;83;90;83;55;85;41;79;81;80;76;77;81;74;79;63;73;58;74;77;78;68;69;77;74;65;76;68;7;14;6;8;13
241811;79;82;152632;161344;2030;6;4;2;4003;2;173;71;2;4;1;1;0;45;16;14;7;-1;Sergio;Gómez Martín;76;70;82;83;64;78;58;75;68;75;75;80;79;81;79;73;76;47;76;81;72;77;75;74;72;69;78;78;11;7;9;10;11
241854;77;82;152349;160650;2026;18;8;3;4003;5;191;85;1;2;1;1;0;34;5;-1;-1;-1;Perr;Schuurs;61;74;55;36;78;50;75;70;70;79;44;66;72;66;66;57;71;75;74;76;80;85;70;82;80;52;68;57;10;13;9;6;7
242238;78;83;152422;161517;2027;0;9;10;1021;5;192;88;1;2;1;1;0;18;5;-1;-1;-1;Oumar;Solet;70;86;60;51;82;85;88;75;77;78;59;66;72;31;69;35;34;70;76;79;80;64;39;78;74;33;35;42;12;14;10;15;14
242444;80;83;152333;161726;2027;6;4;4;2019;390;181;70;1;5;3;1;0;38;18;25;16;-1;João;Félix Sequeira;79;75;85;81;75;70;60;79;72;45;82;80;81;76;82;79;67;68;72;79;35;82;79;47;47;80;83;70;13;12;14;14;13
242816;79;82;152244;160636;2027;6;3;4;20;7;169;56;1;3;3;0;0;45;14;18;-1;-1;Ricard;Puig Martí;74;72;81;82;51;70;33;78;66;53;78;85;84;60;81;72;51;49;83;89;43;70;74;55;50;56;69;55;12;15;14;9;12
243627;78;83;152595;161769;2028;0;4;3;1503;4;186;78;1;3;1;1;0;18;10;14;-1;-1;Yacine;Adli;72;69;71;66;73;64;67;78;76;73;71;82;81;74;78;66;75;62;86;82;76;73;75;76;68;68;77;60;14;12;9;14;10
243780;79;84;152800;160974;2028;21;4;4;559;2;173;66;2;4;2;1;0;167;23;14;12;-1;Kang In;Lee;75;69;86;87;70;73;56;76;72;53;78;80;82;81;82;75;77;65;79;80;45;79;75;51;42;75;82;70;11;12;12;14;8
243923;77;84;152841;161385;2030;0;9;9;1036;4;190;85;1;2;1;1;0;104;5;-1;-1;-1;Logan;Costa;59;60;56;55;82;75;79;74;77;75;28;40;70;55;68;38;31;79;68;75;77;59;33;78;77;27;48;39;6;12;13;7;7
247679;80;84;152742;160988;2026;0;3;10;3003;6;190;91;1;4;3;1;0;133;25;-1;-1;-1;Victor;Boniface;65;69;68;60;87;55;90;76;79;33;82;74;82;48;84;81;58;78;60;75;38;91;77;31;26;79;70;72;14;5;7;12;7
250955;78;82;152477;160155;2029;5;5;1;2017;4;187;77;1;2;1;1;0;10;5;3;7;12;Josip;Stanišić;68;77;66;64;82;71;75;76;75;78;53;58;73;72;68;44;23;77;60;74;80;52;37;79;81;29;67;37;11;6;10;12;9
251804;79;83;152692;161333;2028;0;3;5;1016;2;173;68;1;4;1;1;0;95;3;7;12;-1;Sergiño;Dest;89;86;89;88;78;76;68;77;73;73;73;76;82;76;84;60;43;59;71;80;72;65;62;76;75;46;74;39;11;10;10;15;15
252802;80;85;152744;161757;2030;0;9;10;1012;5;190;79;1;3;1;1;0;108;5;3;-1;-1;Wilfried;Singo;72;87;73;60;89;79;85;79;84;78;66;64;76;73;74;55;40;80;70;75;77;81;51;81;80;50;67;46;11;6;7;7;13
252929;76;82;152782;161710;2030;0;3;2;1503;1;178;75;1;3;1;0;0;45;27;16;-1;-1;Borja;Sainz Eguskiza;82;80;81;79;59;70;55;73;83;42;76;71;78;71;79;75;62;34;64;74;48;82;78;50;40;65;76;66;11;5;7;11;9
253072;79;82;152194;161737;2028;0;9;4;2002;4;187;81;1;3;3;1;0;60;25;27;16;-1;Darwin;Núñez;86;89;68;66;93;79;81;74;84;45;81;78;77;69;78;77;61;77;68;74;42;87;75;52;39;74;75;78;14;10;12;13;10
254548;78;82;152695;160267;2028;2;1;1;4003;2;173;65;2;3;1;1;0;18;7;16;5;-1;Melvin;Bard;77;78;73;80;76;81;74;75;77;76;69;64;75;75;73;45;33;59;68;74;76;70;52;78;75;40;70;45;12;12;5;14;7
254551;78;83;152689;161761;2031;0;3;3;1510;2;176;71;1;4;1;0;0;20;25;-1;-1;-1;Georges;Mikautadze;82;82;85;81;82;76;73;75;72;28;80;71;81;72;82;80;73;69;68;76;39;81;76;40;40;80;71;82;12;9;9;7;5
255566;78;83;152716;161007;2028;21;3;5;3;1;183;75;2;2;1;1;0;38;10;14;-1;-1;Samuel;Almeida Costa;65;57;67;64;80;82;76;76;81;75;64;71;76;58;69;59;52;75;76;77;76;79;72;79;75;50;47;54;6;7;12;9;14
256325;78;82;152443;161017;2028;21;9;2;1501;5;185;82;1;2;1;0;0;10;5;-1;-1;-1;Josip;Šutalo;75;79;62;48;88;71;87;77;71;83;37;64;77;45;73;27;22;74;75;74;78;43;29;78;76;26;29;39;8;15;7;14;11
257980;79;82;152683;161728;2030;0;9;7;1050;2;184;79;1;3;1;1;0;47;16;12;27;-1;Dan;Ndoye;86;92;84;74;73;81;65;75;59;62;76;70;81;76;83;74;57;53;63;71;59;75;68;67;65;67;74;60;10;14;10;12;15
258466;77;83;152572;159842;2030;0;4;5;1503;4;189;83;1;1;1;1;0;45;0;-1;-1;-1;Leo;Román Riquelme;49;48;50;47;67;44;68;76;23;14;11;49;18;14;16;12;12;12;25;28;12;55;10;14;15;10;14;15;77;75;73;78;75
258885;77;85;152764;161383;2030;0;9;6;3005;6;194;88;2;1;1;1;0;54;0;-1;-1;-1;Luiz Lúcio;Reis Júnior;29;31;31;25;63;22;72;75;24;14;8;52;18;13;10;9;14;13;26;24;6;53;5;10;12;6;13;14;77;77;70;77;77
261264;76;84;152828;161392;2026;5;3;2;4002;5;185;79;1;2;1;0;0;4;5;-1;-1;-1;David;Affengruber;74;72;71;77;87;89;83;74;76;77;56;53;68;30;68;38;33;75;71;71;76;46;42;74;73;34;38;41;8;15;5;12;11
262402;80;83;152208;161350;2027;3;3;3;1502;4;185;77;2;3;1;1;0;45;7;16;-1;-1;Sergi;Cardona Bermúdez;86;83;74;74;81;85;71;76;73;76;73;75;81;80;78;50;34;65;71;81;74;75;54;80;73;45;74;44;6;11;11;7;15
262880;77;84;152859;160660;2027;0;3;9;1036;1;184;79;1;2;1;1;0;133;10;14;5;-1;Raphael;Onyedika;74;73;69;77;79;88;80;72;80;75;54;66;75;51;70;59;44;63;72;77;78;80;69;75;70;51;59;48;9;5;12;11;13
262881;79;83;152538;161720;2030;6;9;6;1523;5;187;77;1;3;1;0;0;56;14;10;-1;-1;Richard;Ríos;83;80;84;79;78;88;79;83;85;68;62;78;83;74;82;67;72;52;78;80;74;78;75;79;71;70;73;53;9;10;14;10;6
263205;80;83;152528;160245;2028;15;4;4;42;5;186;80;1;4;3;1;0;48;16;12;27;-1;Barış Alper;Yılmaz;92;93;85;81;92;93;90;80;86;67;81;78;79;71;77;76;50;70;69;75;71;86;74;68;64;77;71;58;13;9;11;8;13
264697;80;84;152514;161698;2029;0;3;4;1530;8;170;61;1;4;1;0;0;97;25;27;16;18;Mohamed;Amoura;94;87;93;93;78;86;45;83;66;39;85;75;86;63;85;83;54;63;66;77;45;78;78;48;53;84;74;74;9;7;11;9;9
266160;75;82;152932;161008;2026;3;4;4;32;1;181;73;2;3;1;0;0;45;5;7;-1;-1;Mika;Mármol Medina;83;82;72;68;86;75;74;69;72;76;52;69;72;61;73;34;31;71;72;74;75;44;37;76;75;33;48;39;9;14;9;6;13
266797;75;82;152468;161382;2028;0;9;6;1036;1;184;72;2;2;1;0;0;60;5;7;16;-1;Gastón;Álvarez;70;80;59;59;79;66;79;72;84;77;28;40;68;72;65;21;32;70;55;68;79;42;19;74;73;29;50;40;10;11;12;12;8
266872;80;83;151829;160451;2030;20;5;3;4022;5;190;80;1;2;3;1;0;27;5;-1;-1;-1;Federico;Gatti;73;78;56;59;88;74;81;79;84;80;45;40;68;38;62;30;46;80;61;68;82;68;39;83;78;42;38;49;6;11;11;6;11
268804;79;84;152626;160613;2027;6;9;2;2522;5;185;80;1;2;1;0;0;45;5;-1;-1;-1;Mario;Gila Fuentes;83;87;74;72;88;82;71;79;76;81;42;62;78;64;72;48;48;79;66;74;81;68;56;78;80;51;64;38;14;10;10;14;6
269493;80;84;152240;160602;2028;0;4;7;1009;5;191;92;2;2;1;1;0;54;5;-1;-1;-1;Alexsandro;de Souza Ribeiro;56;74;38;35;83;72;84;79;82;80;15;64;68;44;56;34;34;80;72;75;79;62;37;82;76;32;51;48;14;15;9;7;11
271400;80;83;152564;161729;2030;21;3;5;1021;8;168;63;1;4;1;1;0;54;16;27;-1;-1;Igor Guilherme;Barbosa da Paixão;83;83;81;89;90;76;68;79;62;22;79;75;80;75;82;80;67;75;72;76;21;82;82;37;29;72;79;64;8;13;11;9;12
273463;78;83;152793;160815;2030;0;3;4;1009;2;176;74;1;3;1;1;0;54;10;14;-1;-1;João Victor;Gomes da Silva;56;52;74;82;69;78;68;75;84;79;68;73;77;64;73;64;63;68;77;78;74;75;65;81;77;55;60;69;7;14;10;13;14
274536;76;83;152474;161382;2028;21;9;9;1021;5;191;81;1;2;1;0;0;70;5;-1;-1;-1;Moïse;Bombito;92;93;54;48;88;64;81;69;75;70;59;55;69;51;65;55;29;77;59;70;74;50;42;79;74;22;43;32;7;5;5;10;9
277537;78;84;152787;161698;2030;0;9;7;4502;5;188;85;2;2;1;0;0;54;5;7;-1;-1;Bernardo;de Souza;62;62;56;52;84;73;82;76;82;78;29;44;70;39;66;27;37;77;62;74;75;51;26;80;80;33;35;47;14;13;8;6;8
206585;79;79;150469;161698;2028;3;3;2;1509;4;189;89;1;1;2;1;0;45;0;-1;-1;-1;Kepa;Arrizabalaga;38;42;45;38;60;35;55;77;20;20;10;60;33;13;20;11;15;15;60;60;20;62;10;17;18;10;20;23;77;78;82;81;77
207421;83;83;150531;160805;2027;8;3;2;17;2;171;67;1;4;3;1;0;7;27;25;16;-1;Leandro;Trossard;87;75;92;85;74;76;55;82;47;18;83;81;84;79;84;83;69;65;77;82;30;83;78;31;18;80;83;75;14;8;11;7;7
210697;80;80;150262;161707;2027;0;3;2;1506;5;187;77;1;3;1;1;0;13;10;14;-1;-1;Christian;Nørgaard;52;47;61;67;72;82;78;80;80;84;66;70;76;68;69;63;65;69;80;79;77;72;64;80;79;51;74;62;11;9;13;11;14
220901;87;87;150816;161336;2028;0;4;4;1541;2;183;75;1;1;4;1;0;45;0;-1;-1;-1;David;Raya Martin;64;59;68;45;64;31;38;84;29;11;15;68;43;12;19;19;15;20;67;62;28;65;14;14;13;20;18;26;86;84;87;87;85
225193;83;83;151097;161390;2028;0;4;2;2507;5;189;83;2;3;3;1;0;45;14;25;10;-1;Mikel;Merino Zazón;64;63;63;63;85;82;78;84;83;83;81;80;84;77;82;80;69;87;80;84;78;85;76;82;76;58;80;70;9;12;9;14;13
227813;77;77;151273;160623;2026;4;2;3;2019;1;175;64;2;3;2;1;0;49;7;14;-1;-1;Oleksandr;Zinchenko;67;59;79;79;66;68;53;77;74;78;75;78;78;80;78;58;76;70;79;79;75;78;73;78;77;61;83;58;15;11;13;11;11
230666;80;80;151382;160605;2027;21;9;5;1502;326;175;73;1;4;3;1;0;54;25;18;-1;-1;Gabriel;Fernando de Jesus;85;78;88;89;84;63;65;80;82;32;81;78;84;73;87;79;54;76;66;79;45;82;75;30;28;77;75;75;13;8;6;15;6
231936;83;83;151570;160266;2028;6;1;4;2019;4;185;77;1;2;3;1;0;14;3;12;-1;-1;Benjamin;White;68;71;68;61;82;78;77;84;81;84;59;76;79;77;74;30;20;78;79;80;83;53;27;84;82;23;64;24;8;11;12;6;5
232580;89;90;151642;159934;2029;0;9;8;1007;5;190;87;2;2;4;1;0;54;5;-1;-1;-1;Gabriel;dos S. Magalhães;61;67;51;37;88;71;89;89;89;89;52;63;71;42;64;37;31;91;76;79;90;62;39;88;90;33;57;51;12;8;13;7;10
234378;88;89;152033;160981;2028;3;2;3;3513;5;185;80;1;3;4;1;0;14;10;14;-1;-1;Declan;Rice;71;73;63;65;84;93;79;88;85;86;77;82;84;89;82;64;75;79;86;87;81;87;83;86;85;50;87;71;8;11;14;9;5
235794;84;85;151834;161751;2029;0;9;9;1033;2;178;67;1;4;3;1;0;14;18;27;14;16;Eberechi;Eze;73;75;87;89;70;76;68;84;58;57;80;85;87;78;87;80;77;56;81;84;55;81;82;63;48;79;83;76;10;12;9;10;14
241651;86;87;151809;161723;2030;5;2;1;4008;6;189;94;1;3;4;1;0;46;25;-1;-1;-1;Viktor;Gyökeres;86;88;79;72;95;93;91;87;87;28;88;79;83;72;80;88;71;81;58;78;34;88;80;34;16;77;72;88;10;13;11;8;14
243715;88;90;152833;159530;2030;0;3;7;529;5;193;85;1;2;4;1;0;18;5;-1;-1;-1;William;Saliba;76;78;53;46;90;72;88;87;83;88;54;62;77;58;74;35;35;83;77;80;89;60;23;90;88;34;55;47;7;10;6;11;8
248148;84;87;152052;161703;2030;3;7;4;3;2;180;74;1;3;3;1;0;45;10;14;-1;-1;Martín;Zubimendi Ibáñez;67;66;74;75;77;85;67;85;80;83;79;83;84;70;77;69;56;65;85;86;81;76;73;82;79;70;73;45;7;6;12;13;14
251805;83;86;152918;160980;2028;0;4;7;1024;2;179;78;1;3;3;1;0;34;3;7;5;12;Jurriën;Timber;76;76;71;76;88;79;82;84;76;83;70;69;79;78;77;41;31;76;71;80;83;61;46;84;81;41;65;42;6;6;8;14;14
254796;80;84;153184;161715;2030;0;9;9;1023;1;182;75;2;4;1;1;0;14;23;12;-1;-1;Noni;Madueke;89;88;81;79;76;75;67;76;67;45;79;75;83;74;85;75;65;55;67;76;45;79;74;45;30;65;76;75;5;13;6;15;12
256958;78;81;152535;160602;2026;0;5;2;2508;1;173;61;2;3;1;1;0;38;18;14;12;-1;Fábio Daniel;Ferreira Vieira;73;70;77;71;56;63;48;76;51;58;73;82;80;74;79;71;68;46;79;80;57;77;76;60;48;65;74;69;9;5;15;6;13
257711;80;84;153254;161361;2029;6;5;2;2019;5;188;86;2;3;1;0;0;27;7;5;10;-1;Riccardo;Calafiori;74;72;69;69;86;77;78;80;79;78;74;69;77;75;75;64;65;77;70;79;77;77;70;79;81;67;76;50;9;11;5;11;6
264846;77;85;154024;161721;2030;0;9;9;1011;5;188;79;1;2;1;1;0;45;5;-1;-1;-1;Cristhian;Mosquera Ibargüen;73;74;68;69;85;79;74;75;77;77;28;58;67;44;40;39;28;77;70;73;77;65;49;80;76;29;33;49;8;6;13;7;8
265693;78;81;152430;160808;2026;3;4;2;2002;4;189;75;2;2;1;1;0;37;5;7;-1;-1;Jakub;Kiwior;63;70;54;55;83;69;79;79;77;78;57;66;76;65;74;29;34;77;75;80;80;62;28;79;78;32;54;39;7;7;6;14;13
222665;86;88;152005;160287;2028;2;2;2;4003;1;178;68;2;5;4;1;0;36;14;18;-1;-1;Martin;Ødegaard;68;68;85;83;63;84;55;88;64;69;78;90;88;86;87;79;82;55;88;90;68;82;80;72;57;79;84;68;14;15;15;10;8
231448;75;78;152363;158586;2026;0;9;6;1005;1;175;70;1;4;1;1;0;14;12;16;23;-1;Reiss;Nelson;78;75;82;80;57;64;53;73;42;42;70;72;78;72;79;70;67;39;66;73;31;69;59;37;37;59;66;61;12;12;11;15;11
235790;82;84;152181;160964;2028;3;2;2;53;270;193;82;2;4;3;1;0;21;25;14;18;-1;Kai;Havertz;71;72;70;54;85;85;75;81;56;43;84;81;85;75;84;80;53;81;77;82;45;81;74;47;41;81;81;83;6;8;11;12;10
246669;88;90;152998;159216;2027;0;9;9;1024;1;178;65;2;3;4;1;0;14;23;12;-1;-1;Bukayo;Saka;87;81;85;88;72;86;68;88;68;62;86;86;88;90;89;84;74;49;77;85;60;79;81;62;60;79;88;87;7;8;13;13;9
248732;73;81;153218;159453;2026;19;2;2;17;4;193;76;1;1;1;1;0;208;0;-1;-1;-1;Karl;Hein;33;38;36;31;60;40;62;70;18;12;6;41;12;10;10;8;12;17;38;37;9;52;7;16;15;6;13;18;72;71;69;76;73
251566;81;84;152919;159507;2027;0;3;3;1502;1;178;75;1;4;3;1;0;54;27;16;-1;-1;Gabriel Teodoro;Martinelli Silva;92;89;87;81;83;82;63;78;80;39;80;77;82;77;85;79;68;72;65;77;44;77;73;44;43;81;74;62;10;6;7;6;6
225793;72;72;151669;161333;2026;0;3;5;2015;2;184;79;1;2;1;1;0;14;3;5;7;12;Ben;Godfrey;69;85;65;64;79;63;79;70;80;73;46;56;60;60;57;34;32;70;63;66;70;52;54;72;73;40;54;43;7;6;12;11;14
251470;82;86;152819;161333;2028;6;3;4;3;4;192;74;2;4;3;1;0;7;18;25;14;-1;Charles;De Ketelaere;72;71;79;62;79;78;69;77;55;58;82;83;87;76;86;78;72;75;80;83;45;82;79;59;54;76;79;69;11;8;14;8;8
255611;74;81;153034;161549;2026;6;5;2;4010;4;188;83;1;3;1;0;0;27;18;14;-1;-1;Daniel;Maldini;66;74;69;63;71;69;67;72;46;35;72;73;81;75;77;64;78;65;69;78;31;73;78;50;40;75;78;70;12;12;14;14;13
257785;72;75;152404;161698;2026;1;1;1;2507;4;188;80;2;2;1;0;0;27;14;18;-1;-1;Marco;Brescianini;61;64;58;65;73;69;73;73;73;67;71;71;74;64;71;70;57;67;72;73;68;74;72;68;63;55;56;54;6;14;9;10;7
262113;77;79;153138;161746;2029;6;3;2;2022;2;175;68;1;3;1;0;0;37;16;12;18;7;Nicola;Zalewski;80;85;80;75;59;75;49;73;66;64;76;74;79;76;80;60;72;45;68;77;65;72;68;67;64;69;76;69;10;5;7;15;8
266304;66;75;153223;160429;2026;5;1;2;2020;4;193;75;1;2;1;0;0;27;5;-1;-1;-1;Giorgio;Cittadini;45;45;39;57;65;42;67;62;65;66;25;25;61;29;33;22;34;70;42;61;65;44;26;71;69;33;37;30;10;14;9;14;5
271577;72;80;153622;161349;2026;21;9;10;1038;2;180;72;1;2;1;1;0;117;10;14;-1;-1;Ibrahim;Sulemana;76;67;76;79;75;79;67;74;79;75;62;63;68;58;66;55;49;61;68;70;69;77;67;72;73;59;56;53;7;9;15;11;10
277839;76;80;152480;161748;2030;6;9;2;4001;6;185;83;1;2;1;0;0;15;25;-1;-1;-1;Nikola;Krstović;65;67;61;59;84;77;80;75;58;18;82;60;74;48;70;79;66;78;45;67;20;77;72;18;25;70;58;70;9;14;8;6;10
194894;62;62;149214;155885;2026;6;3;2;2507;4;193;83;1;1;1;0;0;27;0;-1;-1;-1;Francesco;Rossi;22;21;55;40;35;22;30;51;14;27;11;30;19;19;21;11;22;14;12;17;20;47;12;17;16;16;22;14;63;62;63;62;60
207993;78;78;149999;160972;2026;0;3;2;3505;3;183;85;2;2;2;1;0;8;5;-1;-1;-1;Sead;Kolašinac;54;67;57;58;81;78;82;78;84;77;69;65;72;73;65;60;42;76;63;74;79;73;58;80;77;55;61;54;15;9;16;9;7
208165;79;79;149878;158246;2026;6;3;2;3513;5;190;83;1;2;1;0;0;1;5;-1;-1;-1;Berat;Djimsiti;63;65;40;51;84;77;79;79;80;80;55;56;67;53;41;36;30;81;68;71;84;52;30;81;77;32;42;38;10;6;13;10;10
208461;81;81;149185;158816;2026;6;5;2;57;5;186;76;1;3;3;1;0;34;14;10;-1;-1;Marten;de Roon;53;67;59;69;74;90;73;78;86;83;70;74;81;70;77;70;54;75;84;85;82;79;78;88;79;65;61;80;14;15;7;12;12
216065;76;76;149593;161715;2028;3;4;4;2031;5;192;87;1;1;2;0;0;27;0;-1;-1;-1;Marco;Sportiello;48;38;55;58;67;37;66;68;23;29;18;58;22;13;19;18;21;18;52;55;26;56;17;17;13;12;30;21;75;72;74;76;79
216150;79;79;149625;160291;2026;0;3;2;52;1;182;70;1;3;2;1;0;27;16;12;7;-1;Davide;Zappacosta;78;74;71;69;75;80;61;76;75;77;79;70;78;84;79;71;59;69;75;79;75;79;75;78;78;69;78;59;11;9;8;11;6
223273;79;79;150598;159934;2028;5;6;2;525;5;188;77;1;4;3;0;0;10;14;18;10;-1;Mario;Pašalić;68;69;72;57;74;83;72;74;76;72;81;78;84;68;81;78;59;65;79;82;61;78;76;72;61;73;69;61;11;13;13;14;13
226710;78;79;152020;161004;2027;0;3;4;1512;5;196;85;1;3;3;1;0;27;25;-1;-1;-1;Gianluca;Scamacca;61;69;61;54;87;51;83;76;58;26;80;71;79;44;74;81;68;83;70;75;40;83;78;28;20;79;69;68;12;10;11;12;7
239368;75;80;152556;160973;2027;1;5;4;3512;5;189;86;2;2;1;1;0;34;7;16;12;-1;Mitchel;Bakker;77;80;64;63;85;82;81;74;79;70;71;66;72;73;74;59;46;70;68;74;72;80;58;73;69;48;64;48;14;7;11;9;8
246875;80;85;152754;161698;2029;0;9;10;1015;4;191;79;1;2;3;1;0;108;5;-1;-1;-1;Odilon;Kossounou;74;84;62;56;80;76;79;76;78;81;44;57;69;58;66;26;23;79;74;76;80;52;24;83;80;28;33;32;5;8;6;6;10
247229;78;79;152522;161385;2029;0;9;4;521;5;188;82;1;3;1;0;0;27;12;3;-1;-1;Raoul;Bellanova;82;90;65;62;81;81;71;75;70;70;69;68;78;80;79;61;33;68;72;78;72;55;40;73;71;35;60;41;8;8;9;6;8
253002;78;81;152433;161896;2030;0;4;1;3510;2;172;69;1;4;2;1;0;27;25;16;18;-1;Giacomo;Raspadori;83;77;82;84;75;65;56;79;59;26;80;74;83;62;84;79;65;69;66;80;24;76;78;23;21;79;72;76;13;14;7;9;7
255529;74;81;153026;160997;2026;0;9;9;1024;5;185;77;1;3;1;1;0;126;25;16;18;-1;El Bilal;Touré;78;78;77;73;84;70;72;70;49;17;73;63;76;54;76;75;50;74;56;70;19;73;68;14;19;58;54;71;8;15;12;12;8
256035;72;76;153161;161699;2029;0;9;9;1048;2;175;70;1;4;1;1;0;117;18;16;25;14;Kamaldeen;Sulemana;90;86;88;87;66;62;60;69;50;26;65;69;73;63;78;65;50;42;61;71;30;68;65;25;25;61;73;55;6;13;7;14;12
256115;76;82;153170;161698;2029;0;7;2;56;2;184;70;2;4;1;1;0;51;14;10;18;-1;Lazar;Samardžić;75;64;77;71;61;59;64;73;52;64;73;78;82;65;80;73;66;40;78;81;58;78;78;65;58;61;75;50;11;14;14;15;11
260697;78;81;152032;161152;2028;0;9;8;2003;5;191;88;1;2;1;1;0;46;5;-1;-1;-1;Isak;Hien;63;74;48;49;83;66;89;77;83;80;39;49;64;28;54;30;25;72;58;62;81;49;39;81;75;33;29;45;12;5;10;13;11
266866;82;85;152207;160607;2027;0;9;8;1508;2;183;83;1;3;3;1;0;54;14;10;-1;-1;Éderson José;dos Santos;78;78;69;66;80;89;77;80;80;83;74;80;84;70;81;72;50;65;82;84;80;78;70;84;75;59;65;57;14;10;12;13;13
271399;63;72;153494;161698;2026;3;4;1;2008;2;181;74;1;3;1;0;0;27;12;3;23;-1;Andrea;Oliveri;76;72;71;69;59;51;49;60;55;63;56;57;64;66;58;56;59;52;58;66;53;60;55;65;66;51;62;59;12;14;7;7;11
279529;61;76;154752;161185;2026;20;9;1;58;1;182;75;1;2;1;0;0;27;10;14;-1;-1;Leonardo;Mendicino;58;61;65;58;53;61;58;61;52;58;33;48;62;29;55;21;40;48;60;64;59;51;32;62;60;38;39;40;6;12;12;6;11
193747;81;81;149470;156403;2026;3;3;4;3518;2;176;77;1;3;3;1;0;45;14;10;-1;-1;Jorge;Resurrección;53;45;59;81;69;83;75;80;78;79;74;82;81;85;77;68;77;61;81;84;78;82;74;79;70;57;84;67;14;12;5;13;10
213565;77;77;150874;159141;2026;0;9;8;1036;1;171;63;2;4;3;1;0;18;14;16;18;10;Thomas;Lemar;72;72;79;79;64;60;57;76;63;75;77;78;79;79;79;72;79;54;77;79;55;77;76;76;69;75;84;69;11;15;13;14;7
230899;83;83;151582;161914;2030;0;9;8;1031;1;174;71;1;4;3;1;0;133;25;18;-1;-1;Ademola;Lookman;88;81;89;81;81;73;63;84;68;35;87;80;86;66;87;85;56;71;62;80;30;86;80;23;24;80;72;62;12;12;9;6;15
233486;81;82;151239;161359;2029;6;7;4;2019;5;187;80;1;2;3;1;0;45;5;-1;-1;-1;Robin;Le Normand;65;69;54;62;88;73;86;83;76;81;21;48;74;35;56;26;25;84;73;81;82;50;22;82;79;38;40;34;9;13;14;10;15
240690;79;79;151750;161698;2026;0;3;4;1502;1;180;72;2;4;3;1;0;52;16;12;27;-1;Nico;Gonzalez;83;86;82;75;79;73;51;75;71;50;81;74;80;75;80;78;54;80;68;79;45;75;70;55;48;73;70;81;10;6;9;8;5
245371;79;86;152866;161720;2030;0;9;4;2017;2;171;63;1;4;3;0;0;52;18;27;14;-1;Thiago;Almada;86;74;92;93;53;69;50;74;64;58;76;81;83;74;82;70;83;39;74;80;44;78;76;57;51;73;85;75;12;8;9;10;8
246191;87;90;152415;161375;2030;3;9;2;3510;8;170;71;1;4;4;1;0;52;25;-1;-1;-1;Julián;Alvarez;87;85;87;87;86;83;72;88;86;52;88;84;88;77;87;88;88;78;78;83;60;88;86;59;46;84;87;78;6;10;8;6;15
253396;81;86;153467;159936;2030;3;4;2;2510;2;174;75;1;3;1;1;0;52;12;23;16;-1;Giuliano;Simeone;94;91;85;83;87;87;79;81;81;57;79;77;80;76;83;75;46;67;66;77;50;80;66;60;52;68;66;62;8;14;7;12;14
257279;83;88;152951;161699;2030;3;4;4;55;1;175;70;1;3;3;1;0;45;16;27;-1;-1;Alejandro;Baena Rodríguez;79;79;80;76;71;78;60;82;76;69;82;84;84;85;82;77;80;58;83;87;67;77;76;66;64;69;78;68;6;11;8;11;12
194765;84;84;149177;160703;2027;6;8;2;43;266;176;73;2;4;4;1;0;18;25;18;-1;-1;Antoine;Griezmann;78;73;86;85;83;74;70;85;74;59;86;86;90;82;85;85;85;78;83;86;45;85;85;64;65;86;89;79;14;8;14;14;13
200389;88;88;149835;157695;2028;6;9;2;34;259;188;87;1;1;4;1;0;44;0;-1;-1;-1;Jan;Oblak;42;53;64;48;72;42;78;85;36;24;11;61;30;13;12;11;14;15;40;43;27;59;12;14;18;13;13;11;85;90;79;87;86
214979;79;79;150319;161706;2028;0;4;3;49;5;191;93;1;1;1;1;0;52;0;-1;-1;-1;Juan;Musso;46;42;32;39;68;35;70;70;27;18;19;48;20;20;16;18;12;15;24;31;12;55;14;14;16;15;16;25;79;77;73;82;81
216460;83;83;150578;157315;2028;0;4;4;48;5;185;77;1;2;3;1;0;60;5;-1;-1;-1;José María;Giménez;68;77;60;57;87;66;85;78;87;84;25;46;70;47;55;37;44;82;72;75;87;73;48;85;85;34;37;40;9;11;7;15;10
216549;83;83;150897;161366;2028;19;2;1;5;5;196;90;2;3;3;1;0;36;25;-1;-1;-1;Alexander;Sørloth;72;81;56;55;91;80;90;83;74;36;83;73;81;66;74;84;60;83;59;78;39;86;73;23;21;79;74;70;15;12;8;8;15
220440;78;78;150726;161698;2028;3;2;2;1526;263;186;81;2;2;3;1;0;18;5;-1;-1;-1;Clément;Lenglet;52;56;60;58;79;73;79;81;75;81;55;69;73;53;61;38;35;79;75;81;79;58;44;78;77;37;59;49;10;10;9;7;12
226161;84;84;150588;159506;2027;5;2;4;34;1;184;74;1;3;3;1;0;45;3;14;12;-1;Marcos;Llorente Moreno;88;91;83;74;84;92;78;83;80;80;81;80;82;77;81;80;63;67;78;82;77;84;79;82;72;66;80;65;13;6;6;15;11
233084;77;78;151750;160629;2027;0;4;4;1523;1;175;70;1;3;3;1;0;52;3;12;-1;-1;Nahuel;Molina;78;81;79;76;72;79;63;73;75;73;75;76;75;78;72;67;44;59;67;76;74;72;67;77;76;62;68;45;12;13;8;10;5
247103;83;83;151636;161722;2030;3;5;1;1549;4;188;82;2;2;3;1;0;43;7;5;-1;-1;Dávid;Hancko;77;78;73;62;86;79;87;84;81;80;70;72;78;68;73;64;72;82;76;80;83;76;68;84;82;50;60;69;14;12;6;14;7
251136;71;73;151674;161174;2026;3;3;2;1541;5;186;72;1;1;1;0;0;39;0;-1;-1;-1;Horațiu;Moldovan;45;40;55;49;59;37;55;68;31;15;15;45;15;11;17;17;13;12;24;21;18;50;16;14;13;14;15;17;71;69;66;73;71
256058;64;71;152980;161729;2026;3;3;2;52;2;174;65;2;2;1;0;0;45;7;16;-1;-1;Pablo;Pérez Rico;75;66;68;78;63;66;52;60;56;59;59;50;63;64;63;50;42;55;50;56;55;38;29;59;63;21;59;43;8;11;8;9;11
259516;81;86;153013;161713;2030;0;3;2;1516;4;185;78;1;3;3;1;0;95;10;14;-1;-1;João Lucas;de Souza Cardoso;75;74;78;65;84;78;79;77;77;82;74;77;82;65;77;63;66;75;80;82;78;74;68;81;79;62;69;62;10;14;8;7;12
266039;76;85;153651;161720;2030;3;9;2;4022;5;190;86;1;2;1;0;0;45;5;3;12;-1;Marc;Pubill Pagès;77;83;76;66;90;81;82;75;77;74;67;67;75;69;71;52;43;76;66;72;76;68;52;74;69;49;61;41;15;6;13;10;6
272449;83;88;153646;160722;2030;5;5;2;4015;2;183;75;1;3;1;1;0;45;14;10;-1;-1;Pablo;Barrios Rivas;81;82;80;75;76;87;73;83;75;83;77;80;84;66;83;70;53;55;82;86;72;74;74;80;72;55;66;60;5;15;9;10;13
192448;85;85;149583;157680;2026;3;1;2;69;262;187;85;1;1;4;1;0;21;0;-1;-1;-1;Marc-André;ter Stegen;41;48;37;43;69;35;75;83;43;22;11;70;30;18;21;14;12;11;63;62;25;65;10;13;10;14;18;25;83;83;87;82;84
231677;81;81;151593;158188;2026;0;9;8;1016;327;188;80;1;5;3;1;0;14;16;25;27;-1;Marcus;Rashford;87;88;77;69;85;70;71;78;52;27;82;80;80;79;83;81;79;71;72;78;30;93;80;29;24;73;80;84;11;6;15;14;7
233419;89;89;151272;160614;2028;0;3;6;1002;1;176;68;2;4;4;1;0;54;16;18;27;-1;Raphael;Dias Belloli;90;91;88;83;83;91;67;87;79;56;89;87;88;86;88;87;84;74;80;85;49;84;84;54;38;76;85;80;8;7;13;14;8
241461;84;86;152444;160421;2027;0;4;3;0;1;184;80;1;4;3;1;0;45;25;27;18;-1;Ferran;Torres García;86;82;85;78;91;74;76;84;66;34;86;79;84;80;83;86;60;82;77;82;35;82;83;34;28;84;76;74;12;9;11;12;15
241486;86;87;151970;160629;2030;0;3;7;17;2;181;84;1;3;4;1;0;18;3;12;-1;-1;Jules;Koundé;85;83;72;78;91;87;84;86;78;84;73;74;81;76;77;57;26;80;75;82;84;51;48;86;84;32;64;43;11;10;8;13;14
244260;84;85;151781;161333;2030;4;5;2;4008;1;179;72;1;4;3;1;0;45;18;14;25;-1;Daniel;Olmo Carvajal;78;71;86;87;62;65;56;86;54;58;83;85;86;76;85;79;75;43;80;85;50;79;79;53;38;80;75;66;15;15;13;11;12
246139;77;81;152080;159141;2026;6;4;2;58;1;184;78;1;1;1;0;0;45;0;-1;-1;-1;Ignacio;Peña Sotorres;33;38;49;51;55;27;54;75;17;6;5;65;21;10;12;6;12;11;57;33;9;58;8;10;11;5;12;17;75;74;77;78;75
251854;90;93;153444;159906;2030;0;3;2;1509;1;174;60;1;4;4;1;0;45;14;10;18;-1;Pedro;González López;79;76;89;92;72;90;73;87;72;87;83;91;91;76;90;77;62;50;88;92;74;76;79;85;79;56;83;53;12;7;11;8;8
259532;85;89;152874;161698;2031;3;4;1;3;4;193;85;1;1;3;1;0;45;0;-1;-1;-1;Joan;García Pons;48;44;59;42;65;35;59;77;30;13;6;63;28;13;17;6;12;12;49;51;7;60;9;13;14;7;12;18;84;84;80;86;84
277179;82;87;153611;160967;2031;6;3;3;0;1;174;64;1;3;3;1;0;45;18;14;25;-1;Fermín;López Marín;76;74;83;81;77;74;57;82;72;68;83;82;84;70;82;80;69;76;78;81;43;77;83;74;64;65;69;63;8;14;8;7;7
277643;89;95;155135;160602;2031;0;9;7;1028;1;180;72;2;5;5;1;0;45;12;23;-1;-1;Lamine Yamal;Nasraoui Ebana;88;84;94;83;64;73;60;88;45;18;88;88;90;89;92;83;69;33;84;88;23;83;84;27;28;65;89;75;9;13;7;7;10
186153;83;83;148840;161426;2027;3;10;2;1531;4;195;90;1;1;3;1;0;37;0;-1;-1;-1;Wojciech;Szczęsny;49;46;55;51;68;45;65;80;40;15;14;48;22;12;11;12;14;16;62;52;20;56;14;13;12;14;16;18;80;82;74;82;83
188545;87;87;148235;160619;2026;22;8;2;2507;276;186;81;1;4;5;1;0;37;25;-1;-1;-1;Robert;Lewandowski;71;72;74;83;90;76;87;89;80;49;90;81;86;76;82;91;81;87;70;84;35;89;80;42;19;86;79;86;15;6;12;10;8
210514;84;84;150340;161390;2026;0;3;4;1508;318;182;74;1;4;3;1;0;38;3;7;12;-1;João Pedro;Cavaco Cancelo;88;78;79;78;82;77;65;84;76;79;81;85;86;86;85;69;69;72;79;86;75;80;79;81;77;62;87;52;6;9;15;14;14
213661;80;81;151024;160605;2026;3;5;3;8;4;189;82;1;2;3;1;0;13;5;14;10;-1;Andreas;Christensen;68;75;59;61;84;67;78;78;73;81;32;62;77;51;67;36;39;78;79;81;84;37;20;81;81;25;41;36;10;12;8;8;6
228702;87;87;151421;159506;2029;2;2;2;2019;264;181;74;1;4;4;1;0;34;14;10;-1;-1;Frenkie;de Jong;80;83;87;79;82;87;73;87;74;82;78;88;88;78;86;75;64;72;87;90;76;68;69;78;77;70;84;53;7;13;10;9;10
253004;75;82;153419;159141;2026;0;3;9;1024;402;178;66;1;4;1;1;0;45;16;27;25;-1;Anssumane;Fati;82;81;83;83;68;60;49;71;48;20;72;72;77;70;77;72;72;62;70;73;23;75;71;32;28;70;75;78;6;9;8;7;10
253163;82;85;152085;159200;2031;24;3;6;528;5;188;79;1;2;3;1;0;60;5;-1;-1;-1;Ronald;Araujo;73;84;54;55;91;71;87;78;82;79;57;59;66;56;53;58;45;81;66;75;78;68;35;83;80;40;47;43;11;14;9;8;11
263578;83;87;153771;160056;2028;0;9;9;1039;1;175;69;2;3;3;1;0;45;7;16;-1;-1;Alejandro;Balde Martínez;90;91;81;78;84;77;69;80;52;78;65;72;81;82;80;51;28;71;72;82;77;55;43;80;80;32;69;43;5;8;7;13;10
265600;74;86;154530;161711;2029;0;4;2;2511;2;173;73;2;4;1;0;0;46;23;12;-1;-1;Roony;Bardghji;75;72;87;86;52;62;55;70;60;23;71;73;76;71;77;74;63;24;55;68;26;71;74;31;24;63;66;63;8;14;13;14;14
225375;83;83;151436;160967;2027;2;5;1;13;1;180;72;1;3;3;1;0;4;3;10;7;12;Konrad;Laimer;82;82;76;77;78;83;69;84;88;80;73;76;76;79;74;69;47;67;78;82;86;74;68;81;79;60;70;54;9;12;12;12;13
229391;83;83;150748;161343;2026;3;3;4;4014;4;190;83;1;2;3;1;0;38;10;14;-1;-1;João Maria;Palhinha Gonçalves;51;53;49;47;82;79;86;79;91;85;69;71;76;60;75;66;45;81;77;77;83;81;67;86;85;55;66;57;14;10;8;7;7
167495;83;83;147357;156584;2026;6;2;4;46;273;193;90;1;1;3;1;0;21;0;-1;-1;-1;Manuel;Neuer;29;35;51;35;71;43;80;82;29;30;12;68;44;15;30;13;11;25;67;60;17;68;16;10;11;11;14;49;81;81;90;79;86
186569;73;73;148217;160237;2026;3;4;4;2019;5;192;87;1;1;1;1;0;21;0;-1;-1;-1;Sven;Ulreich;41;40;36;39;60;29;63;73;25;14;8;42;22;14;13;12;15;8;30;34;16;47;11;18;14;13;12;22;74;69;62;76;73
202126;89;89;150037;161009;2027;5;2;3;1;368;188;86;1;3;5;1;0;14;25;-1;-1;-1;Harry;Kane;62;65;67;72;87;76;86;94;82;42;94;86;87;80;80;93;69;90;82;86;46;91;89;44;42;89;82;93;8;10;11;11;14
206113;83;83;150753;158776;2026;0;3;7;3003;272;176;77;1;4;3;1;0;21;18;16;14;-1;Serge;Gnabry;84;75;85;87;68;66;68;83;58;38;84;82;83;78;85;84;62;42;74;83;45;86;80;44;43;83;74;67;14;10;10;7;9
209658;81;81;150595;159141;2026;3;5;2;2507;275;189;82;1;3;3;1;0;21;10;14;5;-1;Leon;Goretzka;69;81;74;71;82;69;84;82;83;84;84;77;80;74;80;76;69;84;81;83;75;83;80;83;75;74;76;60;13;8;15;9;11
209889;80;80;150184;160967;2026;3;4;4;0;8;170;71;2;4;3;1;0;38;7;14;3;16;Raphaël;Guerreiro;76;63;90;90;49;72;49;83;44;82;79;83;88;85;86;78;78;42;77;87;75;79;83;75;75;79;85;54;12;6;8;8;11
212622;89;89;150597;158045;2029;5;2;3;20;2;177;75;1;3;4;1;0;21;10;3;14;-1;Joshua;Kimmich;75;70;83;84;77;92;69;89;89;85;78;86;86;92;82;68;79;72;92;89;82;78;83;86;85;69;85;71;8;15;7;15;15
213331;87;87;150965;161676;2029;0;9;8;1000;6;195;94;1;2;4;1;0;21;5;-1;-1;-1;Jonathan;Tah;53;71;49;40;85;76;91;85;86;84;36;57;70;39;60;32;27;87;68;78;88;60;26;89;84;53;37;38;11;8;7;14;9
223885;80;81;151197;159872;2026;5;3;2;1521;5;193;86;1;1;2;1;0;21;0;-1;-1;-1;Alexander;Nübel;49;46;34;58;70;39;74;79;23;20;10;65;41;15;26;18;20;13;48;55;23;63;18;14;13;13;20;16;81;75;84;82;77
229558;86;88;151954;160241;2026;0;9;10;1035;6;186;90;1;3;3;1;0;18;5;-1;-1;-1;Dayot;Upamecano;76;78;66;65;85;73;87;86;88;87;47;58;79;48;73;39;28;83;78;79;86;64;42;84;82;33;36;39;6;7;8;9;15
234396;84;87;152691;159325;2030;0;9;10;1010;380;185;77;2;4;3;1;0;70;7;16;-1;-1;Alphonso;Davies;95;93;84;83;95;79;75;86;72;79;77;77;85;85;85;64;44;74;71;84;72;74;63;74;73;59;72;54;11;11;6;14;5
237086;82;82;151243;160984;2028;0;9;4;561;5;190;85;1;2;3;1;0;167;5;-1;-1;-1;Min Jae;Kim;73;73;65;65;82;79;85;81;86;88;48;57;67;35;57;23;23;80;69;76;80;51;37;84;81;24;36;30;13;7;11;11;14
241084;86;86;151302;161727;2029;0;9;6;2505;281;180;70;1;4;3;1;0;56;16;27;25;-1;Luis;Díaz;86;81;88;79;82;83;69;86;75;38;84;80;87;81;89;79;58;71;75;81;41;86;77;47;38;81;77;63;10;13;13;14;14
247827;88;90;153096;161339;2029;0;9;8;1005;1;180;78;2;5;4;1;0;18;12;23;18;-1;Michael;Olise;83;74;90;85;64;85;62;87;66;55;86;88;89;84;90;85;81;36;81;87;44;78;80;58;49;71;85;72;9;11;9;10;10
248266;77;79;152641;161178;2028;4;9;5;1023;2;178;76;1;3;1;1;0;18;3;14;-1;-1;Sacha;Boey;78;65;79;78;79;74;75;77;84;79;68;58;75;69;74;44;45;63;67;73;75;69;66;79;78;38;60;49;10;11;13;6;10
256790;88;92;153537;159844;2030;3;9;5;1039;1;186;75;1;5;4;1;0;21;18;16;14;25;Jamal;Musiala;85;75;94;93;80;73;61;89;59;65;88;84;85;70;94;86;59;75;79;87;64;80;82;66;61;75;75;61;6;9;8;11;8
263765;78;86;154390;161676;2029;3;5;2;1503;1;180;75;2;3;1;1;0;21;14;10;18;-1;Tom;Bischof;65;52;81;85;59;81;61;80;65;63;65;79;82;78;79;66;77;45;79;82;60;73;77;70;63;54;76;57;9;13;12;6;13
266236;70;81;154556;160427;2026;3;8;1;9;2;176;69;1;3;1;0;0;21;16;12;27;-1;Arijon;Ibrahimović;67;77;74;76;60;65;47;64;48;24;64;64;75;64;76;66;67;62;68;72;19;75;66;30;38;67;64;60;12;12;10;8;10
277823;73;79;152576;161022;2026;5;8;1;2019;5;190;89;1;1;1;0;0;26;0;-1;-1;-1;Daniel;Peretz;30;42;35;39;62;30;71;68;22;11;7;41;19;8;14;8;8;11;30;32;9;55;7;9;14;6;15;12;74;75;73;77;66
222104;78;80;151556;161333;2028;21;9;9;1039;4;197;80;1;2;1;1;0;14;5;-1;-1;-1;Tosin;Adarabioyo;63;76;42;35;84;68;84;76;78;77;35;60;75;43;62;40;33;76;73;77;78;60;54;80;77;30;53;37;14;11;11;9;8
228789;81;82;151611;161002;2030;0;3;7;1011;4;197;90;1;1;3;1;0;45;0;-1;-1;-1;Robert;Lynch Sánchez;55;65;45;35;75;40;77;79;35;15;12;55;45;13;20;12;13;15;50;52;20;59;12;17;15;12;13;17;82;79;78;82;80
229942;77;78;151724;161001;2026;0;9;10;1012;5;190;86;1;2;2;1;0;18;5;3;-1;-1;Axel;Disasi;50;60;43;40;83;58;88;75;76;76;47;55;66;48;55;43;30;80;66;72;76;70;40;77;75;45;48;43;12;8;11;6;8
239231;85;86;151857;160637;2028;19;4;2;39;2;174;66;2;3;3;1;0;45;7;14;-1;-1;Marc;Cucurella Saseta;78;77;82;83;87;89;70;85;85;83;76;77;80;81;78;61;63;73;79;82;83;73;63;85;84;55;79;57;13;7;9;11;10
242578;76;80;152835;160790;2030;21;9;10;1036;5;194;75;2;2;2;1;0;18;5;-1;-1;-1;Benoît;Badiashile;51;68;50;50;71;65;83;75;76;76;40;65;68;45;60;40;45;75;72;73;76;65;40;77;76;40;60;45;8;7;5;8;15
247090;85;88;152767;160816;2032;3;3;2;1556;2;178;76;1;3;3;1;0;52;14;10;18;-1;Enzo;Fernández;68;68;75;78;74;86;67;86;83;74;81;86;86;79;80;76;76;71;89;88;72;79;74;75;72;77;84;80;8;6;7;10;8
256079;88;90;153056;161011;2031;0;9;10;1037;2;178;73;1;3;4;1;0;57;10;14;-1;-1;Moisés;Caicedo;76;66;80;79;80;91;77;87;86;88;68;80;83;65;79;59;55;70;84;86;84;80;78;87;88;60;75;55;15;6;13;13;9
257534;86;89;153241;161029;2033;5;4;3;2022;4;185;76;2;4;4;1;0;14;18;12;14;-1;Cole;Palmer;76;75;80;78;71;81;60;87;55;50;85;88;88;85;87;82;81;60;85;87;50;85;83;50;40;70;86;90;7;6;10;14;14
259031;78;85;153519;161671;2031;2;7;3;4010;5;186;90;1;3;1;1;0;14;25;-1;-1;-1;Liam;Delap;76;81;70;63;88;70;84;77;83;22;79;59;78;55;78;80;52;73;50;69;29;85;74;25;23;78;68;77;8;9;10;10;11
259197;79;82;152921;160967;2026;21;9;10;1013;4;187;82;1;3;3;1;0;136;25;-1;-1;-1;Nicolas;Jackson;81;83;72;71;89;81;77;79;70;40;83;73;79;62;81;81;50;76;62;77;30;79;70;40;30;76;72;60;12;7;12;7;7
259307;79;84;153619;160814;2030;20;3;5;525;1;178;74;1;3;3;1;0;18;3;12;-1;-1;Malo;Gusto;87;81;84;77;74;85;68;76;76;76;75;74;77;79;77;30;50;53;74;76;75;65;50;76;75;45;76;45;10;6;14;11;8
260942;72;80;153471;160786;2026;0;9;10;3001;2;182;76;1;3;1;0;0;108;25;-1;-1;-1;David Datro;Fofana;85;80;78;70;85;65;78;68;68;17;72;57;73;60;76;73;50;66;50;66;22;73;63;22;18;65;62;68;14;6;10;10;14
230918;80;82;152205;158409;2028;0;9;9;1042;4;192;75;1;3;1;1;0;14;5;3;-1;-1;Trevoh;Chalobah;64;68;52;60;86;67;83;79;76;82;50;67;74;62;70;46;44;81;75;77;81;65;62;80;79;47;65;45;5;5;9;7;9
238074;83;85;152361;158654;2028;0;9;6;1006;3;180;91;1;3;3;1;0;14;3;10;-1;-1;Reece;James;75;76;66;71;89;68;87;84;83;82;74;78;82;88;78;67;83;77;81;83;83;85;70;83;82;67;83;65;8;12;7;11;13
238616;82;84;152453;161374;2031;3;3;2;17;21;174;62;2;4;1;1;0;38;12;16;23;-1;Pedro;Lomba Neto;92;90;88;88;74;81;65;80;68;40;79;80;82;80;83;77;72;50;67;78;40;80;75;40;25;73;79;65;6;13;7;6;12
248158;68;80;153981;160634;2028;3;2;2;3;5;193;89;1;1;1;0;0;95;0;-1;-1;-1;Gabriel;Slonina;43;47;50;45;63;35;70;68;40;13;10;50;25;10;15;10;12;11;30;25;20;47;10;11;12;10;11;13;70;64;63;70;65
248695;79;82;152736;160663;2029;0;9;7;1036;5;185;84;1;2;3;1;0;18;5;-1;-1;-1;Wesley;Fofana;69;78;65;60;78;67;81;77;83;81;40;60;72;42;71;38;44;77;69;75;79;48;38;81;80;40;50;46;14;12;9;6;14
261530;75;83;154284;161677;2033;0;9;9;4525;2;178;79;1;2;1;0;0;38;10;14;-1;-1;Dário;Cassia Luís Essugo;72;80;77;79;80;76;83;73;81;75;72;70;71;46;74;49;47;62;70;74;75;69;68;76;74;41;47;52;9;9;6;8;6
262859;80;84;153537;159746;2029;0;3;5;1519;4;187;83;2;2;3;1;0;14;5;-1;-1;-1;Levi;Colwill;66;73;60;62;84;77;79;78;84;81;50;73;77;65;70;38;36;79;72;79;81;60;40;81;80;36;67;40;15;14;8;14;10
263620;78;85;153851;161015;2030;21;9;9;1036;2;181;76;1;3;1;1;0;7;10;14;-1;-1;Romeo;Lavia;71;68;76;77;80;65;77;77;79;78;60;75;78;62;77;43;50;70;76;79;78;63;60;78;77;43;70;50;7;7;5;13;11
266032;78;85;154066;161702;2032;0;9;9;1016;1;179;77;1;4;1;1;0;14;16;27;-1;-1;Jamie;Gittens;94;90;90;87;64;79;54;77;43;29;77;64;80;69;87;75;44;42;57;71;26;79;68;22;30;65;72;53;6;5;12;8;7
266605;68;81;154202;161354;2030;0;9;6;1530;2;180;73;2;3;1;0;0;95;7;16;-1;-1;Caleb;Wiley;73;78;76;69;65;66;62;66;63;62;63;61;72;66;73;48;40;50;60;67;61;62;55;67;66;40;62;40;13;10;13;12;14
215441;85;85;150995;161350;2028;0;9;10;1023;5;187;82;1;3;3;1;0;118;25;-1;-1;-1;Serhou;Guirassy;73;71;76;77;90;84;85;85;76;33;88;79;85;65;82;86;67;86;72;83;42;90;78;44;36;83;76;80;11;8;12;8;12
229891;79;79;151610;160802;2028;15;2;2;68;2;183;82;1;2;2;0;0;36;3;7;12;-1;Julian;Ryerson;77;72;76;77;74;83;80;77;86;74;63;63;75;79;76;62;54;64;69;76;83;73;61;75;80;55;63;44;7;13;8;7;7
247819;86;88;152354;160602;2027;6;4;2;3507;5;191;86;2;2;3;1;0;21;5;-1;-1;-1;Nico;Schlotterbeck;77;72;68;64;92;74;87;85;85;84;58;72;72;70;74;51;55;86;86;78;87;81;67;88;87;56;67;38;8;10;8;13;14
204923;81;81;150269;160990;2027;3;5;1;2005;2;178;76;1;3;3;1;0;4;10;14;-1;-1;Marcel;Sabitzer;77;72;77;78;71;78;75;83;79;82;78;79;82;77;78;76;78;62;80;82;81;87;83;75;77;83;77;80;11;13;14;13;15
208333;82;82;150205;159738;2026;21;9;4;1515;6;186;86;1;3;3;1;0;21;5;10;14;-1;Emre;Can;67;85;65;72;81;76;86;79;91;78;70;69;75;63;73;71;64;82;74;77;79;85;78;86;85;69;77;86;14;8;8;11;13
210772;71;71;149863;161698;2027;19;3;2;26;5;194;90;1;1;1;0;0;21;0;-1;-1;-1;Patrick;Drewes;30;29;31;48;65;41;77;68;35;21;13;39;18;15;12;14;14;15;28;25;16;50;12;15;16;15;18;26;73;70;67;70;71
212190;79;79;150804;160602;2026;15;5;2;4018;6;195;99;1;3;3;1;0;21;5;3;-1;-1;Niklas;Süle;45;72;34;44;72;52;92;79;77;80;42;66;72;54;69;36;40;75;78;76;79;78;64;80;81;59;43;35;15;7;14;15;7
212194;83;83;151046;159506;2026;4;2;1;17;1;185;83;1;4;3;1;0;21;18;14;-1;-1;Julian;Brandt;67;79;83;82;69;85;72;82;44;56;82;86;85;78;84;76;78;54;83;85;49;82;78;29;39;81;82;55;11;16;11;9;8
224196;80;80;150664;160967;2027;0;5;3;2508;5;187;82;2;3;2;1;0;97;5;7;-1;-1;Ramy;Bensebaini;72;73;67;67;88;77;78;76;82;74;66;63;82;73;78;72;62;84;68;77;74;70;65;82;88;57;67;86;6;13;14;14;7
229476;83;83;151125;161340;2028;5;1;3;48;5;189;86;1;2;3;1;0;21;5;-1;-1;-1;Waldemar;Anton;64;73;56;60;85;79;86;83;86;82;54;70;70;52;64;42;39;79;73;79;87;60;45;86;78;38;39;48;11;12;12;13;13
235073;86;89;151629;160237;2028;6;2;1;526;5;195;88;1;1;4;1;0;47;0;-1;-1;-1;Gregor;Kobel;38;52;37;29;71;32;81;84;24;14;10;59;34;13;24;10;12;13;33;39;15;48;10;15;15;10;13;12;87;83;64;87;86
235407;74;75;151665;160602;2026;20;3;2;1503;3;182;79;1;2;2;1;0;48;10;14;5;-1;Salih;Özcan;75;66;76;83;84;73;78;72;82;76;64;64;71;62;72;59;53;71;69;73;74;65;53;76;73;51;59;57;13;7;9;11;9
241050;75;75;149200;160602;2026;19;2;3;57;5;195;88;1;1;1;1;0;21;0;-1;-1;-1;Alexander;Meyer;39;45;22;29;68;19;79;74;22;8;7;36;19;13;17;8;10;11;29;31;20;59;9;10;9;6;12;12;72;71;79;76;74
246863;84;86;152668;160969;2028;0;9;6;1037;5;194;80;1;4;3;1;0;21;14;10;-1;-1;Felix;Nmecha;78;86;77;75;93;79;90;84;85;82;78;78;85;64;85;75;55;83;85;85;79;85;80;85;79;67;72;57;6;10;12;8;13
248478;75;81;153012;161550;2026;3;9;2;4016;5;188;82;1;1;1;0;0;21;0;-1;-1;-1;Diant;Ramaj;28;29;31;42;58;38;64;69;32;15;18;67;44;17;30;16;18;12;51;53;15;62;18;15;15;20;22;24;75;71;83;78;73
251852;82;86;153133;160602;2027;0;9;7;1000;1;180;77;2;4;3;1;0;21;12;27;18;23;Karim;Adeyemi;96;96;86;81;93;77;67;82;59;31;82;74;80;73;84;81;62;75;69;74;25;86;76;34;49;71;69;70;12;12;7;7;12
254117;79;84;153405;161375;2029;2;8;1;8;4;185;72;1;3;1;1;0;21;25;18;16;-1;Maximilian;Beier;86;86;82;77;77;84;53;79;54;45;82;68;82;67;80;82;51;72;60;74;51;80;76;39;33;75;74;65;6;8;8;13;6
259075;79;83;153269;161698;2030;21;3;4;1505;7;168;60;1;4;1;1;0;54;3;12;-1;-1;Yan;Bueno Couto;85;72;85;90;54;77;51;75;66;74;75;75;87;82;85;63;43;44;74;83;75;65;58;73;80;54;77;55;9;6;13;11;8
259356;78;84;153773;161754;2030;0;3;8;1024;4;187;77;1;4;1;1;0;14;18;14;-1;-1;Carney;Chukwuemeka;75;75;79;78;69;64;76;79;57;59;74;77;82;72;86;70;52;59;74;79;55;72;63;66;74;63;71;60;12;12;9;10;11
270964;75;83;154477;161698;2030;21;3;5;1023;4;191;75;1;3;1;0;0;14;14;10;-1;-1;Jobe;Bellingham;68;71;70;73;85;84;77;69;80;73;70;74;77;64;77;69;59;68;74;76;71;72;68;75;76;65;65;56;10;10;13;11;15
177683;86;86;148353;161004;2026;3;3;4;1528;2;183;79;1;1;4;1;0;47;0;-1;-1;-1;Yann;Sommer;48;54;57;58;68;45;68;81;38;21;15;64;30;13;22;13;13;10;40;48;9;64;12;20;14;8;12;24;83;81;85;88;87
184392;78;78;148703;160237;2026;3;3;1;13;2;182;70;1;3;3;1;0;27;3;5;12;-1;Matteo;Darmian;68;74;79;75;75;72;64;79;84;76;78;70;78;74;72;60;40;75;74;81;79;69;60;81;76;65;75;49;6;7;7;7;12
192883;83;83;148388;160602;2026;0;9;2;2507;2;177;75;1;4;3;1;0;3;14;10;-1;-1;Henrikh;Mkhitaryan;79;75;81;80;77;84;67;83;82;75;83;84;85;76;82;78;69;68;82;86;71;81;76;74;70;79;83;72;5;11;14;7;5
210406;81;81;150333;161333;2028;20;2;2;49;2;180;75;1;3;3;1;0;37;14;10;-1;-1;Piotr;Zieliński;78;75;82;79;66;69;56;81;62;76;76;86;86;73;80;74;65;52;81;85;69;79;82;75;72;75;80;69;12;9;12;6;11
219715;68;68;150104;160979;2026;5;3;2;2020;5;186;80;1;1;1;0;0;27;0;-1;-1;-1;Raffaele;Di Gennaro;41;45;35;42;55;40;51;66;22;23;13;43;26;12;19;15;18;16;21;25;6;47;9;18;17;20;14;24;71;67;62;69;65
226268;85;85;151603;159145;2027;15;3;4;20;2;175;76;2;3;3;1;0;27;7;16;-1;-1;Federico;Dimarco;85;78;84;81;84;84;72;83;81;80;83;80;86;89;78;74;83;73;84;85;81;85;84;81;79;82;89;73;9;8;12;7;7
228093;85;85;151507;160967;2028;0;9;10;1036;5;192;90;1;3;3;1;0;18;25;-1;-1;-1;Marcus;Thuram;84;88;78;61;91;83;79;83;75;50;86;78;81;76;84;85;58;84;70;78;44;84;79;48;42;81;73;70;11;13;14;15;9
233096;84;84;151032;160281;2028;0;9;8;1024;5;188;80;1;2;3;1;0;34;3;12;-1;-1;Denzel;Dumfries;78;88;69;60;91;88;81;83;84;78;82;67;82;82;80;75;45;85;74;80;79;74;61;79;77;51;72;51;10;10;7;14;13
239807;81;83;152284;161333;2028;15;2;4;1508;2;178;74;1;3;3;1;0;27;14;10;-1;-1;Davide;Frattesi;84;80;78;75;82;80;68;83;79;74;85;81;83;67;79;79;65;71;79;83;70;76;74;77;72;71;71;66;5;10;8;10;11
243311;75;77;151801;161341;2029;19;3;1;2019;5;191;78;1;1;1;0;0;45;0;-1;-1;-1;Josep;Martínez Riera;24;30;32;22;54;42;58;75;24;11;11;52;11;12;8;6;12;11;24;27;15;50;7;13;15;6;11;18;75;71;67;74;76
258648;81;82;152026;161333;2028;20;2;2;8;2;184;78;2;3;3;0;0;54;7;5;16;-1;Carlos Augusto;Zopolato Neves;79;78;79;72;85;80;72;81;80;79;79;76;80;79;80;68;74;76;74;78;79;79;77;80;79;73;77;52;11;12;5;13;12
264699;74;79;153183;160967;2026;3;9;3;2505;2;179;70;1;2;1;0;0;1;10;14;-1;-1;Kristjan;Asllani;65;65;64;75;68;67;60;70;68;71;59;77;79;63;75;57;65;64;78;81;68;72;66;75;68;48;65;54;9;8;12;6;6
268534;75;81;153617;161750;2030;0;4;6;1036;5;187;81;2;3;1;1;0;18;14;10;18;-1;Andy;Diouf;75;78;74;70;78;77;77;73;73;69;71;74;77;59;81;64;63;60;76;76;66;77;74;70;65;58;68;56;10;15;13;10;9
268558;67;77;153598;161394;2026;19;8;1;9;4;196;80;2;2;1;1;0;52;5;-1;-1;-1;Tomás;Palacios;51;55;45;44;69;60;73;64;65;67;24;27;56;34;38;26;24;65;48;61;68;58;45;67;71;29;29;51;10;13;10;13;14
198176;83;83;149498;159141;2026;3;3;3;1511;304;189;78;1;2;3;1;0;34;5;-1;-1;-1;Stefan;de Vrij;63;61;60;60;81;68;74;83;79;83;31;70;74;49;66;25;36;82;74;83;88;65;60;86;82;27;45;41;8;10;7;13;14
199845;84;84;148042;160967;2026;6;3;4;2020;5;192;88;2;3;3;1;0;27;5;-1;-1;-1;Francesco;Acerbi;58;52;39;34;84;69;84;85;82;88;20;65;72;34;65;37;56;83;82;79;89;75;60;87;82;39;58;61;11;9;9;11;13
208128;86;86;150232;161333;2027;3;4;2;2020;2;178;69;1;4;4;1;0;48;10;14;-1;-1;Hakan;Çalhanoğlu;74;68;83;77;73;81;65;87;83;82;73;89;87;78;78;75;85;65;89;90;81;87;87;85;80;78;88;92;9;14;11;10;6
224232;88;88;151327;159934;2029;19;4;3;1512;8;175;68;1;3;4;1;0;27;14;10;-1;-1;Nicolò;Barella;85;78;91;88;77;91;68;91;89;86;84;86;87;82;85;77;67;62;87;88;82;80;79;85;80;80;82;73;11;5;13;11;14
229237;83;83;150758;160664;2026;0;9;7;1050;280;186;91;1;2;3;1;0;47;5;-1;-1;-1;Manuel;Akanji;74;79;66;54;82;71;85;84;82;82;37;65;77;55;74;38;59;79;78;81;85;75;48;88;83;42;54;40;10;9;13;9;6
231478;88;88;151523;159144;2029;21;9;4;1523;393;174;72;1;4;5;1;0;52;25;-1;-1;-1;Lautaro;Martínez;83;80;88;87;91;86;80;92;87;48;93;79;84;68;81;93;65;86;72;78;45;87;80;50;45;92;84;74;11;8;8;13;8
237383;87;89;152122;158836;2028;0;9;2;6;4;190;75;2;2;4;1;0;27;5;-1;-1;-1;Alessandro;Bastoni;71;77;64;60;88;83;81;89;83;88;47;72;83;75;77;40;41;86;84;84;87;59;48;90;84;44;64;55;11;5;9;12;11
241736;76;80;152718;160978;2029;0;9;9;1021;5;196;83;1;2;1;0;0;21;5;-1;-1;-1;Yann Aurel;Bisseck;75;76;69;68;89;74;81;74;74;74;59;60;76;54;73;54;38;78;68;73;74;67;59;76;74;44;52;49;8;7;8;11;5
247888;75;82;153298;159623;2026;19;4;3;2004;1;183;76;1;4;1;1;0;27;25;18;-1;-1;Sebastiano;Esposito;76;74;77;70;74;71;61;72;56;33;77;74;80;76;78;77;82;65;73;75;34;77;75;40;35;71;78;69;15;12;12;10;10
211320;75;75;150403;157895;2026;5;5;2;3503;4;190;86;1;2;2;1;0;27;5;-1;-1;-1;Daniele;Rugani;36;32;47;46;75;50;80;73;70;76;28;50;66;40;57;33;25;79;65;66;80;61;39;78;75;35;45;36;5;10;5;5;5
222077;84;85;151662;160967;2028;5;3;2;1500;5;185;75;1;3;3;1;0;27;10;14;-1;-1;Manuel;Locatelli;61;65;65;61;72;89;71;82;81;81;70;82;81;73;76;60;66;68;84;85;82;79;80;85;80;70;73;75;11;12;11;15;10
224422;75;75;151292;160991;2026;0;9;10;1021;2;172;68;1;4;1;1;0;108;27;25;16;-1;Jérémie;Boga;88;80;88;82;76;66;64;67;56;41;71;69;80;71;81;65;69;59;69;74;28;77;73;44;34;60;78;58;15;8;9;16;14
231512;77;80;151933;161698;2029;0;9;7;601;4;190;86;2;3;1;1;0;14;5;7;-1;-1;Lloyd;Kelly;68;69;55;55;85;79;80;72;75;73;63;64;75;66;69;37;44;78;72;74;76;58;42;79;78;39;55;50;7;8;8;12;11
236499;79;79;151783;161333;2026;0;9;7;1523;2;175;66;1;3;3;1;0;54;10;14;-1;-1;Douglas Luiz;Soares de Paulo;69;66;74;78;70;75;65;77;77;76;76;82;82;81;79;70;80;62;81;81;76;79;82;78;72;77;80;81;12;6;13;7;10
239580;86;86;151366;160621;2029;0;9;8;1519;6;187;84;1;2;4;1;0;54;5;-1;-1;-1;Gleison Bremer;Silva Nascimento;78;86;65;63;92;68;84;82;84;85;58;50;70;51;64;49;36;87;69;77;87;70;40;87;84;38;45;45;13;15;13;6;5
246656;74;78;152518;161333;2026;19;5;3;4024;5;192;87;1;3;1;1;0;46;3;12;-1;-1;Emil;Holm;80;85;55;57;84;78;82;72;75;67;71;63;74;74;74;57;40;65;64;70;66;71;60;69;69;54;62;59;7;12;11;9;5
257290;77;80;152387;161721;2026;0;4;1;2015;1;179;66;1;3;1;1;0;38;3;12;-1;-1;João Mário;Neto Lopes;85;83;79;75;78;83;60;75;61;72;74;73;78;79;76;60;47;70;68;73;68;68;61;69;69;58;57;67;9;5;10;12;10
268802;75;80;153695;160309;2028;6;5;3;1502;2;180;72;1;3;1;1;0;27;14;18;16;-1;Fabio;Miretti;74;73;78;77;66;76;68;77;76;69;68;76;78;74;76;60;69;49;75;78;67;66;68;71;69;70;74;65;11;9;6;12;14
189342;69;69;148807;157680;2026;3;3;2;2512;5;194;85;2;1;1;0;0;27;0;-1;-1;-1;Carlo;Pinsoglio;43;41;33;40;60;34;60;61;32;18;11;35;22;13;18;11;18;13;28;24;20;47;6;12;13;8;11;22;70;70;62;70;69
198009;78;78;149777;159141;2027;3;3;3;1502;4;188;77;1;1;2;1;0;27;0;-1;-1;-1;Mattia;Perin;57;56;53;30;63;30;52;74;25;19;12;45;23;11;19;11;13;12;31;33;20;53;17;12;19;19;15;21;78;78;71;78;79
205175;78;78;150252;160967;2027;6;4;2;1550;4;186;80;2;3;3;1;0;37;25;-1;-1;-1;Arkadiusz;Milik;48;52;69;62;79;45;76;78;67;36;83;78;83;63;76;81;81;82;64;75;35;82;78;34;32;80;76;79;9;16;16;6;15
208574;80;80;149768;160644;2026;0;3;2;25;2;184;84;2;3;3;1;0;51;16;7;27;-1;Filip;Kostić;79;82;76;78;78;78;77;77;76;69;78;78;81;84;80;71;78;59;79;80;70;85;78;74;72;75;82;66;13;14;12;13;12
235840;81;84;151497;161698;2029;18;2;3;3512;3;187;82;1;1;3;1;0;27;0;-1;-1;-1;Michele;Di Gregorio;55;57;55;55;69;36;68;69;26;15;9;65;35;13;30;9;14;11;50;50;21;59;18;16;12;11;17;17;82;78;79;85;83
238744;78;79;151894;160237;2026;0;9;7;5000;3;183;84;1;3;2;1;0;95;14;18;12;-1;Weston;McKennie;75;78;68;69;91;81;77;77;82;78;78;76;78;78;78;68;63;86;77;78;78;76;73;82;75;77;77;61;7;9;12;11;9
239763;79;80;152109;161760;2030;5;4;2;42;1;180;74;2;4;3;1;0;219;12;23;-1;-1;Edon;Zhegrova;90;79;90;84;66;65;63;74;54;20;75;77;82;78;87;69;74;36;70;76;32;78;75;21;18;62;82;51;7;11;6;7;12
240679;80;80;151713;161391;2029;19;7;1;12;2;183;77;2;3;3;1;0;34;18;14;5;-1;Teun;Koopmeiners;71;70;69;69;79;83;71;81;72;78;80;84;82;79;76;76;80;72;84;85;76;82;84;74;72;72;74;85;14;8;14;10;12
241496;77;78;152437;160967;2026;0;3;10;1021;1;182;66;1;3;1;1;0;95;12;3;16;-1;Timothy;Weah;86;88;86;74;76;70;59;79;72;66;76;69;75;75;77;74;53;67;72;75;68;79;76;69;70;74;74;60;7;9;12;14;15
243580;82;84;152431;160980;2026;0;3;7;1024;2;175;79;1;3;3;1;0;7;25;-1;-1;-1;Loïs;Openda;94;96;83;85;94;83;80;82;74;26;83;69;80;69;79;84;53;79;59;75;29;85;74;23;19;77;66;74;9;8;10;13;8
243630;81;84;152398;161701;2030;0;9;9;1003;2;178;81;1;3;3;1;0;70;25;-1;-1;-1;Jonathan;David;79;83;75;71;87;90;77;84;61;33;88;74;81;67;80;84;58;77;69;76;29;79;76;29;19;77;59;86;7;7;11;7;7
246430;81;84;152412;160448;2026;6;3;3;49;5;190;88;2;3;3;1;0;51;25;-1;-1;-1;Dušan;Vlahović;76;79;68;53;92;74;86;82;80;24;86;70;79;57;78;82;89;81;60;75;19;84;81;26;24;80;79;84;5;15;6;10;11
247246;81;85;152835;161341;2029;0;3;6;1010;4;192;80;1;3;3;1;0;18;14;10;-1;-1;Khéphren;Thuram;76;80;75;65;87;81;79;79;84;81;78;78;83;72;81;77;56;76;80;83;80;79;75;84;75;65;72;60;7;9;14;9;11
251870;74;79;152758;161350;2029;0;3;7;4525;5;186;79;2;3;1;1;0;56;7;5;-1;-1;Juan David;Cabal;71;73;67;62;82;54;74;69;71;72;46;62;70;70;63;37;39;73;75;74;70;42;35;77;81;30;65;44;10;7;8;7;6
255654;80;85;152541;161698;2029;0;9;9;1038;2;182;80;1;2;1;1;0;18;5;3;12;10;Pierre;Kalulu;76;83;73;69;83;76;73;80;80;82;60;59;74;70;64;43;44;75;65;77;82;66;59;83;79;54;65;49;12;5;13;11;9
258966;80;82;152435;160615;2027;6;4;5;2020;1;182;77;2;3;2;1;0;27;7;3;16;-1;Andrea;Cambiaso;79;79;78;71;75;78;68;78;71;74;78;79;82;82;81;68;60;62;75;80;77;75;75;79;76;72;76;46;13;7;7;13;13
276804;65;70;153060;160967;2026;3;9;2;1546;2;171;65;2;3;1;0;0;27;12;25;23;-1;Mattia;Compagnon;72;65;81;82;53;65;48;66;54;41;60;58;68;62;70;66;58;45;49;61;23;68;63;26;18;53;59;55;8;8;7;7;13
223550;74;74;150203;160804;2026;5;1;2;3;5;190;85;1;1;2;1;0;47;0;-1;-1;-1;Jonas;Omlin;52;51;32;51;71;35;69;72;22;25;15;42;31;24;27;17;16;24;30;35;20;50;18;21;24;15;21;27;75;72;66;75;71
236786;79;79;151352;161350;2029;3;8;2;2508;1;184;71;1;3;2;1;0;18;25;18;16;-1;Martin;Terrier;78;75;72;73;84;73;74;77;57;27;80;77;83;73;81;80;58;75;72;80;34;79;77;31;34;79;77;73;12;5;13;8;5
256197;83;89;153124;160283;2026;0;9;5;1528;2;184;77;2;3;3;1;0;57;5;7;-1;-1;Piero;Hincapié;80;88;74;69;88;85;77;82;87;83;60;57;74;55;70;41;32;79;74;78;83;50;31;85;88;33;56;33;9;15;10;9;6
268622;70;82;154259;161333;2026;0;3;6;1016;2;182;73;2;2;1;1;0;18;5;7;-1;-1;Jeanuël;Belocian;65;69;67;68;75;54;72;66;71;68;48;56;68;61;63;34;48;69;68;71;69;54;39;72;70;35;64;51;13;15;13;7;15
270033;72;80;153759;160602;2029;3;4;3;2002;4;187;76;1;2;1;1;0;21;5;3;12;-1;Tim;Oermann;71;92;64;58;84;75;79;66;66;68;26;39;68;50;59;30;33;72;66;69;70;49;31;76;72;31;38;33;6;14;5;11;8
204092;73;73;149219;161739;2027;3;9;4;2012;5;193;89;1;1;1;0;0;21;0;-1;-1;-1;Janis;Blaswich;47;38;31;33;69;31;74;71;39;19;11;46;31;20;19;18;8;15;30;38;10;49;16;15;13;13;29;30;73;68;65;73;76
208618;77;77;149279;161754;2027;0;9;3;1508;2;173;69;1;4;3;1;0;45;3;12;-1;-1;Lucas;Vázquez Iglesias;74;77;75;82;67;83;56;78;72;74;80;79;79;83;80;73;71;58;76;80;72;80;76;69;67;58;83;56;9;16;9;7;9
210035;85;85;150821;160967;2027;2;4;2;1502;1;171;68;2;4;3;1;0;45;16;7;27;-1;Alejandro;Grimaldo García;76;68;84;86;68;91;53;85;69;79;78;85;86;91;84;73;92;62;86;86;76;84;83;75;69;63;89;64;7;13;10;13;7
210324;78;78;149658;160971;2027;5;8;4;4001;2;176;72;1;3;3;1;0;21;18;25;14;-1;Jonas;Hofmann;69;60;77;79;63;73;66;81;70;75;81;80;81;75;78;77;75;48;76;79;70;74;75;57;57;85;77;71;6;6;10;10;10
210366;66;66;150037;156950;2027;5;2;1;3500;5;186;83;1;1;1;0;0;21;0;-1;-1;-1;Niklas;Lomb;38;39;47;40;61;40;68;64;27;17;5;27;20;15;14;17;13;15;32;26;16;48;11;12;16;15;17;14;68;58;64;70;63
211738;78;78;149992;161670;2028;19;8;3;47;5;195;87;1;1;3;1;0;34;0;-1;-1;-1;Mark;Flekken;29;36;34;38;63;28;72;74;32;12;14;55;34;14;12;16;12;11;56;54;15;60;11;13;20;14;19;23;79;76;80;80;76
212242;80;80;150458;160283;2028;19;2;2;529;5;186;85;1;2;3;1;0;21;5;14;10;-1;Robert;Andrich;59;56;63;59;80;67;84;80;91;83;68;73;76;71;74;74;76;74;78;79;82;84;85;81;77;70;80;62;7;9;10;15;13
228813;84;84;151468;161333;2029;19;4;4;2512;2;173;68;1;3;3;1;0;45;14;10;-1;-1;Aleix;García Serrano;67;64;79;85;65;76;65;84;65;77;80;86;87;83;84;75;80;51;88;85;79;78;78;77;74;66;84;60;16;8;9;7;10
231521;84;85;151932;159690;2030;0;9;2;1530;1;178;69;1;3;3;1;0;52;14;10;-1;-1;Exequiel;Palacios;72;53;78;79;74;68;67;85;84;86;79;83;84;70;82;74;54;67;84;86;80;81;79;84;80;63;73;72;10;5;8;6;9
234236;85;85;150947;159941;2030;6;10;3;28;5;191;87;2;3;3;1;0;12;25;-1;-1;-1;Patrik;Schick;72;72;80;67;91;69;85;85;65;25;87;75;83;64;81;86;56;88;64;78;44;85;78;29;19;84;78;63;11;15;8;14;9
237328;78;79;152205;161024;2028;0;9;8;1042;1;173;68;1;3;1;1;0;133;12;25;18;23;Nathan;Tella;85;81;85;84;69;78;52;66;54;41;78;74;79;74;82;77;45;58;65;74;55;80;70;41;30;73;64;52;9;6;8;6;12
247263;81;83;152052;159720;2028;0;9;10;1028;5;192;84;1;2;3;1;0;101;5;-1;-1;-1;Edmond;Tapsoba;73;76;66;64;84;74;83;81;77;85;34;74;74;39;66;56;32;84;82;83;82;86;33;81;79;33;54;77;5;10;13;15;7
255106;78;83;152486;161749;2030;6;3;7;1023;5;191;89;1;2;1;1;0;18;5;-1;-1;-1;Loïc;Badé;54;66;56;45;81;65;84;75;78;78;33;63;75;31;66;45;23;76;63;74;77;59;44;81;77;24;35;33;7;6;14;7;7
256853;81;86;153263;161709;2030;0;9;5;1038;5;187;86;1;4;3;1;0;95;18;14;27;-1;Malik;Tillman;83;84;79;82;89;76;82;78;62;66;78;79;83;69;82;75;75;73;75;80;60;77;83;67;59;60;82;60;9;11;11;9;12
261360;67;81;154216;160799;2026;0;9;10;1038;4;187;75;1;2;1;0;0;7;10;14;5;-1;Noah;Mbamba;67;76;68;65;75;67;75;56;68;65;44;62;68;31;66;25;28;64;65;68;65;53;50;68;68;23;25;26;12;11;11;6;14
272781;75;84;154258;161760;2030;5;4;4;605;1;178;72;1;4;1;1;0;129;18;16;14;-1;Eliesse;Ben Seghir;76;77;81;79;70;69;61;74;51;23;70;75;79;68;79;73;58;55;69;75;22;74;74;28;31;68;70;70;6;10;6;7;10
275028;73;78;153540;160967;2028;0;3;4;1516;2;174;69;1;4;1;1;0;54;12;3;23;-1;Arthur Augusto;de Matos Soares;80;85;78;75;66;68;49;71;63;65;67;67;77;77;75;44;42;60;61;74;66;52;42;67;64;38;70;46;12;5;7;12;10
212831;89;89;149738;159159;2027;3;8;3;1540;312;193;91;1;1;5;1;0;54;0;-1;-1;-1;Alisson;Ramses Becker;60;49;40;37;82;32;78;87;27;11;13;66;42;17;27;13;18;29;58;60;15;65;14;19;16;20;19;23;86;85;86;89;90
257289;85;88;153286;161720;2031;16;3;6;1031;4;190;76;1;4;3;0;0;18;25;18;-1;-1;Hugo;Ekitiké;85;87;80;74;85;86;70;85;70;23;86;79;86;51;87;86;51;79;57;82;28;83;75;35;19;80;73;68;8;8;7;12;10
203376;89;89;149286;158960;2027;0;9;4;1014;314;195;92;1;2;5;1;0;34;5;-1;-1;-1;Virgil;van Dijk;66;78;54;50;89;75;93;90;85;90;47;70;77;53;70;52;70;88;83;80;90;81;64;91;87;45;60;62;13;10;13;11;11
209331;90;90;149629;158776;2027;0;9;3;1512;25;175;72;2;4;5;1;0;111;12;23;-1;-1;Mohamed;Salah;87;86;86;91;79;85;75;90;63;55;90;89;88;86;88;90;69;59;81;88;38;83;78;43;41;83;88;88;14;14;9;14;11
216267;81;81;150263;158796;2026;3;4;1;4001;310;178;64;2;3;3;1;0;42;7;16;-1;-1;Andrew;Robertson;75;74;75;74;76;81;67;80;85;79;75;78;79;85;76;55;71;70;75;79;78;76;65;79;80;32;82;55;11;8;10;14;7
222514;71;71;151352;161698;2027;3;2;2;17;4;188;83;1;1;1;1;0;14;0;-1;-1;-1;Freddie;Woodman;45;50;47;39;56;34;46;70;34;26;12;45;23;14;17;16;13;20;38;40;10;47;14;21;20;16;15;20;72;69;62;71;68
225100;79;79;151432;158034;2027;0;3;7;1000;309;188;77;1;3;2;1;0;14;5;3;7;12;Joe;Gomez;72;76;61;64;85;57;78;78;77;79;56;65;75;73;71;20;29;76;75;77;79;51;22;81;78;34;55;26;8;13;14;7;7
232487;79;79;149868;161015;2027;0;9;2;559;2;178;77;1;3;2;1;0;163;10;14;-1;-1;Wataru;Endo;66;52;72;81;85;77;67;77;82;78;68;75;78;58;76;67;49;79;78;79;80;76;73;79;73;36;45;62;9;13;7;5;11
233731;87;88;152283;161760;2031;0;9;9;1542;4;192;77;1;4;4;1;0;46;25;-1;-1;-1;Alexander;Isak;86;80;73;69;91;82;79;87;58;38;89;80;86;68;87;90;64;82;60;79;35;91;83;34;29;81;75;86;7;6;9;11;7
235805;80;80;151587;161392;2028;6;3;3;2504;404;175;70;1;4;3;1;0;27;12;25;23;-1;Federico;Chiesa;88;87;89;84;74;63;67;79;74;46;80;77;81;75;84;80;62;53;74;77;42;84;79;44;39;78;78;62;6;7;8;7;9
236772;85;87;152683;160968;2028;0;3;2;1547;5;186;74;1;4;3;1;0;23;18;14;-1;-1;Dominik;Szoboszlai;77;81;78;68;76;90;69;86;75;74;83;85;86;84;85;79;86;65;84;86;72;89;85;76;72;81;87;83;10;10;13;6;10
237678;85;87;152164;160237;2026;0;9;10;1000;5;194;95;1;3;4;1;0;18;5;-1;-1;-1;Ibrahima;Konaté;69;83;55;44;83;75;91;84;84;83;44;64;75;38;68;29;27;83;76;78;86;45;31;86;85;28;50;41;9;7;9;15;9
239837;86;87;152012;160950;2028;19;3;3;2004;2;176;72;1;3;4;1;0;52;14;10;-1;-1;Alexis;Mac Allister;68;64;82;86;72;87;69;88;83;79;78;85;86;79;81;79;82;65;86;87;77;88;85;82;74;77;83;86;7;10;14;10;15
242516;83;84;152146;160788;2030;0;9;7;1016;4;193;76;1;4;3;1;0;34;16;27;-1;-1;Cody;Gakpo;85;82;75;67;90;76;75;82;63;45;82;81;85;83;86;81;76;81;75;81;42;88;83;48;31;78;82;68;15;11;7;5;9
246104;86;89;153251;161029;2028;0;9;8;1021;4;190;77;1;4;3;1;0;34;10;14;-1;-1;Ryan;Gravenberch;76;76;76;70;81;85;80;86;76;88;75;82;87;74;88;78;70;67;84;86;80;79;77;82;78;71;76;58;12;8;6;12;11
246174;78;83;153574;159533;2026;2;1;2;4001;8;168;64;2;3;1;1;0;14;18;14;23;-1;Harvey;Elliott;76;69;90;90;48;72;34;75;61;54;80;80;79;77;81;64;62;40;72;79;52;78;80;58;48;62;71;59;10;10;6;7;14
247601;61;67;152784;159381;2026;3;3;4;1023;4;195;76;1;2;1;1;0;14;5;-1;-1;-1;Rhys;Williams;62;66;50;47;63;51;73;58;65;60;27;48;50;32;53;36;31;61;56;59;61;43;27;60;59;37;31;41;5;14;5;14;12
253149;83;85;152729;161668;2030;0;9;10;1002;2;172;65;1;3;3;1;0;34;3;12;23;-1;Jeremie;Frimpong;95;93;89;88;68;85;47;84;75;77;82;73;83;82;85;66;47;54;63;78;74;62;53;71;79;58;77;43;12;7;8;14;13
253428;72;79;152954;158776;2026;5;5;2;2022;5;190;87;1;1;1;0;0;12;0;-1;-1;-1;Vítězslav;Jaroš;39;38;50;41;58;40;58;65;23;12;14;60;29;12;15;11;19;11;49;45;17;53;13;12;13;14;20;17;73;72;71;73;71
256630;88;92;153603;161687;2030;6;5;1;1532;2;177;71;1;4;4;1;0;21;18;16;14;-1;Florian;Wirtz;82;79;88;87;65;87;59;87;63;55;84;90;89;87;89;82;74;43;86;89;64;78;83;49;44;81;83;66;14;14;13;10;6
260908;81;85;153791;161693;2030;6;4;4;1540;2;180;71;2;3;3;1;0;23;7;16;-1;-1;Milos;Kerkez;88;87;83;84;74;90;75;78;83;78;76;76;76;80;77;53;52;60;68;77;76;80;53;78;80;53;77;50;8;13;10;13;13
262621;83;86;152657;161390;2030;0;4;4;2508;5;199;88;2;1;3;1;0;20;0;-1;-1;-1;Giorgi;Mamardashvili;48;48;40;26;71;45;74;74;25;8;8;34;22;13;11;9;10;14;20;20;5;54;7;12;10;7;11;11;82;81;72;83;82
278104;61;75;154111;160967;2026;21;9;8;1036;2;183;77;1;2;1;0;0;148;3;10;14;-1;Isaac;Mabaya;72;77;65;62;68;62;69;59;65;55;52;50;57;56;55;46;38;52;51;58;54;60;44;56;55;37;44;42;15;10;13;14;6
205988;79;79;150751;157676;2027;5;8;2;69;3;181;75;2;3;3;1;0;14;5;7;16;-1;Luke;Shaw;68;67;60;73;83;67;77;78;85;79;71;77;78;82;75;46;67;76;77;79;79;80;56;79;78;65;81;38;10;12;13;7;7
233064;78;79;152029;160971;2028;3;4;2;2021;1;181;74;1;3;3;1;0;14;18;16;14;-1;Mason;Mount;68;66;74;72;63;60;56;79;73;63;77;80;80;80;80;75;82;55;79;80;58;79;77;69;56;75;82;69;11;12;13;12;8
240243;83;85;152166;161698;2030;3;3;5;1039;1;183;76;1;4;3;1;0;54;18;16;25;-1;Matheus Santos;Carneiro da Cunha;79;77;77;74;79;82;73;82;72;42;80;81;87;79;85;85;70;68;75;81;43;87;88;41;39;78;83;76;8;7;13;11;13
277432;76;84;154145;161549;2030;0;9;9;1021;5;185;70;2;2;1;0;0;13;7;16;12;-1;Patrick;Dorgu;84;87;73;78;82;75;74;70;64;73;70;69;75;74;77;68;52;67;65;73;72;79;67;71;73;66;66;49;11;8;6;7;11
163264;67;67;147376;160238;2026;6;5;3;3516;5;188;85;1;1;1;1;0;14;0;-1;-1;-1;Tom;Heaton;44;40;50;50;62;20;63;60;31;24;12;48;35;17;17;12;13;16;45;38;16;49;12;15;13;12;22;24;68;66;65;67;68
200145;81;81;149516;160651;2026;0;3;6;1036;358;185;84;1;2;3;1;0;54;10;14;-1;-1;Carlos Henrique;Venancio Casimiro;35;36;48;51;75;60;81;80;90;77;71;78;77;68;68;69;70;80;81;81;79;82;78;83;84;77;75;66;13;14;16;12;12
203263;80;80;149892;159541;2026;3;4;3;3500;6;194;100;1;2;3;1;0;14;5;-1;-1;-1;Harry;Maguire;37;34;33;33;81;66;89;78;84;82;61;69;71;51;68;48;46;86;82;79;80;82;50;80;75;49;67;68;14;16;9;9;14
212198;87;87;150444;159719;2027;0;4;4;1508;400;179;69;1;4;4;1;0;38;14;18;-1;-1;Bruno Miguel;Borges Fernandes;68;66;78;73;69;95;61;90;84;64;85;92;87;85;80;80;85;63;90;90;65;86;85;71;66;87;85;91;12;14;15;14;8
226753;80;80;151016;160986;2026;0;9;9;1008;6;190;93;1;1;3;1;0;103;0;-1;-1;-1;André;Onana;62;60;66;53;79;40;78;76;38;15;11;68;40;15;26;12;17;20;58;57;12;64;17;18;14;13;30;27;81;75;85;83;77
233049;79;81;152469;160259;2026;0;3;5;4003;388;180;76;1;5;3;1;0;14;16;12;27;-1;Jadon;Sancho;81;77;90;90;62;57;58;78;40;33;78;80;85;73;86;74;67;40;70;80;38;75;70;35;25;70;81;73;7;11;10;13;11
234574;78;80;152096;159119;2028;3;1;4;1503;2;183;76;1;4;3;1;0;38;3;7;12;14;José Diogo;Dalot Teixeira;81;83;74;74;85;80;74;75;82;76;72;72;76;74;75;54;52;71;72;75;73;81;69;75;76;44;75;47;10;6;10;8;6
235243;82;84;152243;161376;2029;5;1;2;3500;398;189;89;1;2;3;1;0;34;5;-1;-1;-1;Matthijs;de Ligt;54;68;52;62;86;64;91;81;85;83;44;45;72;52;65;50;55;85;73;77;82;84;75;81;80;45;48;40;12;11;11;10;12
236401;80;80;151607;161376;2028;0;3;5;602;1;183;65;1;3;3;1;0;129;3;5;12;-1;Noussair;Mazraoui;78;73;76;74;81;76;69;79;71;80;76;77;81;79;80;69;42;73;74;80;76;68;61;77;80;56;69;44;12;7;13;12;12
238041;75;76;152248;160606;2026;0;9;8;1030;8;169;67;2;3;1;0;0;34;7;16;-1;-1;Tyrell;Malacia;79;75;78;85;74;69;69;68;79;75;53;60;73;69;76;49;49;57;64;73;69;64;58;77;78;56;61;45;9;9;12;8;8
239301;81;82;151672;160628;2027;0;9;2;1519;2;178;77;2;3;3;1;0;52;5;-1;-1;-1;Lisandro;Martínez;70;65;69;75;88;73;77;80;92;84;62;76;77;72;74;52;55;75;76;79;81;73;64;81;84;56;74;55;6;14;13;8;14
243014;85;86;152238;161718;2030;3;3;7;1015;3;171;75;2;4;3;1;0;103;23;12;25;-1;Bryan;Mbeumo;90;90;90;85;81;85;73;81;74;52;84;80;86;84;84;87;72;63;69;80;53;83;77;41;37;85;84;85;7;14;15;14;13
243647;75;77;151758;161029;2027;0;3;2;1508;4;198;88;1;1;1;1;0;48;0;-1;-1;-1;Altay;Bayındır;30;31;51;24;61;31;68;69;29;14;14;55;16;11;10;10;14;14;45;40;14;53;11;13;10;15;10;16;77;72;70;77;75
250961;77;83;152892;161346;2029;3;3;6;1007;5;193;89;1;4;1;1;0;34;25;18;-1;-1;Joshua;Zirkzee;73;67;76;61;86;69;84;74;60;40;78;79;85;61;85;77;66;73;72;78;40;76;75;36;35;75;68;77;6;11;12;14;8
253306;78;82;152851;161393;2029;6;7;1;1512;2;182;77;1;3;3;1;0;60;10;14;-1;-1;Manuel;Ugarte;62;62;68;72;71;70;74;76;87;81;70;72;74;62;74;65;58;60;76;76;74;67;65;79;80;45;70;62;6;10;16;13;8
260592;80;88;153631;161737;2030;20;4;3;3507;4;195;86;1;4;3;1;0;44;25;-1;-1;-1;Benjamin;Šeško;79;89;75;69;93;84;83;73;62;39;81;63;81;56;79;81;56;82;59;74;45;85;75;42;35;75;63;70;10;8;5;6;14
269136;77;85;154320;160556;2027;0;9;10;1037;2;181;80;1;3;1;1;0;14;14;10;-1;-1;Kobbie;Mainoo;70;66;80;88;74;74;73;78;74;74;74;76;80;67;82;73;55;64;78;79;70;69;62;77;75;58;76;58;14;11;10;9;5
224081;74;74;150894;160605;2026;19;5;4;1524;2;178;72;1;3;1;1;0;14;10;14;-1;-1;Kalvin;Phillips;58;50;62;73;70;54;74;72;78;72;65;71;72;70;69;61;70;62;77;76;71;74;67;75;73;54;61;58;8;8;8;14;12
241159;83;85;152579;161900;2031;0;9;8;1024;2;182;80;1;2;3;1;0;14;5;-1;-1;-1;Marc;Guéhi;69;72;61;65;92;75;80;85;79;83;35;66;77;58;72;42;32;81;78;80;85;49;26;84;85;32;67;38;8;9;11;12;12
251570;83;88;153709;161677;2030;0;9;4;1548;2;177;71;2;5;3;1;0;18;23;12;18;-1;Rayan;Cherki;75;75;81;86;60;68;67;83;59;36;79;86;88;82;91;77;73;28;78;83;33;80;76;38;29;71;85;68;7;14;6;8;8
253052;73;80;152882;159901;2026;0;9;10;1000;1;180;72;1;2;1;1;0;101;3;12;-1;-1;Issa;Kaboré;84;89;79;75;82;72;74;74;76;65;62;63;73;69;72;42;40;64;60;71;66;48;44;68;70;32;60;37;10;8;9;13;14
203574;82;82;150341;158450;2026;6;8;2;2031;4;188;80;1;3;3;1;0;14;5;3;10;-1;John;Stones;65;64;62;62;85;53;78;82;79;83;58;78;79;63;74;54;37;84;79;82;84;68;61;85;84;44;62;52;7;15;11;8;10
204246;70;70;149607;161677;2026;6;1;2;3505;5;194;82;1;1;1;1;0;14;0;-1;-1;-1;Marcus;Bettinelli;30;30;35;30;57;25;60;62;30;15;12;37;35;13;18;12;13;13;42;35;18;52;12;18;17;12;13;17;70;70;69;71;71
206517;82;82;150811;160272;2026;3;5;3;3512;394;180;81;1;4;3;1;0;14;16;27;-1;-1;Jack;Grealish;75;70;84;85;67;70;67;81;65;49;78;85;86;81;86;76;74;48;79;83;58;76;79;54;48;72;83;58;11;6;11;13;10
207410;82;82;150319;160963;2027;3;5;2;1503;2;177;77;1;3;3;1;0;10;14;10;18;-1;Mateo;Kovačić;68;64;75;75;61;75;68;83;77;76;75;81;84;73;83;68;70;42;82;85;75;81;85;76;78;76;78;59;9;5;6;7;7
208920;82;82;150607;159907;2027;3;9;6;1005;2;180;75;2;2;3;1;0;34;5;7;-1;-1;Nathan;Aké;74;73;66;68;86;65;76;83;78;83;51;68;78;63;72;48;59;80;75;78;83;64;56;83;82;52;64;53;10;7;7;10;16
218667;83;83;150415;158776;2026;0;4;2;1509;1;173;65;2;4;3;1;0;38;14;23;18;-1;Bernardo Mota;Carvalho e Silva;63;50;93;91;56;87;47;84;78;73;79;84;88;82;87;77;67;52;82;86;70;79;79;75;68;78;83;64;9;10;14;9;12
230621;89;91;152075;161761;2030;3;3;4;529;333;196;90;1;1;4;1;0;27;0;-1;-1;-1;Gianluigi;Donnarumma;50;55;57;38;73;41;75;87;30;26;14;60;30;12;28;12;14;12;38;40;21;54;18;14;16;8;12;24;90;83;72;90;87
231866;89;89;151097;159509;2027;0;3;4;1526;5;190;82;1;3;5;1;0;45;10;14;-1;-1;Rodrigo;Hernández Cascante;65;65;65;67;83;86;83;89;85;84;76;84;89;76;81;74;64;80;90;92;88;90;87;87;82;71;86;62;10;10;7;8;14
237692;85;88;152533;158569;2027;0;2;2;44;405;171;70;2;4;3;1;0;14;18;14;23;-1;Phil;Foden;83;79;92;92;59;83;41;82;64;59;83;83;89;80;89;82;74;47;81;82;60;89;81;59;47;59;88;64;8;15;6;13;10
239085;91;93;152587;160602;2034;15;5;2;20;277;195;94;2;3;5;1;0;36;25;-1;-1;-1;Erling;Haaland;82;92;71;69;93;78;93;94;88;43;95;75;83;58;79;96;62;85;66;78;42;94;83;47;29;90;77;90;7;14;13;7;11
239818;86;87;151423;159962;2029;3;3;2;24;5;187;82;1;2;4;1;0;38;5;-1;-1;-1;Rúben Santos;Gato Alves Dias;55;62;62;56;85;71;89;86;88;86;39;64;75;54;64;29;48;85;79;81;87;74;26;87;85;32;46;45;7;8;13;12;7
240638;85;86;151864;161677;2030;0;3;5;0;4;185;73;1;4;3;1;0;34;14;10;18;-1;Tijjani;Reijnders;82;75;82;79;76;92;69;84;78;77;82;84;87;73;84;78;70;61;84;87;74;85;83;77;72;65;77;59;6;10;9;9;14
241236;82;83;152391;161890;2031;0;3;9;1000;5;185;79;1;3;3;1;0;117;23;27;12;-1;Antoine;Semenyo;80;82;79;74;81;84;79;83;71;34;83;80;83;79;85;84;70;64;70;79;34;84;80;44;31;69;78;69;10;11;14;7;15
242641;81;85;152907;161676;2030;0;3;4;530;1;180;70;2;5;1;1;0;97;7;16;-1;-1;Rayan;Aït-Nouri;85;84;81;77;78;80;65;80;69;78;75;75;84;80;87;50;58;66;72;79;77;61;48;78;80;48;72;42;15;11;8;12;14
246420;83;86;153262;161021;2028;0;9;10;1021;2;173;66;1;4;3;1;0;7;27;23;16;-1;Jérémy;Doku;95;89;93;92;75;68;76;80;62;20;81;82;84;81;91;72;55;40;69;79;40;77;70;30;25;66;79;64;11;10;8;12;9
251517;85;88;153138;161002;2028;3;4;2;18;5;185;80;2;3;3;1;0;10;5;7;16;-1;Joško;Gvardiol;78;79;69;67;91;82;82;86;86;85;70;70;81;73;79;68;59;84;76;82;85;82;74;85;84;60;74;61;5;8;6;11;9
253124;80;81;151893;161029;2028;0;9;5;1549;1;184;78;1;3;1;0;0;38;3;14;12;-1;Matheus;Luiz Nunes;78;91;78;71;78;79;74;80;76;80;75;78;80;76;79;69;58;62;80;81;75;77;68;76;78;59;74;67;13;10;12;13;12
255069;81;85;153118;161550;2029;3;4;3;3;5;188;88;1;3;3;1;0;45;10;14;-1;-1;Nicolás;González Iglesias;66;67;67;62;77;80;79;79;85;80;72;80;81;73;78;70;59;69;81;84;76;76;68;79;81;58;75;60;14;14;10;7;12
256675;83;83;152057;161539;2029;0;3;4;602;2;183;81;1;4;3;1;0;111;27;25;16;-1;Omar;Marmoush;87;90;88;78;80;76;67;84;72;34;85;78;85;70;85;85;84;69;63;82;31;85;83;30;21;82;77;79;11;13;15;11;8
263063;76;84;153398;161726;2030;3;5;3;1512;4;192;83;1;1;1;1;0;14;0;-1;-1;-1;James;Trafford;54;52;52;51;64;40;55;75;28;20;14;60;33;17;23;8;12;15;53;56;21;54;9;16;19;9;23;16;77;74;72;78;74
270409;81;86;153946;161350;2031;0;3;6;1039;1;176;71;2;4;3;1;0;54;23;27;12;-1;Sávio;Moreira de Oliveira;89;85;90;76;62;73;45;79;45;25;79;80;84;81;86;74;55;45;70;79;26;70;67;30;36;63;80;62;9;12;8;12;9
210008;84;84;150651;161760;2028;20;8;3;33;4;191;86;2;3;3;1;0;18;14;18;-1;-1;Adrien;Rabiot;75;86;69;69;89;94;82;85;78;80;88;84;85;78;82;79;59;83;81;86;75;83;78;80;74;76;73;69;9;12;9;15;7
215698;87;88;150742;160237;2031;0;9;8;3001;5;191;89;1;1;4;1;0;18;0;-1;-1;-1;Mike;Maignan;65;62;65;56;82;39;83;86;35;25;15;65;40;18;30;15;16;17;61;64;23;64;20;18;20;16;38;15;84;84;85;88;84
240277;80;83;152313;158776;2029;6;3;2;2517;5;185;78;1;2;1;0;0;27;5;-1;-1;-1;Matteo;Gabbia;43;53;56;55;74;81;70;80;83;81;23;45;75;41;60;22;28;85;70;79;82;59;41;85;79;34;47;42;11;5;12;14;14
253473;79;85;152983;161700;2029;3;1;3;4010;2;181;72;1;3;1;1;0;27;10;14;-1;-1;Samuele;Ricci;77;78;78;78;72;85;65;76;74;75;68;78;83;62;81;53;62;57;79;84;74;70;69;76;76;54;60;52;14;12;6;13;11
254840;77;83;152894;161363;2028;5;5;1;7;5;194;85;2;2;1;0;0;51;5;-1;-1;-1;Strahinja;Pavlović;70;78;57;45;89;85;83;76;85;74;34;31;72;65;70;43;38;81;61;68;76;56;36;74;77;25;40;43;12;14;8;13;10
257353;71;78;153738;161550;2026;21;3;9;1000;2;177;63;1;3;1;0;0;18;14;10;-1;-1;Warren;Bondo;75;73;78;76;61;79;53;69;67;66;65;69;75;59;75;52;59;51;73;73;64;67;71;68;64;71;62;59;14;7;7;14;7
177003;84;84;147158;161711;2026;5;3;2;1534;1;172;66;1;4;3;1;0;10;14;18;10;-1;Luka;Modrić;72;65;89;90;66;69;58;79;65;76;76;88;88;86;84;68;78;55;87;88;74;79;80;71;72;76;85;83;13;9;7;9;14
201153;80;80;149759;161351;2026;0;4;3;46;389;190;84;1;3;3;1;0;45;25;18;-1;-1;Álvaro Borja;Morata Martín;79;78;76;63;91;79;79;81;69;26;83;77;82;72;80;79;52;82;72;77;37;82;76;14;20;82;78;75;4;5;4;5;4
205431;78;78;149868;161368;2026;2;2;2;2005;6;188;83;1;3;3;1;0;21;25;-1;-1;-1;Niclas;Füllkrug;53;60;51;61;87;55;86;79;82;24;81;76;77;65;74;79;68;87;59;77;41;85;78;46;30;80;72;88;15;9;10;9;13
205812;78;78;148799;161715;2026;3;4;2;4011;4;193;85;1;1;1;0;0;27;0;-1;-1;-1;Pietro;Terracciano;40;42;48;45;62;33;60;70;21;16;12;45;22;13;15;11;12;15;21;27;20;54;11;11;19;16;12;22;79;75;72;82;78
213666;80;80;150946;160967;2027;0;9;5;1019;5;191;88;1;4;3;1;0;14;14;18;-1;-1;Ruben;Loftus-Cheek;78;84;75;60;94;72;85;79;75;76;83;79;83;75;81;76;57;85;80;84;75;82;75;76;70;60;70;56;11;7;12;13;15
227796;85;85;151915;160979;2027;3;4;3;6;1;178;73;1;4;4;1;0;95;23;12;25;-1;Christian;Pulisic;90;86;88;81;70;76;57;85;70;40;84;80;87;80;85;85;75;50;75;81;50;81;80;42;50;76;84;80;8;12;13;14;16
232411;81;81;151607;161758;2030;0;9;7;1031;2;177;75;1;5;3;1;0;18;18;16;25;14;Christopher;Nkunku;77;77;82;80;74;65;63;79;40;40;81;80;83;78;82;80;78;65;78;82;40;80;78;35;30;70;80;83;5;6;10;7;15
232756;81;83;151642;160237;2027;0;9;10;1016;5;185;79;1;2;3;1;0;14;5;-1;-1;-1;Fikayo;Tomori;78;84;74;67;88;74;76;83;86;81;37;48;71;64;62;33;40;80;65;77;81;56;45;86;78;32;42;27;10;13;10;7;11
237942;79;79;151675;161721;2030;0;9;9;1005;2;175;73;2;3;3;1;0;57;7;16;-1;-1;Pervis;Estupiñán;77;76;74;73;77;81;68;77;70;77;70;72;79;79;80;48;79;70;72;79;72;67;65;78;76;38;78;65;14;7;14;7;7
241721;84;85;152180;159537;2028;3;9;10;4501;5;188;81;1;5;3;1;0;38;27;16;25;-1;Rafael;da Conceição Leão;93;93;84;79;89;75;79;83;60;24;76;81;86;84;87;82;60;72;70;83;22;80;74;24;21;74;79;63;10;12;15;9;11
245630;81;84;152029;161380;2028;0;3;10;1035;5;185;75;1;3;3;1;0;18;10;14;-1;-1;Youssouf;Fofana;67;69;70;76;73;85;73;80;80;81;74;78;80;66;78;66;56;63;79;81;80;76;70;83;74;46;66;64;12;7;12;9;5
253177;74;82;153448;161001;2026;3;9;10;1016;2;178;71;1;4;1;1;0;95;14;10;12;18;Yunus;Musah;85;91;76;79;78;78;71;71;84;71;74;72;76;72;81;66;54;56;71;74;70;78;74;74;69;54;60;50;15;6;14;10;6
256899;72;79;153182;159934;2026;5;2;4;33;3;183;74;2;2;1;1;0;27;25;-1;-1;-1;Lorenzo;Colombo;62;69;63;67;75;65;69;67;73;18;77;54;73;41;70;75;50;74;42;61;23;80;75;30;20;62;55;63;9;6;7;9;6
257186;77;86;153326;161735;2030;3;3;2;1524;1;181;81;2;2;1;0;0;47;10;14;-1;-1;Ardon;Jashari;77;74;77;80;81;91;80;74;78;74;65;76;75;68;70;64;62;62;76;80;76;76;70;72;68;63;64;60;8;7;14;5;13
271579;71;80;153519;161158;2026;3;2;2;1502;4;186;68;1;3;1;1;0;27;5;7;3;14;Filippo;Terracciano;81;78;70;68;76;65;60;74;72;72;57;64;71;70;71;56;65;66;67;72;71;69;65;74;71;54;73;57;11;12;8;13;12
278928;76;83;154339;160967;2026;3;3;2;2000;1;171;66;1;2;1;0;0;45;3;12;-1;-1;Alejandro;Jiménez Sánchez;87;81;77;81;69;73;46;75;61;74;68;66;71;75;74;55;48;64;67;71;74;58;50;76;73;50;68;46;9;8;6;7;10
200752;75;75;149258;160285;2026;0;9;6;1050;5;185;83;2;2;1;1;0;54;5;-1;-1;-1;Juan Guilherme;Nunes Jesus;63;53;64;60;78;66;72;69;81;77;35;34;62;60;58;20;36;74;59;61;79;62;35;78;76;17;44;37;12;11;7;14;8
202884;80;80;149912;161342;2026;9;4;5;4;4;186;75;1;4;3;1;0;27;7;16;-1;-1;Leonardo;Spinazzola;84;86;76;68;79;69;66;80;71;77;77;76;80;82;80;64;52;68;72;78;76;72;72;78;74;65;73;59;11;13;12;14;15
246457;72;75;152531;161169;2026;0;3;5;1016;1;179;67;2;4;1;1;0;7;12;25;23;-1;Cyril;Ngonge;87;77;79;73;77;54;58;66;60;40;70;58;75;68;77;71;58;68;58;72;22;75;75;35;35;67;74;64;15;7;10;8;7
192505;84;84;149961;161392;2027;0;9;10;1047;301;191;94;2;3;3;1;0;7;25;-1;-1;-1;Romelu;Lukaku;71;86;55;54;92;74;94;84;68;36;88;82;80;68;76;84;60;83;70;80;35;86;73;40;30;70;74;88;8;15;14;10;7
192985;87;87;149276;161698;2027;2;8;2;6;321;181;75;1;4;4;1;0;7;14;18;-1;-1;Kevin;De Bruyne;65;66;68;66;70;66;74;89;73;65;81;92;89;93;85;78;83;55;93;92;65;90;87;70;55;81;93;83;15;13;5;13;10
216409;81;81;150043;160237;2027;0;4;3;2501;2;171;65;2;4;3;1;0;27;23;12;-1;-1;Matteo;Politano;81;79;90;88;53;78;39;84;66;67;79;80;84;80;81;78;77;40;76;82;67;78;80;58;50;75;79;70;11;12;6;11;8
216435;83;83;150522;159704;2027;5;2;3;47;8;170;68;1;3;3;1;0;43;14;10;-1;-1;Stanislav;Lobotka;76;67;75;85;65;88;61;81;76;80;76;82;85;75;81;68;55;45;85;85;78;69;77;81;75;43;75;56;10;7;16;14;13
216816;76;76;150744;160967;2026;21;3;2;1519;2;181;81;1;3;2;1;0;52;25;-1;-1;-1;Giovanni;Simeone;73;69;70;72;84;65;71;74;78;24;80;60;76;55;72;78;66;76;61;69;44;80;71;38;36;73;69;75;12;15;9;11;14
217870;83;83;150044;159506;2028;3;7;2;52;2;183;82;1;3;3;1;0;27;3;5;12;-1;Giovanni;Di Lorenzo;83;85;76;74;84;90;74;80;79;80;74;68;78;79;76;72;66;72;72;76;79;75;72;81;78;63;67;60;8;10;8;7;10
220532;67;69;151065;158045;2026;20;2;3;2008;5;190;85;1;1;1;1;0;27;0;-1;-1;-1;Nikita;Contini;47;49;39;51;61;21;58;63;20;19;17;30;20;17;15;15;18;19;21;26;12;46;20;14;15;12;18;26;68;66;61;69;64
224836;79;81;151340;158776;2026;6;5;3;30;4;202;99;1;1;1;1;0;51;0;-1;-1;-1;Vanja;Milinković-Savić;41;45;38;38;67;33;73;72;34;21;12;58;18;18;15;20;40;12;30;31;11;63;20;15;19;16;40;24;79;77;84;79;81
225116;82;84;151370;159506;2027;0;5;2;3513;4;192;82;2;1;3;1;0;27;0;-1;-1;-1;Alex;Meret;41;48;46;48;66;29;65;78;22;22;20;40;25;15;16;17;21;19;25;30;10;56;17;22;14;20;20;21;81;79;74;85;84
227236;83;83;150878;160602;2027;0;9;9;1000;2;184;83;1;3;3;1;0;103;14;18;-1;-1;André-Franck;Zambo Anguissa;74;76;74;71;87;89;82;86;85;81;82;81;84;64;83;78;56;78;80;84;79;82;78;80;76;58;62;60;11;11;9;11;8
236632;81;81;151351;161384;2028;0;9;7;1007;2;175;69;2;5;3;1;0;54;27;16;-1;-1;David;Neres Campos;87;85;92;82;67;69;59;80;53;48;78;79;85;74;86;76;52;45;69;78;48;79;75;45;38;74;79;69;14;10;5;6;13
237238;85;85;151266;161393;2029;12;2;1;1517;5;193;88;1;3;3;1;0;42;14;18;16;10;Scott;McTominay;70;80;65;58;86;92;82;86;84;81;87;79;85;66;84;84;60;81;81;84;78;86;81;81;75;76;69;60;9;6;6;11;10
237669;73;73;152081;159141;2026;5;2;2;4016;2;182;80;1;3;1;1;0;27;12;16;7;3;Alessio;Zerbin;74;75;71;63;70;80;66;68;45;68;69;66;74;75;76;68;53;55;62;72;69;65;70;74;72;61;72;58;5;6;8;13;10
240716;77;77;151593;160602;2027;0;4;4;1530;2;184;78;2;3;1;1;0;60;7;14;-1;-1;Mathías;Olivera;69;71;65;48;72;78;67;77;80;79;64;62;75;75;73;50;41;68;69;73;78;56;48;78;75;38;67;42;14;14;12;15;13
241390;77;77;152286;161151;2026;6;3;2;1502;2;184;80;1;4;2;1;0;19;16;18;27;-1;Eljif;Elmas;77;68;83;68;72;75;64;76;68;69;75;77;81;68;81;70;54;58;74;78;62;78;72;67;62;58;64;58;8;5;14;15;6
243241;82;86;152176;161345;2029;3;4;3;57;5;190;86;2;2;3;1;0;27;5;-1;-1;-1;Alessandro;Buongiorno;65;72;59;58;83;78;78;84;83;85;40;66;71;63;60;36;43;80;70;74;87;65;47;84;78;46;52;49;13;11;7;12;11
244263;83;83;150248;159709;2027;6;5;3;602;5;192;75;1;2;3;1;0;219;5;-1;-1;-1;Amir;Rrahmani;54;82;48;52;81;71;80;80;81;85;49;48;71;49;59;43;41;81;68;74;87;60;66;82;80;39;49;34;12;8;13;7;8
244472;75;78;152241;161007;2026;0;9;6;1004;5;188;77;1;3;1;0;0;46;10;14;-1;-1;Jens-Lys;Cajuste;64;65;70;70;75;75;76;72;74;72;69;73;78;58;74;60;44;66;74;75;75;74;64;72;67;50;64;45;6;12;12;7;6
245741;75;78;152444;161026;2026;5;2;2;34;1;182;63;1;3;2;0;0;13;12;16;23;-1;Jesper;Lindstrøm;84;80;76;78;60;68;51;70;72;40;72;75;77;74;77;70;72;44;67;70;46;75;69;44;39;58;72;52;11;12;14;8;13
245992;74;79;152912;161393;2029;3;4;3;17;7;170;66;1;3;1;1;0;42;14;10;-1;-1;Billy;Gilmour;69;52;75;81;56;66;49;75;73;72;58;75;77;65;76;53;55;50;77;82;70;63;60;74;67;58;65;65;9;7;9;12;13
261865;81;85;152958;161749;2030;0;3;2;2019;1;180;73;2;2;3;1;0;45;7;16;-1;-1;Miguel;Gutiérrez Ortega;82;80;82;75;78;85;66;80;73;77;81;80;82;84;81;72;45;68;76;82;76;76;66;78;76;60;83;62;14;10;8;10;6
262394;77;80;151975;161717;2030;3;2;1;1532;4;188;77;1;2;1;1;0;34;5;-1;-1;-1;Sam;Beukema;42;54;52;59;74;79;74;78;80;81;57;57;67;42;59;50;50;80;74;73;80;67;61;80;76;35;47;47;12;11;7;13;6
268511;72;72;151676;161017;2026;0;4;5;68;6;187;80;1;3;1;1;0;129;25;-1;-1;-1;Walid;Cheddira;78;80;68;49;85;70;83;72;59;29;73;66;68;66;67;72;47;67;62;67;41;75;68;41;34;65;49;74;5;6;14;14;10
268656;73;77;152661;159934;2026;19;4;1;50;4;188;76;1;3;1;1;0;27;3;12;-1;-1;Alessandro;Zanoli;77;79;68;55;75;73;68;70;66;69;71;59;72;70;71;59;42;60;67;68;68;50;48;74;70;42;63;52;14;7;13;11;10
268683;75;75;151692;159520;2026;0;9;7;5001;5;190;92;1;3;1;1;0;27;14;18;10;-1;Michael;Folorunsho;69;76;68;60;82;78;79;75;78;71;78;72;76;63;75;71;68;73;73;75;66;85;78;72;69;78;65;65;14;12;10;8;12
207650;72;72;150407;159544;2026;5;8;2;9;2;184;83;1;2;1;1;0;46;3;5;12;-1;Emil;Krafth;53;53;62;64;70;55;72;74;69;74;56;62;73;72;69;56;54;69;73;72;75;70;58;76;74;46;72;54;8;13;15;7;14
223334;81;81;151150;159528;2028;15;3;6;3001;6;186;81;1;3;3;1;0;54;14;10;-1;-1;Joelinton;Apolinário de Lira;69;78;68;66;90;89;90;84;91;84;79;79;82;73;83;75;38;82;77;81;79;84;63;84;77;60;63;61;9;13;8;13;13
233934;77;79;151788;161393;2026;1;2;1;1540;4;190;77;1;1;3;1;0;14;0;-1;-1;-1;Aaron;Ramsdale;47;50;53;49;66;40;64;73;35;24;18;65;36;15;23;14;16;15;55;56;24;60;15;16;15;16;17;25;77;76;80;79;74
241096;85;87;152513;160969;2029;3;3;2;2015;281;181;79;1;3;3;1;0;27;10;14;-1;-1;Sandro;Tonali;80;79;76;77;84;89;82;83;84;84;76;79;84;78;78;69;81;70;83;86;81;85;77;82;81;76;75;64;13;9;8;7;7
247851;86;86;151609;160451;2028;19;3;5;3003;1;182;74;1;3;4;1;0;54;14;10;-1;-1;Bruno;Guimarães Moura;66;66;73;79;75;90;76;85;86;82;77;86;86;77;86;73;63;66;88;88;78;76;82;82;81;65;83;65;7;11;15;11;11
163600;68;68;147568;161333;2026;2;2;2;39;6;193;97;1;1;1;1;0;14;0;-1;-1;-1;John;Ruddy;34;37;22;21;60;34;70;68;24;22;15;39;23;14;11;7;13;12;23;25;11;50;15;11;11;11;13;18;66;69;66;67;68
186345;79;79;148994;160427;2026;5;1;2;4003;2;173;71;1;3;3;1;0;14;3;12;-1;-1;Kieran;Trippier;66;63;65;79;77;71;66;79;76;78;74;80;78;88;76;54;84;76;81;79;78;81;71;79;78;58;86;66;11;14;8;10;11
198032;80;80;149592;160451;2027;2;6;2;1517;4;201;104;2;2;2;1;0;14;5;7;-1;-1;Dan;Burn;34;49;32;32;71;78;90;79;86;78;61;61;69;68;69;26;46;80;69;75;81;60;29;80;80;22;49;48;15;13;7;10;8
198039;62;62;149549;159898;2026;12;8;1;34;5;192;83;1;1;1;0;0;14;0;-1;-1;-1;Mark;Gillespie;32;33;30;38;55;20;61;54;26;20;11;42;28;13;17;16;15;11;35;34;12;45;12;11;19;12;12;19;63;61;60;64;61
203841;80;80;149572;160594;2027;3;8;2;17;5;199;90;1;1;3;1;0;14;0;-1;-1;-1;Nick;Pope;50;47;36;42;71;35;75;78;36;23;13;50;25;11;15;14;12;11;52;42;19;51;15;15;14;14;13;22;81;80;68;82;77
206085;80;80;150613;158794;2027;0;3;5;1016;2;179;74;1;3;3;1;0;14;23;12;-1;-1;Jacob;Murphy;80;83;74;75;68;82;69;81;56;65;80;81;80;84;82;80;68;45;66;78;61;84;74;66;55;51;83;66;13;16;13;6;10
210047;82;82;149451;159166;2026;23;3;2;1503;5;188;84;1;2;3;1;0;47;5;-1;-1;-1;Fabian;Schär;50;51;53;64;80;78;80;83;80;85;64;79;78;67;74;60;69;82;83;80;85;80;74;84;80;64;65;78;8;9;11;15;10
211990;78;78;150309;161333;2026;0;4;2;2015;5;188;78;1;1;1;1;0;22;0;-1;-1;-1;Odysseas;Vlachodimos;41;43;61;37;71;37;67;76;32;23;14;46;23;15;13;12;13;13;24;27;17;55;16;14;12;14;17;18;78;77;73;78;76
218659;72;72;150819;160581;2026;5;1;1;2027;2;183;70;2;3;1;1;0;14;7;16;5;-1;Matt;Targett;63;61;62;63;69;57;64;70;63;75;62;62;71;79;69;39;68;66;65;71;74;65;44;72;69;40;76;51;10;15;8;14;11
234742;80;80;151632;160989;2028;5;2;2;47;2;182;72;1;3;2;1;0;14;27;23;16;-1;Harvey;Barnes;80;85;78;77;70;74;71;79;53;43;81;80;82;75;82;82;69;46;68;76;44;82;83;43;40;68;79;65;6;5;11;10;8
234824;82;82;151170;161760;2029;0;9;10;1033;1;176;74;1;3;3;1;0;110;25;-1;-1;-1;Yoane;Wissa;83;87;83;73;86;78;68;84;67;31;85;72;80;72;80;85;54;81;61;76;25;82;76;24;19;85;57;79;14;7;6;15;8
237329;76;78;152251;160280;2027;0;9;8;1033;4;186;71;1;3;1;1;0;14;14;18;-1;-1;Joe;Willock;74;75;79;67;75;71;65;75;70;76;75;79;78;67;81;74;46;70;74;78;70;76;67;75;63;66;70;62;11;6;12;9;8
242964;82;85;152805;160814;2030;2;2;3;3513;1;183;72;1;3;3;1;0;14;27;23;16;-1;Anthony;Gordon;89;92;78;71;75;87;61;82;80;40;80;79;82;80;84;78;66;59;66;78;49;80;76;56;48;74;82;80;5;6;14;8;7
246923;77;81;152891;161745;2030;3;3;5;1004;2;180;72;1;3;1;1;0;14;14;27;18;-1;Jacob;Ramsey;76;77;79;84;72;79;68;79;73;67;78;76;78;71;81;77;54;56;74;78;69;78;75;73;64;65;73;53;14;9;8;12;6
251809;82;85;152396;160602;2030;6;2;2;4008;5;193;81;2;2;3;1;0;34;5;-1;-1;-1;Sven;Botman;48;63;50;34;82;66;89;80;84;82;45;59;74;43;63;24;28;81;75;77;84;65;37;83;82;27;46;37;12;9;8;14;6
262118;80;86;153431;161005;2028;3;5;1;34;2;182;71;1;3;1;1;0;14;3;7;12;-1;Tino;Livramento;80;84;76;79;75;79;71;78;74;78;72;68;78;79;80;49;51;56;62;77;77;61;46;80;78;41;80;41;10;12;8;13;13
240702;74;74;150889;161362;2026;6;2;3;2507;4;191;83;1;2;1;0;0;49;25;-1;-1;-1;Roman;Yaremchuk;70;76;67;52;83;71;79;72;68;41;74;68;72;69;72;76;54;74;69;74;39;79;73;48;34;70;55;67;14;15;13;13;7
208364;77;77;149774;160972;2028;0;9;9;4502;1;180;73;1;3;1;0;0;98;5;-1;-1;-1;Clinton Mukoni;Mata Pedro Lourenço;74;83;74;69;83;84;75;78;76;78;67;61;73;65;74;53;70;74;71;72;78;76;67;77;76;46;71;49;10;10;7;10;10
210372;72;72;149592;161764;2026;0;3;4;1548;1;182;70;2;4;2;1;0;97;12;23;-1;-1;Rachid;Ghezzal;58;64;76;73;60;48;57;66;48;32;74;75;75;76;79;68;74;56;75;74;31;72;76;29;23;62;84;75;12;6;15;15;7
211256;78;78;149706;160624;2027;0;4;3;69;2;172;65;2;3;3;1;0;52;7;16;-1;-1;Nicolás;Tagliafico;74;67;77;83;84;78;72;79;81;78;72;68;77;74;73;57;40;77;72;74;75;65;46;79;76;51;66;46;13;9;10;16;15
219683;82;82;150408;160602;2027;0;9;6;530;2;181;81;1;3;3;1;0;18;14;10;18;-1;Corentin;Tolisso;66;72;62;70;86;84;81;83;81;79;82;80;82;75;75;75;69;82;85;83;76;86;82;80;76;75;74;72;7;10;14;14;9
220093;74;74;150202;161369;2026;6;2;2;2020;4;187;72;1;3;3;1;0;34;5;3;12;-1;Hans;Hateboer;69;70;66;68;83;68;75;68;76;70;68;65;74;66;73;51;36;77;69;75;71;65;47;76;73;48;56;47;11;6;8;15;14
225263;74;74;151184;161340;2026;6;2;3;9;5;192;89;1;2;2;1;0;10;5;-1;-1;-1;Duje;Ćaleta-Car;54;62;34;44;80;58;84;72;77;73;54;60;64;28;55;32;31;75;68;69;72;67;27;74;71;38;28;38;8;9;9;8;10
225782;77;77;151530;161005;2027;0;9;9;1006;1;180;71;1;3;2;1;0;14;3;12;10;-1;Ainsley;Maitland-Niles;74;80;73;69;73;77;73;76;72;73;67;75;78;72;75;66;50;55;74;76;71;63;63;76;77;61;68;82;15;9;7;13;10
225859;80;80;150991;161336;2028;21;9;10;1036;5;190;85;2;2;2;1;0;136;5;-1;-1;-1;Moussa;Niakhaté;60;76;50;51;76;77;84;82;81;81;49;61;64;63;65;49;36;77;70;74;82;54;38;82;80;39;49;74;9;14;6;7;8
233267;74;74;150368;161729;2026;6;1;5;3518;4;191;79;1;1;1;1;0;95;0;-1;-1;-1;Matt;Turner;38;42;48;42;62;35;64;71;25;27;15;55;24;13;16;15;14;14;29;24;11;50;18;11;11;16;13;14;74;72;67;74;73
234078;76;78;151731;161334;2028;0;9;10;1029;2;178;80;1;3;2;1;0;7;10;14;-1;-1;Orel;Mangala;68;62;77;80;66;68;70;76;78;76;64;73;79;61;78;51;50;51;74;78;75;66;68;73;72;50;65;42;7;6;7;10;7
234371;75;76;151100;161386;2027;0;6;2;19;4;196;82;2;1;1;0;0;18;0;-1;-1;-1;Rémy;Descamps;45;39;29;24;64;28;63;73;29;17;8;23;15;10;12;9;12;14;24;28;13;49;6;11;10;6;18;12;74;72;65;76;75
246947;71;72;151643;161029;2026;0;9;9;3001;1;181;68;1;2;1;0;0;108;10;14;-1;-1;Paul;Akouokou;67;69;65;67;73;61;72;70;75;71;57;67;72;59;68;54;39;61;65;73;69;63;56;73;67;42;48;49;10;15;13;9;8
247050;78;81;152748;161732;2029;18;1;1;42;1;175;67;1;4;1;0;0;12;18;25;12;-1;Pavel;Šulc;73;72;77;76;70;85;64;80;66;43;83;78;77;74;78;79;55;57;75;77;44;72;75;51;45;70;68;60;12;11;8;12;12
256970;73;79;153663;159811;2026;2;8;2;0;4;187;74;2;3;1;0;0;12;12;18;23;-1;Adam;Karabec;68;71;77;66;62;76;64;71;51;38;69;73;74;78;75;64;72;49;69;73;37;73;69;36;38;65;73;77;14;14;8;13;7
262102;70;77;152891;161722;2030;3;5;6;14;5;187;82;1;2;1;0;0;34;5;-1;-1;-1;Ruben;Kluivert;87;92;63;69;90;68;82;67;64;67;29;52;62;51;58;25;29;70;58;64;65;50;25;71;69;31;44;43;13;11;7;7;7
263139;79;82;151385;161746;2029;3;4;4;2512;4;197;82;1;1;1;1;0;43;0;-1;-1;-1;Dominik;Greif;25;22;21;21;57;17;60;76;16;14;7;53;17;14;10;9;10;10;39;43;8;62;5;11;11;5;12;14;77;76;82;79;79
263815;74;77;152532;161337;2029;0;9;8;1039;2;182;74;2;3;1;0;0;54;7;16;-1;-1;Abner Vinícius;da Silva Santos;78;79;79;73;69;69;61;70;69;67;72;67;74;76;74;55;51;54;74;75;65;72;51;74;73;53;75;42;11;13;10;9;14
264325;74;78;152801;161897;2026;0;3;5;3515;6;187;75;1;3;1;1;0;60;25;18;-1;-1;Martín;Satriano;66;73;58;57;80;65;76;72;70;22;77;65;74;56;75;76;53;73;51;71;27;74;71;36;31;71;58;69;11;8;13;7;13
201455;77;77;149874;160967;2027;0;9;9;1014;4;188;80;2;3;2;1;0;105;10;5;-1;-1;Geoffrey;Kondogbia;56;64;64;57;80;72;85;68;81;76;66;73;75;62;70;63;58;74;77;76;79;78;70;80;74;52;64;56;15;10;10;10;8
211784;74;74;151150;161698;2026;0;3;3;51;3;174;65;1;3;1;1;0;18;25;-1;-1;-1;Neal;Maupay;69;62;76;83;79;63;68;71;76;26;75;69;75;65;73;76;55;76;59;74;30;77;68;55;33;75;64;78;11;12;7;14;8
215316;81;81;149603;161374;2027;0;3;3;1508;5;189;84;1;1;3;1;0;52;0;-1;-1;-1;Gerónimo;Rulli;56;52;58;50;73;41;73;78;26;21;12;68;15;12;14;15;20;12;50;36;15;60;17;13;17;16;19;24;82;77;80;86;77
223143;74;74;150934;161166;2026;0;4;9;1009;2;182;73;2;3;1;1;0;47;7;5;16;-1;Ulisses;Garcia;78;79;74;71;78;79;76;75;64;70;59;61;66;73;71;45;36;57;61;66;74;53;59;70;73;28;67;34;8;13;11;14;12
240507;76;81;152628;161698;2026;0;9;8;1021;7;168;62;1;4;1;1;0;14;18;14;10;-1;Angel;Gomes;76;67;87;91;73;75;63;74;71;73;71;78;80;66;77;70;68;62;75;80;70;70;69;75;74;65;70;72;14;15;14;14;6
240753;79;82;152431;161547;2029;0;3;1;4010;2;181;80;1;4;2;1;0;97;25;18;-1;-1;Amine;Gouiri;79;75;79;74;79;76;71;76;61;44;83;76;80;77;81;85;76;68;69;78;45;80;80;41;32;73;78;78;6;12;8;7;9
240787;77;78;152431;160967;2026;0;9;9;1038;2;177;70;1;3;1;1;0;108;16;18;27;-1;Hamed Junior;Traoré;80;76;79;72;73;68;58;73;59;41;75;73;82;71;81;71;67;64;70;74;60;74;67;60;61;66;70;64;8;10;14;11;12
242835;80;83;152045;160239;2028;20;9;2;4003;5;187;85;1;2;3;1;0;52;5;-1;-1;-1;Leonardo;Balerdi;69;83;62;56;85;69;81;74;84;81;48;70;77;42;66;34;32;77;81;77;83;64;56;81;79;29;39;57;6;8;15;14;15
246297;77;79;152340;161914;2030;0;9;5;1530;5;185;81;1;4;1;0;0;97;18;14;10;-1;Himad;Abdelli;66;57;72;61;73;79;73;78;68;65;74;80;81;73;82;69;73;63;74;78;54;77;76;64;53;73;75;75;9;8;14;12;13
188567;82;82;148536;161728;2027;0;9;5;1004;253;187;80;1;4;3;1;0;115;25;-1;-1;-1;Pierre-Emerick;Aubameyang;76;90;70;67;82;61;70;83;43;44;88;71;82;72;81;85;76;76;64;74;22;82;79;35;29;80;80;81;6;9;15;9;9
210736;77;77;150408;161760;2027;0;9;6;1526;2;176;76;2;3;2;1;0;27;7;16;27;-1;Emerson;Palmieri dos Santos;73;69;69;75;74;79;68;75;67;76;70;67;77;78;78;52;80;66;73;76;74;80;75;75;75;51;81;55;8;15;8;14;7
213648;82;82;150775;161698;2028;5;5;3;54;5;187;81;1;3;3;1;0;13;10;14;-1;-1;Pierre-Emile;Højbjerg;52;47;59;61;71;88;78;82;86;82;69;77;79;68;75;68;74;65;82;83;79;85;78;80;74;64;70;56;9;7;12;11;11
226851;82;82;151011;161027;2026;3;4;1;1511;5;186;81;1;3;3;1;0;18;5;-1;-1;-1;Benjamin;Pavard;73;75;71;66;86;80;75;79;80;83;66;67;79;75;70;60;51;84;80;81;82;80;68;88;83;79;66;51;9;7;15;15;7
232097;75;75;151458;160967;2026;0;3;5;604;1;180;67;1;5;2;1;0;129;18;27;16;14;Amine;Harit;79;72;83;75;63;74;46;73;62;65;73;76;79;70;82;63;66;55;73;76;58;64;62;60;48;59;75;73;15;13;10;6;13
236804;79;83;152167;159873;2026;22;4;3;2505;2;184;77;2;3;2;1;0;52;5;7;-1;-1;Facundo;Medina;67;79;62;67;82;78;81;80;84;79;63;70;76;64;71;44;32;74;76;79;78;45;41;81;80;29;52;44;13;5;12;13;13
237841;76;76;150965;161027;2028;0;9;8;1004;2;184;78;1;3;1;1;0;87;3;5;12;-1;Amir;Murillo;78;87;71;63;80;80;74;74;75;73;67;68;73;75;72;56;68;68;66;73;67;69;51;73;73;38;74;62;5;15;12;14;11
239559;74;77;151745;161371;2027;5;5;2;2015;5;190;80;1;1;1;0;0;34;0;-1;-1;-1;Jeffrey;de Lange;58;54;40;39;54;26;51;70;17;7;8;48;15;13;9;6;14;12;44;35;8;56;5;14;13;5;10;18;73;72;74;73;74
243009;74;76;151618;161367;2026;21;3;7;1009;4;187;86;2;2;1;1;0;70;5;-1;-1;-1;Derek;Cornelius;61;71;61;52;88;70;91;70;90;73;44;52;61;34;52;27;56;78;63;67;69;76;57;71;66;47;46;32;13;10;13;6;7
244749;81;82;151013;161760;2030;21;4;3;36;4;190;76;2;2;3;1;0;129;5;-1;-1;-1;Nayef;Aguerd;68;81;58;52;87;76;83;80;81;82;52;68;75;48;60;40;41;81;76;78;82;69;54;83;80;41;55;48;7;15;9;6;14
246147;83;87;153024;161350;2029;0;9;5;1024;1;181;80;2;4;3;1;0;14;12;18;23;-1;Mason;Greenwood;82;84;87;75;75;79;60;85;49;34;84;80;85;78;84;87;75;67;76;79;27;86;82;39;33;76;78;83;5;6;6;8;9
251806;80;85;152918;161904;2030;21;3;8;1024;2;179;74;1;3;1;1;0;34;14;10;18;-1;Quinten;Timber;86;69;81;82;87;79;85;82;80;78;78;78;81;67;79;75;58;65;78;82;74;85;83;76;70;65;72;60;5;8;12;8;11
256669;72;76;152567;161170;2026;0;3;8;5002;6;185;78;2;2;1;1;0;103;25;-1;-1;-1;Faris Pemi;Moumbagna;82;87;68;75;81;65;84;65;67;25;72;56;70;52;65;74;48;70;46;66;23;77;63;25;21;67;53;63;8;12;10;6;8
264401;74;79;153087;161333;2026;21;9;10;1016;2;183;75;1;2;1;1;0;108;5;-1;-1;-1;Bamo;Meïté;52;65;31;60;75;68;75;69;79;71;33;35;65;34;57;26;28;73;43;66;75;54;28;78;75;28;43;42;9;8;14;9;14
278095;61;74;153912;161698;2027;6;3;2;1524;5;191;75;1;1;1;0;0;7;0;-1;-1;-1;Jelle;Van Neck;25;32;30;25;56;23;63;58;24;10;7;39;23;14;10;8;14;20;27;25;5;42;5;11;12;6;12;12;64;59;56;64;55
237679;79;80;151993;161029;2026;0;9;10;1023;4;187;73;1;3;3;1;0;18;25;-1;-1;-1;Randal;Kolo Muani;90;90;84;71;88;74;69;78;36;38;80;76;79;64;79;79;62;78;62;76;32;82;73;33;32;78;70;70;7;14;15;5;8
251752;82;87;153060;161737;2030;3;4;3;0;5;189;84;1;1;3;1;0;18;0;-1;-1;-1;Lucas;Chevalier;52;46;38;38;63;41;53;79;23;10;7;47;17;12;14;9;14;12;34;38;10;55;8;10;11;9;15;16;84;78;73;86;79
252145;88;91;153285;160298;2029;0;9;10;1024;2;180;70;2;3;4;1;0;38;7;16;-1;-1;Nuno Alexandre;Tavares Mendes;94;95;87;84;87;85;73;85;75;82;82;72;85;83;86;74;75;74;75;82;80;85;73;87;83;56;78;85;7;8;8;15;12
207865;87;87;150327;157333;2028;0;9;5;1508;2;183;75;1;3;4;1;0;54;5;-1;-1;-1;Marcos;Aoás Corrêa;75;80;68;67;89;79;79;86;81;89;70;76;79;68;69;59;32;88;85;84;90;65;45;89;88;35;58;52;6;6;12;13;10
220814;81;81;150968;160975;2028;3;10;3;2019;271;184;79;2;2;3;1;0;18;7;5;-1;-1;Lucas;Hernández;68;74;69;69;84;68;78;81;89;80;66;71;77;78;65;53;39;80;66;78;83;62;51;84;82;46;59;42;10;7;8;10;14
226271;85;85;151017;160663;2027;3;4;3;1540;4;189;70;2;3;3;1;0;45;14;10;-1;-1;Fabián;Ruiz Peña;61;61;66;67;70;84;67;85;68;79;84;84;86;72;82;76;61;68;83;85;71;78;82;79;75;67;75;67;16;11;7;13;13
231443;90;90;151424;161009;2028;0;9;10;1001;261;178;67;2;5;5;1;0;18;25;23;18;-1;Ousmane;Dembélé;93;89;94;81;84;76;69;91;58;45;95;84;94;80;94;90;68;74;78;89;49;91;85;49;39;79;85;80;6;6;14;13;10
235212;89;90;151962;160242;2029;0;9;4;1009;1;181;73;1;4;4;1;0;129;3;12;-1;-1;Achraf;Hakimi;89;95;81;78;84;95;72;90;77;85;84;78;85;85;82;80;80;71;73;86;82;82;77;85;79;74;78;68;10;8;14;8;6
247635;87;90;152793;161533;2029;6;4;4;3506;2;183;70;1;5;3;1;0;20;27;23;16;-1;Khvicha;Kvaratskhelia;85;86;86;84;87;83;76;84;73;58;87;85;88;79;89;81;74;62;78;87;53;78;86;62;52;64;86;70;9;15;8;8;14
255253;90;92;152428;160601;2029;0;4;4;1519;1;172;64;1;4;5;1;0;38;14;10;18;-1;Vítor;Machado Ferreira;75;69;92;89;66;89;59;90;77;85;81;91;90;78;91;81;69;52;91;91;74;78;89;79;69;62;83;88;12;13;8;5;5
256196;87;90;153039;161372;2029;21;9;9;1031;5;188;81;2;2;3;1;0;57;5;-1;-1;-1;Willian;Pacho;74;85;63;60;90;78;89;86;86;84;36;58;69;46;52;30;38;82;69;78;90;46;29;90;82;26;47;39;9;12;12;10;13
256903;80;84;152921;161111;2028;0;3;5;1503;5;185;82;1;2;1;1;0;38;25;-1;-1;-1;Gonçalo Matias;Ramos;73;73;77;71;89;79;79;81;78;44;85;63;78;58;76;82;48;83;63;72;43;82;68;47;34;75;64;75;15;9;7;15;7
258781;80;85;153359;161740;2030;6;2;2;1531;5;189;80;1;2;1;1;0;49;5;-1;-1;-1;Illia;Zabarnyi;76;84;64;56;90;73;85;80;77;79;35;57;68;55;60;33;40;77;76;77;82;50;34;82;79;28;36;40;14;11;10;13;11
264652;84;88;153360;161028;2028;5;9;6;1039;4;188;70;1;4;3;1;0;18;27;23;16;-1;Bradley;Barcola;89;94;88;64;79;74;64;82;60;39;84;79;84;81;86;80;64;69;64;83;34;74;74;39;28;73;80;66;8;8;15;6;6
270673;81;88;154643;160616;2029;0;4;5;3001;2;178;68;1;3;3;1;0;18;14;10;3;18;Warren;Zaïre-Emery;81;78;75;88;84;90;83;81;76;81;77;79;81;68;78;67;53;66;82;83;74;76;69;81;73;49;66;59;14;11;7;15;8
271421;85;91;154365;161380;2029;6;3;6;1036;2;181;79;1;5;3;1;0;18;23;27;14;12;Désiré;Doué;85;82;88;87;75;80;77;85;61;59;81;78;89;74;91;78;68;46;74;81;52;86;83;60;52;68;82;71;9;12;7;13;5
279709;78;83;153808;161151;2028;3;9;2;2504;2;182;78;2;2;1;1;0;54;5;-1;-1;-1;Lucas;Lopes Beraldo;61;70;60;60;81;63;76;77;84;77;35;59;72;59;66;34;34;76;72;78;80;56;31;82;77;30;58;46;11;14;15;8;12
197445;81;81;149638;160237;2026;0;3;9;1010;2;180;78;2;3;3;1;0;4;5;-1;-1;-1;David;Alaba;64;72;71;77;79;72;77;81;73;83;71;78;82;83;77;62;85;75;80;84;83;82;78;83;80;67;76;77;5;7;14;9;15
228618;81;81;150717;159506;2028;0;9;10;1042;350;180;73;2;4;3;1;0;18;7;16;-1;-1;Ferland;Mendy;84;85;78;79;87;85;84;80;80;79;76;74;74;74;74;63;45;70;75;77;76;69;64;80;79;50;72;49;7;16;9;9;10
231281;86;87;151934;161668;2031;0;9;5;1003;316;180;78;1;3;4;1;0;14;3;12;-1;-1;Trent;Alexander-Arnold;72;79;73;72;75;88;68;85;69;84;79;86;85;93;79;64;85;69;91;87;78;85;76;82;79;71;91;66;14;15;14;7;6
231410;81;82;152234;159330;2027;3;9;2;2022;8;170;68;1;4;3;1;0;129;12;16;23;-1;Brahim;Díaz;83;82;88;90;60;69;58;78;46;33;77;82;85;76;84;75;61;30;76;82;40;73;74;23;21;64;74;58;13;9;13;6;10
243812;84;87;152759;159506;2028;0;3;8;1523;1;174;64;1;4;3;1;0;54;16;12;25;27;Rodrygo;Silva de Goes;88;87;86;84;76;78;59;82;52;25;82;83;87;77;88;78;77;67;72;79;24;76;76;39;28;67;82;80;9;8;12;5;8
243952;80;84;152061;159142;2030;6;2;2;3;5;191;83;1;1;3;1;0;49;0;-1;-1;-1;Andriy;Lunin;39;35;36;25;62;32;61;78;22;19;11;60;15;15;11;8;15;12;26;25;22;59;7;13;11;12;14;19;80;78;79;81;79
246606;77;80;152245;160967;2027;3;5;4;57;8;169;63;2;3;2;1;0;45;7;16;-1;-1;Francisco José;García Torres;90;88;80;91;76;82;69;71;69;73;70;67;77;72;71;42;36;54;61;77;68;63;53;79;73;39;69;39;9;6;12;11;9
252371;89;93;153660;160967;2029;21;9;7;1039;2;186;75;1;4;5;1;0;14;18;14;16;-1;Jude;Bellingham;81;80;83;83;85;94;80;91;85;80;89;88;91;68;90;86;68;75;87;89;77;86;87;80;82;78;75;74;14;11;10;8;5
278349;82;89;154315;161668;2030;5;8;2;44;4;196;86;1;2;3;1;0;45;5;-1;-1;-1;Dean;Huijsen;68;74;53;33;85;68;78;81;79;83;59;76;82;50;73;44;49;83;83;85;82;71;64;82;82;41;65;68;12;7;14;8;14
192119;89;89;149594;159180;2027;3;3;2;30;13;200;96;2;1;5;1;0;7;0;-1;-1;-1;Thibaut;Courtois;42;52;63;45;68;38;70;88;23;15;13;54;23;14;13;14;20;13;35;33;20;57;17;18;16;12;19;27;85;89;76;90;88
204963;85;85;149473;157319;2026;3;3;2;1547;355;173;73;1;3;4;1;0;45;3;12;-1;-1;Daniel;Carvajal Ramos;79;80;77;84;84;82;74;83;85;81;75;78;84;84;77;56;47;76;74;84;80;68;52;84;83;53;77;45;13;13;15;15;9
205452;85;85;149890;160602;2026;0;9;9;1002;4;190;86;1;2;4;1;0;21;5;-1;-1;-1;Antonio;Rüdiger;68;84;56;50;88;70;88;81;93;83;54;61;74;68;69;40;56;83;80;81;83;84;67;84;83;34;50;40;14;15;10;8;12
222509;81;81;151143;158789;2027;0;9;1;4;1;179;70;1;4;3;1;0;45;14;10;-1;-1;Daniel;Ceballos Fernández;65;57;77;78;57;76;61;78;75;78;78;81;84;74;83;69;67;41;81;84;75;76;76;76;70;62;77;55;12;15;16;13;7
231747;91;92;152008;161333;2029;0;9;7;1016;343;182;81;1;5;5;1;0;18;25;-1;-1;-1;Kylian;Mbappé;97;97;93;82;90;83;77;91;61;38;91;83;93;78;92;94;69;78;74;87;26;91;86;34;32;87;80;84;13;5;7;6;11
238794;89;92;152578;159152;2027;0;9;9;1000;1;176;73;1;5;5;1;0;54;16;25;27;-1;Vinícius José;de Oliveira Júnior;95;95;94;84;74;84;65;85;58;26;86;85;90;81;93;88;62;50;77;83;32;81;83;25;18;73;79;74;5;7;7;10;7
239053;88;89;151857;158432;2029;3;3;3;13;397;182;78;1;3;4;1;0;60;14;10;3;-1;Federico;Valverde;84;92;77;68;83;93;82;89;80;86;85;86;88;77;83;80;72;63;88;88;81;93;91;87;85;78;76;59;6;10;6;8;15
240130;84;86;151672;159506;2028;0;9;7;1009;349;186;78;1;2;3;1;0;54;5;-1;-1;-1;Éder;Gabriel Militão;80;83;66;62;91;85;79;84;83;84;64;65;75;69;70;48;40;86;76;78;85;64;51;85;84;34;60;60;11;8;15;15;12
241637;84;87;152411;160602;2028;0;9;10;1036;4;188;82;1;3;3;1;0;18;10;14;5;-1;Aurélien;Tchouaméni;73;70;72;70;84;83;82;82;80;83;74;81;81;68;76;65;53;75;84;85;81;78;75;83;80;50;76;55;9;8;12;7;12
190813;78;78;149763;160085;2026;6;9;3;2017;2;178;73;1;4;3;1;0;27;16;27;18;-1;Stephan;El Shaarawy;79;74;85;76;74;61;60;78;51;36;76;78;81;76;81;72;72;65;70;77;65;75;78;42;35;85;85;72;5;3;5;3;5
208268;81;81;150620;159506;2027;6;3;5;2501;5;186;80;1;3;3;1;0;27;14;10;-1;-1;Bryan;Cristante;53;52;62;58;78;89;78;82;78;78;76;80;79;70;75;68;66;76;84;84;79;83;78;80;74;72;68;68;3;5;3;5;3
211110;85;85;150147;160621;2026;3;5;3;3;342;177;75;2;5;4;1;0;52;18;25;-1;-1;Paulo;Dybala;82;76;88;87;76;76;63;86;48;42;78;87;88;80;85;85;87;65;82;84;32;84;83;42;39;92;89;88;5;4;4;8;5
224490;78;78;151337;160606;2026;0;4;4;1518;2;180;78;1;3;2;1;0;48;3;12;5;-1;Zeki;Çelik;70;73;67;67;74;82;70;76;78;76;70;68;78;76;74;57;49;68;69;74;75;63;62;76;76;55;72;46;13;14;9;7;10
228251;80;80;151094;158776;2026;6;4;3;4008;5;186;77;1;3;3;1;0;27;18;14;-1;-1;Lorenzo;Pellegrini;75;74;79;72;80;77;70;79;74;69;77;83;84;74;78;76;79;74;80;84;73;79;76;74;72;74;74;80;12;7;10;11;13
229582;84;84;151031;159872;2027;0;4;4;54;5;190;77;1;2;3;1;0;27;5;-1;-1;-1;Gianluca;Mancini;65;74;35;58;85;84;79;86;87;87;36;56;79;34;59;48;34;85;74;75;87;51;58;85;79;40;38;47;13;12;8;8;6
229668;79;79;150727;161397;2028;3;2;4;8;2;184;76;2;2;3;1;0;45;5;-1;-1;-1;Mario;Hermoso Canseco;71;73;70;61;89;72;80;76;82;78;63;66;76;71;67;42;55;82;76;79;78;66;47;80;79;41;68;45;13;8;10;8;5
231447;79;79;152038;161530;2026;0;3;5;1033;393;176;68;1;4;3;1;0;34;12;23;25;-1;Donyell;Malen;89;84;86;86;73;69;66;79;65;31;81;71;81;72;83;79;61;67;61;77;29;84;71;33;35;81;76;74;7;9;9;14;10
232223;77;77;151056;159912;2026;5;9;3;529;2;179;77;2;3;1;1;0;22;7;16;-1;-1;Kostas;Tsimikas;79;78;77;73;77;69;69;76;80;76;73;73;75;81;75;48;68;66;72;75;73;72;64;77;75;37;78;54;8;12;8;10;13
236403;81;83;152251;160967;2028;0;9;10;1012;5;192;82;2;2;3;1;0;108;5;-1;-1;-1;Evan;Ndicka;69;78;50;55;85;86;81;81;79;80;68;64;75;68;69;49;30;79;74;78;84;65;54;84;77;43;59;33;13;8;7;8;8
242458;81;81;151461;161365;2029;5;8;1;9;5;189;78;2;3;3;1;0;49;25;-1;-1;-1;Artem;Dovbyk;80;86;72;66;91;73;80;78;74;25;85;72;77;48;75;83;58;82;69;77;32;89;78;28;23;67;63;84;13;13;5;10;12
245426;77;80;152423;160237;2026;3;4;1;1509;5;191;78;1;2;1;1;0;1;5;-1;-1;-1;Marash;Kumbulla;54;62;52;58;79;67;77;78;80;79;45;55;64;47;56;26;26;78;62;65;78;56;31;79;76;41;35;30;9;8;15;7;14
250723;80;84;152887;161698;2029;0;3;10;4502;5;185;80;1;4;2;1;0;18;14;10;-1;-1;Kouadio Manu;Koné;77;72;79;72;83;82;82;82;82;78;75;75;84;70;83;71;53;68;78;82;74;86;76;81;71;55;70;54;11;10;11;10;9
258826;74;79;153498;161539;2029;3;4;5;2511;2;179;73;1;3;1;1;0;34;3;5;14;-1;Devyne;Rensch;75;74;74;71;73;70;61;72;72;72;75;66;73;65;70;60;38;68;66;75;72;57;50;74;72;42;48;42;10;8;9;7;13
268728;75;81;153133;161552;2026;0;3;5;1542;1;181;66;2;3;1;1;0;129;7;16;-1;-1;Anass;Salah-Eddine;80;84;80;73;70;78;64;75;67;72;72;70;76;68;77;43;39;53;72;76;69;50;39;73;67;32;67;37;14;8;15;12;14
211515;74;74;150635;161540;2027;6;3;4;34;5;194;94;1;1;1;1;0;27;0;-1;-1;-1;Pierluigi;Gollini;46;48;56;52;67;40;68;70;19;18;12;40;24;17;18;14;15;19;25;31;20;53;17;12;19;18;13;21;74;72;71;76;74
220651;79;79;151293;161333;2028;5;2;3;2500;2;171;69;2;4;3;1;0;45;7;16;-1;-1;José Ángel;Esmoris Tasende;77;62;84;83;71;87;56;77;76;75;78;78;83;86;78;68;76;63;80;82;76;82;67;75;74;63;83;55;13;6;13;13;13
230872;84;87;152258;161333;2027;20;4;2;2008;5;189;77;1;1;3;1;0;51;0;-1;-1;-1;Mile;Svilar;60;55;66;54;73;32;61;80;28;13;9;53;28;18;26;14;22;22;42;42;12;58;18;24;19;16;23;37;81;81;77;86;85
233189;72;75;151786;161726;2027;0;3;7;528;5;195;93;1;1;1;1;0;56;0;-1;-1;-1;Devis;Vásquez;36;40;38;47;62;19;68;70;22;9;7;40;15;14;12;8;13;14;25;27;12;53;7;12;13;9;11;16;72;68;71;75;70
239964;74;74;150738;160237;2026;0;3;3;513;4;190;76;1;3;1;1;0;191;25;18;-1;-1;Eldor;Shomurodov;82;76;75;65;83;63;66;72;64;39;77;67;77;59;75;73;53;73;58;68;37;73;66;34;31;73;66;65;8;11;5;5;7
246688;75;77;152218;161390;2026;0;9;9;1013;2;175;70;1;3;1;1;0;183;3;12;-1;-1;Saud;Abdulhamid;86;86;82;82;70;80;64;70;73;71;70;59;66;75;72;41;43;61;66;69;67;53;45;73;70;35;62;48;5;9;6;14;12
269312;74;80;153562;161182;2026;5;7;3;49;8;170;63;2;3;1;1;0;27;18;14;-1;-1;Tommaso;Baldanzi;77;74;83;89;52;65;36;70;53;33;72;78;76;68;76;69;64;48;68;74;42;77;74;41;48;70;75;58;12;9;10;7;12
232488;83;85;151771;160662;2029;0;3;5;526;5;185;79;1;3;3;1;0;52;5;-1;-1;-1;Cristian;Romero;63;68;65;64;86;69;83;81;89;84;43;60;67;42;60;48;38;85;70;76;83;64;36;83;86;52;54;40;5;7;11;14;10
236480;78;78;151166;160588;2026;0;9;10;1012;1;182;78;1;3;3;1;0;126;10;14;-1;-1;Yves;Bissouma;65;67;73;77;74;74;74;77;76;78;69;74;79;65;80;58;75;65;78;80;76;78;75;77;75;65;62;58;12;8;8;8;12
237985;79;82;151916;161698;2030;0;9;8;5002;5;190;89;1;2;2;1;0;4;5;-1;-1;-1;Kevin;Danso;65;79;53;46;89;66;90;77;85;77;43;52;68;44;59;26;31;81;62;69;77;49;25;80;76;31;46;42;12;13;6;15;11
240091;82;84;151204;160967;2028;6;7;3;1547;4;194;76;1;1;3;1;0;27;0;-1;-1;-1;Guglielmo;Vicario;54;49;56;38;67;38;60;80;29;15;13;68;41;11;22;6;10;11;55;57;23;60;5;11;13;7;14;13;82;79;80;84;82
261025;65;78;153929;160020;2026;0;3;7;3000;1;180;76;1;3;1;1;0;14;25;27;16;-1;Dane;Scarlett;78;73;78;71;77;64;64;61;57;22;65;55;65;48;64;66;43;67;44;57;17;64;57;16;18;59;52;67;12;8;7;14;5
268421;77;86;154328;161698;2031;0;9;9;1036;2;183;77;1;4;1;1;0;18;25;27;16;18;Mathys;Tel;85;87;79;77;80;67;67;69;48;18;77;71;77;67;81;79;56;70;64;68;22;88;77;27;32;76;68;81;12;9;15;11;7
270208;75;86;154647;161334;2030;0;8;1;43;4;187;70;1;2;1;0;0;14;10;5;3;14;Archie;Gray;70;72;66;67;75;77;72;75;71;74;68;71;74;67;74;59;55;68;74;75;73;62;60;74;73;55;60;57;15;12;13;5;6
270579;77;84;154178;161379;2029;3;9;8;1006;1;182;75;1;3;1;1;0;18;27;16;12;-1;Wilson;Odobert;87;85;82;76;56;68;43;73;38;23;76;73;79;74;80;69;57;44;61;71;29;75;73;30;28;66;70;68;5;10;12;7;11
205923;75;75;149942;157702;2026;6;1;2;2027;2;181;76;2;3;2;1;0;50;5;-1;-1;-1;Ben;Davies;54;53;61;66;72;54;70;78;79;77;60;64;74;71;70;58;48;73;75;76;77;65;52;78;77;48;72;54;11;7;6;14;7
220697;84;84;151251;160964;2028;19;2;4;2027;1;175;73;1;4;3;1;0;14;14;18;-1;-1;James;Maddison;70;65;82;82;56;78;56;80;70;58;83;87;87;84;86;80;87;35;86;86;61;83;82;68;45;77;86;77;11;14;14;14;12
225539;80;80;151546;161373;2030;0;9;5;1555;4;187;80;1;3;3;1;0;14;25;-1;-1;-1;Dominic;Solanke;68;74;67;68;88;87;84;80;75;43;83;70;79;55;78;81;48;83;60;77;40;82;73;35;22;77;57;82;9;15;14;10;9
227535;80;81;151465;160451;2030;3;4;4;2020;4;187;72;1;3;3;1;0;60;10;14;-1;-1;Rodrigo;Bentancur;63;65;61;64;70;72;70;78;78;83;73;78;81;74;81;68;68;64;80;82;78;71;65;80;77;71;71;67;8;7;14;12;14
231943;79;79;151419;160602;2027;15;3;5;1503;2;184;83;1;4;3;1;0;54;25;27;16;-1;Richarlison;de Andrade;77;75;72;65;88;68;74;78;84;46;80;74;79;73;80;79;65;82;61;76;43;83;72;58;48;78;74;77;12;7;8;13;11
236568;67;71;152027;158493;2029;0;3;7;1039;4;188;77;1;1;1;1;0;14;0;-1;-1;-1;Brandon;Austin;36;49;42;38;53;18;54;62;27;11;8;34;24;12;14;9;11;13;30;30;17;48;9;12;12;6;12;11;69;65;64;66;65
238216;80;82;152421;161895;2031;6;2;1;4003;2;182;77;1;3;3;1;0;14;14;16;10;-1;Conor;Gallagher;72;77;73;72;79;85;78;82;87;80;80;78;79;75;76;72;73;68;79;82;79;81;74;80;79;70;73;63;7;6;15;9;9
245155;81;83;152599;161707;2031;0;9;9;1005;2;177;70;2;4;3;1;0;117;23;12;25;-1;Mohammed;Kudus;91;88;86;92;75;73;78;78;68;59;78;77;83;78;88;76;58;55;68;76;60;81;74;66;46;76;74;68;6;12;7;10;7
245367;82;85;153591;161757;2030;20;9;5;4525;1;179;58;1;4;3;1;0;34;18;16;27;25;Xavi;Simons;83;72;90;87;68;82;62;80;76;65;79;84;85;74;86;79;65;60;79;82;60;78;81;62;56;62;82;61;9;11;5;10;8
246791;77;77;152224;160977;2026;0;8;2;1546;8;170;66;1;4;1;1;0;26;16;23;27;-1;Manor;Solomon;84;83;84;82;52;66;40;71;30;35;74;72;77;73;82;75;72;38;69;75;50;75;71;47;35;63;79;58;12;11;9;10;13
247394;83;86;152500;160967;2028;26;2;1;2020;5;186;80;2;4;3;1;0;46;14;23;18;-1;Dejan;Kulusevski;77;72;77;72;75;91;80;87;74;65;83;86;86;84;88;82;68;52;78;86;62;78;74;66;58;83;86;70;14;5;10;5;10
259583;79;83;153447;160648;2030;0;3;8;1024;5;186;73;2;3;3;1;0;27;7;16;-1;-1;Destiny;Udogie;86;89;74;70;85;75;77;77;81;78;76;75;78;79;79;64;51;68;65;76;76;74;59;76;74;58;64;46;8;14;11;14;10
260105;75;81;153149;161162;2029;3;5;2;28;5;191;80;1;2;1;1;0;39;5;-1;-1;-1;Radu;Drăgușin;65;69;63;59;81;67;78;73;72;76;25;48;65;36;65;27;33;75;60;69;74;56;40;76;75;38;37;49;10;11;14;6;12
264180;72;84;154059;160065;2026;19;5;4;1507;1;182;75;1;3;1;1;0;14;18;14;-1;-1;Alfie;Devine;72;73;72;71;70;70;63;70;68;52;73;73;73;68;72;68;63;59;71;74;45;68;65;59;60;58;68;52;8;7;13;13;12
264453;83;86;152859;161005;2029;19;2;3;4014;5;193;86;2;3;3;1;0;34;5;7;-1;-1;Micky;van de Ven;84;95;59;49;92;71;85;84;82;83;62;59;75;58;76;60;34;79;74;77;83;71;57;84;86;47;52;45;7;13;13;7;11
264731;71;81;154388;161002;2026;0;3;4;1039;5;192;84;1;2;1;1;0;14;5;-1;-1;-1;Ashley;Phillips;64;69;58;68;81;71;80;69;70;71;38;52;62;44;56;38;30;71;64;68;71;56;33;71;70;31;39;33;15;9;10;7;6
269176;72;79;153742;161005;2026;3;3;2;2002;5;186;77;1;3;1;1;0;52;25;-1;-1;-1;Alejo;Veliz;68;72;63;69;83;69;71;71;81;23;72;54;71;52;66;75;54;79;51;64;25;72;60;23;21;64;56;72;7;6;7;11;6
272926;78;87;154609;161333;2031;4;2;1;2004;5;187;74;1;3;1;0;0;46;14;18;12;-1;Lucas;Bergvall;77;73;73;73;72;79;70;77;77;77;75;78;78;68;79;65;65;54;79;80;69;70;69;76;72;54;75;53;7;13;13;9;10
